gpu_name,year,shader_cores,memory_bandwidth,boost_clock,tdp,transistors,process_nm,die_size
color emulation card,,480.0,20.0,1250.0,50.0,29.0,800.0,90.0
graphics solution,,480.0,20.0,1250.0,50.0,29.0,800.0,90.0
ega wonder 800,,480.0,32.0,1250.0,50.0,29.0,800.0,90.0
graphics solution plus,,480.0,20.0,1250.0,50.0,29.0,800.0,90.0
vga improved performance,,480.0,40.0,1250.0,50.0,29.0,800.0,90.0
ega wonder 480,,480.0,32.0,1250.0,50.0,29.0,800.0,90.0
ega wonder 800,,480.0,32.0,1250.0,50.0,29.0,800.0,90.0
vga wonder,,480.0,40.0,1250.0,50.0,29.0,800.0,90.0
vga wonder,,480.0,40.0,1250.0,50.0,29.0,800.0,90.0
8514 ultra,,480.0,40.0,1250.0,50.0,29.0,800.0,90.0
graphics ultra,,480.0,40.0,1250.0,50.0,29.0,800.0,90.0
graphics ultra pro isa,,480.0,80.0,1250.0,50.0,29.0,700.0,90.0
graphics ultra pro isa,,480.0,80.0,1250.0,50.0,29.0,700.0,90.0
graphics vantage,,480.0,40.0,1250.0,50.0,29.0,800.0,90.0
graphics wonder pci,,480.0,80.0,1250.0,50.0,29.0,700.0,90.0
graphics wonder vlb,,480.0,80.0,1250.0,50.0,29.0,700.0,90.0
vga wonder xl24,,480.0,40.0,1250.0,50.0,29.0,800.0,90.0
graphics ultra pro pci,,480.0,664.0,1250.0,50.0,29.0,700.0,90.0
graphics ultra pro vlb,,480.0,80.0,1250.0,50.0,29.0,700.0,90.0
graphics ultra xlr vlb,,480.0,80.0,1250.0,50.0,29.0,700.0,90.0
playstation gpu 600nm,,480.0,132.0,1250.0,11.0,1.0,600.0,128.0
graphics pro turbo,,480.0,320.0,1250.0,50.0,1.0,600.0,90.0
graphics xpression,,480.0,320.0,1250.0,50.0,1.0,600.0,90.0
graphics xpression isa,,480.0,320.0,1250.0,50.0,1.0,600.0,90.0
video xpression,,480.0,528.0,1250.0,50.0,1.0,600.0,90.0
winboost,,480.0,320.0,1250.0,50.0,1.0,600.0,90.0
wincharger,,480.0,320.0,1250.0,50.0,1.0,600.0,90.0
winturbo,,480.0,320.0,1250.0,50.0,1.0,600.0,90.0
nv1,,480.0,480.0,1250.0,2.0,1.0,500.0,135.0
stg 2000,,480.0,400.0,1250.0,2.0,1.0,500.0,135.0
voodoo graphics 4 mb,,480.0,800.0,1250.0,15.0,1.0,500.0,135.0
3d rage,,480.0,528.0,1250.0,50.0,5.0,500.0,90.0
3d rage ii,,480.0,664.0,1250.0,50.0,5.0,500.0,86.0
3d rage ii dvd,,480.0,664.0,1250.0,50.0,5.0,500.0,86.0
all in wonder 3d rage ii dvd,,480.0,664.0,1250.0,50.0,5.0,500.0,86.0
video xpression,,480.0,496.0,1250.0,50.0,1.0,600.0,90.0
video xpression,,480.0,496.0,1250.0,50.0,1.0,600.0,90.0
3d rage iic agp,,480.0,664.0,1250.0,50.0,5.0,500.0,39.0
3d rage iic pci,,480.0,664.0,1250.0,50.0,5.0,500.0,39.0
3d rage pro agp,,480.0,600.0,1250.0,50.0,8.0,350.0,47.0
3d rage pro agp 2x,,480.0,600.0,1250.0,50.0,8.0,350.0,47.0
3d rage pro pci,,480.0,600.0,1250.0,50.0,8.0,350.0,47.0
rage lt pro agp,,480.0,800.0,1250.0,50.0,1.0,500.0,90.0
rage lt pro agp,,480.0,800.0,1250.0,50.0,1.0,500.0,90.0
rage pro turbo agp,,480.0,600.0,1250.0,50.0,8.0,350.0,67.0
rage pro turbo pci,,480.0,600.0,1250.0,50.0,8.0,350.0,67.0
xpert xl agp 2x,,480.0,800.0,1250.0,50.0,8.0,350.0,47.0
riva 128,,480.0,1.6,1250.0,4.0,4.0,350.0,71.0
riva 128 pci,,480.0,1.6,1250.0,4.0,4.0,350.0,71.0
6326,,480.0,400.0,1250.0,50.0,29.0,350.0,154.0
6326 agp,,480.0,720.0,1250.0,50.0,29.0,350.0,154.0
playstation gpu 350nm,,480.0,132.0,1250.0,10.0,1.0,350.0,128.0
voodoo banshee agp 16 mb,,480.0,1.6,1250.0,15.0,4.0,350.0,137.0
voodoo banshee pci 16 mb,,480.0,1.6,1250.0,15.0,4.0,350.0,137.0
voodoo2 12 mb,,480.0,2.16,1250.0,15.0,4.0,350.0,119.0
voodoo2 8 mb,,480.0,2.16,1250.0,15.0,4.0,350.0,119.0
rage 128 gl,,480.0,960.0,1250.0,50.0,8.0,250.0,89.0
rage 128 gl pci,,480.0,1.648,1250.0,50.0,8.0,250.0,89.0
rage 128 pro ultra gl,,480.0,2.08,1250.0,50.0,8.0,250.0,89.0
rage 128 vr agp,,480.0,2.0,1250.0,50.0,8.0,250.0,89.0
rage 128 vr pci,,480.0,2.0,1250.0,50.0,8.0,250.0,89.0
rage xl pci,,480.0,664.0,1250.0,50.0,8.0,350.0,47.0
i740,,480.0,800.0,1250.0,50.0,29.0,150.0,154.0
i740 8 mb,,480.0,800.0,1250.0,50.0,29.0,150.0,154.0
i740 graphics,,480.0,40.0,1250.0,50.0,29.0,150.0,154.0
i752 graphics,,480.0,40.0,1250.0,50.0,29.0,150.0,154.0
marvel g200,,480.0,896.0,1250.0,50.0,10.0,350.0,154.0
millennium g200,,480.0,1.144,1250.0,50.0,10.0,350.0,154.0
millennium g200 sd,,480.0,896.0,1250.0,50.0,10.0,350.0,154.0
mystique g200,,480.0,896.0,1250.0,50.0,10.0,350.0,154.0
productiva g100,,480.0,496.0,1250.0,50.0,29.0,350.0,154.0
riva 128zx,,480.0,1.6,1250.0,50.0,4.0,350.0,71.0
riva tnt,,480.0,1.76,1250.0,50.0,7.0,350.0,128.0
velocity 100,,480.0,2.288,1250.0,15.0,8.2,250.0,74.0
voodoo3 1000 agp,,480.0,2.288,1250.0,15.0,8.2,250.0,74.0
voodoo3 2000 agp,,480.0,2.288,1250.0,15.0,8.2,250.0,74.0
voodoo3 2000 pci,,480.0,2.288,1250.0,15.0,8.2,250.0,74.0
voodoo3 3000 agp,,480.0,2.656,1250.0,15.0,8.2,250.0,74.0
voodoo3 3000 pci,,480.0,2.656,1250.0,15.0,8.2,250.0,74.0
voodoo3 3500 tv agp,,480.0,2.928,1250.0,15.0,8.2,250.0,74.0
all in wonder 128,,480.0,1.44,1250.0,50.0,8.0,250.0,89.0
all in wonder 128 pci,,480.0,1.44,1250.0,50.0,8.0,250.0,89.0
all in wonder 128 pro,,480.0,1.92,1250.0,50.0,8.0,250.0,98.0
all in wonder 128 pro ultra,,480.0,2.144,1250.0,50.0,8.0,250.0,89.0
fire gl1,,480.0,3.2,1250.0,50.0,29.0,250.0,154.0
rage 128 pro,,480.0,2.288,1250.0,50.0,8.0,250.0,98.0
rage 128 pro ultra,,480.0,1.04,1250.0,50.0,8.0,250.0,98.0
rage 128 ultra,,480.0,2.08,1250.0,50.0,8.0,250.0,98.0
rage fury,,480.0,1.92,1250.0,50.0,8.0,250.0,98.0
rage fury maxx,,480.0,2.288,1250.0,50.0,8.0,250.0,98.0
rage mobility 128 agp 2x,,480.0,840.0,1250.0,50.0,8.0,250.0,70.0
rage mobility 128 agp 4x,,480.0,1.68,1250.0,50.0,8.0,250.0,70.0
rage mobility cl,,480.0,560.0,1250.0,50.0,4.0,350.0,70.0
rage mobility m,,480.0,560.0,1250.0,50.0,4.0,350.0,70.0
rage mobility m1,,480.0,1.0,1250.0,50.0,8.0,250.0,70.0
rage mobility m3,,480.0,840.0,1250.0,50.0,8.0,250.0,70.0
rage mobility m4,,480.0,840.0,1250.0,50.0,8.0,250.0,70.0
rage mobility p,,480.0,560.0,1250.0,50.0,4.0,350.0,70.0
rage xl pci,,480.0,332.0,1250.0,50.0,8.0,350.0,47.0
i752,,480.0,1.064,1250.0,50.0,29.0,150.0,154.0
i810 graphics,,480.0,40.0,1250.0,50.0,29.0,150.0,154.0
marvel g400 tv,,480.0,2.656,1250.0,50.0,10.0,250.0,154.0
millennium g200a,,480.0,896.0,1250.0,50.0,10.0,250.0,154.0
millennium g250,,480.0,1.024,1250.0,50.0,10.0,250.0,154.0
millennium g400,,480.0,2.656,1250.0,50.0,10.0,250.0,154.0
millennium g400 max,,480.0,3.2,1250.0,50.0,10.0,250.0,154.0
256 ddr,,480.0,4.8,1250.0,50.0,17.0,220.0,139.0
256 sdr,,480.0,1.144,1250.0,50.0,17.0,220.0,139.0
quadro,,480.0,2.656,1250.0,50.0,17.0,220.0,139.0
riva tnt2,,480.0,2.4,1250.0,50.0,15.0,250.0,63.0
riva tnt2 m64,,480.0,1.144,1250.0,50.0,15.0,250.0,63.0
riva tnt2 m64 vanta,,480.0,1.064,1250.0,50.0,15.0,250.0,63.0
riva tnt2 m64 vanta 16,,480.0,1.064,1250.0,50.0,15.0,250.0,63.0
riva tnt2 pro,,480.0,2.672,1250.0,50.0,15.0,250.0,63.0
riva tnt2 ultra,,480.0,2.928,1250.0,50.0,15.0,250.0,63.0
300,,480.0,2.656,1250.0,50.0,29.0,250.0,154.0
voodoo4 4500 agp,,480.0,2.656,1250.0,15.0,14.0,250.0,112.0
voodoo4 4500 pci,,480.0,2.656,1250.0,15.0,14.0,250.0,112.0
voodoo5 5500 agp,,480.0,2.656,1250.0,30.0,14.0,250.0,112.0
voodoo5 5500 pci,,480.0,2.656,1250.0,30.0,14.0,250.0,112.0
all in wonder 7200,,480.0,5.312,1250.0,50.0,30.0,180.0,111.0
fire gl2,,480.0,7.68,1250.0,50.0,29.0,180.0,156.0
fire gl3,,480.0,8.0,1250.0,50.0,29.0,180.0,156.0
gamecube gpu,,480.0,1.296,1250.0,45.0,51.0,180.0,120.0
7200,,480.0,5.312,1250.0,23.0,30.0,180.0,111.0
7200,,480.0,2.288,1250.0,23.0,30.0,180.0,111.0
7200 64 mb,,480.0,5.312,1250.0,23.0,30.0,180.0,111.0
ddr,,480.0,5.312,1250.0,23.0,30.0,180.0,115.0
ddr maxx,,480.0,4.736,1250.0,50.0,30.0,180.0,115.0
sdr,,480.0,2.656,1250.0,23.0,30.0,180.0,115.0
sdr pci,,480.0,2.656,1250.0,23.0,30.0,180.0,115.0
i815 graphics,,480.0,40.0,1250.0,50.0,29.0,150.0,154.0
millennium g450,,480.0,2.656,1250.0,50.0,10.0,180.0,154.0
millennium g450 lp,,480.0,2.656,1250.0,50.0,10.0,180.0,154.0
2 go,,480.0,2.656,1250.0,2.0,20.0,180.0,64.0
2 go,,480.0,5.312,1250.0,2.0,20.0,180.0,64.0
2 gts,,480.0,5.312,1250.0,50.0,25.0,180.0,88.0
2 gts pro,,480.0,6.4,1250.0,50.0,25.0,180.0,88.0
2 mx,,480.0,2.656,1250.0,50.0,20.0,180.0,64.0
2 mx dh pro tv,,480.0,2.656,1250.0,50.0,20.0,180.0,64.0
2 mx dh pro tv pci,,480.0,2.656,1250.0,50.0,20.0,180.0,64.0
2 mx pci,,480.0,1.328,1250.0,50.0,20.0,180.0,64.0
2 pro,,480.0,6.4,1250.0,50.0,25.0,180.0,88.0
2 ultra,,480.0,7.36,1250.0,50.0,25.0,180.0,88.0
quadro2 mxr,,480.0,2.928,1250.0,50.0,20.0,180.0,64.0
quadro2 mxr low profile,,480.0,2.928,1250.0,50.0,20.0,180.0,64.0
vanta lt,,480.0,800.0,1250.0,50.0,15.0,250.0,63.0
305,,480.0,1.0,1250.0,50.0,29.0,150.0,154.0
315,,480.0,2.656,1250.0,50.0,29.0,150.0,154.0
315 pro,,480.0,1.144,1250.0,50.0,29.0,150.0,154.0
315e,,480.0,1.144,1250.0,50.0,29.0,150.0,154.0
playstation 2 gpu 250nm,,480.0,48.0,1250.0,79.0,54.0,250.0,279.0
all in wonder 8500,,480.0,8.8,1250.0,50.0,60.0,150.0,120.0
all in wonder 8500dv,,480.0,6.08,1250.0,50.0,60.0,150.0,120.0
fire gl4,,480.0,9.6,1250.0,50.0,29.0,180.0,156.0
firegl 8700,,480.0,8.64,1250.0,50.0,60.0,150.0,120.0
firegl 8800,,480.0,9.28,1250.0,50.0,60.0,150.0,120.0
mobility firegl 7800,,480.0,6.4,1250.0,27.0,60.0,150.0,68.0
mobility 7500,,480.0,2.928,1250.0,27.0,60.0,150.0,68.0
mobility 7500,,480.0,3.2,1250.0,27.0,60.0,150.0,68.0
mobility 7500c,,480.0,2.928,1250.0,27.0,60.0,150.0,68.0
7000,,480.0,2.928,1250.0,23.0,30.0,180.0,80.0
7000 pci,,480.0,2.128,1250.0,23.0,30.0,180.0,80.0
7500,,480.0,7.36,1250.0,23.0,60.0,150.0,83.0
7500 le,,480.0,5.6,1250.0,23.0,60.0,150.0,83.0
8500,,480.0,8.8,1250.0,23.0,60.0,150.0,120.0
ddr vivo,,480.0,5.856,1250.0,50.0,30.0,180.0,115.0
ddr vivo oem,,480.0,5.312,1250.0,50.0,30.0,180.0,115.0
ddr vivo se,,480.0,5.856,1250.0,50.0,30.0,180.0,115.0
le,,480.0,4.736,1250.0,50.0,30.0,180.0,115.0
ve agp,,480.0,2.928,1250.0,23.0,30.0,180.0,115.0
ve pci,,480.0,2.928,1250.0,23.0,30.0,180.0,115.0
i830m graphics,,480.0,40.0,200.0,50.0,29.0,150.0,154.0
millennium g550,,480.0,2.656,1250.0,50.0,10.0,180.0,154.0
millennium g550 pcie,,480.0,2.656,1250.0,50.0,10.0,180.0,154.0
2 go 100,,480.0,1.328,1250.0,2.0,20.0,180.0,64.0
2 go 200,,480.0,2.656,1250.0,2.0,20.0,180.0,64.0
2 mx nforce 220,,480.0,40.0,1250.0,50.0,20.0,180.0,65.0
2 mx nforce 420,,480.0,40.0,1250.0,50.0,20.0,180.0,65.0
2 mx 200,,480.0,1.328,1250.0,50.0,20.0,180.0,64.0
2 mx 200 lp,,480.0,1.328,1250.0,50.0,20.0,180.0,64.0
2 mx 200 pci,,480.0,1.328,1250.0,50.0,20.0,180.0,64.0
2 mx 400,,480.0,2.656,1250.0,50.0,20.0,180.0,64.0
2 mx 400 pci,,480.0,2.656,1250.0,50.0,20.0,180.0,64.0
2 ti,,480.0,6.4,1250.0,50.0,25.0,180.0,88.0
3,,480.0,7.36,1250.0,50.0,57.0,150.0,128.0
3 ti200,,480.0,6.4,1250.0,50.0,57.0,150.0,128.0
3 ti500,,480.0,8.0,1250.0,50.0,57.0,150.0,128.0
quadro dcc,,480.0,3.68,1250.0,50.0,57.0,150.0,128.0
quadro2 go,,480.0,2.896,1250.0,50.0,20.0,180.0,64.0
quadro2 pro,,480.0,8.0,1250.0,50.0,25.0,180.0,88.0
xbox gpu,,480.0,6.4,1250.0,50.0,57.0,150.0,142.0
playstation 2 gpu 180nm,,480.0,48.0,1250.0,79.0,54.0,180.0,188.0
stream processor,,480.0,41.47,1250.0,165.0,384.0,90.0,352.0
firestream 9170,,320.0,51.33,1250.0,105.0,666.0,55.0,192.0
firestream 9250,,800.0,63.55,1250.0,150.0,956.0,55.0,256.0
firestream 9270,,800.0,115.2,1250.0,160.0,956.0,55.0,256.0
hd 6570m mac edition,,400.0,25.6,1250.0,30.0,627.0,40.0,104.0
firepro m3900,,160.0,14.4,1250.0,20.0,370.0,40.0,67.0
firepro rg220,,80.0,51.2,1250.0,35.0,242.0,55.0,73.0
firepro rg220a,,80.0,51.2,1250.0,35.0,242.0,55.0,73.0
firestream 9350,,1440.0,128.0,1250.0,150.0,2.0,40.0,334.0
firestream 9370,,1600.0,147.2,1250.0,225.0,2.0,40.0,334.0
hd 6250 igp,,80.0,40.0,1250.0,9.0,450.0,40.0,75.0
hd 6310 igp,,80.0,40.0,1250.0,18.0,450.0,40.0,75.0
hd 6310 igp,,80.0,40.0,1250.0,18.0,450.0,40.0,75.0
hd 6330m,,80.0,12.8,1250.0,7.0,292.0,40.0,59.0
hd 6350m,,80.0,12.8,1250.0,7.0,292.0,40.0,59.0
hd 6370m,,80.0,12.8,1250.0,11.0,292.0,40.0,59.0
hd 6530m,,400.0,28.8,1250.0,26.0,627.0,40.0,104.0
hd 6550m,,400.0,28.8,1250.0,26.0,627.0,40.0,104.0
hd 6550m,,400.0,28.8,1250.0,26.0,2.0,40.0,334.0
hd 6570m,,400.0,25.6,1250.0,30.0,627.0,40.0,104.0
hd 6850,,960.0,128.0,1250.0,127.0,1.0,40.0,255.0
hd 6870,,1120.0,134.4,1250.0,151.0,1.0,40.0,255.0
hd 6950,,1408.0,160.0,1250.0,200.0,2.0,40.0,389.0
hd 6970,,1536.0,176.0,1250.0,250.0,2.0,40.0,389.0
firepro 2270,,80.0,9.6,1250.0,15.0,292.0,40.0,59.0
firepro 2270 pcie x1,,80.0,9.6,1250.0,15.0,292.0,40.0,59.0
firepro m5950,,480.0,57.6,1250.0,35.0,716.0,40.0,118.0
firepro m8900,,960.0,115.2,1250.0,75.0,1.0,40.0,212.0
firepro v4900,,480.0,64.0,1250.0,75.0,716.0,40.0,118.0
firepro v5900,,512.0,64.0,1250.0,75.0,2.0,40.0,389.0
firepro v7900,,1280.0,160.0,1250.0,150.0,2.0,40.0,389.0
firepro v7900 sdi,,1280.0,160.0,1250.0,150.0,2.0,40.0,389.0
e6460,,160.0,25.6,1250.0,25.0,370.0,40.0,67.0
e6760 mxm,,480.0,51.2,1250.0,45.0,716.0,40.0,118.0
e6760 pcie,,480.0,51.2,1250.0,45.0,716.0,40.0,118.0
hd 6230,,80.0,10.67,1250.0,19.0,292.0,40.0,59.0
hd 6250,,80.0,8.0,1250.0,19.0,292.0,40.0,59.0
hd 6290,,80.0,12.8,1250.0,19.0,292.0,40.0,59.0
hd 6290 igp,,80.0,40.0,1250.0,9.0,450.0,40.0,75.0
hd 6320 igp,,80.0,40.0,1250.0,18.0,450.0,40.0,75.0
hd 6350,,80.0,8.0,1250.0,19.0,292.0,40.0,59.0
hd 6350,,80.0,6.4,1250.0,19.0,292.0,40.0,59.0
hd 6350a,,80.0,12.8,1250.0,25.0,292.0,40.0,59.0
hd 6370d igp,,160.0,40.0,1250.0,65.0,1.0,32.0,227.0
hd 6380g igp,,160.0,40.0,1250.0,35.0,1.0,32.0,227.0
hd 6390,,320.0,16.0,1250.0,39.0,627.0,40.0,104.0
hd 6410d igp,,160.0,40.0,1250.0,65.0,1.0,32.0,227.0
hd 6430m,,160.0,12.8,1250.0,50.0,370.0,40.0,67.0
hd 6450,,160.0,8.0,1250.0,18.0,370.0,40.0,67.0
hd 6450 oem,,160.0,8.528,1250.0,18.0,370.0,40.0,67.0
hd 6450a,,160.0,8.528,1250.0,25.0,370.0,40.0,67.0
hd 6450m,,160.0,12.8,1250.0,50.0,370.0,40.0,67.0
hd 6470m,,160.0,12.8,1250.0,25.0,370.0,40.0,67.0
hd 6480g igp,,240.0,40.0,1250.0,35.0,1.0,32.0,227.0
hd 6480g igp,,160.0,40.0,1250.0,35.0,1.0,32.0,227.0
hd 6490,,320.0,16.0,1250.0,39.0,627.0,40.0,104.0
hd 6490m,,160.0,25.6,1250.0,50.0,370.0,40.0,67.0
hd 6490m mac edition,,160.0,25.41,1250.0,50.0,370.0,40.0,67.0
hd 6510,,400.0,16.0,1250.0,39.0,627.0,40.0,104.0
hd 6510,,320.0,21.34,1250.0,39.0,716.0,40.0,118.0
hd 6520g igp,,320.0,40.0,1250.0,35.0,1.0,32.0,227.0
hd 6530,,400.0,19.2,1250.0,39.0,627.0,40.0,104.0
hd 6530d igp,,320.0,40.0,1250.0,65.0,1.0,32.0,227.0
hd 6550a,,480.0,25.6,1250.0,35.0,627.0,40.0,104.0
hd 6550d igp,,400.0,40.0,1250.0,65.0,1.0,32.0,227.0
hd 6570,,480.0,16.0,1250.0,44.0,716.0,40.0,118.0
hd 6570,,480.0,64.0,1250.0,60.0,716.0,40.0,118.0
hd 6570 oem,,480.0,28.8,1250.0,44.0,716.0,40.0,118.0
hd 6570m,,480.0,25.6,1250.0,30.0,716.0,40.0,118.0
hd 6610m,,400.0,25.6,1250.0,26.0,716.0,40.0,118.0
hd 6620g igp,,400.0,40.0,1250.0,35.0,1.0,32.0,227.0
hd 6625m,,480.0,25.6,1250.0,26.0,716.0,40.0,118.0
hd 6630m,,480.0,25.6,1250.0,26.0,716.0,40.0,118.0
hd 6630m mac edition,,480.0,19.2,1250.0,26.0,716.0,40.0,118.0
hd 6650a,,480.0,28.8,1250.0,45.0,716.0,40.0,118.0
hd 6650m,,480.0,25.6,1250.0,50.0,716.0,40.0,118.0
hd 6670,,480.0,64.0,1250.0,66.0,716.0,40.0,118.0
hd 6670a,,480.0,64.0,1250.0,45.0,716.0,40.0,118.0
hd 6730m,,480.0,25.6,1250.0,35.0,716.0,40.0,118.0
hd 6750,,720.0,73.6,1250.0,86.0,1.0,40.0,166.0
hd 6750m,,480.0,25.6,1250.0,35.0,716.0,40.0,118.0
hd 6750m mac edition,,480.0,50.82,1250.0,35.0,716.0,40.0,118.0
hd 6770,,800.0,76.8,1250.0,108.0,1.0,40.0,166.0
hd 6770m,,480.0,57.6,1250.0,35.0,716.0,40.0,118.0
hd 6770m mac edition,,480.0,50.82,1250.0,35.0,716.0,40.0,118.0
hd 6790,,800.0,134.4,1250.0,150.0,1.0,40.0,255.0
hd 6830m,,800.0,25.6,1250.0,39.0,1.0,40.0,166.0
hd 6850 x2,,960.0,134.4,1250.0,254.0,1.0,40.0,255.0
hd 6850m,,800.0,25.6,1250.0,50.0,1.0,40.0,166.0
hd 6870 x2,,1120.0,134.4,1250.0,300.0,1.0,40.0,255.0
hd 6870m,,800.0,64.0,1250.0,50.0,1.0,40.0,166.0
hd 6930,,1280.0,153.6,1250.0,186.0,2.0,40.0,389.0
hd 6950m,,960.0,115.2,1250.0,50.0,1.0,40.0,212.0
hd 6970m,,960.0,115.2,1250.0,75.0,1.0,40.0,212.0
hd 6970m mac edition,,960.0,115.2,1250.0,75.0,1.0,40.0,212.0
hd 6970m rebrand,,800.0,64.0,1250.0,75.0,1.0,40.0,166.0
hd 6970m x2,,960.0,115.2,1250.0,150.0,1.0,40.0,212.0
hd 6990,,1536.0,160.0,1250.0,375.0,2.0,40.0,389.0
hd 6990m,,1120.0,115.2,1250.0,100.0,1.0,40.0,212.0
hd 6990m rebrand,,800.0,64.0,1250.0,100.0,1.0,40.0,166.0
hd 7410m,,160.0,12.8,1250.0,50.0,370.0,40.0,67.0
hd 7690m,,480.0,28.8,1250.0,20.0,716.0,40.0,118.0
firepro a300,,384.0,40.0,905.0,65.0,1.0,32.0,246.0
firepro a320,,384.0,40.0,955.0,100.0,1.0,32.0,246.0
firepro m2000,,480.0,25.6,1250.0,33.0,716.0,40.0,118.0
firepro m4000,,512.0,64.0,1250.0,33.0,1.0,28.0,123.0
firepro m6000,,640.0,64.0,1250.0,43.0,1.0,28.0,123.0
firepro s10000,,1792.0,240.0,950.0,375.0,4.0,28.0,352.0
firepro s10000 passive,,1792.0,240.0,950.0,375.0,4.0,28.0,352.0
firepro s7000,,1280.0,153.6,1250.0,150.0,2.0,28.0,212.0
firepro s9000,,1792.0,264.0,1250.0,225.0,4.0,28.0,352.0
firepro s9010,,1792.0,240.0,1250.0,200.0,4.0,28.0,352.0
firepro v3900,,480.0,28.8,1250.0,50.0,716.0,40.0,118.0
firepro w4000,,768.0,102.4,1250.0,75.0,2.0,28.0,212.0
firepro w5000,,768.0,102.4,1250.0,75.0,2.0,28.0,212.0
firepro w600,,512.0,64.0,1250.0,75.0,1.0,28.0,123.0
firepro w7000,,1280.0,153.6,1250.0,150.0,2.0,28.0,212.0
firepro w8000,,1792.0,176.0,1250.0,225.0,4.0,28.0,352.0
firepro w9000,,2048.0,264.0,1250.0,274.0,4.0,28.0,352.0
hd 6250 igp,,80.0,40.0,1250.0,7.0,450.0,40.0,75.0
hd 6250 igp,,80.0,40.0,1250.0,9.0,450.0,40.0,75.0
hd 6850 1440sp edition,,1440.0,128.0,1250.0,151.0,2.0,40.0,334.0
hd 7290 igp,,80.0,40.0,1250.0,18.0,450.0,40.0,75.0
hd 7310 igp,,80.0,40.0,1250.0,18.0,450.0,40.0,75.0
hd 7330m,,80.0,8.0,1250.0,5.0,292.0,40.0,59.0
hd 7340 igp,,80.0,40.0,1250.0,18.0,450.0,40.0,75.0
hd 7350 oem,,80.0,12.8,1250.0,19.0,292.0,40.0,59.0
hd 7350 oem pci,,80.0,8.0,1250.0,19.0,292.0,40.0,59.0
hd 7350m,,80.0,8.0,1250.0,7.0,292.0,40.0,59.0
hd 7370m,,80.0,12.8,1250.0,11.0,292.0,40.0,59.0
hd 7400g igp,,192.0,40.0,424.0,17.0,1.0,32.0,246.0
hd 7420g igp,,128.0,40.0,655.0,35.0,1.0,32.0,246.0
hd 7430m,,160.0,12.8,1250.0,7.0,370.0,40.0,67.0
hd 7450 oem,,160.0,8.528,1250.0,18.0,370.0,40.0,67.0
hd 7450a,,160.0,12.8,1250.0,25.0,370.0,40.0,67.0
hd 7450m,,160.0,14.4,1250.0,7.0,370.0,40.0,67.0
hd 7470 oem,,160.0,28.8,1250.0,27.0,370.0,40.0,67.0
hd 7470a,,160.0,12.8,1250.0,25.0,370.0,40.0,67.0
hd 7470a,,400.0,12.8,1250.0,18.0,627.0,40.0,104.0
hd 7470m,,160.0,14.4,800.0,25.0,370.0,40.0,67.0
hd 7480d igp,,128.0,40.0,1250.0,65.0,1.0,32.0,246.0
hd 7490m,,160.0,30.4,1250.0,9.0,370.0,40.0,67.0
hd 7500g igp,,256.0,40.0,424.0,17.0,1.0,32.0,246.0
hd 7510m,,400.0,12.8,1250.0,11.0,716.0,40.0,118.0
hd 7520g igp,,192.0,40.0,686.0,35.0,1.0,32.0,246.0
hd 7530m,,400.0,14.4,1250.0,11.0,716.0,40.0,118.0
hd 7540d igp,,192.0,40.0,1250.0,65.0,1.0,32.0,246.0
hd 7550m,,480.0,28.8,1250.0,14.0,716.0,40.0,118.0
hd 7550m,,480.0,14.4,550.0,14.0,716.0,40.0,118.0
hd 7560d igp,,256.0,40.0,1250.0,65.0,1.0,32.0,246.0
hd 7560g igp,,256.0,40.0,760.0,35.0,1.0,32.0,246.0
hd 7570,,480.0,25.6,1250.0,60.0,716.0,40.0,118.0
hd 7570m,,480.0,25.6,1250.0,13.0,716.0,40.0,118.0
hd 7590m,,480.0,25.6,1250.0,18.0,716.0,40.0,118.0
hd 7600g igp,,384.0,40.0,424.0,19.0,1.0,32.0,246.0
hd 7610m,,400.0,25.6,1250.0,20.0,716.0,40.0,118.0
hd 7620g igp,,384.0,40.0,497.0,25.0,1.0,32.0,246.0
hd 7630m,,480.0,25.6,1250.0,20.0,716.0,40.0,118.0
hd 7640g igp,,256.0,40.0,655.0,35.0,1.0,32.0,246.0
hd 7650a,,480.0,28.8,1250.0,33.0,716.0,40.0,118.0
hd 7650m,,480.0,25.6,1250.0,20.0,716.0,40.0,118.0
hd 7650m rebrand,,480.0,25.6,1250.0,20.0,716.0,40.0,118.0
hd 7660d igp,,384.0,40.0,1250.0,100.0,1.0,32.0,246.0
hd 7660g igp,,384.0,40.0,1250.0,35.0,1.0,32.0,246.0
hd 7670 oem,,480.0,64.0,1250.0,66.0,716.0,40.0,118.0
hd 7670a,,480.0,64.0,1250.0,45.0,716.0,40.0,118.0
hd 7670m,,480.0,28.8,1250.0,20.0,716.0,40.0,118.0
hd 7670m rebrand,,480.0,28.8,1250.0,20.0,716.0,40.0,118.0
hd 7690m rebrand,,480.0,25.6,1250.0,20.0,716.0,40.0,118.0
hd 7690m xt rebrand,,480.0,51.2,1250.0,25.0,716.0,40.0,118.0
hd 7730m,,512.0,28.8,675.0,25.0,1.0,28.0,123.0
hd 7750,,512.0,72.0,1250.0,55.0,1.0,28.0,123.0
hd 7750m,,512.0,64.0,1250.0,28.0,1.0,28.0,123.0
hd 7770 ghz edition,,640.0,72.0,1250.0,80.0,1.0,28.0,123.0
hd 7770m,,512.0,64.0,1250.0,32.0,1.0,28.0,123.0
hd 7850,,1024.0,153.6,1250.0,130.0,2.0,28.0,212.0
hd 7850m,,640.0,64.0,1250.0,40.0,1.0,28.0,123.0
hd 7870 ghz edition,,1280.0,153.6,1250.0,175.0,2.0,28.0,212.0
hd 7870 xt,,1536.0,192.0,975.0,185.0,4.0,28.0,352.0
hd 7870m,,640.0,64.0,1250.0,45.0,1.0,28.0,123.0
hd 7950,,1792.0,240.0,1250.0,200.0,4.0,28.0,352.0
hd 7950 boost,,1792.0,240.0,925.0,200.0,4.0,28.0,352.0
hd 7950 monica bios 1,,1536.0,240.0,1250.0,185.0,4.0,28.0,352.0
hd 7950 monica bios 2,,768.0,240.0,1250.0,85.0,4.0,28.0,352.0
hd 7950m,,1280.0,128.0,1250.0,75.0,2.0,28.0,212.0
hd 7970,2011.0,2048.0,264.0,1250.0,250.0,4.0,28.0,352.0
hd 7970 ghz edition,2011.0191082802548,2048.0,288.0,1050.0,300.0,4.0,28.0,352.0
hd 7970 x2,2011.0382165605095,2048.0,264.0,1250.0,500.0,4.0,28.0,352.0
hd 7970m,2011.0573248407643,1280.0,153.6,1250.0,100.0,2.0,28.0,212.0
hd 7970m x2,2011.0764331210191,1280.0,153.6,1250.0,200.0,2.0,28.0,212.0
wii u gpu,2011.095541401274,160.0,12.8,1250.0,33.0,880.0,40.0,146.0
hd 8180 igp,2011.1146496815286,128.0,40.0,1250.0,4.0,1.0,28.0,110.0
hd 8210e,2011.1337579617834,128.0,40.0,1250.0,9.0,1.0,28.0,110.0
hd 8240 mobile igp,2011.1528662420383,128.0,40.0,1250.0,15.0,1.0,28.0,110.0
hd 8250 igp,2011.1719745222929,128.0,40.0,400.0,8.0,1.0,28.0,110.0
hd 8280 igp,2011.1910828025477,128.0,40.0,1250.0,15.0,1.0,28.0,110.0
hd 8280 mobile igp,2011.2101910828026,128.0,40.0,1250.0,15.0,1.0,28.0,110.0
hd 8280e,2011.2292993630574,128.0,40.0,1250.0,15.0,1.0,28.0,110.0
hd 8310g igp,2011.248407643312,128.0,40.0,554.0,20.0,1.0,32.0,246.0
hd 8330 mobile igp,2011.2675159235669,128.0,40.0,1250.0,15.0,1.0,28.0,110.0
hd 8330e,2011.2866242038217,128.0,40.0,1250.0,15.0,1.0,28.0,110.0
hd 8350 oem,2011.3057324840765,80.0,10.67,1250.0,19.0,292.0,40.0,59.0
hd 8350g igp,2011.3248407643312,128.0,40.0,720.0,35.0,1.0,32.0,246.0
hd 8370d igp,2011.343949044586,128.0,40.0,1250.0,65.0,1.0,32.0,246.0
hd 8400 igp,2011.3630573248408,128.0,40.0,1250.0,25.0,1.0,28.0,110.0
hd 8400 mobile igp,2011.3821656050955,128.0,40.0,1250.0,25.0,1.0,28.0,110.0
hd 8400e,2011.4012738853503,128.0,40.0,1250.0,25.0,1.0,28.0,110.0
hd 8410g igp,2011.4203821656051,192.0,40.0,600.0,35.0,1.0,32.0,246.0
hd 8450 oem,2011.43949044586,160.0,10.67,1250.0,18.0,370.0,40.0,67.0
hd 8450g igp,2011.4585987261146,192.0,40.0,720.0,35.0,1.0,32.0,246.0
hd 8470d igp,2011.4777070063694,192.0,40.0,1250.0,65.0,1.0,32.0,246.0
hd 8490 oem,2011.4968152866243,160.0,14.4,1250.0,35.0,370.0,40.0,67.0
hd 8510g igp,2011.5159235668789,384.0,40.0,1250.0,35.0,1.0,32.0,246.0
hd 8550d igp,2011.5350318471337,256.0,40.0,844.0,65.0,1.0,32.0,246.0
hd 8550g igp,2011.5541401273886,256.0,40.0,660.0,35.0,1.0,32.0,246.0
hd 8570a,2011.5732484076434,320.0,16.0,825.0,50.0,690.0,28.0,56.0
hd 8570d igp,2011.592356687898,256.0,40.0,1250.0,65.0,1.0,32.0,246.0
hd 8570m,2011.6114649681529,320.0,16.0,825.0,50.0,690.0,28.0,56.0
hd 8610g igp,2011.6305732484077,384.0,40.0,626.0,35.0,1.0,32.0,246.0
hd 8650d igp,2011.6496815286623,384.0,40.0,844.0,65.0,1.0,32.0,246.0
hd 8650g igp,2011.6687898089172,384.0,40.0,720.0,35.0,1.0,32.0,246.0
hd 8670a,2011.687898089172,320.0,16.0,1250.0,45.0,690.0,28.0,56.0
hd 8670a,2011.7070063694268,384.0,16.0,1250.0,45.0,950.0,28.0,77.0
hd 8670d igp,2011.7261146496814,384.0,40.0,1250.0,100.0,1.0,32.0,246.0
hd 8670m,2011.7452229299363,320.0,14.4,975.0,50.0,690.0,28.0,56.0
hd 8670m,2011.7643312101911,384.0,14.4,825.0,50.0,950.0,28.0,77.0
hd 8730a,2011.783439490446,384.0,32.0,700.0,50.0,950.0,28.0,77.0
hd 8730m,2011.8025477707006,384.0,28.8,700.0,50.0,950.0,28.0,77.0
hd 8750a,2011.8216560509554,384.0,16.0,1250.0,45.0,950.0,28.0,77.0
hd 8750m,2011.8407643312103,384.0,28.8,825.0,50.0,950.0,28.0,77.0
hd 8830m,2011.8598726114649,640.0,32.0,625.0,50.0,1.0,28.0,123.0
r5 220 oem,2011.8789808917197,80.0,8.528,1250.0,19.0,292.0,40.0,59.0
r5 230 oem,2011.8980891719746,160.0,10.67,1250.0,19.0,370.0,40.0,67.0
r5 235 oem,2011.9171974522294,160.0,14.4,1250.0,35.0,370.0,40.0,67.0
r5 235x oem,2011.936305732484,160.0,14.4,1250.0,18.0,370.0,40.0,67.0
r5 240 oem,2011.9554140127389,384.0,14.4,780.0,50.0,950.0,28.0,77.0
r5 m230 rebrand,2011.9745222929937,320.0,14.4,825.0,50.0,690.0,28.0,56.0
r7 240,2011.9936305732483,320.0,28.8,780.0,30.0,950.0,28.0,77.0
r7 240 oem,2012.0127388535032,320.0,28.8,780.0,50.0,950.0,28.0,77.0
r7 250,2012.031847133758,512.0,28.8,1250.0,55.0,1.0,28.0,123.0
r7 250,2012.0509554140128,512.0,28.8,1250.0,55.0,1.0,28.0,123.0
r7 250 oem,2012.0700636942674,384.0,32.0,1050.0,65.0,950.0,28.0,77.0
xbox one gpu,2012.0891719745223,768.0,68.22,1250.0,95.0,5.0,28.0,363.0
hd 6610,2012.1082802547771,400.0,25.6,1250.0,39.0,627.0,40.0,104.0
hd 6770 green edition,2012.1273885350317,720.0,21.34,1250.0,86.0,1.0,40.0,166.0
hd 7510 oem,2012.1464968152866,320.0,21.34,1250.0,39.0,716.0,40.0,118.0
hd 7570 oem,2012.1656050955414,400.0,25.6,1250.0,39.0,627.0,40.0,104.0
hd 8510 oem,2012.1847133757963,400.0,16.0,1250.0,39.0,627.0,40.0,104.0
hd 8510 oem,2012.2038216560509,480.0,25.6,1250.0,60.0,716.0,40.0,118.0
hd 8550 oem,2012.2229299363057,480.0,25.6,1250.0,60.0,716.0,40.0,118.0
hd 8570 oem,2012.2420382165606,384.0,28.8,780.0,50.0,950.0,28.0,77.0
hd 8570 oem rebrand,2012.2611464968154,480.0,25.6,1250.0,60.0,716.0,40.0,118.0
firepro m4100,2012.28025477707,384.0,64.0,1250.0,50.0,950.0,28.0,77.0
firepro m4150,2012.2993630573249,384.0,64.0,1250.0,50.0,950.0,28.0,77.0
firepro m5100,2012.3184713375797,640.0,72.0,775.0,50.0,1.0,28.0,123.0
firepro m6100,2012.3375796178343,768.0,88.0,1250.0,50.0,2.0,28.0,160.0
firepro r5000,2012.3566878980891,768.0,102.4,1250.0,150.0,2.0,28.0,212.0
firepro w5000 dvi,2012.375796178344,768.0,102.4,1250.0,75.0,2.0,28.0,212.0
playstation 4 gpu,2012.3949044585988,1152.0,176.0,1250.0,75.0,29.0,28.0,348.0
hd 6870 1600sp edition,2012.4140127388534,1600.0,134.4,1250.0,175.0,2.0,40.0,334.0
hd 7690m xt,2012.4331210191083,480.0,57.6,1250.0,25.0,716.0,40.0,118.0
hd 7720 oem,2012.4522292993631,800.0,134.4,1250.0,150.0,1.0,40.0,255.0
hd 7730,2012.4713375796177,384.0,72.0,1250.0,47.0,1.0,28.0,123.0
hd 7790,2012.4904458598726,896.0,96.0,1250.0,85.0,2.0,28.0,160.0
hd 7950 mac edition,2012.5095541401274,1792.0,240.0,1250.0,200.0,4.0,28.0,352.0
hd 7990,2012.5286624203823,2048.0,288.0,1000.0,375.0,4.0,28.0,365.0
hd 8470 oem,2012.5477707006369,160.0,25.6,1250.0,35.0,370.0,40.0,67.0
hd 8590m,2012.5668789808917,320.0,36.0,825.0,50.0,690.0,28.0,56.0
hd 8670 oem,2012.5859872611466,384.0,73.6,1050.0,75.0,950.0,28.0,77.0
hd 8690m,2012.6050955414012,320.0,32.0,975.0,50.0,690.0,28.0,56.0
hd 8730 oem,2012.624203821656,384.0,72.0,1250.0,47.0,1.0,28.0,123.0
hd 8740 oem,2012.6433121019109,512.0,72.0,1250.0,55.0,1.0,28.0,123.0
hd 8750m,2012.6624203821657,384.0,64.0,1250.0,50.0,950.0,28.0,77.0
hd 8760 oem,2012.6815286624203,640.0,72.0,1250.0,80.0,1.0,28.0,123.0
hd 8770 oem,2012.7006369426751,896.0,96.0,1250.0,85.0,2.0,28.0,160.0
hd 8770m,2012.71974522293,384.0,72.0,825.0,50.0,950.0,28.0,77.0
hd 8790m,2012.7388535031846,384.0,64.0,900.0,50.0,950.0,28.0,77.0
hd 8850m,2012.7579617834394,640.0,64.0,625.0,50.0,1.0,28.0,123.0
hd 8860 oem,2012.7770700636943,1280.0,179.2,1250.0,175.0,2.0,28.0,212.0
hd 8870 oem,2012.7961783439491,1280.0,153.6,1250.0,175.0,2.0,28.0,212.0
hd 8870m,2012.8152866242037,640.0,72.0,775.0,50.0,1.0,28.0,123.0
hd 8950 oem,2012.8343949044586,1792.0,240.0,925.0,200.0,4.0,28.0,352.0
hd 8950m,2012.8535031847134,768.0,88.0,1250.0,100.0,2.0,28.0,160.0
hd 8970 oem,2012.8726114649683,2048.0,264.0,1250.0,250.0,4.0,28.0,352.0
hd 8970m,2012.8917197452229,1280.0,153.6,900.0,100.0,2.0,28.0,212.0
hd 8990 oem,2012.9108280254777,2048.0,288.0,1000.0,375.0,4.0,28.0,365.0
r7 240,2012.9299363057326,320.0,73.6,700.0,30.0,950.0,28.0,77.0
r7 250,2012.9490445859872,384.0,73.6,1050.0,65.0,950.0,28.0,77.0
r7 250e,2012.968152866242,512.0,72.0,1250.0,55.0,1.0,28.0,123.0
r7 260,2012.9872611464968,768.0,96.0,1250.0,95.0,2.0,28.0,160.0
r7 260x,2013.0063694267517,896.0,104.0,1250.0,115.0,2.0,28.0,160.0
r9 255 oem,2013.0254777070063,512.0,73.6,930.0,65.0,1.0,28.0,123.0
r9 260 oem,2013.0445859872611,896.0,104.0,1250.0,85.0,2.0,28.0,160.0
r9 270,2013.063694267516,1280.0,179.2,925.0,150.0,2.0,28.0,212.0
r9 270x,2013.0828025477706,1280.0,179.2,1050.0,180.0,2.0,28.0,212.0
r9 280x,2013.1019108280254,2048.0,288.0,1000.0,250.0,4.0,28.0,352.0
r9 290,2013.1210191082803,2560.0,320.0,1250.0,275.0,6.0,28.0,438.0
r9 290x,2013.1401273885351,2816.0,320.0,1250.0,290.0,6.0,28.0,438.0
sky 500,2013.1592356687897,1280.0,153.6,1250.0,150.0,2.0,28.0,212.0
sky 700,2013.1783439490446,1792.0,264.0,1250.0,225.0,4.0,28.0,352.0
sky 900,2013.1974522292994,1792.0,240.0,950.0,300.0,4.0,28.0,352.0
firepro d300,2013.216560509554,1280.0,162.6,1250.0,150.0,2.0,28.0,212.0
firepro d500,2013.2356687898089,1536.0,243.8,1250.0,274.0,4.0,28.0,352.0
firepro d700,2013.2547770700637,2048.0,263.0,1250.0,274.0,4.0,28.0,352.0
firepro m6100,2013.2738853503186,896.0,96.0,1250.0,50.0,2.0,28.0,160.0
firepro s10000 passive 12gb,2013.2929936305732,1792.0,240.0,950.0,375.0,4.0,28.0,352.0
firepro s4000x,2013.312101910828,640.0,72.0,775.0,45.0,1.0,28.0,123.0
firepro s9050,2013.3312101910828,1792.0,264.0,1250.0,225.0,4.0,28.0,352.0
firepro s9100,2013.3503184713377,2560.0,320.0,1250.0,225.0,6.0,28.0,438.0
firepro s9150,2013.3694267515923,2816.0,320.0,1250.0,235.0,6.0,28.0,438.0
firepro w2100,2013.3885350318471,320.0,28.8,680.0,26.0,950.0,28.0,77.0
firepro w4100,2013.407643312102,512.0,64.0,1250.0,50.0,1.0,28.0,123.0
firepro w4170m,2013.4267515923566,384.0,64.0,900.0,50.0,950.0,28.0,77.0
firepro w5100,2013.4458598726114,768.0,96.0,1250.0,50.0,2.0,28.0,160.0
firepro w5170m,2013.4649681528663,640.0,72.0,925.0,50.0,1.0,28.0,123.0
firepro w6170m,2013.4840764331211,896.0,96.0,1250.0,50.0,2.0,28.0,160.0
firepro w7100,2013.5031847133757,1792.0,160.0,1250.0,150.0,5.0,28.0,366.0
firepro w8100,2013.5222929936306,2560.0,320.0,1250.0,220.0,6.0,28.0,438.0
firepro w9100,2013.5414012738854,2816.0,320.0,1250.0,275.0,6.0,28.0,438.0
e8860,2013.56050955414,640.0,72.0,625.0,37.0,1.0,28.0,123.0
hd 8210 igp,2013.5796178343949,128.0,40.0,1250.0,8.0,1.0,28.0,110.0
hd 8530m,2013.5987261146497,320.0,14.4,700.0,50.0,950.0,28.0,77.0
hd 8550m,2013.6178343949045,320.0,14.4,850.0,50.0,690.0,28.0,56.0
r4 mobile graphics,2013.6369426751592,128.0,40.0,1250.0,15.0,930.0,28.0,107.0
r4 mobile graphics,2013.656050955414,192.0,40.0,1250.0,17.0,2.0,28.0,245.0
r4e mobile graphics,2013.6751592356688,128.0,40.0,1250.0,15.0,930.0,28.0,107.0
r5 230,2013.6942675159235,160.0,10.67,1250.0,19.0,370.0,40.0,67.0
r5 a220,2013.7133757961783,160.0,14.4,1250.0,35.0,370.0,40.0,67.0
r5 a230,2013.7324840764331,320.0,16.0,855.0,50.0,690.0,28.0,56.0
r5 a240,2013.751592356688,320.0,14.4,1250.0,50.0,690.0,28.0,56.0
r5 a240,2013.7707006369426,320.0,28.8,780.0,50.0,950.0,28.0,77.0
r5 a255,2013.7898089171974,384.0,64.0,940.0,50.0,1.0,28.0,125.0
r5 graphics,2013.8089171974523,256.0,40.0,1250.0,15.0,2.0,28.0,245.0
r5 graphics,2013.8280254777071,256.0,40.0,1250.0,15.0,2.0,28.0,245.0
r5 m230,2013.8471337579617,320.0,16.0,1250.0,50.0,690.0,28.0,56.0
r5 m230,2013.8662420382166,320.0,16.0,855.0,50.0,690.0,28.0,56.0
r5 m230 rebrand,2013.8853503184714,320.0,14.4,850.0,50.0,690.0,28.0,56.0
r5 m240,2013.904458598726,320.0,14.4,1030.0,50.0,690.0,28.0,56.0
r5 m240 rebrand,2013.9235668789809,384.0,14.4,700.0,50.0,950.0,28.0,77.0
r5 m255,2013.9426751592357,384.0,32.0,940.0,50.0,1.0,28.0,125.0
r5 mobile graphics,2013.9617834394905,128.0,40.0,1250.0,15.0,930.0,28.0,107.0
r5 mobile graphics,2013.9808917197452,256.0,40.0,1250.0,17.0,2.0,28.0,245.0
r5e mobile graphics,2014.0,128.0,40.0,1250.0,15.0,930.0,28.0,107.0
r6 m255dx,2014.0191082802548,320.0,40.0,855.0,50.0,690.0,28.0,56.0
r6 m255dx,2014.0382165605095,384.0,40.0,940.0,50.0,1.0,28.0,125.0
r6 mobile graphics,2014.0573248407643,384.0,40.0,1250.0,17.0,2.0,28.0,245.0
r7 250x,2014.0764331210191,640.0,72.0,1250.0,80.0,1.0,28.0,123.0
r7 250xe,2014.095541401274,640.0,72.0,1250.0,80.0,1.0,28.0,123.0
r7 265,2014.1146496815286,1024.0,179.2,925.0,150.0,2.0,28.0,212.0
r7 265x oem,2014.1337579617834,1280.0,179.2,925.0,150.0,2.0,28.0,212.0
r7 a260,2014.1528662420383,384.0,57.6,980.0,50.0,1.0,28.0,125.0
r7 a265,2014.1719745222929,384.0,28.8,825.0,50.0,950.0,28.0,77.0
r7 graphics,2014.1910828025477,512.0,40.0,1250.0,25.0,2.0,28.0,245.0
r7 graphics,2014.2101910828026,384.0,40.0,1250.0,25.0,2.0,28.0,245.0
r7 m260,2014.2292993630574,384.0,14.4,980.0,50.0,1.0,28.0,125.0
r7 m260dx,2014.248407643312,320.0,40.0,1030.0,50.0,690.0,28.0,56.0
r7 m260dx,2014.2675159235669,320.0,40.0,855.0,50.0,690.0,28.0,56.0
r7 m260dx,2014.2866242038217,384.0,40.0,940.0,50.0,1.0,28.0,125.0
r7 m265,2014.3057324840765,384.0,28.8,825.0,50.0,950.0,28.0,77.0
r7 m265,2014.3248407643312,384.0,14.4,980.0,50.0,1.0,28.0,125.0
r7 m265dx,2014.343949044586,384.0,40.0,980.0,50.0,1.0,28.0,125.0
r7 m265dx,2014.3630573248408,320.0,40.0,855.0,50.0,690.0,28.0,56.0
r7 m265dx,2014.3821656050955,384.0,40.0,940.0,50.0,1.0,28.0,125.0
r7 m270,2014.4012738853503,384.0,28.8,825.0,50.0,950.0,28.0,77.0
r7 m270dx,2014.4203821656051,384.0,40.0,980.0,50.0,1.0,28.0,125.0
r7 m270dx,2014.43949044586,320.0,40.0,855.0,50.0,690.0,28.0,56.0
r7 mobile graphics,2014.4585987261146,384.0,40.0,1250.0,25.0,2.0,28.0,245.0
r9 280,2014.4777070063694,1792.0,240.0,933.0,200.0,4.0,28.0,352.0
r9 285,2014.4968152866243,1792.0,176.0,1250.0,190.0,5.0,28.0,366.0
r9 290x2,2014.5159235668789,2816.0,345.6,1250.0,580.0,6.0,28.0,438.0
r9 295x2,2014.5350318471337,2816.0,320.0,1250.0,500.0,6.0,28.0,438.0
r9 m265x,2014.5541401273886,640.0,64.0,625.0,50.0,1.0,28.0,123.0
r9 m270x,2014.5732484076434,640.0,64.0,775.0,50.0,1.0,28.0,123.0
r9 m275,2014.592356687898,640.0,64.0,925.0,50.0,1.0,28.0,123.0
r9 m275x,2014.6114649681529,640.0,72.0,925.0,50.0,1.0,28.0,123.0
r9 m290x,2014.6305732484077,1280.0,153.6,900.0,100.0,2.0,28.0,212.0
r9 m290x mac edition,2014.6496815286623,1024.0,174.7,975.0,80.0,2.0,28.0,212.0
r9 m295x,2014.6687898089172,2048.0,160.0,1250.0,250.0,5.0,28.0,366.0
r9 m295x mac edition,2014.687898089172,2048.0,174.3,1250.0,250.0,5.0,28.0,366.0
firepro m4170,2014.7070063694268,384.0,64.0,900.0,50.0,950.0,28.0,77.0
firepro s9170,2014.7261146496814,2816.0,320.0,1250.0,275.0,6.0,28.0,438.0
firepro w4170m,2014.7452229299363,384.0,64.0,900.0,50.0,950.0,28.0,77.0
firepro w4190m,2014.7643312101911,384.0,64.0,900.0,50.0,950.0,28.0,77.0
firepro w4300,2014.783439490446,768.0,96.0,1250.0,50.0,2.0,28.0,160.0
firepro w5130m,2014.8025477707006,512.0,64.0,925.0,50.0,1.0,28.0,123.0
firepro w6150m,2014.8216560509554,768.0,88.0,1250.0,50.0,2.0,28.0,160.0
firepro w7170m,2014.8407643312103,2048.0,160.0,1250.0,100.0,5.0,28.0,366.0
e6465,2014.8598726114649,160.0,25.6,1250.0,25.0,370.0,40.0,67.0
e8870 mxm,2014.8789808917197,768.0,96.0,1250.0,75.0,2.0,28.0,160.0
e8870 pcie,2014.8980891719746,768.0,96.0,1250.0,75.0,2.0,28.0,160.0
e8950,2014.9171974522294,2048.0,192.0,1000.0,95.0,5.0,28.0,366.0
r2 mobile graphics,2014.936305732484,128.0,40.0,1250.0,15.0,930.0,28.0,107.0
r2 mobile graphics,2014.9554140127389,128.0,40.0,1250.0,15.0,930.0,28.0,107.0
r2e mobile graphics,2014.9745222929937,128.0,40.0,1250.0,15.0,930.0,28.0,107.0
r3 mobile graphics,2014.9936305732483,128.0,40.0,1250.0,15.0,930.0,28.0,107.0
r3e mobile graphics,2015.0127388535032,128.0,40.0,1250.0,15.0,930.0,28.0,107.0
r5 310 oem,2015.031847133758,160.0,14.4,1250.0,35.0,370.0,40.0,67.0
r5 310 oem,2015.0509554140128,160.0,12.88,1250.0,35.0,370.0,40.0,67.0
r5 330 oem,2015.0700636942674,320.0,14.4,855.0,50.0,690.0,28.0,56.0
r5 340 oem,2015.0891719745223,384.0,36.8,780.0,65.0,950.0,28.0,77.0
r5 340x oem,2015.1082802547771,384.0,16.0,1250.0,65.0,950.0,28.0,77.0
r5 a320,2015.1273885350317,320.0,16.0,825.0,50.0,690.0,28.0,56.0
r5 a330,2015.1464968152866,320.0,14.4,1250.0,50.0,690.0,28.0,56.0
r5 a335,2015.1656050955414,320.0,14.4,1250.0,50.0,690.0,28.0,56.0
r5 m315,2015.1847133757963,384.0,14.4,1250.0,50.0,1.0,28.0,125.0
r5 m320,2015.2038216560509,320.0,16.0,855.0,50.0,690.0,28.0,56.0
r5 m330,2015.2229299363057,320.0,14.4,1030.0,18.0,690.0,28.0,56.0
r5 m335,2015.2420382165606,320.0,14.4,1250.0,50.0,690.0,28.0,56.0
r5 mobile graphics,2015.2611464968154,384.0,40.0,720.0,15.0,1.0,28.0,125.0
r6 m335dx,2015.28025477707,384.0,40.0,1030.0,50.0,690.0,28.0,56.0
r6 m340dx,2015.2993630573249,384.0,40.0,1030.0,50.0,690.0,28.0,56.0
r6 mobile graphics,2015.3184713375797,384.0,40.0,720.0,15.0,1.0,28.0,125.0
r7 340 oem,2015.3375796178343,384.0,64.0,780.0,50.0,950.0,28.0,77.0
r7 340 oem,2015.3566878980891,384.0,28.8,780.0,50.0,950.0,28.0,77.0
r7 350 fake card,2015.375796178344,384.0,36.8,1250.0,35.0,950.0,28.0,77.0
r7 350 oem,2015.3949044585988,384.0,73.6,1050.0,65.0,950.0,28.0,77.0
r7 350x oem,2015.4140127388534,384.0,32.0,1050.0,65.0,950.0,28.0,77.0
r7 360,2015.4331210191083,768.0,96.0,1050.0,100.0,2.0,28.0,160.0
r7 360 896sp,2015.4522292993631,896.0,96.0,1250.0,85.0,2.0,28.0,160.0
r7 360e,2015.4713375796177,768.0,96.0,1250.0,75.0,2.0,28.0,160.0
r7 370,2015.4904458598726,1024.0,179.2,975.0,110.0,2.0,28.0,212.0
r7 a360,2015.5095541401274,384.0,14.4,1125.0,50.0,1.0,28.0,125.0
r7 a360,2015.5286624203823,384.0,28.8,825.0,50.0,950.0,28.0,77.0
r7 m260x,2015.5477707006369,384.0,64.0,715.0,50.0,950.0,28.0,77.0
r7 m340,2015.5668789808917,320.0,16.0,1021.0,50.0,1.0,28.0,125.0
r7 m340,2015.5859872611466,384.0,16.0,715.0,50.0,950.0,28.0,77.0
r7 m350,2015.6050955414012,384.0,16.0,1015.0,50.0,1.0,28.0,125.0
r7 m350 2gb,2015.624203821656,384.0,64.0,1250.0,50.0,950.0,28.0,77.0
r7 m360,2015.6433121019109,384.0,14.4,1125.0,50.0,1.0,28.0,125.0
r7 m365x,2015.6624203821657,384.0,64.0,1250.0,50.0,950.0,28.0,77.0
r7 m370,2015.6815286624203,384.0,57.6,960.0,50.0,950.0,28.0,77.0
r7 m380,2015.7006369426751,640.0,32.0,915.0,50.0,1.0,28.0,123.0
r7 mobile graphics,2015.71974522293,512.0,40.0,720.0,15.0,1.0,28.0,125.0
r8 m350dx,2015.7388535031846,384.0,40.0,1030.0,50.0,690.0,28.0,56.0
r8 m365dx,2015.7579617834394,384.0,40.0,1125.0,50.0,1.0,28.0,125.0
r9 270 1024sp,2015.7770700636943,1024.0,153.6,925.0,150.0,2.0,28.0,212.0
r9 360 oem,2015.7961783439491,768.0,104.0,1050.0,75.0,2.0,28.0,160.0
r9 370,2015.8152866242037,1280.0,179.2,975.0,110.0,2.0,28.0,212.0
r9 370 1024sp,2015.8343949044586,1024.0,179.2,975.0,150.0,2.0,28.0,212.0
r9 370x,2015.8535031847134,1280.0,179.2,1030.0,180.0,2.0,28.0,212.0
r9 380,2015.8726114649683,1792.0,176.0,1250.0,190.0,5.0,28.0,366.0
r9 380 oem,2015.8917197452229,1792.0,176.0,1250.0,190.0,5.0,28.0,366.0
r9 380x,2015.9108280254777,2048.0,182.4,1250.0,190.0,5.0,28.0,366.0
r9 390,2015.9299363057326,2560.0,384.0,1250.0,275.0,6.0,28.0,438.0
r9 390 x2,2015.9490445859872,2560.0,345.6,1250.0,580.0,6.0,28.0,438.0
r9 390x,2015.968152866242,2816.0,384.0,1250.0,275.0,6.0,28.0,438.0
r9 a375,2015.9872611464968,640.0,72.0,1250.0,50.0,1.0,28.0,123.0
r9 fury,2016.0063694267517,3584.0,512.0,1250.0,275.0,8.0,28.0,596.0
r9 fury x,2016.0254777070063,4096.0,512.0,1250.0,275.0,8.0,28.0,596.0
r9 m270x,2016.0445859872611,768.0,88.0,1000.0,50.0,2.0,28.0,160.0
r9 m280x,2016.063694267516,896.0,88.0,1000.0,50.0,2.0,28.0,160.0
r9 m280x,2016.0828025477706,896.0,96.0,1100.0,50.0,2.0,28.0,160.0
r9 m360,2016.1019108280254,512.0,72.0,925.0,50.0,1.0,28.0,123.0
r9 m365x,2016.1210191082803,640.0,72.0,925.0,50.0,1.0,28.0,123.0
r9 m370x mac edition,2016.1401273885351,640.0,72.0,800.0,50.0,1.0,28.0,123.0
r9 m375,2016.1592356687897,640.0,28.8,1015.0,50.0,1.0,28.0,123.0
r9 m375x,2016.1783439490446,640.0,72.0,1015.0,50.0,1.0,28.0,123.0
r9 m380,2016.1974522292994,768.0,96.0,1000.0,50.0,2.0,28.0,160.0
r9 m380 mac edition,2016.216560509554,768.0,100.4,1021.0,50.0,2.0,28.0,160.0
r9 m385,2016.2356687898089,896.0,76.8,1000.0,50.0,2.0,28.0,160.0
r9 m385x,2016.2547770700637,896.0,76.8,1100.0,50.0,2.0,28.0,160.0
r9 m390 mac edition,2016.2738853503186,1024.0,174.7,1250.0,80.0,2.0,28.0,212.0
r9 m390x,2016.2929936305732,2048.0,160.0,1250.0,75.0,5.0,28.0,366.0
r9 m395 mac edition,2016.312101910828,1792.0,174.7,1250.0,250.0,5.0,28.0,366.0
r9 m395x,2016.3312101910828,2048.0,160.0,1250.0,75.0,5.0,28.0,366.0
r9 m395x mac edition,2016.3503184713377,2048.0,174.7,1250.0,250.0,5.0,28.0,366.0
r9 nano,2016.3694267515923,4096.0,512.0,1250.0,175.0,8.0,28.0,596.0
firepro s7100x,2016.3885350318471,2048.0,160.0,1250.0,100.0,5.0,28.0,366.0
firepro s7150,2016.407643312102,2048.0,160.0,1250.0,150.0,5.0,28.0,366.0
firepro s7150 x2,2016.4267515923566,1792.0,160.0,1250.0,265.0,5.0,28.0,366.0
firepro s9300 x2,2016.4458598726114,4096.0,512.0,1250.0,300.0,8.0,28.0,596.0
playstation 4 pro gpu,2016.4649681528663,2304.0,217.6,1250.0,150.0,5.0,16.0,322.0
playstation 4 slim gpu,2016.4840764331211,1152.0,176.0,1250.0,75.0,29.0,16.0,209.0
e9260 mxm,2016.5031847133757,896.0,112.0,1250.0,50.0,3.0,14.0,123.0
e9260 pcie,2016.5222929936306,896.0,112.0,1200.0,80.0,3.0,14.0,123.0
e9550 mxm,2016.5414012738854,2304.0,160.0,1244.0,95.0,5.0,14.0,232.0
instinct mi6,2016.56050955414,2304.0,224.0,1233.0,150.0,5.0,14.0,232.0
instinct mi8,2016.5796178343949,4096.0,512.0,1250.0,175.0,8.0,28.0,596.0
pro 450,2016.5987261146497,640.0,81.28,1250.0,35.0,3.0,14.0,123.0
pro 455,2016.6178343949045,768.0,81.28,1250.0,35.0,3.0,14.0,123.0
pro 460,2016.6369426751592,1024.0,81.28,907.0,35.0,3.0,14.0,123.0
pro duo,2016.656050955414,4096.0,512.0,1250.0,350.0,8.0,28.0,596.0
pro ssg,2016.6751592356688,4096.0,512.0,1050.0,260.0,8.0,28.0,596.0
pro wx 4100,2016.6942675159235,1024.0,96.0,1201.0,50.0,3.0,14.0,123.0
pro wx 5100,2016.7133757961783,1792.0,160.0,1086.0,75.0,5.0,14.0,232.0
pro wx 7100,2016.7324840764331,2304.0,224.0,1243.0,130.0,5.0,14.0,232.0
r1e mobile graphics,2016.751592356688,64.0,40.0,600.0,15.0,1.0,28.0,125.0
r1e mobile graphics,2016.7707006369426,64.0,40.0,1250.0,15.0,930.0,28.0,107.0
r1e mobile graphics,2016.7898089171974,64.0,40.0,1250.0,15.0,930.0,28.0,107.0
r2 mobile graphics,2016.8089171974523,128.0,40.0,600.0,15.0,1.0,28.0,125.0
r2e mobile graphics,2016.8280254777071,128.0,40.0,600.0,15.0,1.0,28.0,125.0
r3 mobile graphics,2016.8471337579617,128.0,40.0,655.0,15.0,1.0,28.0,125.0
r4 mobile graphics,2016.8662420382166,192.0,40.0,655.0,15.0,1.0,28.0,125.0
r4e mobile graphics,2016.8853503184714,192.0,40.0,600.0,15.0,1.0,28.0,125.0
r5 430 oem,2016.904458598726,384.0,36.8,780.0,50.0,950.0,28.0,77.0
r5 435 oem,2016.9235668789809,320.0,18.0,1250.0,50.0,690.0,28.0,56.0
r5 m420,2016.9426751592357,320.0,16.0,850.0,50.0,690.0,28.0,56.0
r5 m430,2016.9617834394905,320.0,14.4,1250.0,50.0,690.0,28.0,56.0
r5 m430,2016.9808917197452,320.0,18.0,1030.0,50.0,690.0,28.0,56.0
r5 m430,2017.0,320.0,16.0,855.0,50.0,690.0,28.0,56.0
r5 m435,2017.0191082802548,320.0,36.0,1030.0,50.0,690.0,28.0,56.0
r5 m445,2017.0382165605095,384.0,32.0,1250.0,50.0,1.0,28.0,125.0
r5 m465,2017.0573248407643,384.0,16.0,1015.0,50.0,1.0,28.0,125.0
r5 mobile graphics,2017.0764331210191,192.0,40.0,847.0,15.0,1.0,28.0,125.0
r5e mobile graphics,2017.095541401274,192.0,40.0,847.0,15.0,1.0,28.0,125.0
r6 m435dx,2017.1146496815286,384.0,40.0,1030.0,50.0,690.0,28.0,56.0
r6e mobile graphics,2017.1337579617834,384.0,40.0,758.0,15.0,1.0,28.0,125.0
r7 350,2017.1528662420383,512.0,72.0,1250.0,55.0,1.0,28.0,123.0
r7 430 oem,2017.1719745222929,384.0,28.8,780.0,50.0,950.0,28.0,77.0
r7 435 oem,2017.1910828025477,320.0,16.0,1250.0,50.0,950.0,28.0,77.0
r7 450 oem,2017.2101910828026,512.0,72.0,1250.0,65.0,1.0,28.0,123.0
r7 m440,2017.2292993630574,320.0,14.4,1250.0,50.0,1.0,28.0,125.0
r7 m445,2017.248407643312,320.0,32.0,920.0,50.0,1.0,28.0,125.0
r7 m460,2017.2675159235669,384.0,36.0,1024.0,50.0,1.0,28.0,125.0
r7 m465,2017.2866242038217,384.0,64.0,1250.0,50.0,950.0,28.0,77.0
r7 m465,2017.3057324840765,384.0,36.0,1024.0,50.0,1.0,28.0,125.0
r7 m465x,2017.3248407643312,512.0,72.0,925.0,50.0,1.0,28.0,123.0
r7e mobile graphics,2017.343949044586,384.0,40.0,626.0,15.0,1.0,28.0,125.0
r8 m435dx,2017.3630573248408,384.0,40.0,1030.0,50.0,690.0,28.0,56.0
r8 m445dx,2017.3821656050955,320.0,40.0,1021.0,50.0,1.0,28.0,125.0
r9 m470,2017.4012738853503,768.0,88.0,1000.0,50.0,2.0,28.0,160.0
r9 m470x,2017.4203821656051,896.0,76.8,1100.0,50.0,2.0,28.0,160.0
r9 m485x,2017.43949044586,2048.0,160.0,1250.0,250.0,5.0,28.0,366.0
rx 455 oem,2017.4585987261146,768.0,104.0,1250.0,100.0,2.0,28.0,160.0
rx 460,2017.4777070063694,896.0,112.0,1200.0,75.0,3.0,14.0,123.0
rx 460 mobile,2017.4968152866243,896.0,80.0,1180.0,55.0,3.0,14.0,123.0
rx 470,2017.5159235668789,2048.0,211.2,1206.0,120.0,5.0,14.0,232.0
rx 470 mobile,2017.5350318471337,2048.0,224.0,1074.0,85.0,5.0,14.0,232.0
rx 470d,2017.5541401273886,1792.0,211.2,1206.0,120.0,5.0,14.0,232.0
rx 480,2017.5732484076434,2304.0,256.0,1266.0,150.0,5.0,14.0,232.0
rx 480 mobile,2017.592356687898,2304.0,256.0,1077.0,100.0,5.0,14.0,232.0
rx 580 oem,2017.6114649681529,2304.0,256.0,1266.0,150.0,5.0,14.0,232.0
xbox one s gpu,2017.6305732484077,768.0,68.22,1250.0,95.0,5.0,16.0,240.0
520 mobile ddr3,2017.6496815286623,320.0,16.0,1250.0,50.0,690.0,28.0,56.0
520 mobile gddr5,2017.6687898089172,320.0,36.0,1250.0,50.0,690.0,28.0,56.0
520 oem,2017.687898089172,320.0,36.0,1250.0,50.0,690.0,28.0,56.0
530 mobile ddr3,2017.7070063694268,384.0,14.4,1021.0,50.0,1.0,28.0,125.0
530 mobile gddr5,2017.7261146496814,384.0,28.8,891.0,50.0,1.0,28.0,125.0
530x mobile,2017.7452229299363,384.0,36.0,1024.0,50.0,1.0,28.0,125.0
535 mobile,2017.7643312101911,384.0,36.0,984.0,50.0,1.0,28.0,125.0
540,2017.783439490446,384.0,24.0,1250.0,50.0,2.0,14.0,103.0
550,2017.8025477707006,512.0,56.0,1183.0,50.0,2.0,14.0,103.0
e9171 mcm,2017.8216560509554,512.0,96.0,1219.0,40.0,2.0,14.0,103.0
e9172 mxm,2017.8407643312103,512.0,48.0,1219.0,35.0,2.0,14.0,103.0
e9173 pcie,2017.8598726114649,512.0,48.0,1219.0,35.0,2.0,14.0,103.0
e9174 mxm,2017.8789808917197,512.0,96.0,1219.0,50.0,2.0,14.0,103.0
e9175 pcie,2017.8980891719746,512.0,96.0,1219.0,50.0,2.0,14.0,103.0
instinct mi25,2017.9171974522294,4096.0,436.2,1500.0,300.0,12.0,14.0,495.0
pro 555,2017.936305732484,768.0,81.6,1250.0,75.0,3.0,14.0,123.0
pro 560,2017.9554140127389,1024.0,81.28,1250.0,75.0,3.0,14.0,123.0
pro 570,2017.9745222929937,1792.0,217.0,1105.0,150.0,5.0,14.0,232.0
pro 575,2017.9936305732483,2048.0,217.0,1250.0,150.0,5.0,14.0,232.0
pro 580,2018.0127388535032,2304.0,217.0,1200.0,185.0,5.0,14.0,232.0
pro duo polaris,2018.031847133758,2304.0,224.0,1250.0,250.0,5.0,14.0,232.0
pro ssg,2018.0509554140128,4096.0,483.8,1500.0,260.0,12.0,14.0,495.0
pro v320,2018.0700636942674,3584.0,483.8,1500.0,230.0,12.0,14.0,495.0
pro vega 56,2018.0891719745223,3584.0,402.4,1250.0,210.0,12.0,14.0,495.0
pro vega 64,2018.1082802547771,4096.0,402.4,1350.0,250.0,12.0,14.0,495.0
pro wx 2100,2018.1273885350317,512.0,48.0,1219.0,35.0,2.0,14.0,103.0
pro wx 3100,2018.1464968152866,512.0,96.0,1219.0,65.0,2.0,14.0,103.0
pro wx 4130 mobile,2018.1656050955414,640.0,96.0,1053.0,50.0,3.0,14.0,123.0
pro wx 4150 mobile,2018.1847133757963,896.0,96.0,1053.0,50.0,3.0,14.0,123.0
pro wx 4170 mobile,2018.2038216560509,1024.0,96.0,1201.0,50.0,3.0,14.0,123.0
pro wx 7100 mobile,2018.2229299363057,2304.0,160.0,1243.0,130.0,5.0,14.0,232.0
pro wx 7130 mobile,2018.2420382165606,2304.0,160.0,1243.0,130.0,5.0,14.0,232.0
pro wx 8100,2018.2611464968154,3584.0,512.0,1500.0,230.0,12.0,14.0,495.0
pro wx 9100,2018.28025477707,4096.0,483.8,1500.0,230.0,12.0,14.0,495.0
r5 graphics,2018.2993630573249,384.0,40.0,900.0,15.0,1.0,28.0,125.0
r8 m535dx,2018.3184713375797,320.0,40.0,891.0,50.0,1.0,28.0,125.0
rx 460 1024sp,2018.3375796178343,1024.0,112.0,1200.0,75.0,3.0,14.0,123.0
rx 540 mobile,2018.3566878980891,512.0,80.0,1250.0,50.0,2.0,14.0,103.0
rx 550,2018.375796178344,512.0,112.0,1183.0,50.0,2.0,14.0,103.0
rx 550 512sp,2018.3949044585988,512.0,96.0,1071.0,50.0,3.0,14.0,123.0
rx 550 640sp,2018.4140127388534,640.0,96.0,1071.0,60.0,3.0,14.0,123.0
rx 550 mobile,2018.4331210191083,640.0,96.0,1287.0,50.0,2.0,14.0,103.0
rx 560,2018.4522292993631,1024.0,112.0,1275.0,75.0,3.0,14.0,123.0
rx 560 896sp,2018.4713375796177,896.0,112.0,1175.0,45.0,3.0,14.0,123.0
rx 560 mobile,2018.4904458598726,1024.0,96.0,1202.0,65.0,3.0,14.0,123.0
rx 560 mobile,2018.5095541401274,896.0,109.4,1032.0,55.0,3.0,14.0,123.0
rx 560 mobile,2018.5286624203823,896.0,96.0,1053.0,55.0,3.0,14.0,123.0
rx 560d,2018.5477707006369,896.0,96.0,1175.0,65.0,3.0,14.0,123.0
rx 570,2018.5668789808917,2048.0,224.0,1244.0,150.0,5.0,14.0,232.0
rx 570 mobile,2018.5859872611466,2048.0,211.2,1206.0,85.0,5.0,14.0,232.0
rx 580,2018.6050955414012,2304.0,256.0,1340.0,185.0,5.0,14.0,232.0
rx 580 mobile,2018.624203821656,2304.0,256.0,1077.0,100.0,5.0,14.0,232.0
rx vega 10 mobile,2018.6433121019109,640.0,40.0,1301.0,10.0,4.0,14.0,210.0
rx vega 56,2018.6624203821657,3584.0,409.6,1471.0,210.0,12.0,14.0,495.0
rx vega 64,2018.6815286624203,4096.0,483.8,1546.0,295.0,12.0,14.0,495.0
rx vega 64 limited edition,2018.7006369426751,4096.0,483.8,1546.0,295.0,12.0,14.0,495.0
rx vega 64 liquid cooling,2018.71974522293,4096.0,483.8,1677.0,345.0,12.0,14.0,495.0
vega 8 mobile,2018.7388535031846,512.0,40.0,1101.0,25.0,4.0,14.0,210.0
vega frontier edition,2018.7579617834394,4096.0,483.8,1600.0,300.0,12.0,14.0,495.0
vega frontier edition watercooled,2018.7770700636943,4096.0,483.8,1600.0,375.0,12.0,14.0,495.0
xbox one x gpu,2018.7961783439491,2560.0,326.4,1250.0,150.0,7.0,16.0,359.0
540x mobile,2018.8152866242037,512.0,48.0,1046.0,50.0,2.0,14.0,103.0
550x 640sp,2018.8343949044586,640.0,48.0,1071.0,50.0,2.0,14.0,103.0
550x mobile,2018.8535031847134,640.0,32.0,1250.0,50.0,2.0,14.0,103.0
instinct mi50,2018.8726114649683,3840.0,1.02,1746.0,300.0,13.0,7.0,331.0
instinct mi60,2018.8917197452229,4096.0,1.02,1800.0,300.0,13.0,7.0,331.0
pro 555x,2018.9108280254777,768.0,94.08,1250.0,75.0,3.0,14.0,123.0
pro 560x,2018.9299363057326,1024.0,94.08,1250.0,75.0,3.0,14.0,123.0
pro v340 16 gb,2018.9490445859872,3584.0,483.8,1500.0,230.0,12.0,14.0,495.0
pro v340 8 gb,2018.968152866242,3584.0,483.8,1500.0,230.0,12.0,14.0,495.0
pro vega 16,2018.9872611464968,1024.0,307.2,1190.0,75.0,29.0,14.0,154.0
pro vega 20,2019.0063694267517,1280.0,189.4,1283.0,100.0,29.0,14.0,154.0
pro wx 8200,2019.0254777070063,3584.0,512.0,1500.0,230.0,12.0,14.0,495.0
pro wx vega m gl,2019.0445859872611,1280.0,179.2,1011.0,65.0,5.0,14.0,208.0
rx 540x mobile,2019.063694267516,512.0,96.0,1211.0,50.0,2.0,14.0,103.0
rx 550x,2019.0828025477706,512.0,96.0,1183.0,50.0,2.0,14.0,103.0
rx 550x 640sp,2019.1019108280254,640.0,96.0,1071.0,60.0,3.0,14.0,123.0
rx 550x mobile,2019.1210191082803,640.0,48.0,1176.0,50.0,2.0,14.0,103.0
rx 560dx,2019.1401273885351,896.0,96.0,1175.0,65.0,3.0,14.0,123.0
rx 560x,2019.1592356687897,1024.0,112.0,1275.0,75.0,3.0,14.0,123.0
rx 560x mobile,2019.1783439490446,1024.0,92.8,1250.0,65.0,3.0,14.0,123.0
rx 560x mobile,2019.1974522292994,1024.0,112.0,1250.0,65.0,3.0,14.0,123.0
rx 560x mobile,2019.216560509554,1024.0,96.0,1202.0,65.0,3.0,14.0,123.0
rx 570x,2019.2356687898089,2048.0,224.0,1244.0,150.0,5.0,14.0,232.0
rx 580 2048sp,2019.2547770700637,2048.0,224.0,1284.0,150.0,5.0,14.0,232.0
rx 580g,2019.2738853503186,2304.0,256.0,1330.0,185.0,5.0,14.0,232.0
rx 580x,2019.2929936305732,2304.0,256.0,1340.0,185.0,5.0,14.0,232.0
rx 580x mobile,2019.312101910828,2304.0,256.0,1250.0,100.0,5.0,14.0,232.0
rx 590,2019.3312101910828,2304.0,256.0,1545.0,175.0,5.0,12.0,232.0
rx vega 11,2019.3503184713377,704.0,40.0,1240.0,25.0,4.0,14.0,210.0
rx vega 11,2019.3694267515923,704.0,40.0,1251.0,25.0,4.0,14.0,210.0
rx vega 11 embedded,2019.3885350318471,704.0,40.0,1251.0,25.0,4.0,14.0,210.0
rx vega 56 mobile,2019.407643312102,3584.0,409.6,1301.0,120.0,12.0,14.0,495.0
rx vega m gh,2019.4267515923566,1536.0,204.8,1190.0,100.0,5.0,14.0,208.0
rx vega m gl,2019.4458598726114,1280.0,179.2,1011.0,65.0,5.0,14.0,208.0
vega 11 embedded,2019.4649681528663,704.0,40.0,1301.0,25.0,4.0,14.0,210.0
vega 3 embedded,2019.4840764331211,192.0,40.0,1001.0,15.0,4.0,14.0,210.0
vega 3 embedded,2019.5031847133757,192.0,40.0,1001.0,15.0,4.0,14.0,210.0
vega 3 embedded,2019.5222929936306,192.0,40.0,1001.0,15.0,4.0,14.0,210.0
vega 3 mobile,2019.5414012738854,192.0,40.0,1101.0,15.0,4.0,14.0,210.0
vega 6 embedded,2019.56050955414,384.0,40.0,1280.0,15.0,4.0,14.0,210.0
vega 6 mobile,2019.5796178343949,384.0,40.0,1101.0,15.0,4.0,14.0,210.0
vega 8,2019.5987261146497,512.0,40.0,1100.0,25.0,4.0,14.0,210.0
vega 8 embedded,2019.6178343949045,512.0,40.0,1101.0,25.0,4.0,14.0,210.0
vega 8 embedded,2019.6369426751592,512.0,40.0,1100.0,15.0,4.0,14.0,210.0
zhongshan subor z gpu,2019.656050955414,1536.0,153.6,1250.0,100.0,29.0,14.0,397.0
540 mobile,2019.6751592356688,512.0,41.6,1250.0,50.0,2.0,14.0,103.0
540x mobile,2019.6942675159235,512.0,32.0,1095.0,50.0,2.0,14.0,103.0
550x,2019.7133757961783,512.0,112.0,1218.0,50.0,2.0,14.0,103.0
610 mobile,2019.7324840764331,320.0,32.0,1250.0,50.0,690.0,28.0,56.0
620 mobile,2019.751592356688,384.0,32.0,1250.0,50.0,1.0,28.0,125.0
625 mobile,2019.7707006369426,384.0,36.0,1024.0,50.0,1.0,28.0,125.0
625 oem,2019.7898089171974,384.0,36.0,1250.0,35.0,1.0,28.0,125.0
630 mobile,2019.8089171974523,512.0,96.0,1211.0,50.0,2.0,14.0,103.0
e9390 pcie,2019.8280254777071,1792.0,160.0,1089.0,75.0,5.0,14.0,232.0
e9560 pcie,2019.8471337579617,2304.0,224.0,1237.0,130.0,5.0,14.0,232.0
pro 5300m,2019.8662420382166,1280.0,192.0,1250.0,85.0,6.0,7.0,158.0
pro 5500m,2019.8853503184714,1536.0,192.0,1450.0,85.0,6.0,7.0,158.0
pro 570x,2019.904458598726,1792.0,217.0,1105.0,150.0,5.0,14.0,232.0
pro 575x,2019.9235668789809,2048.0,217.0,1250.0,150.0,5.0,14.0,232.0
pro 580x,2019.9426751592357,2304.0,218.9,1200.0,185.0,5.0,14.0,232.0
pro vega 48,2019.9617834394905,3072.0,402.4,1250.0,50.0,12.0,14.0,495.0
pro vega 64x,2019.9808917197452,4096.0,512.0,1468.0,250.0,12.0,14.0,495.0
pro vega ii,2020.0,4096.0,825.3,1720.0,475.0,13.0,7.0,331.0
pro vega ii duo,2020.0191082802548,4096.0,1.02,1720.0,475.0,13.0,7.0,331.0
pro w5300m,2020.0382165605095,1280.0,192.0,1250.0,85.0,6.0,7.0,158.0
pro w5500x,2020.0573248407643,1536.0,224.0,1757.0,125.0,6.0,7.0,158.0
pro w5700,2020.0764331210191,2304.0,448.0,1880.0,205.0,10.0,7.0,251.0
pro w5700x,2020.095541401274,2560.0,448.0,2040.0,205.0,10.0,7.0,251.0
pro wx 3200,2020.1146496815286,640.0,96.0,1250.0,65.0,2.0,14.0,103.0
pro wx 3200 mobile,2020.1337579617834,640.0,64.0,1250.0,65.0,2.0,14.0,103.0
r7 350 640sp,2020.1528662420383,640.0,72.0,1250.0,55.0,1.0,28.0,123.0
rx 5300 xt oem,2020.1719745222929,1408.0,112.0,1845.0,100.0,6.0,7.0,158.0
rx 5300m,2020.1910828025477,1408.0,168.0,1445.0,85.0,6.0,7.0,158.0
rx 5500 oem,2020.2101910828026,1408.0,224.0,1845.0,110.0,6.0,7.0,158.0
rx 5500 xt,2020.2292993630574,1408.0,224.0,1845.0,130.0,6.0,7.0,158.0
rx 5500m,2020.248407643312,1408.0,224.0,1645.0,85.0,6.0,7.0,158.0
rx 560 xt,2020.2675159235669,1792.0,224.0,1226.0,150.0,5.0,14.0,232.0
rx 560x mobile,2020.2866242038217,896.0,112.0,1250.0,65.0,3.0,14.0,123.0
rx 5700,2020.3057324840765,2304.0,448.0,1725.0,180.0,10.0,7.0,251.0
rx 5700 xt,2020.3248407643312,2560.0,448.0,1905.0,225.0,10.0,7.0,251.0
rx 5700 xt 50th anniversary,2020.343949044586,2560.0,448.0,1980.0,225.0,10.0,7.0,251.0
rx 640 mobile,2020.3630573248408,640.0,48.0,1218.0,50.0,2.0,14.0,103.0
rx vega 11,2020.3821656050955,704.0,40.0,1400.0,15.0,4.0,12.0,210.0
rx vega 11 mobile,2020.4012738853503,704.0,40.0,1400.0,15.0,4.0,12.0,210.0
vega 10 mobile,2020.4203821656051,640.0,40.0,1400.0,15.0,4.0,12.0,210.0
vega 10 mobile,2020.43949044586,640.0,40.0,1301.0,10.0,4.0,14.0,210.0
vega 10 mobile,2020.4585987261146,640.0,40.0,1400.0,15.0,4.0,12.0,210.0
vega 11,2020.4777070063694,704.0,40.0,1400.0,15.0,4.0,12.0,210.0
vega 3,2020.4968152866243,192.0,40.0,1100.0,15.0,4.0,12.0,210.0
vega 3 embedded,2020.5159235668789,192.0,40.0,1000.0,10.0,4.0,12.0,210.0
vega 3 embedded,2020.5350318471337,192.0,40.0,1200.0,10.0,4.0,12.0,210.0
vega 3 mobile,2020.5541401273886,192.0,40.0,1001.0,15.0,4.0,12.0,210.0
vega 6 mobile,2020.5732484076434,384.0,40.0,1101.0,15.0,4.0,14.0,210.0
vega 6 mobile,2020.592356687898,384.0,40.0,1200.0,15.0,4.0,12.0,210.0
vega 8,2020.6114649681529,512.0,40.0,1250.0,15.0,4.0,12.0,210.0
vega 8 mobile,2020.6305732484077,512.0,40.0,1101.0,25.0,4.0,14.0,210.0
vega 8 mobile,2020.6496815286623,512.0,40.0,1200.0,15.0,4.0,12.0,210.0
vega 8 mobile,2020.6687898089172,512.0,40.0,1200.0,15.0,4.0,12.0,210.0
vega 9 mobile,2020.687898089172,576.0,40.0,1300.0,15.0,4.0,12.0,210.0
vii,2020.7070063694268,3840.0,1.02,1750.0,295.0,13.0,7.0,331.0
aerobox gpu,2020.7261146496814,896.0,68.22,985.0,100.0,29.0,16.0,154.0
atari vcs 400 gpu,2020.7452229299363,192.0,38.4,1201.0,15.0,29.0,14.0,149.0
atari vcs 800 gpu,2020.7643312101911,192.0,38.4,1201.0,15.0,29.0,14.0,149.0
playstation 5 gpu,2020.783439490446,2304.0,448.0,1250.0,180.0,10.0,7.0,308.0
graphics 320sp mobile,2020.8025477707006,320.0,40.0,1400.0,15.0,9.0,7.0,156.0
graphics 384sp mobile,2020.8216560509554,384.0,40.0,1500.0,15.0,9.0,7.0,156.0
graphics 448sp,2020.8407643312103,448.0,40.0,1900.0,15.0,9.0,7.0,156.0
graphics 448sp mobile,2020.8598726114649,448.0,40.0,1600.0,15.0,9.0,7.0,156.0
graphics 512sp,2020.8789808917197,512.0,40.0,2100.0,15.0,9.0,7.0,156.0
graphics 512sp mobile,2020.8980891719746,512.0,40.0,1750.0,15.0,9.0,7.0,156.0
instinct mi100,2020.9171974522294,7680.0,1.23,1502.0,300.0,25.0,7.0,750.0
pro 5300,2020.936305732484,1280.0,224.0,1650.0,85.0,6.0,7.0,158.0
pro 5500 xt,2020.9554140127389,1536.0,224.0,1757.0,125.0,6.0,7.0,158.0
pro 5600m,2020.9745222929937,2560.0,394.2,1144.0,50.0,29.0,7.0,154.0
pro 5700,2020.9936305732483,2304.0,384.0,1350.0,130.0,10.0,7.0,251.0
pro 5700 xt,2021.0127388535032,2560.0,384.0,1499.0,130.0,10.0,7.0,251.0
pro v520,2021.031847133758,2304.0,512.0,1600.0,225.0,29.0,7.0,154.0
pro vii,2021.0509554140128,3840.0,1.02,1700.0,250.0,13.0,7.0,331.0
pro w5500,2021.0700636942674,1408.0,224.0,1855.0,125.0,6.0,7.0,158.0
pro w5500m,2021.0891719745223,1408.0,224.0,1645.0,85.0,6.0,7.0,158.0
rx 5300 oem,2021.1082802547771,1408.0,168.0,1645.0,100.0,6.0,7.0,158.0
rx 5600 oem,2021.1273885350317,2048.0,288.0,1560.0,125.0,10.0,7.0,251.0
rx 5600 xt,2021.1464968152866,2304.0,288.0,1560.0,150.0,10.0,7.0,251.0
rx 5600m,2021.1656050955414,2304.0,288.0,1265.0,150.0,10.0,7.0,251.0
rx 5700m,2021.1847133757963,2304.0,384.0,1720.0,180.0,10.0,7.0,251.0
rx 590 gme,2021.2038216560509,2304.0,256.0,1420.0,175.0,5.0,14.0,232.0
rx 640 oem,2021.2229299363057,640.0,96.0,1250.0,50.0,2.0,14.0,103.0
rx 6800,2021.2420382165606,3840.0,512.0,2105.0,250.0,26.0,7.0,520.0
rx 6800 xt,2021.2611464968154,4608.0,512.0,2250.0,300.0,26.0,7.0,520.0
rx 6900 xt,2021.28025477707,5120.0,512.0,2250.0,300.0,26.0,7.0,520.0
vega 3 mobile,2021.2993630573249,192.0,40.0,1000.0,15.0,4.0,12.0,210.0
xbox series s gpu,2021.3184713375797,1280.0,224.0,1250.0,100.0,8.0,7.0,197.0
xbox series x gpu,2021.3375796178343,3328.0,560.0,1250.0,200.0,15.0,7.0,360.0
graphics 384sp,2021.3566878980891,384.0,40.0,1700.0,45.0,9.0,7.0,180.0
graphics 384sp mobile,2021.375796178344,384.0,40.0,1600.0,45.0,9.0,7.0,180.0
graphics 448sp,2021.3949044585988,448.0,40.0,1900.0,45.0,9.0,7.0,180.0
graphics 448sp mobile,2021.4140127388534,448.0,40.0,1800.0,25.0,9.0,7.0,156.0
graphics 448sp mobile,2021.4331210191083,448.0,40.0,1800.0,45.0,9.0,7.0,180.0
graphics 512sp,2021.4522292993631,512.0,40.0,2000.0,45.0,9.0,7.0,180.0
graphics 512sp mobile,2021.4713375796177,512.0,40.0,2000.0,45.0,9.0,7.0,180.0
graphics 512sp mobile,2021.4904458598726,512.0,40.0,1900.0,25.0,9.0,7.0,156.0
instinct mi200,2021.5095541401274,6656.0,1.64,1700.0,300.0,58.0,6.0,724.0
instinct mi210,2021.5286624203823,6656.0,1.64,1700.0,300.0,58.0,6.0,724.0
instinct mi250,2021.5477707006369,13312.0,3.28,1700.0,500.0,58.0,6.0,724.0
instinct mi250x,2021.5668789808917,14080.0,3.28,1700.0,500.0,58.0,6.0,724.0
pro v620,2021.5859872611466,4608.0,512.0,2200.0,300.0,26.0,7.0,520.0
pro w6600,2021.6050955414012,1792.0,224.0,2580.0,100.0,11.0,7.0,237.0
pro w6600m,2021.624203821656,1792.0,224.0,2034.0,90.0,11.0,7.0,237.0
pro w6600x,2021.6433121019109,2048.0,256.0,2479.0,120.0,11.0,7.0,237.0
pro w6800,2021.6624203821657,3840.0,512.0,2320.0,250.0,26.0,7.0,520.0
pro w6800x,2021.6815286624203,3840.0,512.0,2087.0,200.0,26.0,7.0,520.0
pro w6800x duo,2021.7006369426751,3840.0,512.0,1967.0,400.0,26.0,7.0,520.0
pro w6900x,2021.71974522293,5120.0,512.0,2171.0,300.0,26.0,7.0,520.0
rx 6600,2021.7388535031846,1792.0,224.0,2491.0,132.0,11.0,7.0,237.0
rx 6600 xt,2021.7579617834394,2048.0,256.0,2589.0,160.0,11.0,7.0,237.0
rx 6600m,2021.7770700636943,1792.0,224.0,2416.0,100.0,11.0,7.0,237.0
rx 6700,2021.7961783439491,2304.0,320.0,2450.0,175.0,17.0,7.0,335.0
rx 6700 xt,2021.8152866242037,2560.0,384.0,2581.0,230.0,17.0,7.0,335.0
rx 6700m,2021.8343949044586,2304.0,320.0,2400.0,135.0,17.0,7.0,335.0
rx 6800m,2021.8535031847134,2560.0,384.0,2390.0,145.0,17.0,7.0,335.0
playstation 5 gpu,2021.8726114649683,2304.0,448.0,1250.0,180.0,10.0,6.0,260.0
610m,2021.8917197452229,128.0,40.0,1900.0,15.0,29.0,6.0,100.0
660m,2021.9108280254777,384.0,40.0,1900.0,40.0,13.0,6.0,208.0
680m,2021.9299363057326,768.0,40.0,2200.0,50.0,13.0,6.0,208.0
graphics 128sp,2021.9490445859872,128.0,40.0,2200.0,15.0,3.0,5.0,264.0
graphics 448sp mobile,2021.968152866242,448.0,40.0,1800.0,45.0,10.0,7.0,180.0
graphics 512sp mobile,2021.9872611464968,512.0,40.0,2000.0,45.0,10.0,7.0,180.0
pro w6300,2022.0063694267517,768.0,64.0,2040.0,25.0,5.0,6.0,107.0
pro w6300m,2022.0254777070063,768.0,64.0,2040.0,25.0,5.0,6.0,107.0
pro w6400,2022.0445859872611,768.0,128.0,2321.0,50.0,5.0,6.0,107.0
rx 6400,2022.063694267516,768.0,128.0,2321.0,53.0,5.0,6.0,107.0
rx 6500 xt,2022.0828025477706,1024.0,143.9,2815.0,107.0,5.0,6.0,107.0
rx 6500m,2022.1019108280254,1024.0,144.0,2400.0,50.0,5.0,6.0,107.0
rx 6600s,2022.1210191082803,1792.0,224.0,2000.0,80.0,11.0,7.0,237.0
rx 6650 xt,2022.1401273885351,2048.0,280.3,2635.0,176.0,11.0,7.0,237.0
rx 6650m,2022.1592356687897,1792.0,224.0,2416.0,120.0,11.0,7.0,237.0
rx 6650m xt,2022.1783439490446,2048.0,256.0,2416.0,120.0,11.0,7.0,237.0
rx 6700s,2022.1974522292994,1792.0,224.0,2000.0,80.0,11.0,7.0,237.0
rx 6750 xt,2022.216560509554,2560.0,432.0,2600.0,250.0,17.0,7.0,335.0
rx 6800s,2022.2356687898089,2048.0,256.0,2100.0,100.0,11.0,7.0,237.0
rx 6850m xt,2022.2547770700637,2560.0,432.0,2581.0,165.0,17.0,7.0,335.0
rx 6950 xt,2022.2738853503186,5120.0,576.0,2310.0,335.0,26.0,7.0,520.0
rx 7900 xt,2022.2929936305732,5376.0,800.0,2394.0,300.0,57.0,5.0,529.0
rx 7900 xtx,2022.312101910828,6144.0,960.0,2498.0,355.0,57.0,5.0,529.0
steam deck gpu,2022.3312101910828,512.0,176.0,1600.0,15.0,2.0,7.0,163.0
610m,2022.3503184713377,128.0,40.0,2200.0,15.0,29.0,5.0,264.0
660m,2022.3694267515923,384.0,40.0,1900.0,40.0,13.0,6.0,208.0
680m,2022.3885350318471,768.0,40.0,2200.0,50.0,13.0,6.0,208.0
740m,2022.407643312102,256.0,40.0,2500.0,15.0,25.0,4.0,178.0
740m,2022.4267515923566,256.0,40.0,2800.0,15.0,25.0,4.0,178.0
760m,2022.4458598726114,512.0,40.0,2599.0,15.0,25.0,4.0,178.0
760m,2022.4649681528663,512.0,40.0,2599.0,15.0,25.0,4.0,178.0
780m,2022.4840764331211,768.0,40.0,2700.0,15.0,25.0,4.0,178.0
780m,2022.5031847133757,768.0,40.0,2700.0,15.0,25.0,4.0,178.0
instinct mi300,2022.5222929936306,14080.0,6.55,1700.0,600.0,153.0,5.0,1017.0
instinct mi300a,2022.5414012738854,19456.0,10.3,2100.0,750.0,153.0,5.0,1017.0
instinct mi300x,2022.56050955414,19456.0,10.3,2100.0,750.0,153.0,5.0,1017.0
instinct mi308x,2022.5796178343949,19456.0,10.3,2100.0,750.0,153.0,5.0,1017.0
pro w7500,2022.5987261146497,1792.0,256.0,1700.0,70.0,13.0,6.0,204.0
pro w7600,2022.6178343949045,2048.0,288.0,2440.0,130.0,13.0,6.0,204.0
pro w7700,2022.6369426751592,3072.0,576.0,2600.0,190.0,28.0,5.0,346.0
pro w7800,2022.656050955414,4480.0,576.0,2525.0,260.0,57.0,5.0,529.0
pro w7800 48 gb,2022.6751592356688,4480.0,864.0,2525.0,281.0,57.0,5.0,529.0
pro w7900,2022.6942675159235,6144.0,864.0,2495.0,295.0,57.0,5.0,529.0
rx 6450m,2022.7133757961783,768.0,128.0,2460.0,50.0,5.0,6.0,107.0
rx 6550m,2022.7324840764331,1024.0,144.0,2840.0,80.0,5.0,6.0,107.0
rx 6550s,2022.751592356688,1024.0,128.0,2400.0,50.0,5.0,6.0,107.0
rx 6600 le,2022.7707006369426,1792.0,224.0,2495.0,132.0,11.0,7.0,237.0
rx 6750 gre 10 gb,2022.7898089171974,2304.0,320.0,2450.0,170.0,17.0,7.0,335.0
rx 6750 gre 12 gb,2022.8089171974523,2560.0,432.0,2581.0,250.0,17.0,7.0,335.0
rx 7600,2022.8280254777071,2048.0,288.0,2655.0,165.0,13.0,6.0,204.0
rx 7600m,2022.8471337579617,1792.0,256.0,2410.0,90.0,13.0,6.0,204.0
rx 7600m xt,2022.8662420382166,2048.0,288.0,2469.0,120.0,13.0,6.0,204.0
rx 7600s,2022.8853503184714,1792.0,256.0,2200.0,75.0,13.0,6.0,204.0
rx 7700 xt,2022.904458598726,3456.0,432.0,2544.0,245.0,28.0,5.0,346.0
rx 7700s,2022.9235668789809,2048.0,288.0,2500.0,100.0,13.0,6.0,204.0
rx 7800 xt,2022.9426751592357,3840.0,624.1,2430.0,263.0,28.0,5.0,346.0
rx 7900 gre,2022.9617834394905,5120.0,576.0,2245.0,260.0,57.0,5.0,529.0
rx 7900m,2022.9808917197452,4608.0,576.0,2090.0,180.0,57.0,5.0,529.0
ryzen z1 extreme gpu,2023.0,768.0,51.2,2700.0,30.0,25.0,4.0,178.0
ryzen z1 gpu,2023.0,256.0,51.2,2500.0,30.0,25.0,4.0,178.0
steam deck oled gpu,2023.1176470588234,512.0,176.0,1600.0,15.0,2.0,6.0,131.0
playstation 5 pro gpu,2023.235294117647,3840.0,576.0,2350.0,232.0,21.0,4.0,279.0
740m,2023.3529411764705,256.0,40.0,2800.0,45.0,20.0,4.0,137.0
760m,2023.4705882352941,512.0,40.0,2599.0,15.0,25.0,4.0,178.0
780m,2023.5882352941176,768.0,40.0,2900.0,15.0,25.0,4.0,178.0
880m,2023.7058823529412,768.0,40.0,2900.0,15.0,34.0,4.0,233.0
890m,2023.8235294117646,1024.0,40.0,2900.0,15.0,34.0,4.0,233.0
instinct mi325x,2023.9411764705883,19456.0,10.3,2100.0,1000.0,153.0,5.0,1017.0
pro v710,2024.0588235294117,3456.0,504.0,2000.0,158.0,28.0,5.0,346.0
rx 7600 xt,2024.1764705882354,2048.0,288.0,2755.0,190.0,13.0,6.0,204.0
rx 7800m,2024.2941176470588,3840.0,432.0,2335.0,180.0,28.0,5.0,346.0
xbox series x 6nm gpu,2024.4117647058824,3328.0,560.0,1250.0,200.0,15.0,6.0,154.0
8040s,2024.5294117647059,1024.0,40.0,2800.0,55.0,29.0,4.0,308.0
8050s,2024.6470588235295,2048.0,40.0,2800.0,55.0,29.0,4.0,308.0
8060s,2024.764705882353,2560.0,40.0,2900.0,55.0,29.0,4.0,308.0
860m,2024.8823529411766,512.0,40.0,3000.0,15.0,29.0,4.0,154.0
ai pro r9700,2025.0,4096.0,644.6,2920.0,300.0,53.0,4.0,357.0
instinct mi350x,2025.0,16384.0,8.19,2200.0,1000.0,153.0,5.0,1017.0
instinct mi355x,2025.0,16384.0,8.19,2400.0,1400.0,153.0,5.0,1017.0
pro w7900d,2025.0,6144.0,864.0,2495.0,295.0,57.0,5.0,529.0
rx 7400,2025.0,1792.0,288.0,2300.0,43.0,13.0,6.0,204.0
rx 7650 gre,2025.0,2048.0,288.0,2695.0,165.0,13.0,6.0,204.0
rx 7700,2025.0,2560.0,622.1,2600.0,200.0,28.0,5.0,346.0
rx 9060,2025.0,1792.0,322.3,2990.0,132.0,29.0,4.0,199.0
rx 9060 xt 16 gb,2025.0,2048.0,322.3,3130.0,160.0,29.0,4.0,199.0
rx 9060 xt 8 gb,2025.0,2048.0,322.3,3130.0,150.0,29.0,4.0,199.0
rx 9070,2025.0,3584.0,644.6,2520.0,220.0,53.0,4.0,357.0
rx 9070 gre,2025.0,3072.0,432.0,2790.0,220.0,53.0,4.0,357.0
rx 9070 gre 16 gb,2025.0,3072.0,576.0,2790.0,220.0,53.0,4.0,357.0
rx 9070 xt,2025.0,4096.0,644.6,2970.0,304.0,53.0,4.0,357.0
ryzen ai z2 extreme gpu,2025.0,1024.0,256.0,2700.0,28.0,34.0,4.0,233.0
ryzen z2 a gpu,2025.0,512.0,102.4,1600.0,15.0,2.0,7.0,163.0
ryzen z2 extreme gpu,2025.0,1024.0,128.0,2700.0,28.0,34.0,4.0,233.0
ryzen z2 go gpu,2025.0,768.0,102.4,2700.0,28.0,13.0,6.0,208.0
ryzen z2 gpu,2025.0,768.0,119.9,2700.0,28.0,25.0,4.0,178.0
all in wonder 9000 pro,2024.955078125,480.0,8.64,1250.0,50.0,36.0,150.0,97.0
all in wonder 9600,2024.91015625,480.0,6.272,1250.0,50.0,60.0,130.0,76.0
all in wonder 9600 pro,2024.865234375,480.0,10.37,1250.0,50.0,60.0,130.0,76.0
all in wonder 9700 pro,2024.8203125,480.0,19.84,1250.0,50.0,110.0,150.0,215.0
all in wonder 9800 pro,2024.775390625,480.0,21.63,1250.0,50.0,117.0,150.0,215.0
all in wonder 9800 se,2024.73046875,480.0,9.504,1250.0,50.0,117.0,150.0,215.0
firegl 9600 t2 128,2024.685546875,480.0,9.504,1250.0,50.0,60.0,130.0,76.0
firegl 9600 t2 64s,2024.640625,480.0,6.496,1250.0,50.0,60.0,130.0,76.0
firegl 9800 x2 256,2024.595703125,480.0,22.4,1250.0,50.0,117.0,150.0,218.0
firegl 9800 x2 256t,2024.55078125,480.0,22.02,1250.0,50.0,117.0,150.0,218.0
mobility firegl t2,2024.505859375,480.0,6.4,1250.0,50.0,76.0,130.0,92.0
mobility,2024.4609375,480.0,2.304,1250.0,50.0,30.0,180.0,115.0
mobility,2024.416015625,480.0,2.304,1250.0,50.0,30.0,180.0,115.0
mobility 7000 igp,2024.37109375,480.0,40.0,1250.0,50.0,30.0,180.0,97.0
mobility 9000 igp,2024.326171875,480.0,40.0,1250.0,50.0,76.0,150.0,92.0
mobility 9000 igp,2024.28125,480.0,40.0,1250.0,50.0,76.0,150.0,92.0
mobility 9000 igp,2024.236328125,480.0,40.0,1250.0,50.0,76.0,150.0,92.0
mobility 9100 igp,2024.19140625,480.0,40.0,1250.0,50.0,76.0,150.0,92.0
mobility 9100 pro igp,2024.146484375,480.0,40.0,1250.0,50.0,76.0,150.0,92.0
mobility 9200,2024.1015625,480.0,14.72,1250.0,50.0,36.0,150.0,81.0
mobility 9200,2024.056640625,480.0,3.2,1250.0,50.0,36.0,150.0,81.0
9100,2024.01171875,480.0,8.0,1250.0,28.0,60.0,150.0,120.0
9100 pci,2023.966796875,480.0,8.0,1250.0,50.0,60.0,150.0,120.0
9200,2023.921875,480.0,6.4,1250.0,28.0,36.0,150.0,98.0
9200 le,2023.876953125,480.0,6.4,1250.0,28.0,36.0,150.0,98.0
9200 pci,2023.83203125,480.0,6.4,1250.0,28.0,36.0,150.0,98.0
9200 pro,2023.787109375,480.0,5.312,1250.0,28.0,36.0,150.0,98.0
9200 se,2023.7421875,480.0,2.656,1250.0,28.0,36.0,150.0,98.0
9200 se pci,2023.697265625,480.0,2.656,1250.0,28.0,36.0,150.0,98.0
9500,2023.65234375,480.0,17.28,1250.0,12.0,110.0,150.0,215.0
9550,2023.607421875,480.0,6.4,1250.0,50.0,60.0,130.0,76.0
9550 se,2023.5625,480.0,3.2,1250.0,50.0,60.0,130.0,76.0
9600,2023.517578125,480.0,6.048,1250.0,12.0,60.0,130.0,76.0
9600 pro,2023.47265625,480.0,9.6,1250.0,18.0,60.0,130.0,76.0
9600 se,2023.427734375,480.0,3.2,1250.0,50.0,60.0,130.0,76.0
9600 tx,2023.3828125,480.0,8.64,1250.0,50.0,110.0,150.0,215.0
9600 xt,2023.337890625,480.0,9.6,1250.0,22.0,60.0,130.0,76.0
9800,2023.29296875,480.0,18.56,1250.0,37.0,117.0,150.0,215.0
9800 pro,2023.248046875,480.0,21.76,1250.0,47.0,117.0,150.0,215.0
9800 pro,2023.203125,480.0,21.76,1250.0,47.0,117.0,150.0,218.0
9800 se,2023.158203125,480.0,9.28,1250.0,50.0,117.0,150.0,215.0
9800 se,2023.11328125,480.0,19.01,1250.0,50.0,117.0,150.0,215.0
9800 xt,2023.068359375,480.0,23.36,1250.0,60.0,117.0,150.0,218.0
9800 xxl,2023.0234375,480.0,21.63,1250.0,50.0,117.0,150.0,218.0
all in wonder 9200,2022.978515625,480.0,6.4,1250.0,50.0,36.0,150.0,98.0
all in wonder 9200 se,2022.93359375,480.0,2.624,1250.0,50.0,36.0,150.0,98.0
all in wonder 9600 xt,2022.888671875,480.0,10.37,1250.0,50.0,60.0,130.0,76.0
all in wonder x800 gt,2022.84375,480.0,15.74,1250.0,50.0,160.0,110.0,240.0
all in wonder x800 xt,2022.798828125,480.0,32.0,1250.0,50.0,160.0,130.0,281.0
firegl v3100,2022.75390625,480.0,3.136,1250.0,50.0,107.0,110.0,74.0
firegl v3200,2022.708984375,480.0,11.2,1250.0,46.0,75.0,130.0,92.0
firegl v5000,2022.6640625,480.0,13.76,1250.0,50.0,120.0,110.0,156.0
firegl v5100,2022.619140625,480.0,22.4,1250.0,50.0,160.0,130.0,289.0
firegl v7100,2022.57421875,480.0,30.4,1250.0,91.0,160.0,130.0,289.0
firegl x3 256,2022.529296875,480.0,29.06,1250.0,57.0,160.0,130.0,281.0
mobility firegl t2e,2022.484375,480.0,7.2,1250.0,50.0,76.0,130.0,92.0
mobility firegl v3100,2022.439453125,480.0,6.4,1250.0,50.0,107.0,110.0,74.0
mobility firegl v3200,2022.39453125,480.0,8.0,1250.0,50.0,75.0,130.0,92.0
mobility 7000,2022.349609375,480.0,1.112,1250.0,50.0,30.0,180.0,115.0
mobility 9500,2022.3046875,480.0,3.04,1250.0,50.0,76.0,130.0,92.0
mobility 9550,2022.259765625,480.0,3.888,1250.0,50.0,76.0,130.0,92.0
mobility 9600,2022.21484375,480.0,3.2,1250.0,50.0,76.0,130.0,92.0
mobility 9600 pro,2022.169921875,480.0,6.4,1250.0,50.0,76.0,130.0,92.0
mobility 9600 pro turbo,2022.125,480.0,7.776,1250.0,50.0,76.0,130.0,92.0
mobility 9700,2022.080078125,480.0,8.8,1250.0,50.0,76.0,130.0,92.0
mobility 9700 se,2022.03515625,480.0,3.2,1250.0,50.0,76.0,130.0,92.0
mobility 9800,2021.990234375,480.0,19.2,1250.0,50.0,160.0,130.0,281.0
mobility x600,2021.9453125,480.0,8.0,1250.0,50.0,75.0,130.0,92.0
mobility x600 se,2021.900390625,480.0,8.0,1250.0,50.0,75.0,130.0,92.0
mobility x800,2021.85546875,480.0,25.6,1250.0,50.0,160.0,130.0,289.0
7000 mac edition,2021.810546875,480.0,2.928,1250.0,23.0,30.0,180.0,80.0
7000 mac edition pci,2021.765625,480.0,2.928,1250.0,23.0,30.0,180.0,80.0
9000 pro mac edition,2021.720703125,480.0,8.8,1250.0,28.0,36.0,150.0,97.0
9250,2021.67578125,480.0,3.2,1250.0,50.0,36.0,150.0,98.0
9250 pci,2021.630859375,480.0,3.2,1250.0,50.0,36.0,150.0,98.0
9800 pro mac edition,2021.5859375,480.0,21.63,1250.0,60.0,117.0,150.0,218.0
9800 xt mac edition,2021.541015625,480.0,23.36,1250.0,60.0,117.0,150.0,218.0
x300,2021.49609375,480.0,6.4,1250.0,36.0,107.0,110.0,74.0
x300 le,2021.451171875,480.0,6.4,1250.0,50.0,107.0,110.0,74.0
x300 se,2021.40625,480.0,3.2,1250.0,30.0,107.0,110.0,74.0
x600,2021.361328125,480.0,8.0,1250.0,36.0,107.0,110.0,74.0
x600 pro,2021.31640625,480.0,9.6,1250.0,36.0,107.0,110.0,74.0
x600 pro,2021.271484375,480.0,9.6,1250.0,36.0,75.0,130.0,92.0
x600 se,2021.2265625,480.0,4.0,1250.0,36.0,107.0,110.0,74.0
x600 xt,2021.181640625,480.0,11.84,1250.0,25.0,75.0,130.0,92.0
x700,2021.13671875,480.0,8.0,1250.0,44.0,120.0,110.0,156.0
x700 agp,2021.091796875,480.0,8.0,1250.0,44.0,120.0,110.0,156.0
x700 le,2021.046875,480.0,11.2,1250.0,50.0,120.0,110.0,156.0
x700 pro,2021.001953125,480.0,13.76,1250.0,33.0,120.0,110.0,156.0
x700 pro agp,2020.95703125,480.0,15.1,1250.0,33.0,120.0,110.0,156.0
x700 xt,2020.912109375,480.0,16.8,1250.0,38.0,120.0,110.0,156.0
x800,2020.8671875,480.0,22.4,1250.0,30.0,160.0,110.0,240.0
x800 pro,2020.822265625,480.0,28.8,1250.0,48.0,160.0,130.0,289.0
x800 pro agp,2020.77734375,480.0,28.8,1250.0,48.0,160.0,130.0,281.0
x800 se,2020.732421875,480.0,22.4,1250.0,50.0,160.0,130.0,289.0
x800 se agp,2020.6875,480.0,25.6,1250.0,50.0,160.0,130.0,281.0
x800 ve agp,2020.642578125,480.0,25.47,1250.0,50.0,160.0,130.0,281.0
x800 xl,2020.59765625,480.0,31.36,1250.0,49.0,160.0,110.0,240.0
x800 xl agp,2020.552734375,480.0,32.0,1250.0,49.0,160.0,110.0,240.0
x800 xt,2020.5078125,480.0,32.0,1250.0,54.0,160.0,130.0,289.0
x800 xt agp,2020.462890625,480.0,32.0,1250.0,54.0,160.0,130.0,281.0
x800 xt mac edition,2020.41796875,480.0,32.0,1250.0,54.0,160.0,130.0,289.0
x800 xt platinum,2020.373046875,480.0,35.84,1250.0,63.0,160.0,130.0,289.0
x800 xt platinum agp,2020.328125,480.0,35.84,1250.0,63.0,160.0,130.0,281.0
x850 pro,2020.283203125,480.0,33.28,1250.0,50.0,160.0,130.0,297.0
x850 xt,2020.23828125,480.0,34.56,1250.0,69.0,160.0,130.0,297.0
x850 xt platinum,2020.193359375,480.0,37.76,1250.0,67.0,160.0,130.0,297.0
xpress 200 igp,2020.1484375,480.0,40.0,1250.0,50.0,29.0,130.0,73.0
xpress 200 igp,2020.103515625,480.0,40.0,1250.0,50.0,107.0,110.0,74.0
all in wonder 2006 agp edition,2020.05859375,480.0,6.272,1250.0,50.0,60.0,130.0,76.0
all in wonder 2006 pcie edition,2020.013671875,480.0,12.8,1250.0,50.0,107.0,90.0,100.0
all in wonder x1800 xl,2019.96875,480.0,32.0,1250.0,75.0,312.0,90.0,288.0
all in wonder x600 pro,2019.923828125,480.0,9.6,1250.0,50.0,107.0,110.0,74.0
all in wonder x800 se,2019.87890625,480.0,25.6,1250.0,50.0,160.0,130.0,281.0
all in wonder x800 ve,2019.833984375,480.0,25.6,1250.0,50.0,160.0,130.0,281.0
all in wonder x800 xl,2019.7890625,480.0,31.36,1250.0,50.0,160.0,110.0,240.0
firegl v3300,2019.744140625,480.0,6.4,1250.0,50.0,107.0,90.0,100.0
firegl v3350,2019.69921875,480.0,6.4,1250.0,50.0,107.0,90.0,100.0
firegl v3400,2019.654296875,480.0,16.0,1250.0,50.0,157.0,90.0,150.0
firegl v5200,2019.609375,480.0,22.4,1250.0,35.0,157.0,90.0,150.0
firegl v7200,2019.564453125,480.0,41.6,1250.0,50.0,312.0,90.0,288.0
firegl v7300,2019.51953125,480.0,41.47,1250.0,97.0,312.0,90.0,288.0
firegl v7350,2019.474609375,480.0,41.6,1250.0,111.0,312.0,90.0,288.0
mobility firegl v5000,2019.4296875,480.0,13.6,1250.0,50.0,120.0,110.0,156.0
mobility x300,2019.384765625,480.0,4.0,1250.0,50.0,107.0,110.0,74.0
mobility x300 igp,2019.33984375,480.0,40.0,1250.0,50.0,107.0,110.0,74.0
mobility x700,2019.294921875,480.0,9.6,1250.0,50.0,120.0,110.0,156.0
mobility x700 xl,2019.25,480.0,10.56,1250.0,50.0,120.0,110.0,156.0
mobility x800 xt,2019.205078125,480.0,35.2,1250.0,50.0,160.0,130.0,289.0
9550 xt,2019.16015625,480.0,10.4,1250.0,50.0,60.0,130.0,76.0
x1300,2019.115234375,480.0,8.0,1250.0,50.0,105.0,90.0,100.0
x1300,2019.0703125,480.0,8.0,1250.0,50.0,107.0,90.0,100.0
x1300 agp,2019.025390625,480.0,8.0,1250.0,50.0,107.0,90.0,100.0
x1300 le,2018.98046875,480.0,4.0,1250.0,50.0,107.0,90.0,100.0
x1300 pci,2018.935546875,480.0,8.0,1250.0,50.0,107.0,90.0,100.0
x1300 pci,2018.890625,480.0,4.0,1250.0,50.0,105.0,90.0,100.0
x1300 pro,2018.845703125,480.0,6.4,1250.0,31.0,107.0,90.0,100.0
x1300 pro agp,2018.80078125,480.0,12.8,1250.0,31.0,107.0,90.0,100.0
x1600 pro,2018.755859375,480.0,12.48,1250.0,41.0,157.0,90.0,150.0
x1600 xt,2018.7109375,480.0,22.08,1250.0,42.0,157.0,90.0,150.0
x1800 crossfire edition,2018.666015625,480.0,44.8,1250.0,113.0,312.0,90.0,288.0
x1800 xl,2018.62109375,480.0,32.0,1250.0,70.0,312.0,90.0,288.0
x1800 xt,2018.576171875,480.0,44.8,1250.0,113.0,312.0,90.0,288.0
x550,2018.53125,480.0,8.0,1250.0,50.0,107.0,110.0,74.0
x550 hypermemory,2018.486328125,480.0,8.0,1250.0,50.0,107.0,110.0,74.0
x700 se,2018.44140625,480.0,4.0,1250.0,50.0,120.0,110.0,156.0
x740 xl,2018.396484375,480.0,14.4,1250.0,50.0,120.0,110.0,156.0
x800 crossfire edition,2018.3515625,480.0,32.0,1250.0,50.0,160.0,110.0,240.0
x800 gt,2018.306640625,480.0,22.4,1250.0,40.0,160.0,130.0,297.0
x800 gt,2018.26171875,480.0,31.55,1250.0,40.0,160.0,110.0,240.0
x800 gt agp,2018.216796875,480.0,31.55,1250.0,40.0,160.0,130.0,297.0
x800 gto,2018.171875,480.0,25.6,1250.0,49.0,160.0,130.0,297.0
x800 gto agp,2018.126953125,480.0,31.36,1250.0,49.0,160.0,130.0,297.0
x800 gto agp,2018.08203125,480.0,31.36,1250.0,49.0,160.0,110.0,240.0
x800 gto2,2018.037109375,480.0,31.36,1250.0,50.0,160.0,130.0,297.0
x850 pro agp,2017.9921875,480.0,32.0,1250.0,50.0,160.0,130.0,297.0
x850 xt agp,2017.947265625,480.0,34.56,1250.0,69.0,160.0,130.0,297.0
x850 xt platinum agp,2017.90234375,480.0,37.76,1250.0,67.0,160.0,130.0,297.0
xpress 200m igp,2017.857421875,480.0,40.0,1250.0,50.0,29.0,130.0,73.0
xpress 1100 mobile igp,2017.8125,480.0,40.0,1250.0,50.0,29.0,110.0,73.0
xpress 1100 mobile igp,2017.767578125,480.0,40.0,1250.0,50.0,29.0,130.0,73.0
xpress 200m igp,2017.72265625,480.0,40.0,1250.0,50.0,29.0,130.0,73.0
xpress 200m igp,2017.677734375,480.0,40.0,1250.0,50.0,29.0,110.0,73.0
xpress 200m igp,2017.6328125,480.0,40.0,1250.0,50.0,29.0,110.0,73.0
xpress 200m igp,2017.587890625,480.0,40.0,1250.0,50.0,107.0,110.0,74.0
xbox 360 gpu 90nm,2017.54296875,240.0,22.4,1250.0,203.0,232.0,90.0,181.0
all in wonder x1900,2017.498046875,480.0,30.53,1250.0,50.0,384.0,90.0,352.0
firemv 2200,2017.453125,480.0,3.136,1250.0,15.0,107.0,110.0,74.0
firemv 2200 pci,2017.408203125,480.0,3.2,1250.0,15.0,36.0,150.0,98.0
mobility firegl v5200,2017.36328125,480.0,15.2,1250.0,50.0,157.0,90.0,150.0
mobility x1300,2017.318359375,480.0,4.8,1250.0,50.0,107.0,90.0,100.0
mobility x1350,2017.2734375,480.0,6.272,1250.0,50.0,105.0,90.0,100.0
mobility x1350,2017.228515625,480.0,5.184,1250.0,50.0,105.0,90.0,100.0
mobility x1400,2017.18359375,480.0,8.0,1250.0,50.0,107.0,90.0,100.0
mobility x1450,2017.138671875,480.0,14.4,1250.0,50.0,105.0,90.0,100.0
mobility x1600,2017.09375,480.0,15.04,1250.0,50.0,157.0,90.0,150.0
mobility x1700,2017.048828125,480.0,12.8,1250.0,50.0,157.0,90.0,150.0
mobility x1800,2017.00390625,480.0,32.26,1250.0,50.0,312.0,90.0,288.0
mobility x1800 xt,2016.958984375,480.0,43.2,1250.0,50.0,312.0,90.0,288.0
x1050,2016.9140625,480.0,5.328,1250.0,24.0,107.0,110.0,74.0
x1050 agp,2016.869140625,480.0,6.4,1250.0,24.0,60.0,130.0,76.0
x1300 ce,2016.82421875,480.0,6.4,1250.0,27.0,107.0,90.0,100.0
x1300 pro,2016.779296875,480.0,12.8,1250.0,31.0,105.0,90.0,100.0
x1300 xt,2016.734375,480.0,12.8,1250.0,22.0,157.0,90.0,150.0
x1300 xt agp,2016.689453125,480.0,12.8,1250.0,22.0,157.0,90.0,150.0
x1650 pro,2016.64453125,480.0,22.4,1250.0,44.0,157.0,80.0,131.0
x1650 pro agp,2016.599609375,480.0,22.4,1250.0,44.0,157.0,80.0,131.0
x1650 xt,2016.5546875,480.0,22.4,1250.0,55.0,312.0,80.0,230.0
x1650 xt agp,2016.509765625,480.0,21.76,1250.0,55.0,312.0,80.0,230.0
x1650 xt dual,2016.46484375,480.0,22.4,1250.0,50.0,312.0,80.0,230.0
x1800 gto,2016.419921875,480.0,31.68,1250.0,48.0,312.0,90.0,288.0
x1800 gto2,2016.375,480.0,32.0,1250.0,50.0,312.0,90.0,288.0
x1900 crossfire edition,2016.330078125,480.0,46.4,1250.0,100.0,384.0,90.0,352.0
x1900 g5 mac edition,2016.28515625,480.0,38.4,1250.0,75.0,384.0,90.0,352.0
x1900 gt,2016.240234375,480.0,38.4,1250.0,75.0,384.0,90.0,352.0
x1900 xt,2016.1953125,480.0,46.4,1250.0,100.0,384.0,90.0,352.0
x1900 xtx,2016.150390625,480.0,49.6,1250.0,135.0,384.0,90.0,352.0
x1950 crossfire edition,2016.10546875,480.0,64.0,1250.0,50.0,384.0,90.0,352.0
x1950 pro,2016.060546875,480.0,44.16,1250.0,66.0,312.0,80.0,230.0
x1950 pro agp,2016.015625,480.0,44.16,1250.0,66.0,312.0,80.0,230.0
x1950 xt,2015.970703125,480.0,57.6,1250.0,96.0,384.0,90.0,352.0
x1950 xt agp,2015.92578125,480.0,44.99,1250.0,96.0,384.0,90.0,352.0
x1950 xtx,2015.880859375,480.0,64.0,1250.0,125.0,384.0,90.0,352.0
x300 se hypermemory,2015.8359375,480.0,4.8,1250.0,30.0,107.0,110.0,74.0
x850 crossfire edition,2015.791015625,480.0,34.56,1250.0,69.0,160.0,130.0,297.0
xpress 1100 mobile igp,2015.74609375,480.0,40.0,1250.0,50.0,29.0,110.0,73.0
xpress 1150 mobile igp,2015.701171875,480.0,40.0,1250.0,50.0,29.0,110.0,73.0
wii gpu,2015.65625,480.0,3.888,1250.0,45.0,107.0,90.0,95.0
es1000,2015.611328125,480.0,40.0,1250.0,50.0,8.0,180.0,80.0
firegl v3600,2015.56640625,120.0,16.0,1250.0,73.0,390.0,65.0,153.0
firegl v5600,2015.521484375,120.0,35.2,1250.0,89.0,390.0,65.0,153.0
firegl v7600,2015.4765625,320.0,51.2,1250.0,127.0,720.0,80.0,420.0
firegl v7700,2015.431640625,320.0,72.06,1250.0,50.0,666.0,55.0,192.0
firegl v8600,2015.38671875,320.0,111.1,1250.0,159.0,720.0,80.0,420.0
firegl v8650,2015.341796875,320.0,111.1,1250.0,50.0,720.0,80.0,420.0
firemv 2250,2015.296875,480.0,12.8,1250.0,32.0,105.0,90.0,100.0
firemv 2250 pcie x1,2015.251953125,480.0,12.8,1250.0,32.0,105.0,90.0,100.0
mobility firegl v5250,2015.20703125,480.0,11.2,1250.0,50.0,157.0,90.0,150.0
mobility firegl v5600,2015.162109375,120.0,12.8,1250.0,50.0,390.0,65.0,153.0
mobility hd 2300,2015.1171875,480.0,12.8,1250.0,50.0,107.0,80.0,100.0
mobility hd 2400,2015.072265625,40.0,6.4,1250.0,50.0,180.0,65.0,85.0
mobility hd 2400 xt,2015.02734375,40.0,6.4,1250.0,50.0,180.0,65.0,85.0
mobility hd 2400 xt mac edition,2014.982421875,40.0,12.8,1250.0,50.0,180.0,65.0,85.0
mobility hd 2600,2014.9375,120.0,12.8,1250.0,50.0,390.0,65.0,153.0
mobility hd 2600 xt,2014.892578125,120.0,24.0,1250.0,50.0,390.0,65.0,153.0
mobility hd 2600 xt mac edition,2014.84765625,120.0,21.92,1250.0,50.0,390.0,65.0,153.0
mobility hd 2700,2014.802734375,120.0,22.4,1250.0,35.0,390.0,65.0,153.0
mobility x1600 mac edition,2014.7578125,480.0,12.67,1250.0,50.0,157.0,90.0,150.0
mobility x1900,2014.712890625,480.0,30.08,1250.0,50.0,312.0,80.0,230.0
mobility x2300,2014.66796875,480.0,6.272,1250.0,50.0,105.0,90.0,100.0
mobility x2300,2014.623046875,480.0,7.136,1250.0,50.0,105.0,90.0,100.0
mobility x2300 hd,2014.578125,480.0,3.024,1250.0,50.0,107.0,80.0,100.0
mobility x2500,2014.533203125,480.0,12.8,1250.0,50.0,157.0,90.0,150.0
e2400,2014.48828125,40.0,11.2,1250.0,25.0,180.0,65.0,85.0
hd 2350 pro,2014.443359375,40.0,6.4,1250.0,20.0,180.0,65.0,85.0
hd 2400 pro,2014.3984375,40.0,6.4,1250.0,20.0,180.0,65.0,85.0
hd 2400 pro agp,2014.353515625,40.0,6.4,1250.0,20.0,180.0,65.0,85.0
hd 2400 pro pci,2014.30859375,40.0,6.4,1250.0,20.0,180.0,65.0,85.0
hd 2400 xt,2014.263671875,40.0,8.0,1250.0,25.0,180.0,65.0,85.0
hd 2600 pro,2014.21875,120.0,16.0,1250.0,35.0,390.0,65.0,153.0
hd 2600 pro agp,2014.173828125,120.0,12.67,1250.0,35.0,390.0,65.0,153.0
hd 2600 xt,2014.12890625,120.0,22.4,1250.0,45.0,390.0,65.0,153.0
hd 2600 xt,2014.083984375,120.0,35.2,1250.0,50.0,390.0,65.0,153.0
hd 2600 xt agp,2014.0390625,120.0,25.6,1250.0,45.0,390.0,65.0,153.0
hd 2600 xt agp,2013.994140625,120.0,12.96,1250.0,45.0,378.0,55.0,135.0
hd 2600 xt x2,2013.94921875,120.0,25.6,1250.0,50.0,390.0,65.0,153.0
hd 2900 gt,2013.904296875,240.0,51.2,1250.0,150.0,720.0,80.0,420.0
hd 2900 pro,2013.859375,320.0,51.2,1250.0,200.0,720.0,80.0,420.0
hd 2900 xt,2013.814453125,320.0,106.0,1250.0,215.0,720.0,80.0,420.0
hd 3450,2013.76953125,40.0,8.0,1250.0,25.0,181.0,55.0,67.0
hd 3450 x2,2013.724609375,40.0,8.0,1250.0,50.0,181.0,55.0,67.0
hd 3850,2013.6796875,320.0,53.12,1250.0,75.0,666.0,55.0,192.0
hd 3870,2013.634765625,320.0,72.06,1250.0,106.0,666.0,55.0,192.0
x1050 agp,2013.58984375,480.0,6.496,1250.0,24.0,60.0,130.0,76.0
x1550,2013.544921875,480.0,12.8,1250.0,27.0,107.0,90.0,100.0
x1550,2013.5,480.0,12.8,1250.0,27.0,105.0,90.0,100.0
x1550,2013.455078125,480.0,5.328,1250.0,27.0,107.0,90.0,100.0
x1550 agp,2013.41015625,480.0,5.28,1250.0,27.0,107.0,90.0,100.0
x1550 pci,2013.365234375,480.0,4.256,1250.0,27.0,105.0,90.0,100.0
x1600,2013.3203125,480.0,12.8,1250.0,27.0,105.0,90.0,100.0
x1600 pro agp,2013.275390625,480.0,12.48,1250.0,41.0,157.0,90.0,150.0
x1600 se,2013.23046875,480.0,8.0,1250.0,27.0,107.0,90.0,100.0
x1650,2013.185546875,480.0,12.8,1250.0,50.0,157.0,90.0,150.0
x1650,2013.140625,480.0,6.4,1250.0,50.0,105.0,90.0,100.0
x1650 agp,2013.095703125,480.0,12.8,1250.0,50.0,157.0,90.0,150.0
x1650 gt,2013.05078125,480.0,12.8,1250.0,50.0,312.0,80.0,230.0
x1650 gto,2013.005859375,480.0,12.54,1250.0,50.0,157.0,90.0,150.0
x1650 pro,2012.9609375,480.0,22.4,1250.0,50.0,157.0,90.0,150.0
x1650 se,2012.916015625,480.0,12.8,1250.0,27.0,107.0,90.0,100.0
x1650 se,2012.87109375,480.0,12.8,1250.0,27.0,105.0,90.0,100.0
x1700 fsc,2012.826171875,480.0,22.24,1250.0,44.0,157.0,80.0,131.0
x1700 se,2012.78125,480.0,16.0,1250.0,50.0,312.0,80.0,230.0
x1950 gt,2012.736328125,480.0,38.4,1250.0,57.0,312.0,80.0,230.0
x1950 gt agp,2012.69140625,480.0,38.4,1250.0,57.0,312.0,80.0,230.0
x1950 pro dual,2012.646484375,480.0,44.16,1250.0,130.0,312.0,80.0,230.0
x1950 xtx uber edition,2012.6015625,480.0,67.2,1250.0,125.0,384.0,90.0,352.0
x550 xt,2012.556640625,480.0,9.6,1250.0,50.0,120.0,110.0,156.0
x550 xtx,2012.51171875,480.0,4.8,1250.0,50.0,120.0,110.0,156.0
x800 gt agp,2012.466796875,480.0,31.55,1250.0,40.0,160.0,130.0,281.0
x800 gto,2012.421875,480.0,22.4,1250.0,49.0,160.0,130.0,289.0
x800 gto agp,2012.376953125,480.0,31.36,1250.0,49.0,160.0,130.0,281.0
xpress 1100 igp,2012.33203125,480.0,40.0,1250.0,50.0,29.0,130.0,73.0
xpress 1150 igp,2012.287109375,480.0,40.0,1250.0,50.0,29.0,110.0,73.0
xpress 1200 igp,2012.2421875,480.0,40.0,1250.0,50.0,120.0,80.0,73.0
xpress 1200 igp,2012.197265625,480.0,40.0,1250.0,50.0,120.0,80.0,73.0
xpress 1200 mobile igp,2012.15234375,480.0,40.0,1250.0,50.0,120.0,90.0,73.0
xpress 1200 mobile igp,2012.107421875,480.0,40.0,1250.0,50.0,120.0,80.0,73.0
xpress 1250 igp,2012.0625,480.0,40.0,1250.0,50.0,120.0,80.0,73.0
xpress 1250 mobile igp,2012.017578125,480.0,40.0,1250.0,50.0,120.0,90.0,73.0
xpress 1250 mobile igp,2011.97265625,480.0,40.0,1250.0,50.0,120.0,80.0,73.0
xpress 1270 mobile igp,2011.927734375,480.0,40.0,1250.0,50.0,120.0,80.0,73.0
xpress 1270 mobile igp,2011.8828125,480.0,40.0,1250.0,50.0,120.0,80.0,73.0
xbox 360 gpu 80nm,2011.837890625,240.0,22.4,1250.0,175.0,232.0,80.0,156.0
all in wonder hd 3650,2011.79296875,120.0,19.2,1250.0,55.0,378.0,55.0,135.0
firemv 2260,2011.748046875,40.0,8.0,1250.0,15.0,181.0,55.0,67.0
firemv 2260 pcie x1,2011.703125,40.0,8.0,1250.0,15.0,181.0,55.0,67.0
firemv 2400 pci,2011.658203125,480.0,16.0,1250.0,20.0,75.0,130.0,92.0
firemv 2400 pcie x1,2011.61328125,480.0,6.496,1250.0,20.0,75.0,130.0,92.0
firepro 2260 pci,2011.568359375,40.0,8.0,1250.0,15.0,181.0,55.0,67.0
firepro v3700,2011.5234375,40.0,15.2,1250.0,32.0,181.0,55.0,67.0
firepro v3750,2011.478515625,320.0,22.4,1250.0,48.0,514.0,55.0,146.0
firepro v5700,2011.43359375,320.0,28.8,1250.0,56.0,514.0,55.0,146.0
firepro v8700,2011.388671875,800.0,108.8,1250.0,151.0,956.0,55.0,256.0
firepro v8750,2011.34375,800.0,115.2,1250.0,151.0,956.0,55.0,256.0
mobility firegl v5700,2011.298828125,120.0,22.4,1250.0,50.0,378.0,55.0,135.0
mobility hd 3410,2011.25390625,40.0,6.4,1250.0,7.0,181.0,55.0,67.0
mobility hd 3430,2011.208984375,40.0,6.4,1250.0,12.0,181.0,55.0,67.0
mobility hd 3450,2011.1640625,40.0,6.4,1250.0,50.0,181.0,55.0,67.0
mobility hd 3470,2011.119140625,40.0,6.4,1250.0,50.0,181.0,55.0,67.0
mobility hd 3650,2011.07421875,120.0,22.4,1250.0,50.0,378.0,55.0,135.0
mobility hd 3670,2011.029296875,120.0,25.6,1250.0,30.0,378.0,55.0,135.0
mobility hd 3850,2010.984375,320.0,48.0,1250.0,35.0,666.0,55.0,192.0
mobility hd 3850 x2,2010.939453125,320.0,48.0,1250.0,70.0,666.0,55.0,192.0
mobility hd 3870,2010.89453125,320.0,54.4,1250.0,55.0,666.0,55.0,192.0
mobility hd 3870 x2,2010.849609375,320.0,54.4,1250.0,110.0,666.0,55.0,192.0
2100 igp,2010.8046875,480.0,40.0,1250.0,50.0,120.0,55.0,73.0
3100 igp,2010.759765625,40.0,40.0,1250.0,50.0,180.0,65.0,85.0
3100 mobile igp,2010.71484375,40.0,40.0,1250.0,50.0,180.0,65.0,85.0
hd 2400,2010.669921875,40.0,7.92,1250.0,20.0,180.0,65.0,85.0
hd 2600 xt mac edition,2010.625,120.0,25.6,1250.0,45.0,390.0,65.0,153.0
hd 3200 igp,2010.580078125,40.0,40.0,1250.0,50.0,180.0,65.0,85.0
hd 3300 igp,2010.53515625,40.0,40.0,1250.0,50.0,180.0,65.0,85.0
hd 3450 agp,2010.490234375,40.0,8.0,1250.0,25.0,181.0,55.0,67.0
hd 3450 pci,2010.4453125,40.0,6.4,1250.0,25.0,181.0,55.0,67.0
hd 3470,2010.400390625,40.0,15.2,1250.0,30.0,181.0,55.0,67.0
hd 3550,2010.35546875,40.0,6.336,1250.0,30.0,181.0,55.0,67.0
hd 3650,2010.310546875,120.0,25.6,1250.0,65.0,378.0,55.0,135.0
hd 3650 agp,2010.265625,120.0,16.0,1250.0,65.0,378.0,55.0,135.0
hd 3690,2010.220703125,320.0,26.56,1250.0,75.0,666.0,55.0,192.0
hd 3730,2010.17578125,120.0,12.67,1250.0,65.0,378.0,55.0,135.0
hd 3750,2010.130859375,120.0,22.18,1250.0,65.0,378.0,55.0,135.0
hd 3830,2010.0859375,320.0,26.5,1250.0,75.0,666.0,55.0,192.0
hd 3850 agp,2010.041015625,320.0,52.99,1250.0,75.0,666.0,55.0,192.0
hd 3850 x2,2009.99609375,320.0,52.99,1250.0,140.0,666.0,55.0,192.0
hd 3870 mac edition,2009.951171875,320.0,72.06,1250.0,106.0,666.0,55.0,192.0
hd 3870 x2,2009.90625,320.0,57.66,1250.0,165.0,666.0,55.0,192.0
hd 4350,2009.861328125,80.0,6.4,1250.0,20.0,242.0,55.0,73.0
hd 4350 agp,2009.81640625,80.0,10.4,1250.0,20.0,242.0,55.0,73.0
hd 4350 pci,2009.771484375,80.0,6.4,1250.0,20.0,242.0,55.0,73.0
hd 4350 pcie x1,2009.7265625,80.0,6.4,1250.0,20.0,242.0,55.0,73.0
hd 4550,2009.681640625,80.0,10.48,1250.0,25.0,242.0,55.0,73.0
hd 4570,2009.63671875,80.0,8.0,1250.0,25.0,242.0,55.0,73.0
hd 4650,2009.591796875,320.0,22.4,1250.0,48.0,514.0,55.0,146.0
hd 4650 agp,2009.546875,320.0,12.8,1250.0,48.0,514.0,55.0,146.0
hd 4670,2009.501953125,320.0,32.0,1250.0,59.0,514.0,55.0,146.0
hd 4670 x2,2009.45703125,320.0,22.4,1250.0,118.0,514.0,55.0,146.0
hd 4710,2009.412109375,320.0,25.6,1250.0,59.0,514.0,55.0,146.0
hd 4730 oem,2009.3671875,320.0,25.34,1250.0,110.0,666.0,55.0,192.0
hd 4830,2009.322265625,640.0,57.6,1250.0,95.0,956.0,55.0,256.0
hd 4850,2009.27734375,800.0,63.55,1250.0,110.0,956.0,55.0,256.0
hd 4850 x2,2009.232421875,800.0,63.68,1250.0,250.0,956.0,55.0,256.0
hd 4870,2009.1875,800.0,115.2,1250.0,150.0,956.0,55.0,256.0
hd 4870 x2,2009.142578125,800.0,115.2,1250.0,286.0,956.0,55.0,256.0
x1050,2009.09765625,480.0,3.2,1250.0,24.0,120.0,110.0,156.0
xpress 2100 igp,2009.052734375,40.0,40.0,1250.0,50.0,180.0,65.0,85.0
xbox 360 gpu 65nm,2009.0078125,240.0,22.4,1250.0,150.0,232.0,65.0,121.0
firepro 2450 multi view,2008.962890625,40.0,6.4,1250.0,32.0,181.0,55.0,67.0
firepro 2450 multi view pcie x1,2008.91796875,40.0,6.4,1250.0,32.0,181.0,55.0,67.0
firepro m5725,2008.873046875,320.0,25.6,1250.0,35.0,514.0,55.0,146.0
firepro m7740,2008.828125,640.0,54.14,1250.0,60.0,826.0,40.0,137.0
firepro v7750,2008.783203125,320.0,28.8,1250.0,76.0,514.0,55.0,146.0
mobility firegl v5725,2008.73828125,120.0,25.6,1250.0,50.0,378.0,55.0,135.0
mobility hd 4100 igp,2008.693359375,40.0,40.0,1250.0,50.0,181.0,55.0,67.0
mobility hd 4200 igp,2008.6484375,40.0,40.0,1250.0,50.0,181.0,55.0,67.0
mobility hd 4330,2008.603515625,80.0,9.6,1250.0,50.0,242.0,55.0,73.0
mobility hd 4350,2008.55859375,80.0,12.8,1250.0,50.0,242.0,55.0,73.0
mobility hd 4530,2008.513671875,80.0,11.2,1250.0,50.0,242.0,55.0,73.0
mobility hd 4570,2008.46875,80.0,12.8,1250.0,50.0,242.0,55.0,73.0
mobility hd 4650,2008.423828125,320.0,21.34,1250.0,35.0,514.0,55.0,146.0
mobility hd 4670,2008.37890625,320.0,25.6,1250.0,35.0,514.0,55.0,146.0
mobility hd 4670 mac edition,2008.333984375,320.0,25.28,1250.0,35.0,514.0,55.0,146.0
mobility hd 4830,2008.2890625,640.0,25.6,1250.0,50.0,826.0,40.0,137.0
mobility hd 4850,2008.244140625,800.0,54.4,1250.0,50.0,956.0,55.0,256.0
mobility hd 4850 mac edition,2008.19921875,800.0,54.4,1250.0,50.0,956.0,55.0,256.0
mobility hd 4850 x2,2008.154296875,800.0,89.6,1250.0,50.0,956.0,55.0,256.0
mobility hd 4860,2008.109375,640.0,64.0,1250.0,50.0,826.0,40.0,137.0
mobility hd 4870,2008.064453125,800.0,56.83,1250.0,50.0,956.0,55.0,256.0
mobility hd 4870 x2,2008.01953125,800.0,89.6,1250.0,50.0,956.0,55.0,256.0
3000 igp,2007.974609375,40.0,40.0,1250.0,50.0,180.0,65.0,85.0
e4690 mxm,2007.9296875,320.0,22.4,1250.0,30.0,514.0,55.0,146.0
e4690 mxm,2007.884765625,320.0,22.4,1250.0,30.0,514.0,55.0,146.0
e4690 pcie,2007.83984375,320.0,22.4,1250.0,30.0,514.0,55.0,146.0
hd 3200 mobile igp,2007.794921875,40.0,40.0,1250.0,50.0,180.0,65.0,85.0
hd 3410,2007.75,40.0,6.336,1250.0,20.0,180.0,65.0,85.0
hd 3610,2007.705078125,120.0,12.67,1250.0,35.0,390.0,65.0,153.0
hd 4200 igp,2007.66015625,40.0,40.0,1250.0,50.0,181.0,55.0,67.0
hd 4250,2007.615234375,40.0,6.336,1250.0,25.0,181.0,55.0,67.0
hd 4520,2007.5703125,80.0,6.4,1250.0,25.0,242.0,55.0,73.0
hd 4570 rebrand,2007.525390625,120.0,12.67,1250.0,65.0,378.0,55.0,135.0
hd 4670 agp,2007.48046875,320.0,25.6,1250.0,59.0,514.0,55.0,146.0
hd 4730,2007.435546875,640.0,57.6,1250.0,110.0,956.0,55.0,256.0
hd 4750,2007.390625,640.0,51.2,1250.0,100.0,826.0,40.0,137.0
hd 4770,2007.345703125,640.0,51.2,1250.0,80.0,826.0,40.0,137.0
hd 4810,2007.30078125,640.0,57.6,1250.0,95.0,956.0,55.0,256.0
hd 4860,2007.255859375,640.0,96.0,1250.0,130.0,959.0,55.0,282.0
hd 4870 mac edition,2007.2109375,800.0,108.8,1250.0,150.0,956.0,55.0,256.0
hd 4890,2007.166015625,800.0,124.8,1250.0,190.0,959.0,55.0,282.0
hd 5750,2007.12109375,720.0,73.6,1250.0,86.0,1.0,40.0,166.0
hd 5770,2007.076171875,800.0,76.8,1250.0,108.0,1.0,40.0,166.0
hd 5850,2007.03125,1440.0,128.0,1250.0,151.0,2.0,40.0,334.0
hd 5870,2006.986328125,1600.0,153.6,1250.0,188.0,2.0,40.0,334.0
hd 5970,2006.94140625,1600.0,128.0,1250.0,294.0,2.0,40.0,334.0
firepro 2460 multi view,2006.896484375,80.0,32.0,1250.0,17.0,292.0,40.0,59.0
firepro m5800,2006.8515625,400.0,51.2,1250.0,26.0,627.0,40.0,104.0
firepro m7820,2006.806640625,800.0,64.0,1250.0,50.0,1.0,40.0,166.0
firepro v3800,2006.76171875,400.0,14.4,1250.0,43.0,627.0,40.0,104.0
firepro v4800,2006.716796875,400.0,57.6,1250.0,69.0,627.0,40.0,104.0
firepro v5800,2006.671875,800.0,64.0,1250.0,74.0,1.0,40.0,166.0
firepro v5800 dvi,2006.626953125,800.0,64.0,1250.0,74.0,1.0,40.0,166.0
firepro v7800,2006.58203125,1440.0,128.0,1250.0,150.0,2.0,40.0,334.0
firepro v8800,2006.537109375,1600.0,147.2,1250.0,208.0,2.0,40.0,334.0
firepro v9800,2006.4921875,1600.0,147.2,1250.0,250.0,2.0,40.0,334.0
firepro v9800p,2006.447265625,1600.0,147.2,1250.0,225.0,2.0,40.0,334.0
mobility hd 4225 igp,2006.40234375,40.0,40.0,1250.0,9.0,181.0,55.0,67.0
mobility hd 4250 igp,2006.357421875,40.0,40.0,560.0,50.0,181.0,55.0,67.0
mobility hd 4270 igp,2006.3125,40.0,40.0,1250.0,50.0,181.0,55.0,67.0
mobility hd 4550,2006.267578125,80.0,11.2,1250.0,50.0,242.0,55.0,73.0
mobility hd 5145,2006.22265625,80.0,14.4,1250.0,15.0,242.0,55.0,73.0
mobility hd 5165,2006.177734375,320.0,25.6,1250.0,35.0,514.0,55.0,146.0
mobility hd 530v,2006.1328125,80.0,8.0,1250.0,10.0,242.0,55.0,73.0
mobility hd 530v,2006.087890625,80.0,9.6,1250.0,10.0,242.0,55.0,73.0
mobility hd 540v,2006.04296875,80.0,11.2,1250.0,15.0,242.0,55.0,73.0
mobility hd 540v,2005.998046875,80.0,12.8,1250.0,15.0,242.0,55.0,73.0
mobility hd 5430,2005.953125,80.0,12.8,1250.0,7.0,292.0,40.0,59.0
mobility hd 5450,2005.908203125,80.0,10.67,1250.0,11.0,292.0,40.0,59.0
mobility hd 5450,2005.86328125,80.0,12.8,1250.0,11.0,292.0,40.0,59.0
mobility hd 545v,2005.818359375,80.0,12.0,1250.0,15.0,242.0,55.0,73.0
mobility hd 545v,2005.7734375,80.0,12.8,1250.0,15.0,242.0,55.0,73.0
mobility hd 5470,2005.728515625,80.0,25.6,1250.0,15.0,292.0,40.0,59.0
mobility hd 550v,2005.68359375,320.0,19.2,1250.0,10.0,514.0,55.0,146.0
mobility hd 560v,2005.638671875,320.0,22.4,1250.0,15.0,514.0,55.0,146.0
mobility hd 5650,2005.59375,400.0,25.6,1250.0,15.0,627.0,40.0,104.0
mobility hd 565v,2005.548828125,320.0,25.6,1250.0,20.0,514.0,55.0,146.0
mobility hd 5670 mac edition,2005.50390625,400.0,25.44,1250.0,15.0,627.0,40.0,104.0
mobility hd 5730,2005.458984375,400.0,25.6,1250.0,26.0,627.0,40.0,104.0
mobility hd 5750,2005.4140625,400.0,51.2,1250.0,25.0,627.0,40.0,104.0
mobility hd 5770,2005.369140625,400.0,51.2,1250.0,30.0,627.0,40.0,104.0
mobility hd 5830,2005.32421875,800.0,25.6,1250.0,24.0,1.0,40.0,166.0
mobility hd 5850,2005.279296875,800.0,64.0,1250.0,30.0,1.0,40.0,166.0
mobility hd 5850 mac edition,2005.234375,800.0,64.0,1250.0,30.0,1.0,40.0,166.0
mobility hd 5870,2005.189453125,800.0,64.0,1250.0,50.0,1.0,40.0,166.0
hd 3570,2005.14453125,40.0,7.92,1250.0,30.0,181.0,55.0,67.0
hd 4250 igp,2005.099609375,40.0,40.0,1250.0,50.0,181.0,55.0,67.0
hd 4290 igp,2005.0546875,40.0,40.0,1250.0,50.0,181.0,55.0,67.0
hd 4700,2005.009765625,320.0,12.8,1250.0,50.0,514.0,55.0,146.0
hd 4855,2004.96484375,640.0,115.2,1250.0,110.0,956.0,55.0,256.0
hd 5450,2004.919921875,80.0,6.4,1250.0,19.0,292.0,40.0,59.0
hd 5450 pci,2004.875,80.0,5.328,1250.0,19.0,292.0,40.0,59.0
hd 5450 pcie x1,2004.830078125,80.0,8.0,1250.0,19.0,292.0,40.0,59.0
hd 5550,2004.78515625,320.0,51.2,1250.0,39.0,627.0,40.0,104.0
hd 5570,2004.740234375,400.0,25.6,1250.0,39.0,627.0,40.0,104.0
hd 5570,2004.6953125,400.0,51.2,1250.0,39.0,627.0,40.0,104.0
hd 5570 oem,2004.650390625,320.0,21.34,1250.0,39.0,627.0,40.0,104.0
hd 5670,2004.60546875,400.0,64.0,1250.0,64.0,627.0,40.0,104.0
hd 5670 640sp edition,2004.560546875,640.0,64.0,1250.0,64.0,1.0,40.0,166.0
hd 5770 mac edition,2004.515625,800.0,76.48,1250.0,108.0,1.0,40.0,166.0
hd 5770 x2,2004.470703125,800.0,76.8,1250.0,50.0,1.0,40.0,166.0
hd 5830,2004.42578125,1120.0,128.0,1250.0,175.0,2.0,40.0,334.0
hd 5870 eyefinity 6,2004.380859375,1600.0,153.6,1250.0,228.0,2.0,40.0,334.0
hd 5870 mac edition,2004.3359375,1600.0,153.0,1250.0,228.0,2.0,40.0,334.0
xbox 360 s gpu,2004.291015625,240.0,22.4,1250.0,133.0,372.0,45.0,168.0
firepro v7800p,2004.24609375,1440.0,128.0,1250.0,138.0,2.0,40.0,334.0
hd 4450,2004.201171875,80.0,6.4,1250.0,25.0,242.0,55.0,73.0
hd 4580,2004.15625,120.0,22.18,1250.0,65.0,378.0,55.0,135.0
hd 4720,2004.111328125,320.0,21.34,1250.0,55.0,514.0,55.0,146.0
hd 5530,2004.06640625,80.0,9.6,1250.0,19.0,292.0,40.0,59.0
hd 5570,2004.021484375,320.0,16.0,1250.0,39.0,716.0,40.0,118.0
hd 5630,2003.9765625,320.0,12.48,1250.0,39.0,627.0,40.0,104.0
hd 5690,2003.931640625,400.0,32.0,1250.0,64.0,627.0,40.0,104.0
hd 5730,2003.88671875,400.0,64.0,1250.0,64.0,627.0,40.0,104.0
firepro v7760,2003.841796875,800.0,27.2,1250.0,76.0,956.0,55.0,256.0
firepro v7770,2003.796875,800.0,33.6,1250.0,76.0,956.0,55.0,256.0
mobility hd 5570,2003.751953125,400.0,25.6,1250.0,20.0,627.0,40.0,104.0
hd 5470,2003.70703125,80.0,6.4,1250.0,19.0,292.0,40.0,59.0
hd 5490,2003.662109375,80.0,8.0,1250.0,19.0,292.0,40.0,59.0
xbox 360 e gpu,2003.6171875,240.0,22.4,1250.0,120.0,372.0,45.0,168.0
all in wonder 9500,2003.572265625,480.0,8.64,1250.0,50.0,110.0,150.0,215.0
all in wonder 7500,2003.52734375,480.0,5.76,1250.0,50.0,60.0,150.0,83.0
all in wonder 7500 ve,2003.482421875,480.0,8.0,1250.0,50.0,60.0,150.0,83.0
firegl 9500 z1 128,2003.4375,480.0,19.84,1250.0,50.0,110.0,150.0,215.0
firegl 9700 x1 128,2003.392578125,480.0,19.84,1250.0,50.0,110.0,150.0,215.0
firegl 9700 x1 256,2003.34765625,480.0,19.84,1250.0,37.0,110.0,150.0,215.0
firegl 9700 x1 256p,2003.302734375,480.0,17.66,1250.0,37.0,110.0,150.0,215.0
mobility firegl 9000,2003.2578125,480.0,6.4,1250.0,50.0,36.0,150.0,81.0
mobility 9000,2003.212890625,480.0,3.2,1250.0,50.0,36.0,150.0,81.0
mobility 9000,2003.16796875,480.0,3.2,1250.0,50.0,36.0,150.0,81.0
mobility 9000,2003.123046875,480.0,3.2,1250.0,50.0,36.0,150.0,81.0
mobility p,2003.078125,480.0,2.656,1250.0,50.0,30.0,180.0,115.0
7500 mac edition,2003.033203125,480.0,5.76,1250.0,23.0,60.0,150.0,83.0
8500 le,2002.98828125,480.0,8.0,1250.0,23.0,60.0,150.0,120.0
9000,2002.943359375,480.0,6.4,1250.0,28.0,36.0,150.0,97.0
9000 le,2002.8984375,480.0,6.4,1250.0,28.0,36.0,150.0,97.0
9000 pro,2002.853515625,480.0,8.8,1250.0,28.0,36.0,150.0,97.0
9500 pro,2002.80859375,480.0,8.64,1250.0,50.0,110.0,150.0,215.0
9700,2002.763671875,480.0,17.28,1250.0,37.0,110.0,150.0,215.0
9700 pro,2002.71875,480.0,19.84,1250.0,50.0,110.0,150.0,215.0
9700 pro x4,2002.673828125,480.0,19.84,1250.0,50.0,110.0,150.0,215.0
igp 320,2002.62890625,480.0,40.0,1250.0,50.0,30.0,180.0,73.0
igp 320m,2002.583984375,480.0,40.0,1250.0,50.0,30.0,180.0,73.0
igp 330m,2002.5390625,480.0,40.0,1250.0,50.0,30.0,180.0,73.0
igp 340,2002.494140625,480.0,40.0,1250.0,50.0,30.0,180.0,73.0
igp 340m,2002.44921875,480.0,40.0,1250.0,50.0,30.0,180.0,73.0
igp 345m,2002.404296875,480.0,40.0,1250.0,50.0,30.0,180.0,73.0
igp 350m,2002.359375,480.0,40.0,1250.0,50.0,30.0,180.0,73.0
extreme graphics,2002.314453125,480.0,40.0,1250.0,50.0,29.0,150.0,154.0
i830mg graphics,2002.26953125,480.0,40.0,166.0,50.0,29.0,150.0,154.0
millennium g450 x2 mms,2002.224609375,480.0,2.656,1250.0,50.0,10.0,180.0,154.0
millennium g450 x4 mms,2002.1796875,480.0,2.656,1250.0,50.0,10.0,180.0,154.0
parhelia 128 mb,2002.134765625,480.0,16.0,1250.0,50.0,80.0,150.0,174.0
parhelia 128 mb,2002.08984375,480.0,17.6,1250.0,50.0,80.0,150.0,174.0
parhelia 256 mb,2002.044921875,480.0,16.0,1250.0,50.0,80.0,150.0,174.0
xabre 200,2002.0,480.0,6.4,1250.0,50.0,24.0,150.0,154.0
xabre 400,2002.0,480.0,6.4,1250.0,50.0,24.0,150.0,154.0
xabre 600,2002.0,480.0,9.6,1250.0,50.0,24.0,130.0,154.0
xabre 80,2002.0,480.0,5.312,1250.0,50.0,24.0,150.0,154.0
extreme graphics 2,2002.1094527363184,480.0,40.0,266.0,50.0,29.0,130.0,154.0
extreme graphics 2,2002.2189054726368,480.0,40.0,266.0,50.0,29.0,130.0,154.0
i852gm graphics,2002.3283582089553,480.0,40.0,266.0,50.0,29.0,130.0,154.0
gma 900,2002.4378109452737,480.0,40.0,1250.0,50.0,29.0,130.0,154.0
gma 900,2002.547263681592,480.0,40.0,1250.0,50.0,29.0,130.0,154.0
gma 950,2002.6567164179105,480.0,40.0,1250.0,7.0,29.0,90.0,154.0
gma 950,2002.766169154229,480.0,40.0,400.0,7.0,29.0,90.0,154.0
gma 3000,2002.8756218905473,480.0,40.0,1250.0,13.0,29.0,90.0,154.0
gma 3000,2002.9850746268658,480.0,40.0,1250.0,13.0,29.0,90.0,154.0
gma 3000,2003.0945273631842,480.0,40.0,1250.0,13.0,29.0,90.0,154.0
gma 3000,2003.2039800995026,480.0,40.0,1250.0,13.0,29.0,90.0,154.0
gma 950,2003.313432835821,480.0,40.0,1250.0,7.0,29.0,90.0,154.0
gma x3000,2003.4228855721392,480.0,40.0,1250.0,13.0,29.0,90.0,154.0
gma x3000,2003.5323383084576,480.0,40.0,1250.0,13.0,29.0,90.0,154.0
gma 3100,2003.641791044776,480.0,40.0,1250.0,13.0,29.0,90.0,154.0
gma 3100,2003.7512437810944,480.0,40.0,1250.0,13.0,29.0,90.0,154.0
gma 3100,2003.8606965174129,480.0,40.0,1250.0,13.0,29.0,90.0,154.0
gma 3150,2003.9701492537313,16.0,40.0,1250.0,13.0,123.0,45.0,66.0
gma 3150,2004.0796019900497,16.0,40.0,1250.0,13.0,123.0,45.0,66.0
gma x3100,2004.189054726368,480.0,40.0,1250.0,13.0,29.0,90.0,154.0
gma x3100,2004.2985074626865,480.0,40.0,1250.0,13.0,29.0,90.0,154.0
gma x3500,2004.407960199005,480.0,40.0,1250.0,13.0,29.0,90.0,154.0
gma 3600,2004.5174129353234,32.0,40.0,1250.0,13.0,29.0,65.0,154.0
gma 3650,2004.6268656716418,32.0,40.0,1250.0,13.0,29.0,65.0,154.0
gma 500,2004.7363184079602,32.0,40.0,1250.0,50.0,29.0,130.0,154.0
gma x4500,2004.8457711442786,80.0,40.0,1250.0,13.0,29.0,65.0,154.0
gma x4500m,2004.955223880597,80.0,40.0,1250.0,13.0,29.0,65.0,154.0
gma x4500mhd,2005.0646766169154,80.0,40.0,1250.0,13.0,29.0,65.0,154.0
gma x4700mhd,2005.1741293532339,80.0,40.0,1250.0,13.0,29.0,65.0,154.0
aubrey isle,2005.2835820895523,512.0,153.6,1250.0,300.0,2.0,45.0,684.0
gma,2005.3930348258707,480.0,40.0,1250.0,50.0,29.0,32.0,154.0
gma 600,2005.5024875621891,32.0,40.0,1250.0,50.0,140.0,45.0,62.0
hd graphics 12eu,2005.6119402985075,96.0,40.0,1250.0,35.0,177.0,45.0,114.0
hd graphics 16eu mobile,2005.721393034826,96.0,40.0,500.0,35.0,177.0,45.0,114.0
hd graphics 2000,2005.8308457711444,48.0,40.0,1000.0,50.0,504.0,32.0,131.0
hd graphics 3000,2005.9402985074628,96.0,40.0,1350.0,50.0,1.0,32.0,216.0
hd graphics 3000,2006.0497512437812,96.0,40.0,1100.0,50.0,624.0,32.0,149.0
hd graphics 3000 mobile,2006.1592039800994,96.0,40.0,1000.0,50.0,624.0,32.0,149.0
hd graphics 3000 mobile,2006.2686567164178,96.0,40.0,1300.0,50.0,1.0,32.0,216.0
hd graphics 6eu mobile,2006.3781094527362,48.0,40.0,800.0,50.0,504.0,32.0,131.0
hd graphics p3000,2006.4875621890546,96.0,40.0,1350.0,50.0,624.0,32.0,149.0
hd graphics 4000,2006.597014925373,128.0,40.0,1050.0,50.0,1.0,22.0,133.0
hd graphics 4000 mobile,2006.7064676616915,128.0,40.0,1000.0,45.0,1.0,22.0,133.0
hd graphics 6eu,2006.81592039801,48.0,40.0,1050.0,50.0,392.0,22.0,94.0
hd graphics 6eu mobile,2006.9253731343283,48.0,40.0,1000.0,45.0,392.0,22.0,94.0
hd graphics p4000,2007.0348258706467,128.0,40.0,1250.0,45.0,1.0,22.0,133.0
xeon phi 3120a,2007.1442786069651,912.0,240.0,1250.0,300.0,5.0,22.0,720.0
xeon phi 5110p,2007.2537313432836,960.0,320.0,1250.0,225.0,5.0,22.0,720.0
xeon phi se10x,2007.363184079602,976.0,352.0,1250.0,300.0,5.0,22.0,720.0
hd graphics 10eu,2007.4726368159204,80.0,40.0,1000.0,45.0,29.0,22.0,154.0
hd graphics 10eu mobile,2007.5820895522388,80.0,40.0,850.0,45.0,29.0,22.0,154.0
hd graphics 32eu mobile,2007.6915422885572,32.0,40.0,646.0,4.0,29.0,22.0,154.0
hd graphics 4200 mobile,2007.8009950248756,160.0,40.0,850.0,4.0,29.0,22.0,154.0
hd graphics 4400,2007.910447761194,160.0,40.0,1150.0,20.0,29.0,22.0,154.0
hd graphics 4400 mobile,2008.0199004975125,160.0,40.0,950.0,20.0,29.0,22.0,154.0
hd graphics 4600,2008.129353233831,160.0,40.0,1100.0,45.0,29.0,22.0,154.0
hd graphics 4600 mobile,2008.2388059701493,160.0,40.0,1100.0,20.0,29.0,22.0,154.0
hd graphics 5000 mobile,2008.3482587064677,320.0,40.0,1000.0,30.0,1.0,22.0,181.0
hd graphics p4600,2008.4577114427861,160.0,40.0,1200.0,84.0,29.0,22.0,154.0
hd graphics p4700,2008.5671641791046,160.0,40.0,1300.0,86.0,29.0,22.0,154.0
iris graphics 5100 mobile,2008.676616915423,320.0,40.0,1100.0,30.0,1.0,22.0,181.0
iris pro graphics 5200,2008.7860696517414,320.0,40.0,1150.0,45.0,29.0,22.0,154.0
iris pro graphics 5200 mobile,2008.8955223880596,320.0,40.0,1200.0,30.0,29.0,22.0,154.0
xeon phi 5120d,2009.004975124378,960.0,320.0,1250.0,245.0,5.0,22.0,720.0
xeon phi 7120p,2009.1144278606964,976.0,352.0,1333.0,300.0,5.0,22.0,720.0
xeon phi 7120x,2009.2238805970148,976.0,352.0,1333.0,300.0,5.0,22.0,720.0
hd graphics 5300 mobile,2009.3333333333333,192.0,40.0,800.0,15.0,29.0,14.0,154.0
hd graphics 5500 mobile,2009.4427860696517,192.0,40.0,850.0,15.0,29.0,14.0,154.0
hd graphics 5600 mobile,2009.55223880597,192.0,40.0,1050.0,15.0,29.0,14.0,154.0
hd graphics 6000 mobile,2009.6616915422885,384.0,40.0,950.0,15.0,29.0,14.0,133.0
hd graphics p5700,2009.771144278607,192.0,40.0,1000.0,15.0,29.0,14.0,154.0
iris graphics 6100 mobile,2009.8805970149253,384.0,40.0,1000.0,15.0,29.0,14.0,133.0
iris pro graphics 6200,2009.9900497512438,384.0,40.0,1100.0,15.0,29.0,14.0,154.0
iris pro graphics 6200 mobile,2010.0995024875622,384.0,40.0,1100.0,15.0,29.0,14.0,154.0
iris pro graphics p6300,2010.2089552238806,384.0,40.0,800.0,15.0,29.0,14.0,154.0
hd graphics 12eu mobile,2010.318407960199,96.0,40.0,1250.0,6.0,29.0,14.0,154.0
hd graphics 12eu mobile,2010.4278606965174,96.0,40.0,800.0,6.0,29.0,14.0,82.0
hd graphics 400 mobile,2010.5373134328358,96.0,40.0,600.0,6.0,29.0,14.0,154.0
hd graphics 405 mobile,2010.6467661691543,128.0,40.0,600.0,6.0,29.0,14.0,154.0
hd graphics 500 mobile,2010.7562189054727,96.0,40.0,650.0,6.0,29.0,14.0,154.0
hd graphics 510,2010.865671641791,96.0,40.0,950.0,15.0,29.0,14.0,154.0
hd graphics 510 mobile,2010.9751243781095,96.0,40.0,900.0,15.0,29.0,14.0,154.0
hd graphics 515 mobile,2011.084577114428,192.0,40.0,800.0,15.0,29.0,14.0,123.0
hd graphics 520 mobile,2011.1940298507463,192.0,40.0,900.0,15.0,29.0,14.0,123.0
hd graphics 530,2011.3034825870648,192.0,40.0,950.0,15.0,29.0,14.0,123.0
hd graphics 530 mobile,2011.4129353233832,192.0,40.0,950.0,15.0,29.0,14.0,123.0
hd graphics p530,2011.5223880597016,192.0,40.0,1000.0,15.0,29.0,14.0,123.0
iris graphics 540 mobile,2011.6318407960198,384.0,40.0,1000.0,15.0,29.0,14.0,154.0
iris graphics 550 mobile,2011.7412935323382,384.0,40.0,1000.0,15.0,29.0,14.0,154.0
iris pro graphics 580 mobile,2011.8507462686566,576.0,40.0,950.0,15.0,29.0,14.0,154.0
iris pro graphics p555,2011.960199004975,384.0,40.0,1000.0,15.0,29.0,14.0,154.0
iris pro graphics p580,2012.0696517412935,576.0,40.0,1000.0,15.0,29.0,14.0,154.0
iris pro graphics p580 mobile,2012.1791044776119,576.0,40.0,1050.0,15.0,29.0,14.0,154.0
hd graphics 505 mobile,2012.2885572139303,144.0,40.0,650.0,6.0,29.0,14.0,154.0
hd graphics 610,2012.3980099502487,96.0,40.0,1050.0,5.0,29.0,14.0,154.0
hd graphics 610 mobile,2012.5074626865671,96.0,40.0,900.0,5.0,29.0,14.0,154.0
hd graphics 615 mobile,2012.6169154228855,192.0,40.0,850.0,5.0,29.0,14.0,154.0
hd graphics 620 mobile,2012.726368159204,192.0,40.0,1000.0,15.0,29.0,14.0,154.0
hd graphics 630,2012.8358208955224,192.0,40.0,1000.0,15.0,29.0,14.0,154.0
hd graphics 630 mobile,2012.9452736318408,192.0,40.0,1000.0,15.0,29.0,14.0,154.0
hd graphics p630 mobile,2013.0547263681592,192.0,40.0,1100.0,15.0,29.0,14.0,154.0
iris plus graphics 640 mobile,2013.1641791044776,384.0,40.0,1100.0,15.0,29.0,14.0,154.0
iris plus graphics 650 mobile,2013.273631840796,384.0,40.0,1150.0,15.0,29.0,14.0,154.0
uhd graphics 600 mobile,2013.3830845771145,96.0,40.0,650.0,5.0,29.0,14.0,154.0
uhd graphics 605 mobile,2013.4925373134329,144.0,40.0,750.0,5.0,29.0,14.0,154.0
uhd graphics 620 mobile,2013.6019900497513,192.0,40.0,1000.0,15.0,29.0,14.0,154.0
uhd graphics 630,2013.7114427860697,184.0,40.0,1050.0,15.0,29.0,14.0,154.0
uhd graphics 630,2013.8208955223881,192.0,40.0,1050.0,15.0,29.0,14.0,154.0
iris plus graphics 655 mobile,2013.9303482587065,384.0,40.0,1050.0,15.0,29.0,14.0,154.0
uhd graphics 610,2014.039800995025,96.0,40.0,1050.0,15.0,29.0,14.0,154.0
uhd graphics 610 mobile,2014.1492537313434,96.0,40.0,900.0,15.0,29.0,14.0,154.0
uhd graphics 615 mobile,2014.2587064676618,192.0,40.0,900.0,15.0,29.0,14.0,154.0
uhd graphics 617 mobile,2014.3681592039802,192.0,40.0,1050.0,15.0,29.0,14.0,154.0
uhd graphics 620 mobile,2014.4776119402984,192.0,40.0,1000.0,15.0,29.0,14.0,154.0
uhd graphics 630 mobile,2014.5870646766168,192.0,40.0,1000.0,15.0,29.0,14.0,154.0
uhd graphics p630,2014.6965174129352,192.0,40.0,1100.0,15.0,29.0,14.0,154.0
uhd graphics p630 mobile,2014.8059701492537,192.0,40.0,1200.0,15.0,29.0,14.0,154.0
iris plus graphics 645 mobile,2014.915422885572,384.0,40.0,1050.0,15.0,29.0,14.0,154.0
iris plus graphics g4 48eu mobile,2015.0248756218905,384.0,40.0,1050.0,15.0,29.0,10.0,154.0
uhd graphics 24eu mobile,2015.134328358209,192.0,40.0,1050.0,15.0,29.0,14.0,154.0
uhd graphics 24eu mobile,2015.2437810945273,192.0,40.0,1000.0,15.0,29.0,14.0,154.0
uhd graphics 24eu mobile,2015.3532338308457,192.0,40.0,900.0,15.0,29.0,14.0,154.0
uhd graphics g1 32eu mobile,2015.4626865671642,256.0,40.0,900.0,15.0,29.0,10.0,154.0
h3c xg310,2015.5721393034826,768.0,68.26,1100.0,300.0,29.0,10.0,95.0
iris plus graphics g7 64eu mobile,2015.681592039801,512.0,40.0,1050.0,15.0,29.0,10.0,154.0
iris xe graphics g4 48eu mobile,2015.7910447761194,384.0,40.0,1100.0,15.0,29.0,10.0,146.0
iris xe graphics g7 80eu mobile,2015.9004975124378,640.0,40.0,1100.0,15.0,29.0,10.0,146.0
iris xe graphics g7 96eu mobile,2016.0099502487562,768.0,40.0,1100.0,15.0,29.0,10.0,146.0
iris xe max graphics,2016.1194029850747,768.0,68.26,1650.0,25.0,29.0,10.0,95.0
uhd graphics 16eu mobile,2016.228855721393,128.0,40.0,750.0,9.0,29.0,10.0,154.0
uhd graphics 32eu mobile,2016.3383084577115,256.0,40.0,750.0,9.0,29.0,10.0,154.0
uhd graphics 610,2016.44776119403,96.0,40.0,1050.0,15.0,29.0,14.0,154.0
uhd graphics 630,2016.5572139303483,192.0,40.0,1200.0,15.0,29.0,14.0,154.0
uhd graphics 630,2016.6666666666667,184.0,40.0,1150.0,15.0,29.0,14.0,154.0
uhd graphics g4 48eu mobile,2016.7761194029852,384.0,40.0,500.0,15.0,29.0,10.0,154.0
uhd graphics g7 64eu mobile,2016.8855721393036,512.0,40.0,500.0,15.0,29.0,10.0,154.0
uhd graphics p630,2016.995024875622,192.0,40.0,1200.0,15.0,29.0,14.0,154.0
uhd graphics p630 mobile,2017.1044776119404,192.0,40.0,1250.0,15.0,29.0,14.0,154.0
xe dg1,2017.2139303482586,640.0,68.26,1550.0,30.0,29.0,10.0,95.0
arctic sound 1t,2017.323383084577,6144.0,1.23,1250.0,350.0,8.0,10.0,190.0
arctic sound 2t,2017.4328358208954,7680.0,1.23,1250.0,500.0,8.0,10.0,190.0
uhd graphics 16eu,2017.5422885572139,128.0,40.0,900.0,15.0,29.0,14.0,154.0
uhd graphics 16eu mobile,2017.6517412935323,128.0,40.0,750.0,10.0,29.0,10.0,154.0
uhd graphics 16eu mobile,2017.7611940298507,128.0,40.0,1450.0,15.0,29.0,10.0,154.0
uhd graphics 24eu mobile,2017.870646766169,192.0,40.0,800.0,10.0,29.0,10.0,154.0
uhd graphics 32eu mobile,2017.9800995024875,256.0,40.0,1350.0,15.0,29.0,10.0,154.0
uhd graphics 32eu mobile,2018.089552238806,256.0,40.0,850.0,10.0,29.0,10.0,154.0
uhd graphics 730,2018.1990049751244,192.0,40.0,1300.0,15.0,29.0,14.0,154.0
uhd graphics 750,2018.3084577114428,256.0,40.0,1300.0,15.0,29.0,14.0,154.0
uhd graphics 770,2018.4179104477612,256.0,40.0,1450.0,15.0,29.0,10.0,154.0
uhd graphics p750,2018.5273631840796,256.0,40.0,1300.0,15.0,29.0,14.0,154.0
arc a310,2018.636815920398,768.0,124.0,1750.0,30.0,7.0,6.0,157.0
arc a350,2018.7462686567164,768.0,124.0,2000.0,25.0,7.0,6.0,157.0
arc a350m,2018.8557213930349,768.0,112.0,2200.0,25.0,7.0,6.0,157.0
arc a370m,2018.9651741293533,1024.0,112.0,2050.0,35.0,7.0,6.0,157.0
arc a380,2019.0746268656717,1024.0,186.0,2050.0,75.0,7.0,6.0,157.0
arc a550m,2019.18407960199,2048.0,224.0,2050.0,60.0,21.0,6.0,406.0
arc a730m,2019.2935323383085,3072.0,336.0,2050.0,80.0,21.0,6.0,406.0
arc a750,2019.402985074627,3584.0,512.0,2400.0,225.0,21.0,6.0,406.0
arc a770,2019.5124378109454,4096.0,512.0,2400.0,225.0,21.0,6.0,406.0
arc a770m,2019.6218905472638,4096.0,512.0,2050.0,120.0,21.0,6.0,406.0
arc pro a30m,2019.7313432835822,1024.0,128.0,2000.0,50.0,7.0,6.0,157.0
arc pro a40,2019.8407960199006,1024.0,192.0,1700.0,50.0,7.0,6.0,157.0
arc pro a50,2019.9502487562188,1024.0,192.0,2350.0,75.0,7.0,6.0,157.0
arctic sound m,2020.0597014925372,8192.0,1.23,1250.0,500.0,8.0,10.0,190.0
data center gpu flex 140,2020.1691542288556,1024.0,186.0,1950.0,75.0,7.0,6.0,157.0
data center gpu flex 170,2020.278606965174,4096.0,512.0,2050.0,150.0,21.0,6.0,406.0
iris xe graphics 80eu mobile,2020.3880597014925,640.0,40.0,1200.0,45.0,29.0,10.0,154.0
iris xe graphics 96eu mobile,2020.4975124378109,768.0,40.0,1400.0,45.0,29.0,10.0,154.0
uhd graphics 16eu mobile,2020.6069651741293,128.0,40.0,1200.0,15.0,29.0,10.0,154.0
uhd graphics 24eu mobile,2020.7164179104477,192.0,40.0,1200.0,15.0,29.0,10.0,154.0
uhd graphics 48eu mobile,2020.8258706467661,384.0,40.0,1150.0,45.0,29.0,10.0,154.0
uhd graphics 64eu mobile,2020.9353233830846,512.0,40.0,1400.0,45.0,29.0,10.0,154.0
uhd graphics 710,2021.044776119403,128.0,40.0,1300.0,15.0,29.0,10.0,154.0
uhd graphics 730,2021.1542288557214,192.0,40.0,1400.0,15.0,29.0,10.0,154.0
uhd graphics 770,2021.2636815920398,256.0,40.0,1550.0,15.0,29.0,10.0,154.0
uhd graphics 770 mobile,2021.3731343283582,256.0,40.0,1500.0,45.0,29.0,10.0,154.0
arc a380m,2021.4825870646766,1024.0,186.0,2000.0,35.0,7.0,6.0,157.0
arc a530m,2021.592039800995,1536.0,224.0,1300.0,65.0,11.0,6.0,269.0
arc a570m,2021.7014925373135,2048.0,224.0,1300.0,75.0,11.0,6.0,269.0
arc a580,2021.810945273632,3072.0,512.0,2000.0,175.0,21.0,6.0,406.0
arc graphics 112eu mobile,2021.9203980099503,896.0,40.0,2200.0,65.0,29.0,10.0,154.0
arc graphics 128eu mobile,2022.0298507462687,1024.0,40.0,2250.0,28.0,29.0,10.0,154.0
arc graphics 48eu mobile,2022.1393034825871,384.0,40.0,1800.0,28.0,29.0,10.0,154.0
arc graphics 64eu mobile,2022.2487562189056,512.0,40.0,1750.0,65.0,29.0,10.0,154.0
arc pro a60,2022.358208955224,2048.0,384.0,2050.0,130.0,11.0,6.0,269.0
arc pro a60m,2022.4676616915424,2048.0,256.0,1300.0,95.0,11.0,6.0,269.0
data center gpu max 1100,2022.5771144278608,7168.0,1.23,1550.0,300.0,100.0,10.0,1280.0
data center gpu max 1350,2022.686567164179,14336.0,2.46,1550.0,450.0,100.0,10.0,1280.0
data center gpu max 1550,2022.7960199004974,16384.0,3.28,1600.0,600.0,100.0,10.0,1280.0
data center gpu max subsystem,2022.9054726368158,16384.0,3.21,1600.0,2400.0,100.0,10.0,1280.0
iris xe graphics 80eu mobile,2023.0149253731342,640.0,40.0,1450.0,15.0,29.0,10.0,154.0
iris xe graphics 96eu mobile,2023.1243781094527,768.0,40.0,1300.0,15.0,29.0,10.0,154.0
uhd graphics 64eu mobile,2023.233830845771,512.0,40.0,1250.0,15.0,29.0,10.0,154.0
uhd graphics 710 mobile,2023.3432835820895,128.0,40.0,1200.0,15.0,29.0,10.0,154.0
uhd graphics 710 mobile,2023.452736318408,128.0,40.0,1450.0,15.0,29.0,10.0,154.0
uhd graphics 730,2023.5621890547263,192.0,40.0,1550.0,15.0,29.0,10.0,154.0
uhd graphics 770 mobile,2023.6716417910447,256.0,40.0,1600.0,15.0,29.0,10.0,154.0
arc 130v mobile,2023.7810945273632,896.0,40.0,1850.0,37.0,29.0,3.0,172.0
arc 140v mobile,2023.8905472636816,1024.0,40.0,1950.0,37.0,29.0,3.0,172.0
arc b580,2024.0,2560.0,456.0,2670.0,190.0,19.0,5.0,272.0
arc graphics 24eu,2024.0,192.0,40.0,2000.0,65.0,17.0,3.0,243.0
arc graphics 32eu,2024.0,256.0,40.0,1950.0,65.0,17.0,3.0,243.0
arc graphics 64eu,2024.0,512.0,40.0,1900.0,65.0,17.0,3.0,243.0
arc 130t mobile,2024.0,896.0,40.0,2200.0,35.0,29.0,5.0,154.0
arc 140t mobile,2024.0,1024.0,40.0,2350.0,35.0,29.0,5.0,154.0
arc b570,2024.0,2304.0,380.0,2500.0,150.0,19.0,5.0,272.0
arc pro b50,2024.0,2048.0,224.0,2600.0,70.0,19.0,5.0,272.0
arc pro b60,2024.0,2560.0,456.0,2400.0,200.0,19.0,5.0,272.0
graphics 24eu mobile,2024.0,192.0,40.0,1000.0,6.0,29.0,10.0,154.0
millenium p650,2024.0,480.0,7.36,1250.0,50.0,80.0,150.0,130.0
millenium p650 lp mdd pcie,2024.0,480.0,8.64,1250.0,50.0,80.0,150.0,130.0
millenium p650 pcie,2024.0,480.0,8.8,1250.0,50.0,80.0,150.0,130.0
millenium p750,2024.0,480.0,8.0,1250.0,50.0,80.0,150.0,130.0
parhelia dl256,2024.0,480.0,4.0,1250.0,50.0,80.0,150.0,174.0
parhelia hr256,2024.0,480.0,4.0,1250.0,50.0,80.0,150.0,174.0
parhelia pci,2024.0,480.0,4.0,1250.0,50.0,80.0,150.0,174.0
parhelia precision sdt,2024.0,480.0,4.0,1250.0,50.0,80.0,150.0,174.0
parhelia precision sgt,2024.0,480.0,4.0,1250.0,50.0,80.0,150.0,174.0
parhelia 128 mb,2024.0,480.0,19.2,1250.0,50.0,80.0,150.0,174.0
parhelia 256 mb,2024.0,480.0,20.8,1250.0,50.0,80.0,150.0,174.0
qid,2024.0,480.0,9.6,1250.0,50.0,29.0,40.0,154.0
qid lp pci,2024.0,480.0,4.8,1250.0,50.0,29.0,40.0,154.0
qid lp pcie,2024.0,480.0,9.6,1250.0,50.0,29.0,40.0,154.0
qid pro,2024.0,480.0,4.8,1250.0,50.0,29.0,40.0,154.0
parhelia apve,2024.0,480.0,8.0,1250.0,50.0,80.0,150.0,174.0
4 410 go,2024.0,480.0,3.2,1250.0,50.0,29.0,150.0,65.0
4 420 go,2024.0,480.0,3.2,1250.0,50.0,29.0,150.0,65.0
4 440 go,2024.0,480.0,7.04,1250.0,50.0,29.0,150.0,65.0
4 448 go,2024.0,480.0,6.4,1250.0,50.0,29.0,150.0,65.0
4 460 go,2024.0,480.0,8.0,1250.0,50.0,29.0,150.0,65.0
4 488 go,2024.0,480.0,8.8,1250.0,50.0,29.0,150.0,65.0
4 go 4200,2024.0,480.0,3.2,1250.0,50.0,63.0,150.0,142.0
4 mx nforce2,2024.0,480.0,40.0,1250.0,50.0,29.0,150.0,65.0
4 mx 420,2024.0,480.0,2.656,1250.0,50.0,29.0,150.0,65.0
4 mx 420 pci,2024.0,480.0,1.328,1250.0,50.0,29.0,150.0,65.0
4 mx 440,2024.0,480.0,6.4,1250.0,50.0,29.0,150.0,65.0
4 mx 440 mac edition,2024.0,480.0,6.4,1250.0,50.0,29.0,150.0,65.0
4 mx 440 8x,2024.0,480.0,8.0,1250.0,50.0,29.0,150.0,65.0
4 mx 440 8x,2024.0,480.0,2.0,1250.0,50.0,29.0,150.0,65.0
4 mx 440 se,2024.0,480.0,3.2,1250.0,50.0,29.0,150.0,65.0
4 mx 440 se,2024.0,480.0,5.312,1250.0,50.0,29.0,150.0,65.0
4 mx 440 se,2024.0,480.0,5.312,1250.0,50.0,29.0,150.0,65.0
4 mx 460,2024.0,480.0,7.2,1250.0,50.0,29.0,150.0,65.0
4 ti 4200,2024.0,480.0,8.0,1250.0,50.0,63.0,150.0,142.0
4 ti 4200,2024.0,480.0,4.0,1250.0,50.0,63.0,150.0,142.0
4 ti 4200 8x,2024.0,480.0,4.0,1250.0,50.0,63.0,150.0,142.0
4 ti 4200 8x,2024.0,480.0,4.0,1250.0,50.0,63.0,150.0,142.0
4 ti 4400,2024.0,480.0,8.8,1250.0,50.0,63.0,150.0,142.0
4 ti 4600,2024.0,480.0,10.37,1250.0,50.0,63.0,150.0,142.0
quadro4 380 xgl,2024.0,480.0,8.192,1250.0,50.0,29.0,150.0,65.0
quadro4 500 go gl,2024.0,480.0,3.52,1250.0,50.0,29.0,150.0,65.0
quadro4 500 xgl,2024.0,480.0,2.656,1250.0,50.0,29.0,150.0,65.0
quadro4 550 xgl,2024.0,480.0,6.4,1250.0,50.0,29.0,150.0,65.0
quadro4 580 xgl,2024.0,480.0,6.4,1250.0,50.0,29.0,150.0,65.0
quadro4 700 xgl,2024.0,480.0,7.2,1250.0,50.0,63.0,150.0,142.0
quadro4 750 xgl,2024.0,480.0,7.2,1250.0,50.0,63.0,150.0,142.0
quadro4 900 xgl,2024.0,480.0,10.4,1250.0,50.0,63.0,150.0,142.0
quadro4 980 xgl,2024.0,480.0,10.4,1250.0,50.0,63.0,150.0,142.0
6200 agp,2024.0,480.0,1.056,1250.0,50.0,29.0,150.0,65.0
fx 5100,2024.0,480.0,2.656,1250.0,50.0,45.0,150.0,124.0
fx 5200,2024.0,480.0,6.4,1250.0,50.0,29.0,150.0,65.0
fx 5200,2024.0,480.0,6.4,1250.0,50.0,45.0,150.0,124.0
fx 5200 le,2024.0,480.0,2.656,1250.0,50.0,45.0,150.0,124.0
fx 5200 pci,2024.0,480.0,6.4,1250.0,50.0,45.0,150.0,91.0
fx 5200 rev 2,2024.0,480.0,3.2,1250.0,50.0,45.0,150.0,91.0
fx 5200 ultra,2024.0,480.0,10.4,1250.0,50.0,45.0,150.0,124.0
fx 5200 ultra mac edition,2024.0,480.0,10.4,1250.0,50.0,45.0,150.0,124.0
fx 5600,2024.0,480.0,8.0,1250.0,37.0,80.0,130.0,121.0
fx 5600 ultra,2024.0,480.0,12.8,1250.0,50.0,80.0,130.0,121.0
fx 5600 xt,2024.0,480.0,6.4,1250.0,50.0,80.0,130.0,121.0
fx 5600 xt pci,2024.0,480.0,6.4,1250.0,50.0,80.0,130.0,121.0
fx 5700,2024.0,480.0,8.0,1250.0,25.0,82.0,130.0,133.0
fx 5700 engineering sample,2024.0,480.0,8.0,1250.0,25.0,82.0,130.0,133.0
fx 5700 ultra,2024.0,480.0,14.5,1250.0,46.0,82.0,130.0,133.0
fx 5800,2024.0,480.0,12.8,1250.0,44.0,125.0,130.0,199.0
fx 5800 ultra,2024.0,480.0,16.0,1250.0,50.0,125.0,130.0,199.0
fx 5900,2024.0,480.0,27.2,1250.0,50.0,135.0,130.0,207.0
fx 5900 ultra,2024.0,480.0,27.2,1250.0,59.0,135.0,130.0,207.0
fx 5900 xt,2024.0,480.0,22.4,1250.0,35.0,135.0,130.0,207.0
fx 5900 zt,2024.0,480.0,22.4,1250.0,50.0,135.0,130.0,207.0
fx 5950 ultra,2024.0,480.0,30.4,1250.0,74.0,135.0,130.0,207.0
fx go5100,2024.0,480.0,3.2,1250.0,50.0,45.0,150.0,124.0
fx go5200,2024.0,480.0,6.4,1250.0,50.0,45.0,150.0,124.0
fx go5200,2024.0,480.0,6.4,1250.0,50.0,45.0,150.0,91.0
fx go5200 32m,2024.0,480.0,3.2,1250.0,50.0,45.0,150.0,124.0
fx go5200 64m,2024.0,480.0,8.0,1250.0,50.0,45.0,150.0,91.0
fx go5200 npb 32m,2024.0,480.0,3.2,1250.0,50.0,45.0,150.0,91.0
fx go5200 npb 64m,2024.0,480.0,8.0,1250.0,50.0,45.0,150.0,91.0
fx go5250,2024.0,480.0,8.0,1250.0,50.0,45.0,150.0,124.0
fx go5300,2024.0,480.0,8.0,1250.0,50.0,45.0,150.0,124.0
fx go5350,2024.0,480.0,8.8,1250.0,50.0,45.0,150.0,124.0
fx go5600,2024.0,480.0,8.0,1250.0,50.0,80.0,130.0,121.0
fx go5650,2024.0,480.0,9.44,1250.0,50.0,80.0,130.0,121.0
pcx 5900,2024.0,480.0,17.6,1250.0,50.0,135.0,130.0,207.0
4 mx 4000,2024.0,480.0,2.656,1250.0,50.0,29.0,150.0,65.0
4 mx 4000 pci,2024.0,480.0,2.656,1250.0,50.0,29.0,150.0,65.0
4 mx 4000 rev 2,2024.0,480.0,2.656,1250.0,50.0,29.0,150.0,65.0
4 ti 4800,2024.0,480.0,10.4,1250.0,50.0,63.0,150.0,142.0
4 ti 4800,2024.0,480.0,10.4,1250.0,50.0,63.0,150.0,142.0
4 ti 4800 se,2024.0,480.0,8.8,1250.0,50.0,63.0,150.0,142.0
quadro fx 1000,2024.0,480.0,9.6,1250.0,50.0,125.0,130.0,199.0
quadro fx 2000,2024.0,480.0,12.8,1250.0,50.0,125.0,130.0,199.0
quadro fx 3000,2024.0,480.0,27.2,1250.0,50.0,135.0,130.0,207.0
quadro fx 3000g,2024.0,480.0,27.2,1250.0,50.0,135.0,130.0,207.0
quadro fx 500,2024.0,480.0,7.68,1250.0,50.0,45.0,150.0,124.0
quadro fx go700,2024.0,480.0,9.44,1250.0,50.0,80.0,130.0,121.0
quadro nvs 210s,2024.0,480.0,40.0,1250.0,11.0,29.0,90.0,154.0
quadro nvs 280 pci,2024.0,480.0,4.0,1250.0,13.0,45.0,150.0,91.0
quadro4 100 nvs,2024.0,480.0,5.312,1250.0,10.0,29.0,150.0,65.0
quadro4 100 nvs pci,2024.0,480.0,5.312,1250.0,10.0,29.0,150.0,65.0
quadro4 200 nvs,2024.0,480.0,8.0,1250.0,11.0,29.0,150.0,65.0
quadro4 700 go gl,2024.0,480.0,7.136,1250.0,50.0,63.0,150.0,142.0
6100,2024.0,480.0,40.0,1250.0,50.0,29.0,90.0,154.0
6100 nforce 400,2024.0,480.0,40.0,1250.0,50.0,29.0,90.0,154.0
6100 nforce 405,2024.0,480.0,40.0,1250.0,50.0,29.0,90.0,154.0
6100 nforce 420,2024.0,480.0,40.0,1250.0,50.0,29.0,90.0,154.0
6100 nforce 430,2024.0,480.0,40.0,1250.0,50.0,29.0,90.0,154.0
6150,2024.0,480.0,40.0,1250.0,50.0,29.0,90.0,154.0
6150 le,2024.0,480.0,40.0,1250.0,50.0,29.0,90.0,154.0
6150 se nforce 430,2024.0,480.0,40.0,1250.0,50.0,29.0,90.0,154.0
6200,2024.0,480.0,8.8,1250.0,50.0,146.0,110.0,154.0
6200 le agp 512 mb,2024.0,480.0,8.8,1250.0,50.0,75.0,110.0,110.0
6200 le pci,2024.0,480.0,4.256,1250.0,50.0,146.0,110.0,154.0
6200 se turbocache,2024.0,480.0,2.0,1250.0,50.0,75.0,110.0,110.0
6200 turbocache,2024.0,480.0,4.0,1250.0,50.0,75.0,110.0,110.0
6600,2024.0,480.0,8.0,1250.0,50.0,146.0,110.0,154.0
6600 agp,2024.0,480.0,8.0,1250.0,50.0,146.0,110.0,154.0
6600 gt,2024.0,480.0,16.0,1250.0,50.0,146.0,110.0,154.0
6600 gt agp,2024.0,480.0,15.2,1250.0,47.0,146.0,110.0,154.0
6600 gt dual,2024.0,480.0,17.92,1250.0,50.0,146.0,110.0,154.0
6610 xl,2024.0,480.0,12.8,1250.0,50.0,146.0,110.0,154.0
6700 xl,2024.0,480.0,17.6,1250.0,50.0,146.0,110.0,154.0
6800,2024.0,480.0,22.4,1250.0,50.0,222.0,110.0,287.0
6800,2024.0,480.0,19.2,1250.0,50.0,190.0,130.0,225.0
6800,2024.0,480.0,22.4,1250.0,50.0,222.0,130.0,287.0
6800 gt,2024.0,480.0,16.0,1250.0,50.0,222.0,130.0,287.0
6800 gt,2024.0,480.0,32.0,1250.0,67.0,222.0,130.0,287.0
6800 gt,2024.0,480.0,32.0,1250.0,50.0,222.0,110.0,287.0
6800 gt ddl,2024.0,480.0,32.0,1250.0,80.0,222.0,130.0,287.0
6800 gt dual,2024.0,480.0,32.0,1250.0,50.0,222.0,130.0,287.0
6800 gto,2024.0,480.0,32.0,1250.0,50.0,222.0,130.0,287.0
6800 le,2024.0,480.0,22.4,1250.0,50.0,222.0,130.0,287.0
6800 ultra,2024.0,480.0,35.2,1250.0,81.0,222.0,130.0,287.0
6800 ultra,2024.0,480.0,35.2,1250.0,50.0,222.0,130.0,287.0
6800 ultra ddl,2024.0,480.0,35.2,1250.0,100.0,222.0,130.0,287.0
fx 5500,2024.0,480.0,5.312,1250.0,50.0,45.0,150.0,91.0
fx 5500 pci,2024.0,480.0,6.4,1250.0,50.0,45.0,150.0,91.0
fx 5700 ep,2024.0,480.0,3.2,1250.0,50.0,82.0,130.0,133.0
fx 5700 le,2024.0,480.0,3.2,1250.0,50.0,82.0,130.0,133.0
fx 5700 ve,2024.0,480.0,6.4,1250.0,50.0,82.0,130.0,133.0
go 6800,2024.0,480.0,35.2,1250.0,45.0,190.0,130.0,225.0
pcx 4300,2024.0,480.0,2.656,1250.0,50.0,29.0,150.0,65.0
pcx 5300,2024.0,480.0,6.4,1250.0,50.0,45.0,150.0,91.0
pcx 5750,2024.0,480.0,8.8,1250.0,50.0,82.0,130.0,125.0
pcx 5950,2024.0,480.0,27.2,1250.0,57.0,135.0,130.0,207.0
quadro fx 1100,2024.0,480.0,10.4,1250.0,50.0,82.0,130.0,133.0
quadro fx 1300,2024.0,480.0,17.6,1250.0,55.0,135.0,130.0,207.0
quadro fx 1400,2024.0,480.0,19.2,1250.0,55.0,190.0,130.0,225.0
quadro fx 330,2024.0,480.0,3.2,1250.0,21.0,45.0,150.0,91.0
quadro fx 3400,2024.0,480.0,28.8,1250.0,101.0,222.0,130.0,287.0
quadro fx 4000,2024.0,480.0,32.0,1250.0,142.0,222.0,130.0,287.0
quadro fx 4000 sdi,2024.0,480.0,32.0,1250.0,150.0,190.0,130.0,225.0
quadro fx 540,2024.0,480.0,8.0,1250.0,25.0,146.0,110.0,154.0
quadro fx 600 pci,2024.0,480.0,7.68,1250.0,50.0,45.0,150.0,124.0
quadro fx 700,2024.0,480.0,8.8,1250.0,50.0,135.0,130.0,207.0
quadro fx go1000,2024.0,480.0,9.12,1250.0,50.0,82.0,130.0,133.0
quadro fx go540,2024.0,480.0,7.2,1250.0,25.0,146.0,110.0,154.0
quadro nvs 280 agp,2024.0,480.0,8.0,1250.0,13.0,45.0,150.0,124.0
quadro nvs 280 pcie,2024.0,480.0,8.0,1250.0,13.0,45.0,150.0,91.0
quadro4 400 nvs pci,2024.0,480.0,5.312,1250.0,18.0,29.0,150.0,65.0
6200 agp,2024.0,480.0,4.0,1250.0,50.0,75.0,110.0,110.0
6200 agp,2024.0,480.0,4.256,1250.0,50.0,75.0,110.0,110.0
6200 le,2024.0,480.0,4.256,1250.0,50.0,75.0,110.0,110.0
6200 le,2024.0,480.0,2.128,1250.0,50.0,75.0,110.0,110.0
6200 le agp,2024.0,480.0,4.256,1250.0,50.0,75.0,110.0,110.0
6500,2024.0,480.0,8.512,1250.0,50.0,75.0,110.0,110.0
6600 le,2024.0,480.0,8.0,1250.0,50.0,146.0,110.0,154.0
6600 le agp,2024.0,480.0,6.4,1250.0,50.0,146.0,110.0,154.0
6600 ve,2024.0,480.0,6.4,1250.0,50.0,146.0,110.0,154.0
6800 gs,2024.0,480.0,32.0,1250.0,50.0,190.0,130.0,225.0
6800 gs,2024.0,480.0,32.0,1250.0,50.0,222.0,130.0,287.0
6800 le,2024.0,480.0,19.2,1250.0,50.0,190.0,130.0,225.0
6800 xe,2024.0,480.0,8.512,1250.0,50.0,222.0,130.0,287.0
6800 xt,2024.0,480.0,8.512,1250.0,50.0,222.0,110.0,287.0
6800 xt,2024.0,480.0,22.4,1250.0,50.0,222.0,130.0,287.0
6800 xt,2024.0,480.0,32.0,1250.0,50.0,190.0,130.0,225.0
6800 xt,2024.0,480.0,38.4,1250.0,50.0,202.0,110.0,222.0
7800 gt,2024.0,480.0,32.0,1250.0,65.0,302.0,110.0,333.0
7800 gt dual,2024.0,480.0,32.0,1250.0,120.0,302.0,110.0,333.0
7800 gtx,2024.0,480.0,38.4,1250.0,86.0,302.0,110.0,333.0
7800 gtx 512,2024.0,480.0,51.2,1250.0,108.0,302.0,110.0,333.0
fx go5700,2024.0,480.0,8.8,1250.0,50.0,82.0,130.0,133.0
go 6200 te,2024.0,480.0,4.8,1250.0,50.0,146.0,110.0,154.0
go 6600,2024.0,480.0,11.2,1250.0,50.0,146.0,110.0,154.0
go 6600 npb 128m,2024.0,480.0,9.6,1250.0,50.0,146.0,110.0,154.0
go 6600 te,2024.0,480.0,6.4,1250.0,50.0,146.0,110.0,154.0
go 6800 ultra,2024.0,480.0,38.4,1250.0,89.0,190.0,130.0,225.0
go 7800 gtx,2024.0,480.0,35.2,1250.0,65.0,302.0,110.0,333.0
quadro fx 2500m,2024.0,480.0,38.4,1250.0,45.0,278.0,90.0,196.0
quadro fx 3450,2024.0,480.0,32.0,1250.0,83.0,190.0,130.0,225.0
quadro fx 4400,2024.0,480.0,33.6,1250.0,83.0,222.0,130.0,287.0
quadro fx 4400g,2024.0,480.0,33.6,1250.0,83.0,222.0,130.0,287.0
quadro fx 4500,2024.0,480.0,33.6,1250.0,109.0,302.0,110.0,333.0
quadro fx go1400,2024.0,480.0,18.88,1250.0,50.0,190.0,130.0,225.0
quadro nvs 280 sd,2024.0,480.0,3.2,1250.0,10.0,29.0,150.0,65.0
quadro nvs 50 pci,2024.0,480.0,3.2,1250.0,10.0,29.0,150.0,65.0
quadro nvs 55 pci,2024.0,480.0,3.2,1250.0,10.0,45.0,150.0,91.0
7000m nforce 610m,2024.0,480.0,40.0,1250.0,50.0,112.0,90.0,81.0
7025 nforce 630a,2024.0,480.0,40.0,1250.0,50.0,29.0,90.0,154.0
7025 nforce 630a,2024.0,480.0,40.0,1250.0,50.0,112.0,90.0,81.0
7025 nforce 630a,2024.0,480.0,40.0,1250.0,50.0,112.0,90.0,81.0
7050 nforce 630a,2024.0,480.0,40.0,1250.0,50.0,29.0,90.0,154.0
7050 pv nforce 630a,2024.0,480.0,40.0,1250.0,50.0,112.0,90.0,81.0
7050 se nforce 630a,2024.0,480.0,40.0,1250.0,50.0,112.0,90.0,81.0
7100 gs,2024.0,480.0,4.256,1250.0,50.0,75.0,110.0,110.0
7200 gs,2024.0,480.0,5.344,1250.0,50.0,112.0,90.0,81.0
7300 gs,2024.0,480.0,4.256,1250.0,23.0,112.0,90.0,81.0
7300 gs low profile,2024.0,480.0,4.256,1250.0,23.0,112.0,90.0,81.0
7300 gt,2024.0,480.0,10.4,1250.0,24.0,177.0,90.0,125.0
7300 gt,2024.0,480.0,10.4,1250.0,24.0,177.0,80.0,100.0
7300 gt agp,2024.0,480.0,10.4,1250.0,24.0,177.0,80.0,100.0
7300 gt mac edition,2024.0,480.0,16.0,1250.0,24.0,177.0,90.0,125.0
7300 le,2024.0,480.0,5.184,1250.0,50.0,112.0,90.0,81.0
7300 se,2024.0,480.0,4.256,1250.0,50.0,112.0,90.0,81.0
7350 le,2024.0,480.0,6.4,1250.0,50.0,112.0,90.0,81.0
7500 le,2024.0,480.0,6.48,1250.0,50.0,112.0,90.0,81.0
7600 gs,2024.0,480.0,12.8,1250.0,27.0,177.0,80.0,100.0
7600 gs agp,2024.0,480.0,23.2,1250.0,27.0,278.0,90.0,196.0
7600 gs agp,2024.0,480.0,12.8,1250.0,27.0,177.0,80.0,100.0
7600 gt,2024.0,480.0,22.4,1250.0,40.0,177.0,80.0,100.0
7600 gt mac edition,2024.0,480.0,22.4,1250.0,40.0,177.0,90.0,125.0
7600 gt mac edition,2024.0,480.0,22.4,1250.0,40.0,177.0,80.0,100.0
7600 le,2024.0,480.0,12.8,1250.0,50.0,177.0,80.0,100.0
7650 gs,2024.0,480.0,12.8,1250.0,50.0,177.0,80.0,100.0
7800 gs 20pipes agp,2024.0,480.0,40.0,1250.0,75.0,302.0,110.0,333.0
7800 gs 20pipes agp,2024.0,480.0,40.0,1250.0,75.0,278.0,90.0,196.0
7800 gs 24pipes agp,2024.0,480.0,40.0,1250.0,75.0,302.0,110.0,333.0
7800 gs 24pipes agp,2024.0,480.0,40.0,1250.0,75.0,278.0,90.0,196.0
7800 gs agp,2024.0,480.0,38.4,1250.0,75.0,302.0,110.0,333.0
7800 gs agp,2024.0,480.0,38.4,1250.0,75.0,278.0,90.0,196.0
7900 gs,2024.0,480.0,42.24,1250.0,49.0,278.0,90.0,196.0
7900 gs agp,2024.0,480.0,42.24,1250.0,65.0,278.0,90.0,196.0
7900 gt,2024.0,480.0,42.24,1250.0,48.0,278.0,90.0,196.0
7900 gto,2024.0,480.0,42.24,1250.0,81.0,278.0,90.0,196.0
7900 gtx,2024.0,480.0,51.2,1250.0,84.0,278.0,90.0,196.0
7900 gx2,2024.0,480.0,38.4,1250.0,110.0,278.0,90.0,196.0
7950 gt,2024.0,480.0,44.8,1250.0,65.0,278.0,90.0,196.0
7950 gx2,2024.0,480.0,38.4,1250.0,110.0,278.0,90.0,196.0
8800 gts 640,2024.0,96.0,63.36,1250.0,143.0,681.0,90.0,484.0
8800 gtx,2024.0,128.0,86.4,1250.0,155.0,681.0,90.0,484.0
go 6100 nforce go 430,2024.0,480.0,40.0,1250.0,50.0,29.0,90.0,154.0
go 6150 nforce go 430,2024.0,480.0,40.0,1250.0,50.0,29.0,90.0,154.0
go 6200,2024.0,480.0,4.8,1250.0,16.0,75.0,110.0,110.0
go 6250,2024.0,480.0,5.6,1250.0,10.0,75.0,110.0,110.0
go 6400,2024.0,480.0,5.6,1250.0,50.0,75.0,110.0,110.0
go 7200,2024.0,480.0,2.8,1250.0,50.0,112.0,90.0,81.0
go 7300,2024.0,480.0,5.6,1250.0,50.0,112.0,90.0,81.0
go 7300t,2024.0,480.0,5.6,1250.0,50.0,112.0,90.0,81.0
go 7400,2024.0,480.0,3.6,1250.0,50.0,112.0,90.0,81.0
go 7400,2024.0,480.0,7.2,1250.0,50.0,112.0,90.0,81.0
go 7400t,2024.0,480.0,7.2,1250.0,50.0,112.0,90.0,81.0
go 7450,2024.0,480.0,12.8,1250.0,50.0,112.0,90.0,81.0
go 7600,2024.0,480.0,11.2,1250.0,50.0,177.0,90.0,125.0
go 7600 gt,2024.0,480.0,19.2,1250.0,50.0,177.0,80.0,100.0
go 7700,2024.0,480.0,16.0,1250.0,50.0,177.0,80.0,100.0
go 7800,2024.0,480.0,35.2,1250.0,35.0,302.0,110.0,333.0
go 7900 gs,2024.0,480.0,32.0,1250.0,20.0,278.0,90.0,196.0
go 7900 gtx,2024.0,480.0,38.4,1250.0,45.0,278.0,90.0,196.0
go 7900 se,2024.0,480.0,21.31,1250.0,20.0,177.0,90.0,125.0
go 7950 gtx,2024.0,480.0,44.8,1250.0,45.0,278.0,90.0,196.0
go 7950 gtx mxm iv,2024.0,480.0,44.8,1250.0,45.0,278.0,90.0,196.0
playstation 3 gpu 90nm,2024.0,480.0,20.8,1250.0,80.0,300.0,90.0,258.0
quadro fx 1500,2024.0,480.0,40.0,1250.0,65.0,278.0,90.0,196.0
quadro fx 1500m,2024.0,480.0,32.0,1250.0,45.0,278.0,90.0,196.0
quadro fx 350,2024.0,480.0,6.48,1250.0,21.0,112.0,90.0,81.0
quadro fx 3500,2024.0,480.0,42.24,1250.0,80.0,278.0,90.0,196.0
quadro fx 350m,2024.0,480.0,14.4,1250.0,15.0,112.0,90.0,81.0
quadro fx 4500 sdi,2024.0,480.0,33.6,1250.0,116.0,302.0,110.0,333.0
quadro fx 4500 x2,2024.0,480.0,38.72,1250.0,145.0,278.0,90.0,196.0
quadro fx 550,2024.0,480.0,12.8,1250.0,30.0,146.0,110.0,154.0
quadro fx 5500,2024.0,480.0,32.32,1250.0,96.0,278.0,90.0,196.0
quadro fx 5500 sdi,2024.0,480.0,32.32,1250.0,104.0,278.0,90.0,196.0
quadro fx 550m,2024.0,480.0,16.0,1250.0,35.0,177.0,90.0,125.0
quadro fx 560,2024.0,480.0,19.2,1250.0,30.0,177.0,90.0,125.0
quadro nvs 110m,2024.0,480.0,4.8,1250.0,10.0,112.0,90.0,81.0
quadro nvs 120m,2024.0,480.0,11.2,1250.0,10.0,112.0,90.0,81.0
quadro nvs 285,2024.0,480.0,4.8,1250.0,18.0,75.0,110.0,110.0
quadro nvs 300m,2024.0,480.0,22.4,1250.0,16.0,177.0,90.0,125.0
quadro nvs 440 pcie x1,2024.0,480.0,8.0,1250.0,31.0,146.0,110.0,154.0
quadro nvs 440 pcie x16,2024.0,480.0,8.0,1250.0,31.0,146.0,110.0,154.0
quadro nvs 510m,2024.0,480.0,19.2,1250.0,35.0,278.0,90.0,196.0
7050 nforce 620i,2024.0,480.0,40.0,630.0,50.0,112.0,90.0,81.0
7050 nforce 630i,2024.0,480.0,40.0,630.0,50.0,112.0,90.0,81.0
7100 nforce 630i,2024.0,480.0,40.0,1250.0,50.0,112.0,90.0,81.0
7150 nforce 630i,2024.0,480.0,40.0,1250.0,50.0,112.0,90.0,81.0
7150m nforce 630m,2024.0,480.0,40.0,1250.0,50.0,112.0,90.0,81.0
7600 gt agp,2024.0,480.0,22.4,1250.0,40.0,177.0,80.0,100.0
7950 gt agp,2024.0,480.0,38.4,1250.0,65.0,278.0,90.0,196.0
8300 gs,2024.0,8.0,6.4,1250.0,40.0,210.0,80.0,127.0
8400,2024.0,8.0,8.0,1250.0,25.0,210.0,65.0,86.0
8400 gs,2024.0,16.0,6.4,1250.0,40.0,210.0,80.0,127.0
8400 gs pci,2024.0,8.0,5.328,1250.0,25.0,210.0,65.0,86.0
8400 gs pci rev 2,2024.0,16.0,8.0,1250.0,40.0,260.0,40.0,57.0
8400 gs rev 2,2024.0,8.0,6.4,1250.0,25.0,210.0,65.0,86.0
8400m g,2024.0,8.0,6.4,1250.0,10.0,210.0,80.0,127.0
8400m gs,2024.0,16.0,6.4,1250.0,11.0,210.0,80.0,127.0
8400m gt,2024.0,16.0,19.26,1250.0,14.0,210.0,80.0,127.0
8500 gt,2024.0,16.0,12.8,1250.0,30.0,210.0,80.0,127.0
8600 gs,2024.0,16.0,12.8,1250.0,47.0,289.0,80.0,169.0
8600 gt,2024.0,32.0,22.4,1250.0,47.0,289.0,80.0,169.0
8600 gt mac edition,2024.0,32.0,24.0,1250.0,47.0,289.0,80.0,169.0
8600 gts,2024.0,32.0,32.0,1250.0,60.0,289.0,80.0,169.0
8600 gts mac edition,2024.0,32.0,32.26,1250.0,75.0,289.0,80.0,169.0
8600m gs,2024.0,16.0,12.8,1250.0,20.0,210.0,80.0,127.0
8600m gt,2024.0,32.0,12.8,1250.0,20.0,289.0,80.0,169.0
8600m gt,2024.0,32.0,22.4,1250.0,20.0,289.0,80.0,169.0
8600m gt mac edition,2024.0,32.0,20.32,1250.0,20.0,289.0,80.0,169.0
8700m gt,2024.0,32.0,25.6,1250.0,29.0,289.0,80.0,169.0
8800 gt,2024.0,112.0,57.6,1250.0,125.0,754.0,65.0,324.0
8800 gts 320,2024.0,96.0,63.36,1250.0,143.0,681.0,90.0,484.0
8800 gts 512,2024.0,128.0,52.48,1250.0,135.0,754.0,65.0,324.0
8800 gts core 112,2024.0,112.0,64.0,1250.0,150.0,681.0,90.0,484.0
8800 ultra,2024.0,128.0,103.7,1250.0,171.0,681.0,90.0,484.0
8800m gts,2024.0,64.0,51.2,1250.0,50.0,754.0,65.0,324.0
8800m gtx,2024.0,96.0,51.2,1250.0,65.0,754.0,65.0,324.0
quadro fx 1600m,2024.0,32.0,25.6,1250.0,50.0,289.0,80.0,169.0
quadro fx 1700,2024.0,32.0,25.6,1250.0,42.0,289.0,80.0,169.0
quadro fx 3500m,2024.0,480.0,38.4,1250.0,45.0,278.0,90.0,196.0
quadro fx 360m,2024.0,16.0,6.4,1250.0,17.0,210.0,80.0,127.0
quadro fx 370,2024.0,16.0,8.0,1250.0,35.0,289.0,80.0,169.0
quadro fx 4600,2024.0,96.0,67.2,1250.0,134.0,681.0,90.0,484.0
quadro fx 4600 sdi,2024.0,96.0,67.2,1250.0,154.0,681.0,90.0,484.0
quadro fx 5600,2024.0,128.0,76.8,1250.0,171.0,681.0,90.0,484.0
quadro fx 5600 mac edition,2024.0,128.0,76.8,1250.0,171.0,681.0,90.0,484.0
quadro fx 570,2024.0,16.0,12.8,1250.0,38.0,289.0,80.0,169.0
quadro fx 570m,2024.0,32.0,22.46,1250.0,45.0,289.0,80.0,169.0
quadro nvs 130m,2024.0,8.0,11.2,1250.0,10.0,210.0,80.0,127.0
quadro nvs 135m,2024.0,16.0,9.504,1250.0,10.0,210.0,80.0,127.0
quadro nvs 140m,2024.0,16.0,9.6,1250.0,10.0,210.0,80.0,127.0
quadro nvs 290,2024.0,16.0,6.4,1250.0,21.0,210.0,80.0,127.0
quadro nvs 320m,2024.0,32.0,22.4,1250.0,20.0,289.0,80.0,169.0
tesla c870,2024.0,128.0,76.8,1250.0,171.0,681.0,90.0,484.0
tesla d870,2024.0,128.0,76.8,1250.0,520.0,681.0,90.0,484.0
tesla s870,2024.0,128.0,76.8,1250.0,800.0,681.0,90.0,484.0
8100 nforce 720a,2024.0,16.0,40.0,1250.0,40.0,210.0,80.0,127.0
8200,2024.0,16.0,40.0,1250.0,40.0,210.0,80.0,127.0
8200m g mgpu,2024.0,16.0,40.0,1250.0,12.0,210.0,80.0,127.0
8200m g mgpu intel,2024.0,16.0,40.0,1250.0,12.0,314.0,65.0,144.0
8300,2024.0,16.0,40.0,1250.0,40.0,210.0,80.0,127.0
8400 se,2024.0,16.0,6.4,1250.0,50.0,210.0,80.0,127.0
8800 gs,2024.0,96.0,38.4,1250.0,105.0,754.0,65.0,324.0
8800 gs mac edition,2024.0,64.0,51.14,1250.0,105.0,754.0,65.0,324.0
8800 gt mac edition,2024.0,112.0,57.6,1250.0,125.0,754.0,65.0,324.0
9100,2024.0,16.0,40.0,1250.0,40.0,210.0,80.0,127.0
9100m g mgpu,2024.0,16.0,40.0,1250.0,12.0,210.0,80.0,127.0
9100m g mgpu intel,2024.0,8.0,40.0,1250.0,12.0,314.0,65.0,144.0
9200,2024.0,16.0,40.0,1250.0,40.0,314.0,65.0,144.0
9200,2024.0,16.0,40.0,1250.0,40.0,210.0,80.0,127.0
9200m,2024.0,16.0,40.0,1250.0,12.0,314.0,65.0,144.0
9200m gs,2024.0,8.0,6.4,1250.0,13.0,210.0,65.0,86.0
9200m gs gddr3,2024.0,8.0,11.23,1250.0,13.0,210.0,55.0,80.0
9300 nforce 730i,2024.0,16.0,40.0,1250.0,40.0,314.0,65.0,144.0
9300 ge,2024.0,8.0,6.4,1250.0,50.0,210.0,55.0,80.0
9300 gs,2024.0,8.0,5.328,1250.0,50.0,210.0,65.0,86.0
9300 se,2024.0,8.0,6.4,1250.0,50.0,210.0,65.0,86.0
9300m g,2024.0,16.0,6.4,1250.0,13.0,210.0,80.0,127.0
9300m gs,2024.0,8.0,6.4,1250.0,13.0,210.0,65.0,86.0
9300m gs gddr3,2024.0,8.0,11.23,1250.0,13.0,210.0,55.0,80.0
9400,2024.0,16.0,40.0,1250.0,40.0,314.0,65.0,144.0
9400,2024.0,16.0,40.0,1250.0,40.0,314.0,65.0,144.0
9400,2024.0,16.0,40.0,1250.0,40.0,210.0,80.0,127.0
9400 gt,2024.0,16.0,9.6,1250.0,50.0,210.0,80.0,127.0
9400 gt,2024.0,16.0,12.8,1250.0,50.0,314.0,55.0,121.0
9400 gt pci,2024.0,16.0,12.8,1250.0,50.0,314.0,55.0,121.0
9400 gt rev 2,2024.0,16.0,12.8,1250.0,50.0,314.0,55.0,121.0
9400m,2024.0,16.0,40.0,1250.0,12.0,314.0,65.0,144.0
9400m,2024.0,16.0,40.0,1250.0,12.0,314.0,65.0,144.0
9400m g,2024.0,16.0,40.0,1250.0,12.0,314.0,65.0,144.0
9500 gs,2024.0,32.0,16.13,1250.0,40.0,314.0,65.0,144.0
9500 gs rev 2,2024.0,32.0,16.0,1250.0,40.0,314.0,55.0,121.0
9500 gt,2024.0,32.0,32.0,1250.0,50.0,314.0,65.0,144.0
9500 gt rev 2,2024.0,32.0,28.8,1250.0,50.0,314.0,55.0,121.0
9500 gt rev 3,2024.0,32.0,25.6,1250.0,50.0,314.0,55.0,121.0
9500m g,2024.0,16.0,25.6,1250.0,20.0,314.0,65.0,144.0
9500m gs,2024.0,32.0,22.4,1250.0,20.0,289.0,80.0,169.0
9600 gs oem,2024.0,48.0,48.0,1250.0,50.0,505.0,65.0,240.0
9600 gso,2024.0,96.0,38.4,1250.0,84.0,754.0,65.0,324.0
9600 gso 512,2024.0,48.0,57.6,1250.0,90.0,505.0,65.0,240.0
9600 gt,2024.0,64.0,57.6,1250.0,95.0,505.0,65.0,240.0
9600 gt green edition,2024.0,64.0,44.8,1250.0,95.0,505.0,65.0,240.0
9600 gt mac edition,2024.0,64.0,17.02,1250.0,95.0,505.0,65.0,240.0
9600 gt rev 2,2024.0,64.0,57.6,1250.0,95.0,505.0,55.0,196.0
9600m gs,2024.0,32.0,25.6,1250.0,20.0,314.0,55.0,121.0
9600m gt,2024.0,32.0,25.34,1250.0,23.0,314.0,55.0,121.0
9600m gt mac edition,2024.0,32.0,25.34,1250.0,23.0,314.0,55.0,121.0
9650m gs,2024.0,32.0,25.6,1250.0,29.0,289.0,80.0,169.0
9650m gt,2024.0,32.0,25.6,1250.0,23.0,314.0,55.0,121.0
9700m gt,2024.0,32.0,25.6,1250.0,45.0,314.0,65.0,144.0
9700m gts,2024.0,48.0,51.2,1250.0,60.0,505.0,65.0,240.0
9800 gt,2024.0,112.0,57.6,1250.0,125.0,754.0,65.0,324.0
9800 gt,2024.0,112.0,57.6,1250.0,125.0,754.0,55.0,260.0
9800 gt rebrand,2024.0,128.0,64.0,1250.0,125.0,754.0,65.0,324.0
9800 gtx,2024.0,128.0,70.4,1250.0,140.0,754.0,65.0,324.0
9800 gx2,2024.0,128.0,64.0,1250.0,197.0,754.0,65.0,324.0
9800m gs,2024.0,64.0,51.2,1250.0,60.0,505.0,65.0,240.0
9800m gt,2024.0,96.0,51.2,1250.0,65.0,754.0,65.0,324.0
9800m gts,2024.0,64.0,51.2,1250.0,75.0,505.0,65.0,240.0
9800m gts,2024.0,64.0,51.2,1250.0,75.0,505.0,65.0,240.0
9800m gtx,2024.0,112.0,51.2,1250.0,75.0,754.0,65.0,324.0
9800s,2024.0,64.0,51.14,1250.0,75.0,505.0,65.0,240.0
gt 120m mac edition,2024.0,32.0,25.34,1250.0,14.0,314.0,55.0,121.0
gt 130 mac edition,2024.0,48.0,38.02,1250.0,75.0,505.0,55.0,196.0
ion,2024.0,16.0,40.0,1250.0,20.0,282.0,65.0,162.0
ion,2024.0,16.0,40.0,1250.0,20.0,314.0,65.0,144.0
ion,2024.0,16.0,40.0,1250.0,20.0,282.0,65.0,162.0
ion,2024.0,16.0,40.0,1250.0,20.0,282.0,65.0,162.0
ion hx,2024.0,16.0,40.0,1250.0,20.0,282.0,65.0,162.0
ion le,2024.0,16.0,40.0,1250.0,20.0,282.0,65.0,162.0
quadro fx 1700 mac edition,2024.0,32.0,20.8,1250.0,42.0,289.0,80.0,169.0
quadro fx 1700m,2024.0,32.0,25.6,1250.0,50.0,314.0,65.0,144.0
quadro fx 2700m,2024.0,48.0,51.14,1250.0,65.0,505.0,65.0,240.0
quadro fx 3600m,2024.0,64.0,51.14,1250.0,70.0,754.0,65.0,324.0
quadro fx 3600m,2024.0,96.0,51.2,1250.0,70.0,754.0,65.0,324.0
quadro fx 370 lp,2024.0,8.0,8.0,1250.0,25.0,210.0,65.0,86.0
quadro fx 3700,2024.0,112.0,51.2,1250.0,78.0,754.0,65.0,324.0
quadro fx 3700m,2024.0,128.0,51.2,1250.0,75.0,754.0,65.0,324.0
quadro fx 370m,2024.0,8.0,6.4,1250.0,20.0,210.0,65.0,86.0
quadro fx 3800m,2024.0,128.0,64.0,1250.0,100.0,754.0,55.0,260.0
quadro fx 470 mgpu,2024.0,16.0,40.0,1250.0,38.0,314.0,65.0,144.0
quadro fx 4700 x2,2024.0,128.0,51.2,1250.0,226.0,754.0,65.0,324.0
quadro fx 770m,2024.0,32.0,25.6,1250.0,35.0,314.0,65.0,144.0
quadro nvs 150m,2024.0,8.0,11.2,1250.0,10.0,210.0,65.0,86.0
quadro nvs 160m,2024.0,8.0,11.2,1250.0,12.0,210.0,65.0,86.0
quadro nvs 450,2024.0,8.0,11.2,1250.0,35.0,210.0,55.0,80.0
quadro plex 1000 model iv,2024.0,128.0,76.8,1250.0,320.0,681.0,90.0,484.0
quadro plex 2100 d4,2024.0,128.0,51.2,1250.0,640.0,754.0,65.0,324.0
quadro plex 2100 s4,2024.0,128.0,76.8,1250.0,640.0,681.0,90.0,484.0
quadro vx 200,2024.0,112.0,51.2,1250.0,75.0,754.0,65.0,324.0
gtx 260,2024.0,192.0,111.9,1250.0,182.0,1.0,65.0,576.0
gtx 260 core 216,2024.0,216.0,111.9,1250.0,182.0,1.0,65.0,576.0
gtx 260 core 216 rev 2,2024.0,216.0,111.9,1250.0,171.0,1.0,55.0,470.0
gtx 260 rev 2,2024.0,192.0,111.9,1250.0,182.0,1.0,55.0,470.0
gtx 280,2024.0,240.0,141.7,1250.0,236.0,1.0,65.0,576.0
gtx 285,2024.0,240.0,159.0,1250.0,204.0,1.0,55.0,470.0
ion,2024.0,16.0,40.0,1250.0,20.0,260.0,40.0,57.0
ion 2,2024.0,16.0,40.0,1250.0,20.0,260.0,40.0,57.0
quadro cx,2024.0,192.0,76.8,1250.0,150.0,1.0,55.0,470.0
quadro fx 4800,2024.0,192.0,76.8,1250.0,150.0,1.0,55.0,470.0
quadro fx 4800 mac edition,2024.0,192.0,76.8,1250.0,150.0,1.0,55.0,470.0
quadro fx 5800,2024.0,240.0,102.4,1250.0,189.0,1.0,55.0,470.0
quadro plex 2200 d2,2024.0,240.0,102.4,1250.0,640.0,1.0,55.0,470.0
quadro plex 2200 s4,2024.0,240.0,102.4,1250.0,600.0,1.0,55.0,470.0
tesla m1060,2024.0,240.0,102.4,1250.0,188.0,1.0,55.0,470.0
tesla s1070,2024.0,240.0,102.4,1250.0,800.0,1.0,55.0,470.0
tesla s1075,2024.0,240.0,102.4,1250.0,800.0,1.0,55.0,470.0
6200 pci,2024.0,480.0,3.2,1250.0,50.0,75.0,110.0,110.0
6200 x2 pci,2024.0,480.0,3.2,1250.0,50.0,75.0,110.0,110.0
7050 nforce 610i,2024.0,480.0,40.0,1250.0,50.0,112.0,90.0,81.0
playstation 3 gpu 65nm,2024.0,480.0,20.8,1250.0,58.0,300.0,65.0,186.0
quadro plex 1000 model ii,2024.0,480.0,33.6,1250.0,640.0,302.0,110.0,333.0
205 oem,2024.0,16.0,6.4,1250.0,31.0,260.0,40.0,57.0
210,2024.0,16.0,6.4,1250.0,31.0,260.0,40.0,57.0
210 oem,2024.0,16.0,6.4,1250.0,31.0,486.0,40.0,100.0
210 pci,2024.0,16.0,6.4,1250.0,31.0,486.0,40.0,100.0
210 rev 2,2024.0,16.0,6.4,1250.0,31.0,260.0,40.0,57.0
310 oem,2024.0,16.0,5.328,1250.0,31.0,260.0,40.0,57.0
9600 gtx,2024.0,96.0,44.8,1250.0,140.0,754.0,65.0,324.0
9800 gtx,2024.0,128.0,70.4,1250.0,141.0,754.0,55.0,260.0
g100 oem,2024.0,8.0,6.4,1250.0,35.0,210.0,65.0,86.0
g102m,2024.0,16.0,40.0,1250.0,14.0,314.0,65.0,144.0
g103m,2024.0,8.0,8.0,1250.0,14.0,210.0,65.0,86.0
g105m,2024.0,16.0,11.2,1250.0,14.0,260.0,40.0,57.0
g105m,2024.0,16.0,12.64,1250.0,14.0,260.0,40.0,57.0
g105m,2024.0,8.0,11.2,1250.0,14.0,210.0,65.0,86.0
g110m,2024.0,16.0,11.2,1250.0,14.0,314.0,55.0,121.0
g205m,2024.0,16.0,40.0,1250.0,14.0,314.0,65.0,144.0
g210 oem,2024.0,16.0,8.064,1250.0,31.0,314.0,55.0,121.0
g210 oem rev 2,2024.0,16.0,6.4,1250.0,31.0,260.0,40.0,57.0
g210m,2024.0,16.0,12.64,1250.0,14.0,260.0,40.0,57.0
gt 120 mac edition,2024.0,32.0,25.6,1250.0,50.0,314.0,55.0,121.0
gt 120 oem,2024.0,32.0,16.13,1250.0,50.0,314.0,55.0,121.0
gt 120m,2024.0,32.0,16.0,1250.0,14.0,314.0,55.0,121.0
gt 130 oem,2024.0,48.0,24.0,1250.0,75.0,505.0,55.0,196.0
gt 130m,2024.0,32.0,25.6,1250.0,23.0,314.0,55.0,121.0
gt 140 oem,2024.0,64.0,57.6,1250.0,105.0,505.0,55.0,196.0
gt 220,2024.0,48.0,12.8,1250.0,58.0,486.0,40.0,100.0
gt 220 oem,2024.0,48.0,22.4,1250.0,58.0,727.0,40.0,144.0
gt 220m,2024.0,32.0,16.0,1250.0,14.0,314.0,55.0,121.0
gt 230,2024.0,48.0,57.6,1250.0,75.0,505.0,55.0,196.0
gt 230 oem,2024.0,96.0,24.0,1250.0,75.0,754.0,55.0,260.0
gt 230m,2024.0,48.0,25.28,1250.0,23.0,486.0,40.0,100.0
gt 240,2024.0,96.0,54.4,1250.0,69.0,727.0,40.0,144.0
gt 240m,2024.0,48.0,25.28,1250.0,23.0,486.0,40.0,100.0
gt 320m,2024.0,32.0,16.0,1250.0,14.0,314.0,55.0,121.0
gts 150 oem,2024.0,128.0,64.0,1250.0,141.0,754.0,65.0,324.0
gts 150m,2024.0,64.0,51.2,1250.0,45.0,505.0,65.0,240.0
gts 160m,2024.0,64.0,51.2,1250.0,60.0,505.0,65.0,240.0
gts 240 oem,2024.0,112.0,70.4,1250.0,120.0,754.0,55.0,260.0
gts 250,2024.0,128.0,64.51,1250.0,150.0,754.0,55.0,260.0
gts 250,2024.0,128.0,64.0,1250.0,150.0,754.0,55.0,260.0
gts 250m,2024.0,96.0,50.56,1250.0,28.0,727.0,40.0,144.0
gts 260m,2024.0,96.0,54.4,1250.0,38.0,727.0,40.0,144.0
gtx 260 oem,2024.0,192.0,112.9,1250.0,150.0,1.0,65.0,576.0
gtx 260m,2024.0,112.0,60.8,1250.0,65.0,754.0,65.0,324.0
gtx 275,2024.0,240.0,127.0,1250.0,219.0,1.0,55.0,470.0
gtx 280m,2024.0,128.0,60.8,1250.0,75.0,754.0,55.0,260.0
gtx 285 mac edition,2024.0,240.0,159.0,1250.0,204.0,1.0,55.0,470.0
gtx 285 x2,2024.0,240.0,147.5,1250.0,315.0,1.0,55.0,470.0
gtx 295,2024.0,240.0,111.9,1250.0,289.0,1.0,55.0,470.0
gtx 295 single pcb,2024.0,240.0,112.9,1250.0,289.0,1.0,55.0,470.0
quadro fx 1800,2024.0,64.0,38.4,1250.0,59.0,505.0,65.0,240.0
quadro fx 1800m,2024.0,72.0,25.28,1250.0,45.0,727.0,40.0,144.0
quadro fx 2800m,2024.0,96.0,64.0,1250.0,75.0,754.0,55.0,260.0
quadro fx 380,2024.0,16.0,22.4,1250.0,34.0,314.0,65.0,144.0
quadro fx 380 lp,2024.0,16.0,12.8,1250.0,28.0,260.0,40.0,57.0
quadro fx 3800,2024.0,192.0,51.2,1250.0,108.0,1.0,55.0,470.0
quadro fx 580,2024.0,32.0,25.6,1250.0,40.0,314.0,55.0,121.0
quadro nvs 295,2024.0,8.0,11.12,1250.0,23.0,210.0,65.0,86.0
quadro nvs 420,2024.0,8.0,11.2,1250.0,40.0,210.0,65.0,86.0
tesla c1060,2024.0,240.0,102.4,1250.0,188.0,1.0,55.0,470.0
tesla c1080,2024.0,240.0,102.4,1250.0,188.0,1.0,55.0,470.0
305m,2024.0,16.0,11.2,1250.0,14.0,260.0,40.0,57.0
310m,2024.0,16.0,12.64,1250.0,14.0,260.0,40.0,57.0
310m,2024.0,16.0,10.67,1250.0,14.0,260.0,40.0,57.0
310m,2024.0,16.0,12.64,1250.0,14.0,260.0,40.0,57.0
315 oem,2024.0,48.0,12.64,1250.0,33.0,486.0,40.0,100.0
320m mac edition,2024.0,48.0,40.0,1250.0,23.0,486.0,40.0,100.0
405 oem,2024.0,16.0,12.64,1250.0,25.0,260.0,40.0,57.0
405 oem,2024.0,48.0,12.8,1250.0,25.0,486.0,40.0,100.0
405 oem,2024.0,24.0,12.8,1250.0,25.0,486.0,40.0,100.0
8400 gs rev 3,2024.0,8.0,6.4,1250.0,25.0,260.0,40.0,57.0
9500 gt mac edition,2024.0,32.0,25.6,1250.0,50.0,314.0,55.0,121.0
gt 220,2024.0,48.0,22.4,1250.0,58.0,505.0,65.0,240.0
gt 240m le,2024.0,32.0,25.6,1250.0,23.0,314.0,55.0,121.0
gt 320 oem,2024.0,72.0,25.28,1250.0,43.0,727.0,40.0,144.0
gt 320m,2024.0,24.0,25.28,1250.0,23.0,486.0,40.0,100.0
gt 325m,2024.0,48.0,22.4,1250.0,23.0,486.0,40.0,100.0
gt 330 oem,2024.0,96.0,16.32,1250.0,75.0,754.0,55.0,260.0
gt 330 oem,2024.0,96.0,25.28,1250.0,75.0,727.0,40.0,144.0
gt 330 oem,2024.0,96.0,32.0,1250.0,75.0,727.0,40.0,144.0
gt 330 oem,2024.0,96.0,51.2,1250.0,75.0,754.0,65.0,324.0
gt 330m,2024.0,24.0,25.28,1250.0,23.0,486.0,40.0,100.0
gt 330m,2024.0,48.0,25.28,1250.0,23.0,486.0,40.0,100.0
gt 330m,2024.0,48.0,22.4,1250.0,23.0,486.0,40.0,100.0
gt 330m mac edition,2024.0,48.0,25.28,1250.0,23.0,486.0,40.0,100.0
gt 335m,2024.0,72.0,25.28,1250.0,28.0,727.0,40.0,144.0
gt 340 oem,2024.0,96.0,27.2,1250.0,69.0,727.0,40.0,144.0
gt 415 oem,2024.0,48.0,10.66,1250.0,32.0,486.0,40.0,100.0
gt 415m,2024.0,48.0,25.6,1250.0,12.0,585.0,40.0,116.0
gt 420 oem,2024.0,48.0,28.8,1250.0,50.0,585.0,40.0,116.0
gt 420m,2024.0,96.0,25.6,1250.0,23.0,585.0,40.0,116.0
gt 425m,2024.0,96.0,25.6,1250.0,23.0,585.0,40.0,116.0
gt 430,2024.0,96.0,12.8,1250.0,49.0,585.0,40.0,116.0
gt 430 oem,2024.0,96.0,25.6,1250.0,49.0,585.0,40.0,116.0
gt 430 pci,2024.0,96.0,9.6,1250.0,49.0,585.0,40.0,116.0
gt 435m,2024.0,96.0,25.6,1250.0,35.0,585.0,40.0,116.0
gt 440 oem,2024.0,144.0,43.2,1250.0,65.0,1.0,40.0,238.0
gt 445m,2024.0,144.0,38.4,1250.0,35.0,1.0,40.0,238.0
gt 445m,2024.0,144.0,40.0,1250.0,35.0,1.0,40.0,238.0
gts 350m,2024.0,96.0,50.56,1250.0,28.0,727.0,40.0,144.0
gts 360m,2024.0,96.0,57.6,1250.0,38.0,727.0,40.0,144.0
gts 450,2024.0,192.0,57.73,1250.0,106.0,1.0,40.0,238.0
gts 450 oem,2024.0,144.0,57.73,1250.0,106.0,1.0,40.0,238.0
gts 450 oem,2024.0,144.0,96.0,1250.0,106.0,1.0,40.0,238.0
gtx 275 physx edition,2024.0,240.0,127.0,1250.0,219.0,1.0,55.0,470.0
gtx 285m,2024.0,128.0,64.0,1250.0,75.0,754.0,55.0,260.0
gtx 460,2024.0,336.0,115.2,1250.0,160.0,1.0,40.0,332.0
gtx 460,2024.0,336.0,86.4,1250.0,160.0,1.0,40.0,332.0
gtx 460 oem,2024.0,336.0,108.8,1250.0,150.0,1.0,40.0,332.0
gtx 460 se,2024.0,288.0,108.8,1250.0,150.0,1.0,40.0,332.0
gtx 460 se v2,2024.0,288.0,81.6,1250.0,150.0,1.0,40.0,332.0
gtx 460m,2024.0,192.0,60.0,1250.0,50.0,1.0,40.0,238.0
gtx 465,2024.0,352.0,102.7,1250.0,200.0,3.0,40.0,529.0
gtx 470,2024.0,448.0,133.9,1250.0,215.0,3.0,40.0,529.0
gtx 470m,2024.0,288.0,72.0,1250.0,75.0,1.0,40.0,332.0
gtx 480,2024.0,480.0,177.4,1250.0,250.0,3.0,40.0,529.0
gtx 480m,2024.0,352.0,76.8,1250.0,100.0,3.0,40.0,529.0
gtx 570,2024.0,480.0,152.0,1250.0,219.0,3.0,40.0,520.0
gtx 570 rev 2,2024.0,480.0,152.0,1250.0,219.0,3.0,40.0,520.0
gtx 580,2024.0,512.0,192.4,1250.0,244.0,3.0,40.0,520.0
nvs 2100m,2024.0,16.0,12.64,1250.0,11.0,260.0,40.0,57.0
nvs 3100m,2024.0,16.0,12.64,1250.0,14.0,260.0,40.0,57.0
nvs 5100m,2024.0,48.0,25.6,1250.0,35.0,486.0,40.0,100.0
quadro 2000,2024.0,192.0,41.6,1250.0,62.0,1.0,40.0,238.0
quadro 4000,2024.0,256.0,89.86,1250.0,142.0,3.0,40.0,529.0
quadro 5000m,2024.0,320.0,76.8,1250.0,100.0,3.0,40.0,529.0
quadro 600,2024.0,96.0,25.6,1250.0,40.0,585.0,40.0,116.0
quadro 6000,2024.0,448.0,143.4,1250.0,204.0,3.0,40.0,529.0
quadro fx 380m,2024.0,16.0,12.64,1250.0,25.0,260.0,40.0,57.0
quadro fx 880m,2024.0,48.0,25.28,1250.0,35.0,486.0,40.0,100.0
tegra 2 gpu,2024.0,480.0,2.664,400.0,20.0,29.0,40.0,154.0
315 oem,2024.0,48.0,5.6,1250.0,33.0,727.0,40.0,144.0
315 oem,2024.0,16.0,9.6,1250.0,33.0,260.0,40.0,57.0
315m,2024.0,16.0,12.64,1250.0,14.0,260.0,40.0,57.0
405m,2024.0,16.0,12.64,1250.0,14.0,260.0,40.0,57.0
410m,2024.0,48.0,12.8,1250.0,12.0,292.0,40.0,79.0
510 oem,2024.0,48.0,14.37,1250.0,25.0,292.0,40.0,79.0
610,2024.0,48.0,14.4,1250.0,12.0,292.0,40.0,79.0
610m,2024.0,48.0,12.8,1250.0,12.0,292.0,40.0,79.0
610m,2024.0,48.0,14.4,1250.0,12.0,585.0,28.0,116.0
610m,2024.0,48.0,12.8,1250.0,12.0,585.0,40.0,116.0
9300 gs rev 2,2024.0,16.0,5.328,1250.0,50.0,260.0,40.0,57.0
gt 435m,2024.0,96.0,25.6,1250.0,35.0,1.0,40.0,238.0
gt 440,2024.0,96.0,28.8,1250.0,65.0,585.0,40.0,116.0
gt 440 mac edition,2024.0,96.0,21.34,1250.0,65.0,585.0,40.0,116.0
gt 520,2024.0,48.0,14.4,1250.0,29.0,292.0,40.0,79.0
gt 520 pci,2024.0,48.0,14.4,1250.0,29.0,292.0,40.0,79.0
gt 520 pcie x1,2024.0,48.0,14.4,1250.0,29.0,292.0,40.0,79.0
gt 520m,2024.0,48.0,14.4,1250.0,12.0,585.0,40.0,116.0
gt 520m,2024.0,48.0,12.8,1250.0,12.0,585.0,40.0,116.0
gt 520m,2024.0,48.0,12.8,1250.0,12.0,292.0,40.0,79.0
gt 520mx,2024.0,48.0,14.4,1250.0,20.0,292.0,40.0,79.0
gt 525m,2024.0,96.0,28.8,1250.0,23.0,585.0,40.0,116.0
gt 525m,2024.0,96.0,28.8,1250.0,23.0,585.0,40.0,116.0
gt 530 oem,2024.0,96.0,28.8,1250.0,50.0,585.0,40.0,116.0
gt 540m,2024.0,96.0,28.8,1250.0,35.0,585.0,40.0,116.0
gt 545,2024.0,144.0,38.4,1250.0,70.0,1.0,40.0,238.0
gt 545 oem,2024.0,144.0,64.0,1250.0,105.0,1.0,40.0,238.0
gt 550m,2024.0,96.0,28.8,1250.0,35.0,585.0,40.0,116.0
gt 550m,2024.0,96.0,28.8,1250.0,35.0,585.0,40.0,116.0
gt 555m,2024.0,96.0,50.24,1250.0,35.0,585.0,40.0,116.0
gt 555m,2024.0,144.0,28.8,1250.0,35.0,1.0,40.0,238.0
gt 555m,2024.0,144.0,28.8,1250.0,35.0,1.0,40.0,238.0
gt 555m 3 gb,2024.0,144.0,43.2,1250.0,35.0,1.0,40.0,238.0
gts 450 rev 2,2024.0,192.0,57.73,1250.0,106.0,1.0,40.0,238.0
gtx 460 v2,2024.0,336.0,96.19,1250.0,160.0,1.0,40.0,332.0
gtx 460 v2 es,2024.0,336.0,128.3,1250.0,160.0,1.0,40.0,332.0
gtx 460 x2,2024.0,336.0,115.2,1250.0,160.0,1.0,40.0,332.0
gtx 485m,2024.0,384.0,96.0,1250.0,100.0,1.0,40.0,332.0
gtx 550 ti,2024.0,192.0,98.5,1250.0,116.0,1.0,40.0,238.0
gtx 555 oem,2024.0,288.0,91.87,1250.0,150.0,1.0,40.0,332.0
gtx 560,2024.0,336.0,128.0,1250.0,150.0,1.0,40.0,332.0
gtx 560 oem,2024.0,384.0,128.3,1250.0,150.0,3.0,40.0,520.0
gtx 560 ti,2024.0,384.0,128.3,1250.0,170.0,1.0,40.0,332.0
gtx 560 ti 448,2024.0,448.0,152.0,1250.0,210.0,3.0,40.0,520.0
gtx 560 ti oem,2024.0,384.0,128.3,1250.0,170.0,1.0,40.0,332.0
gtx 560 ti oem,2024.0,352.0,121.6,1250.0,210.0,3.0,40.0,520.0
gtx 560 ti x2,2024.0,384.0,128.3,1250.0,170.0,1.0,40.0,332.0
gtx 560m,2024.0,192.0,60.0,1250.0,75.0,1.0,40.0,238.0
gtx 570m,2024.0,336.0,72.0,1250.0,75.0,1.0,40.0,332.0
gtx 580 rev 2,2024.0,512.0,192.4,1250.0,244.0,3.0,40.0,520.0
gtx 580m,2024.0,384.0,96.0,1250.0,100.0,1.0,40.0,332.0
gtx 590,2024.0,512.0,164.0,1250.0,365.0,3.0,40.0,520.0
nvs 300,2024.0,16.0,12.64,1250.0,18.0,260.0,40.0,57.0
nvs 4200m,2024.0,48.0,12.8,1250.0,25.0,292.0,40.0,79.0
quadro 1000m,2024.0,96.0,28.8,1250.0,45.0,585.0,40.0,116.0
quadro 2000d,2024.0,192.0,41.6,1250.0,62.0,1.0,40.0,238.0
quadro 2000m,2024.0,192.0,28.8,1250.0,55.0,1.0,40.0,238.0
quadro 3000m,2024.0,240.0,80.0,1250.0,75.0,1.0,40.0,332.0
quadro 3000m x2,2024.0,240.0,80.0,1250.0,150.0,1.0,40.0,332.0
quadro 400,2024.0,48.0,12.32,1250.0,32.0,486.0,40.0,100.0
quadro 4000 mac edition,2024.0,256.0,89.86,1250.0,142.0,3.0,40.0,529.0
quadro 4000m,2024.0,336.0,80.0,1250.0,100.0,1.0,40.0,332.0
quadro 5000,2024.0,352.0,120.0,1250.0,152.0,3.0,40.0,529.0
quadro 5000 sdi,2024.0,352.0,120.0,1250.0,172.0,3.0,40.0,529.0
quadro 500m,2024.0,96.0,25.6,1250.0,35.0,585.0,40.0,116.0
quadro 5010m,2024.0,384.0,83.2,1250.0,100.0,3.0,40.0,520.0
quadro 6000 sdi,2024.0,448.0,143.4,1250.0,231.0,3.0,40.0,529.0
quadro plex 7000,2024.0,512.0,144.0,1250.0,600.0,3.0,40.0,520.0
tegra 3 gpu,2024.0,480.0,5.336,520.0,20.0,10.0,40.0,80.0
tesla c2050,2024.0,448.0,144.0,1250.0,238.0,3.0,40.0,529.0
tesla c2070,2024.0,448.0,143.4,1250.0,238.0,3.0,40.0,529.0
tesla c2075,2024.0,448.0,150.3,1250.0,247.0,3.0,40.0,520.0
tesla c2090,2024.0,512.0,177.4,1250.0,250.0,3.0,40.0,520.0
tesla m2050,2024.0,448.0,148.4,1250.0,225.0,3.0,40.0,529.0
tesla m2070,2024.0,448.0,150.3,1250.0,225.0,3.0,40.0,529.0
tesla m2070 q,2024.0,448.0,150.3,1250.0,225.0,3.0,40.0,529.0
tesla m2075,2024.0,448.0,150.3,1250.0,225.0,3.0,40.0,520.0
tesla m2090,2024.0,512.0,177.4,1250.0,250.0,3.0,40.0,520.0
tesla s2050,2024.0,448.0,148.4,1250.0,900.0,3.0,40.0,529.0
tesla x2070,2024.0,448.0,177.4,1250.0,225.0,3.0,40.0,529.0
tesla x2090,2024.0,512.0,177.4,1250.0,225.0,3.0,40.0,520.0
605 oem,2024.0,48.0,14.35,1250.0,25.0,292.0,40.0,79.0
615 oem,2024.0,48.0,28.8,1250.0,49.0,585.0,40.0,116.0
620m,2024.0,96.0,14.4,1250.0,15.0,585.0,28.0,116.0
9400 gt rev 3,2024.0,16.0,9.6,1250.0,50.0,260.0,40.0,57.0
gt 520 oem,2024.0,48.0,8.0,1250.0,29.0,292.0,40.0,79.0
gt 520 oem,2024.0,48.0,10.67,1250.0,29.0,585.0,40.0,116.0
gt 550m,2024.0,144.0,28.8,1250.0,35.0,1.0,40.0,238.0
gt 555m 2 gb,2024.0,144.0,28.8,1250.0,35.0,1.0,40.0,238.0
gt 555m 3 gb,2024.0,144.0,43.2,1250.0,35.0,1.0,40.0,238.0
gt 610,2024.0,48.0,14.37,1250.0,29.0,292.0,40.0,79.0
gt 610 oem,2024.0,48.0,8.0,1250.0,29.0,292.0,40.0,79.0
gt 610 pci,2024.0,48.0,10.67,1250.0,29.0,292.0,40.0,79.0
gt 610 pcie x1,2024.0,48.0,8.0,1250.0,29.0,292.0,40.0,79.0
gt 620,2024.0,96.0,14.4,1250.0,49.0,585.0,40.0,116.0
gt 620 oem,2024.0,48.0,14.37,1250.0,30.0,292.0,40.0,79.0
gt 620m,2024.0,96.0,14.4,1250.0,15.0,585.0,28.0,116.0
gt 620m,2024.0,96.0,28.8,1250.0,15.0,585.0,40.0,116.0
gt 625m,2024.0,96.0,12.8,1250.0,15.0,585.0,28.0,116.0
gt 630,2024.0,96.0,28.8,1250.0,65.0,585.0,40.0,116.0
gt 630 oem,2024.0,192.0,28.51,1250.0,50.0,1.0,28.0,118.0
gt 630m,2024.0,96.0,64.0,1250.0,33.0,585.0,28.0,116.0
gt 630m,2024.0,96.0,14.4,1250.0,33.0,585.0,40.0,116.0
gt 630m,2024.0,96.0,14.4,1250.0,33.0,585.0,40.0,116.0
gt 635m,2024.0,144.0,28.8,1250.0,35.0,1.0,40.0,238.0
gt 635m,2024.0,144.0,28.8,1250.0,35.0,1.0,40.0,238.0
gt 635m,2024.0,96.0,28.8,1250.0,35.0,585.0,40.0,116.0
gt 635m,2024.0,96.0,28.8,1250.0,33.0,585.0,40.0,116.0
gt 640,2024.0,384.0,28.51,1250.0,65.0,1.0,28.0,118.0
gt 640 oem,2024.0,384.0,28.51,1250.0,50.0,1.0,28.0,118.0
gt 640 oem rebrand,2024.0,144.0,38.4,1250.0,75.0,1.0,40.0,238.0
gt 640m,2024.0,384.0,28.8,709.0,32.0,1.0,28.0,118.0
gt 640m le,2024.0,384.0,28.8,570.0,20.0,1.0,28.0,118.0
gt 640m le,2024.0,96.0,50.24,1250.0,32.0,585.0,40.0,116.0
gt 645 oem,2024.0,288.0,91.87,1250.0,102.0,1.0,40.0,332.0
gt 645m,2024.0,384.0,28.8,780.0,32.0,1.0,28.0,118.0
gt 650m,2024.0,384.0,28.8,950.0,45.0,1.0,28.0,118.0
gt 650m mac edition,2024.0,384.0,80.26,900.0,45.0,1.0,28.0,118.0
gts 450 rev 3,2024.0,144.0,22.4,1250.0,106.0,1.0,40.0,238.0
gtx 560 se,2024.0,288.0,91.87,1250.0,150.0,1.0,40.0,332.0
gtx 650,2024.0,384.0,80.0,1250.0,65.0,1.0,28.0,118.0
gtx 650 ti,2024.0,768.0,86.4,1250.0,110.0,2.0,28.0,221.0
gtx 660,2024.0,960.0,144.2,1032.0,140.0,2.0,28.0,221.0
gtx 660 oem,2024.0,1152.0,179.2,888.0,130.0,3.0,28.0,294.0
gtx 660 oem,2024.0,1152.0,134.4,888.0,130.0,3.0,28.0,294.0
gtx 660 ti,2024.0,1344.0,144.2,980.0,150.0,3.0,28.0,294.0
gtx 660m,2024.0,384.0,80.0,950.0,50.0,1.0,28.0,118.0
gtx 670,2024.0,1344.0,192.3,980.0,170.0,3.0,28.0,294.0
gtx 670m,2024.0,336.0,72.0,1250.0,75.0,1.0,40.0,332.0
gtx 670mx,2024.0,960.0,67.2,601.0,75.0,3.0,28.0,294.0
gtx 675m,2024.0,384.0,96.0,1250.0,100.0,1.0,40.0,332.0
gtx 675mx,2024.0,960.0,115.2,1250.0,100.0,3.0,28.0,294.0
gtx 680,2024.0,1536.0,192.3,1058.0,195.0,3.0,28.0,294.0
gtx 680m,2024.0,1344.0,115.2,758.0,100.0,3.0,28.0,294.0
gtx 680mx mac edition,2024.0,1536.0,160.0,719.0,122.0,3.0,28.0,294.0
gtx 690,2024.0,1536.0,192.3,1019.0,300.0,3.0,28.0,294.0
nvs 310,2024.0,48.0,14.0,1250.0,20.0,292.0,40.0,79.0
nvs 510,2024.0,192.0,28.51,1250.0,35.0,1.0,28.0,118.0
nvs 5200m,2024.0,96.0,25.12,1250.0,25.0,585.0,40.0,116.0
nvs 5200m,2024.0,96.0,14.4,1250.0,25.0,585.0,28.0,116.0
nvs 5400m,2024.0,96.0,28.8,1250.0,35.0,585.0,40.0,116.0
playstation 3 gpu 40nm,2024.0,480.0,20.8,1250.0,35.0,302.0,40.0,114.0
quadro 410,2024.0,192.0,14.26,1250.0,38.0,1.0,28.0,118.0
quadro 7000,2024.0,512.0,163.4,1250.0,204.0,3.0,40.0,520.0
quadro k1000m,2024.0,192.0,28.8,1250.0,45.0,1.0,28.0,118.0
quadro k2000m,2024.0,384.0,28.8,745.0,55.0,1.0,28.0,118.0
quadro k2000m embedded,2024.0,384.0,57.6,1058.0,45.0,1.0,28.0,118.0
quadro k3000m,2024.0,576.0,89.6,654.0,75.0,3.0,28.0,294.0
quadro k4000m,2024.0,960.0,89.6,601.0,100.0,3.0,28.0,294.0
quadro k5000,2024.0,1536.0,172.8,706.0,122.0,3.0,28.0,294.0
quadro k5000 mac edition,2024.0,1536.0,172.8,706.0,122.0,3.0,28.0,294.0
quadro k5000m,2024.0,1344.0,96.0,601.0,100.0,3.0,28.0,294.0
quadro k500m,2024.0,192.0,12.8,709.0,35.0,1.0,28.0,118.0
tesla k10,2024.0,1536.0,160.0,1250.0,225.0,3.0,28.0,294.0
tesla k20c,2024.0,2496.0,208.0,1250.0,225.0,7.0,28.0,561.0
tesla k20x,2024.0,2688.0,249.6,1250.0,235.0,7.0,28.0,561.0
tesla k20xm,2024.0,2688.0,249.6,1250.0,235.0,7.0,28.0,561.0
505 oem,2024.0,24.0,22.4,1250.0,25.0,486.0,40.0,100.0
505 oem,2024.0,16.0,9.6,1250.0,25.0,260.0,40.0,57.0
705a,2024.0,48.0,14.4,1250.0,15.0,292.0,40.0,79.0
705m,2024.0,48.0,14.4,1250.0,15.0,585.0,28.0,116.0
710a,2024.0,96.0,14.4,1250.0,33.0,585.0,28.0,116.0
710m,2024.0,192.0,14.4,758.0,15.0,1.0,28.0,87.0
710m,2024.0,96.0,14.4,1250.0,15.0,585.0,28.0,116.0
820m,2024.0,96.0,14.4,1250.0,15.0,585.0,28.0,116.0
gt 625 oem,2024.0,48.0,13.2,1250.0,29.0,292.0,40.0,79.0
gt 630 rev 2,2024.0,384.0,14.4,1250.0,25.0,1.0,28.0,87.0
gt 630 rev 2 pcie x8,2024.0,384.0,14.4,1250.0,25.0,1.0,28.0,87.0
gt 635 oem,2024.0,384.0,14.4,1250.0,35.0,1.0,28.0,87.0
gt 640 rev 2,2024.0,384.0,40.06,1250.0,49.0,1.0,28.0,87.0
gt 640m mac edition,2024.0,384.0,40.0,745.0,32.0,1.0,28.0,118.0
gt 710m,2024.0,96.0,14.4,1250.0,15.0,585.0,28.0,116.0
gt 720m,2024.0,192.0,12.8,758.0,33.0,1.0,28.0,87.0
gt 720m,2024.0,96.0,12.8,1250.0,33.0,585.0,28.0,116.0
gt 730m,2024.0,384.0,28.8,725.0,33.0,1.0,28.0,118.0
gt 735m,2024.0,384.0,14.4,628.0,33.0,1.0,28.0,87.0
gt 740a,2024.0,384.0,14.4,1033.0,33.0,1.0,28.0,87.0
gt 740m,2024.0,384.0,28.83,895.0,45.0,1.0,28.0,118.0
gt 740m,2024.0,384.0,14.4,1033.0,33.0,1.0,28.0,87.0
gt 745a,2024.0,384.0,28.8,915.0,33.0,1.0,28.0,118.0
gt 745m,2024.0,384.0,64.0,1250.0,45.0,1.0,28.0,118.0
gt 745m,2024.0,384.0,28.8,915.0,45.0,1.0,28.0,118.0
gt 750m,2024.0,384.0,64.19,967.0,50.0,1.0,28.0,118.0
gt 750m mac edition,2024.0,384.0,80.26,926.0,50.0,1.0,28.0,118.0
gt 755m,2024.0,384.0,86.4,1020.0,50.0,1.0,28.0,118.0
gt 755m mac edition,2024.0,384.0,80.0,1085.0,50.0,1.0,28.0,118.0
gtx 645 oem,2024.0,576.0,64.0,1250.0,65.0,2.0,28.0,221.0
gtx 650,2024.0,384.0,80.0,1250.0,65.0,2.0,28.0,221.0
gtx 650 ti boost,2024.0,768.0,144.2,1032.0,134.0,2.0,28.0,221.0
gtx 650 ti oem,2024.0,768.0,86.4,1250.0,110.0,2.0,28.0,221.0
gtx 660m mac edition,2024.0,384.0,80.0,950.0,50.0,1.0,28.0,118.0
gtx 675mx mac edition,2024.0,1344.0,160.0,719.0,100.0,3.0,28.0,294.0
gtx 680 mac edition,2024.0,1536.0,192.3,1058.0,195.0,3.0,28.0,294.0
gtx 760,2024.0,1152.0,192.3,1032.0,170.0,3.0,28.0,294.0
gtx 760 oem,2024.0,1152.0,134.4,888.0,130.0,3.0,28.0,294.0
gtx 760 oem rebrand,2024.0,1152.0,179.2,888.0,130.0,3.0,28.0,294.0
gtx 760 ti oem,2024.0,1344.0,192.3,980.0,170.0,3.0,28.0,294.0
gtx 760 ti oem rebrand,2024.0,1344.0,192.3,980.0,170.0,3.0,28.0,294.0
gtx 760 x2,2024.0,1152.0,192.3,1072.0,250.0,3.0,28.0,294.0
gtx 760m,2024.0,768.0,64.13,719.0,55.0,2.0,28.0,221.0
gtx 765m,2024.0,768.0,64.13,863.0,75.0,2.0,28.0,221.0
gtx 770,2024.0,1536.0,224.4,1085.0,230.0,3.0,28.0,294.0
gtx 770m,2024.0,960.0,96.19,797.0,75.0,2.0,28.0,221.0
gtx 775m mac edition,2024.0,1344.0,160.0,797.0,100.0,3.0,28.0,294.0
gtx 780,2024.0,2304.0,288.4,902.0,250.0,7.0,28.0,561.0
gtx 780 6 gb,2024.0,2304.0,288.4,902.0,250.0,7.0,28.0,561.0
gtx 780 rev 2,2024.0,2304.0,288.4,902.0,250.0,7.0,28.0,561.0
gtx 780 ti,2024.0,2880.0,336.6,928.0,250.0,7.0,28.0,561.0
gtx 780m,2024.0,1536.0,160.0,797.0,122.0,3.0,28.0,294.0
gtx 780m mac edition,2024.0,1536.0,160.0,784.0,122.0,3.0,28.0,294.0
gtx titan,2024.0,2688.0,288.4,876.0,250.0,7.0,28.0,561.0
grid k1,2024.0,192.0,28.51,1250.0,130.0,1.0,28.0,118.0
grid k100,2024.0,192.0,28.51,1250.0,130.0,1.0,28.0,118.0
grid k140q,2024.0,192.0,28.51,1250.0,130.0,1.0,28.0,118.0
grid k160q,2024.0,192.0,28.51,1250.0,130.0,1.0,28.0,118.0
grid k180q,2024.0,192.0,28.51,1250.0,130.0,1.0,28.0,118.0
grid k2,2024.0,1536.0,160.0,1250.0,225.0,3.0,28.0,294.0
grid k200,2024.0,1536.0,160.0,1250.0,225.0,3.0,28.0,294.0
grid k240q,2024.0,1536.0,160.0,1250.0,225.0,3.0,28.0,294.0
grid k260q,2024.0,1536.0,160.0,1250.0,225.0,3.0,28.0,294.0
grid k280q,2024.0,1536.0,160.0,1250.0,225.0,3.0,28.0,294.0
grid k340,2024.0,384.0,80.0,1250.0,225.0,1.0,28.0,118.0
grid k520,2024.0,1536.0,160.0,1250.0,225.0,3.0,28.0,294.0
nvs 315,2024.0,48.0,14.0,1250.0,19.0,292.0,40.0,79.0
playstation 3 gpu 28nm,2024.0,480.0,20.8,1250.0,21.0,302.0,28.0,68.0
quadro k1100m,2024.0,384.0,44.8,706.0,45.0,1.0,28.0,118.0
quadro k2000,2024.0,384.0,64.0,1250.0,51.0,1.0,28.0,118.0
quadro k2000d,2024.0,384.0,64.0,1250.0,51.0,1.0,28.0,118.0
quadro k2100m,2024.0,576.0,48.13,667.0,55.0,2.0,28.0,221.0
quadro k3100m,2024.0,768.0,102.4,706.0,75.0,3.0,28.0,294.0
quadro k4000,2024.0,768.0,134.8,1250.0,80.0,2.0,28.0,221.0
quadro k4100m,2024.0,1152.0,102.4,706.0,100.0,3.0,28.0,294.0
quadro k5000 sync,2024.0,1536.0,172.8,1250.0,122.0,3.0,28.0,294.0
quadro k5100m,2024.0,1536.0,115.2,771.0,100.0,3.0,28.0,294.0
quadro k510m,2024.0,192.0,19.2,889.0,30.0,1.0,28.0,87.0
quadro k600,2024.0,192.0,28.51,1250.0,41.0,1.0,28.0,118.0
quadro k6000,2024.0,2880.0,288.4,902.0,225.0,7.0,28.0,561.0
quadro k6000 sdi,2024.0,2880.0,288.4,1250.0,239.0,7.0,28.0,561.0
quadro k610m,2024.0,192.0,20.8,954.0,30.0,1.0,28.0,87.0
tegra 4 gpu,2024.0,480.0,7.464,1250.0,20.0,11.0,28.0,85.0
tegra 4i gpu,2024.0,480.0,7.464,1250.0,20.0,11.0,28.0,85.0
tesla k20m,2024.0,2496.0,208.0,1250.0,225.0,7.0,28.0,561.0
tesla k20s,2024.0,2496.0,208.0,1250.0,225.0,7.0,28.0,561.0
tesla k40c,2024.0,2880.0,288.4,876.0,245.0,7.0,28.0,561.0
tesla k40d,2024.0,2880.0,288.4,876.0,245.0,7.0,28.0,561.0
tesla k40m,2024.0,2880.0,288.4,876.0,245.0,7.0,28.0,561.0
tesla k40s,2024.0,2880.0,288.4,876.0,245.0,7.0,28.0,561.0
tesla k40st,2024.0,2880.0,288.4,1250.0,245.0,7.0,28.0,561.0
tesla k40t,2024.0,2880.0,288.4,876.0,245.0,7.0,28.0,561.0
705a,2024.0,48.0,14.4,1250.0,15.0,292.0,40.0,79.0
710a,2024.0,192.0,16.02,758.0,15.0,1.0,28.0,87.0
720a,2024.0,96.0,16.02,1250.0,33.0,585.0,28.0,116.0
800a,2024.0,48.0,14.4,1250.0,15.0,292.0,40.0,79.0
800a,2024.0,48.0,14.4,1250.0,15.0,292.0,40.0,79.0
800m,2024.0,48.0,14.4,1250.0,15.0,585.0,28.0,116.0
805a,2024.0,192.0,16.02,758.0,15.0,1.0,28.0,87.0
810a,2024.0,192.0,14.4,758.0,15.0,1.0,28.0,87.0
810m,2024.0,48.0,14.4,888.0,15.0,585.0,28.0,116.0
820a,2024.0,96.0,16.02,1250.0,15.0,585.0,28.0,116.0
825m,2024.0,384.0,14.4,941.0,33.0,1.0,28.0,87.0
830a,2024.0,256.0,16.02,1150.0,33.0,1.0,28.0,77.0
830m,2024.0,256.0,14.4,1150.0,33.0,1.0,28.0,77.0
840a,2024.0,384.0,16.02,1124.0,33.0,1.0,28.0,77.0
840m,2024.0,384.0,16.02,1124.0,33.0,1.0,28.0,77.0
gt 705 oem,2024.0,48.0,13.2,1250.0,29.0,292.0,40.0,79.0
gt 710,2024.0,192.0,14.4,1250.0,19.0,1.0,28.0,87.0
gt 710,2024.0,192.0,14.4,1250.0,19.0,1.0,28.0,87.0
gt 710 pcie x1,2024.0,192.0,12.8,1250.0,19.0,1.0,28.0,87.0
gt 720,2024.0,384.0,14.4,1250.0,19.0,1.0,28.0,87.0
gt 720,2024.0,192.0,12.8,1250.0,19.0,1.0,28.0,87.0
gt 720a,2024.0,96.0,16.02,1250.0,33.0,585.0,28.0,116.0
gt 730,2024.0,96.0,28.8,1250.0,49.0,585.0,40.0,116.0
gt 730,2024.0,384.0,40.1,1250.0,38.0,1.0,28.0,87.0
gt 730,2024.0,96.0,25.6,1250.0,49.0,585.0,40.0,116.0
gt 730a,2024.0,384.0,16.02,758.0,33.0,1.0,28.0,87.0
gt 730m,2024.0,384.0,14.4,758.0,33.0,1.0,28.0,87.0
gt 740,2024.0,384.0,80.19,1250.0,64.0,1.0,28.0,118.0
gtx 660 rev 2,2024.0,960.0,144.2,1032.0,140.0,3.0,28.0,294.0
gtx 745 oem,2024.0,384.0,28.8,1250.0,55.0,1.0,28.0,148.0
gtx 750,2024.0,512.0,80.19,1085.0,55.0,1.0,28.0,148.0
gtx 750 ti,2024.0,640.0,86.4,1085.0,60.0,1.0,28.0,148.0
gtx 760a,2024.0,768.0,64.13,719.0,55.0,2.0,28.0,221.0
gtx 850a,2024.0,640.0,28.8,902.0,45.0,1.0,28.0,148.0
gtx 850m,2024.0,640.0,32.03,1250.0,45.0,1.0,28.0,148.0
gtx 860m,2024.0,640.0,80.19,1020.0,75.0,1.0,28.0,148.0
gtx 860m,2024.0,1152.0,80.0,915.0,75.0,3.0,28.0,294.0
gtx 870m,2024.0,1344.0,120.0,967.0,100.0,3.0,28.0,294.0
gtx 880m,2024.0,1536.0,160.0,993.0,122.0,3.0,28.0,294.0
gtx 970,2024.0,1664.0,224.4,1178.0,148.0,5.0,28.0,398.0
gtx 970m,2024.0,1280.0,120.3,1038.0,50.0,5.0,28.0,398.0
gtx 970m,2024.0,1280.0,120.3,1038.0,50.0,5.0,28.0,398.0
gtx 980,2024.0,2048.0,224.4,1216.0,165.0,5.0,28.0,398.0
gtx 980m,2024.0,1536.0,160.4,1127.0,50.0,5.0,28.0,398.0
gtx 980m,2024.0,1536.0,160.4,1127.0,50.0,5.0,28.0,398.0
gtx titan black,2024.0,2880.0,336.0,980.0,250.0,7.0,28.0,561.0
gtx titan z,2024.0,2880.0,336.0,876.0,375.0,7.0,28.0,561.0
grid k120q,2024.0,192.0,28.51,1250.0,130.0,1.0,28.0,118.0
grid k220q,2024.0,1536.0,160.0,1250.0,225.0,3.0,28.0,294.0
grid k500,2024.0,1536.0,160.0,1250.0,225.0,3.0,28.0,294.0
grid k520q,2024.0,1536.0,160.0,1250.0,225.0,3.0,28.0,294.0
grid k540q,2024.0,1536.0,160.0,1250.0,225.0,3.0,28.0,294.0
grid k560q,2024.0,1536.0,160.0,1250.0,225.0,3.0,28.0,294.0
jetson tk1,2024.0,192.0,7.472,951.0,8.0,29.0,28.0,154.0
quadro k100m,2024.0,192.0,14.4,851.0,35.0,1.0,28.0,118.0
quadro k200m,2024.0,192.0,14.4,745.0,35.0,1.0,28.0,118.0
quadro k2200,2024.0,640.0,80.19,1124.0,68.0,1.0,28.0,148.0
quadro k2200m,2024.0,640.0,80.19,1150.0,65.0,1.0,28.0,148.0
quadro k420,2024.0,192.0,28.51,1250.0,41.0,1.0,28.0,118.0
quadro k4200,2024.0,1344.0,172.8,784.0,108.0,3.0,28.0,294.0
quadro k5200,2024.0,2304.0,192.3,771.0,150.0,7.0,28.0,561.0
quadro k620,2024.0,384.0,28.8,1124.0,45.0,1.0,28.0,148.0
tesla k8,2024.0,1536.0,160.0,811.0,100.0,3.0,28.0,294.0
tesla k80,2024.0,2496.0,240.6,824.0,300.0,7.0,28.0,561.0
810m,2024.0,384.0,14.4,950.0,45.0,1.0,28.0,118.0
820m,2024.0,384.0,28.83,1250.0,45.0,1.0,28.0,118.0
845m,2024.0,512.0,16.02,863.0,45.0,1.0,28.0,148.0
845m,2024.0,384.0,40.1,1150.0,33.0,1.0,28.0,77.0
910m,2024.0,384.0,16.02,641.0,33.0,1.0,28.0,87.0
920a,2024.0,384.0,16.02,954.0,33.0,1.0,28.0,87.0
920m,2024.0,384.0,14.4,954.0,33.0,1.0,28.0,87.0
930a,2024.0,384.0,16.02,941.0,33.0,1.0,28.0,77.0
930m,2024.0,384.0,12.8,549.0,33.0,1.0,28.0,77.0
930m,2024.0,384.0,14.4,941.0,33.0,1.0,28.0,77.0
940a,2024.0,384.0,16.02,1176.0,33.0,1.0,28.0,77.0
940a,2024.0,384.0,16.02,1124.0,33.0,1.0,28.0,77.0
940m,2024.0,384.0,14.4,1176.0,33.0,1.0,28.0,77.0
940m,2024.0,512.0,14.4,1098.0,75.0,1.0,28.0,148.0
945a,2024.0,384.0,40.1,1189.0,33.0,1.0,28.0,77.0
945m,2024.0,640.0,28.8,1020.0,75.0,1.0,28.0,148.0
gt 710 oem,2024.0,192.0,14.4,1250.0,50.0,1.0,28.0,87.0
gt 730 oem,2024.0,384.0,40.1,1250.0,64.0,1.0,28.0,118.0
gt 740 oem,2024.0,384.0,80.19,1033.0,65.0,2.0,28.0,221.0
gt 740 oem,2024.0,384.0,80.19,1250.0,65.0,2.0,28.0,221.0
gtx 750 gm206,2024.0,512.0,80.19,1239.0,60.0,2.0,28.0,228.0
gtx 860m oem,2024.0,640.0,80.19,1176.0,75.0,1.0,28.0,148.0
gtx 950,2024.0,768.0,105.8,1188.0,90.0,2.0,28.0,228.0
gtx 950a,2024.0,640.0,32.03,1124.0,75.0,1.0,28.0,148.0
gtx 950m,2024.0,640.0,28.8,1124.0,75.0,1.0,28.0,148.0
gtx 950m mac edition,2024.0,640.0,28.8,1124.0,75.0,1.0,28.0,148.0
gtx 960,2024.0,1024.0,112.2,1178.0,120.0,2.0,28.0,228.0
gtx 960 oem,2024.0,1024.0,112.2,1201.0,50.0,2.0,28.0,228.0
gtx 960 oem,2024.0,1280.0,120.3,1038.0,50.0,5.0,28.0,398.0
gtx 960a,2024.0,640.0,80.19,1176.0,75.0,1.0,28.0,148.0
gtx 960m,2024.0,640.0,80.19,1176.0,75.0,1.0,28.0,148.0
gtx 965m,2024.0,1024.0,80.19,950.0,50.0,5.0,28.0,398.0
gtx 965m,2024.0,1024.0,80.19,950.0,50.0,5.0,28.0,398.0
gtx 965m 4 gb,2024.0,1024.0,80.19,1150.0,50.0,5.0,28.0,398.0
gtx 980 mobile,2024.0,2048.0,224.4,1140.0,50.0,5.0,28.0,398.0
gtx 980 ti,2024.0,2816.0,336.6,1076.0,250.0,8.0,28.0,601.0
gtx titan x,2024.0,3072.0,336.6,1089.0,250.0,8.0,28.0,601.0
grid m60 1q,2024.0,2048.0,160.4,1178.0,225.0,5.0,28.0,398.0
grid m60 2q,2024.0,2048.0,160.4,1178.0,225.0,5.0,28.0,398.0
grid m60 4a,2024.0,2048.0,160.4,1178.0,225.0,5.0,28.0,398.0
grid m60 8q,2024.0,2048.0,160.4,1178.0,225.0,5.0,28.0,398.0
grid m6 8q,2024.0,1536.0,160.4,1250.0,100.0,5.0,28.0,398.0
jetson tx1,2024.0,256.0,9.6,1250.0,6.0,2.0,20.0,118.0
nvs 810,2024.0,512.0,14.4,1033.0,68.0,1.0,28.0,148.0
quadro k1200,2024.0,512.0,80.19,1033.0,45.0,1.0,28.0,148.0
quadro k620m,2024.0,384.0,16.02,1124.0,30.0,1.0,28.0,77.0
quadro m1000m,2024.0,512.0,80.19,1072.0,40.0,1.0,28.0,148.0
quadro m2000m,2024.0,640.0,80.19,1137.0,55.0,1.0,28.0,148.0
quadro m3000m,2024.0,1024.0,160.4,924.0,75.0,5.0,28.0,398.0
quadro m4000,2024.0,1664.0,192.3,1250.0,120.0,5.0,28.0,398.0
quadro m4000m,2024.0,1280.0,160.4,1013.0,100.0,5.0,28.0,398.0
quadro m5000,2024.0,2048.0,211.6,1038.0,150.0,5.0,28.0,398.0
quadro m5000m,2024.0,1536.0,160.4,1051.0,100.0,5.0,28.0,398.0
quadro m6000,2024.0,3072.0,317.4,1114.0,250.0,8.0,28.0,601.0
quadro m600m,2024.0,384.0,80.19,876.0,30.0,1.0,28.0,148.0
tesla m4,2024.0,1024.0,88.0,1072.0,50.0,2.0,28.0,228.0
tesla m40,2024.0,3072.0,288.4,1112.0,250.0,8.0,28.0,601.0
tesla m40 24 gb,2024.0,3072.0,288.4,1112.0,250.0,8.0,28.0,601.0
tesla m6 mobile,2024.0,1536.0,160.4,1180.0,100.0,5.0,28.0,398.0
tesla m6 x2 mobile,2024.0,1536.0,160.4,1180.0,100.0,5.0,28.0,398.0
tesla m60,2024.0,2048.0,160.4,1178.0,300.0,5.0,28.0,398.0
920mx,2024.0,256.0,14.4,993.0,16.0,1.0,28.0,77.0
930mx,2024.0,384.0,14.4,1020.0,17.0,1.0,28.0,77.0
940mx,2024.0,512.0,40.1,861.0,23.0,1.0,28.0,148.0
940mx,2024.0,384.0,40.1,993.0,23.0,1.0,28.0,77.0
940mx,2024.0,384.0,16.02,1242.0,23.0,1.0,28.0,77.0
945m,2024.0,384.0,16.02,1189.0,23.0,1.0,28.0,77.0
gt 610 oem,2024.0,48.0,8.0,1250.0,29.0,585.0,40.0,116.0
gt 710,2024.0,48.0,14.37,1250.0,29.0,292.0,40.0,79.0
gtx 1050,2024.0,640.0,112.1,1455.0,75.0,3.0,14.0,132.0
gtx 1050 ti,2024.0,768.0,112.1,1392.0,75.0,3.0,14.0,132.0
gtx 1060 3 gb,2024.0,1152.0,192.2,1708.0,120.0,4.0,16.0,200.0
gtx 1060 3 gb gp104,2024.0,1152.0,192.2,1708.0,120.0,7.0,16.0,314.0
gtx 1060 6 gb,2024.0,1280.0,192.2,1709.0,120.0,4.0,16.0,200.0
gtx 1060 mobile,2024.0,1280.0,192.2,1671.0,80.0,4.0,16.0,200.0
gtx 1070,2024.0,1920.0,256.3,1683.0,150.0,7.0,16.0,314.0
gtx 1070 mobile,2024.0,2048.0,256.3,1645.0,120.0,7.0,16.0,314.0
gtx 1080,2024.0,2560.0,320.3,1733.0,180.0,7.0,16.0,314.0
gtx 1080 mobile,2024.0,2560.0,320.3,1734.0,150.0,7.0,16.0,314.0
gtx 760 oem,2024.0,1344.0,211.2,1046.0,170.0,3.0,28.0,294.0
gtx 950 low power,2024.0,768.0,105.8,1190.0,75.0,2.0,28.0,228.0
gtx 950 oem,2024.0,1024.0,80.19,1203.0,50.0,2.0,28.0,228.0
gtx 965m,2024.0,1024.0,80.19,1150.0,50.0,2.0,28.0,228.0
gtx 980mx,2024.0,1664.0,192.0,1178.0,148.0,5.0,28.0,398.0
grid m10 8q,2024.0,640.0,83.2,1306.0,225.0,1.0,28.0,148.0
grid m3 3020,2024.0,640.0,83.2,1306.0,50.0,1.0,28.0,148.0
grid m40,2024.0,384.0,83.2,1250.0,50.0,1.0,28.0,148.0
jetson tx2,2024.0,256.0,59.71,1250.0,15.0,29.0,16.0,154.0
quadro gp100,2024.0,3584.0,732.2,1443.0,235.0,15.0,16.0,610.0
quadro m2000,2024.0,768.0,105.8,1163.0,75.0,2.0,28.0,228.0
quadro m3000 se,2024.0,1024.0,160.4,924.0,75.0,5.0,28.0,398.0
quadro m500m,2024.0,384.0,14.4,1124.0,30.0,1.0,28.0,77.0
quadro m5500 mobile,2024.0,2048.0,224.4,1165.0,150.0,5.0,28.0,398.0
quadro m6000 24 gb,2024.0,3072.0,317.4,1114.0,250.0,8.0,28.0,601.0
quadro p5000,2024.0,2560.0,288.5,1733.0,180.0,7.0,16.0,314.0
quadro p6000,2024.0,3840.0,432.8,1645.0,250.0,11.0,16.0,471.0
tesla m10,2024.0,640.0,83.2,1306.0,225.0,1.0,28.0,148.0
tesla p10,2024.0,3840.0,694.3,1493.0,150.0,11.0,16.0,471.0
tesla p100 dgxs,2024.0,3584.0,732.2,1480.0,300.0,15.0,16.0,610.0
tesla p100 pcie 12 gb,2024.0,3584.0,549.1,1329.0,250.0,15.0,16.0,610.0
tesla p100 pcie 16 gb,2024.0,3584.0,732.2,1329.0,250.0,15.0,16.0,610.0
tesla p100 sxm2,2024.0,3584.0,732.2,1480.0,300.0,15.0,16.0,610.0
tesla p4,2024.0,2560.0,192.3,1114.0,75.0,7.0,16.0,314.0
tesla p40,2024.0,3840.0,347.1,1531.0,250.0,11.0,16.0,471.0
titan x pascal,2024.0,3584.0,480.4,1531.0,250.0,11.0,16.0,471.0
gt 1030,2024.0,384.0,48.06,1468.0,30.0,1.0,14.0,74.0
gt 720 oem,2024.0,192.0,28.51,1250.0,50.0,1.0,28.0,118.0
gtx 1050 mobile,2024.0,640.0,112.1,1493.0,75.0,3.0,14.0,132.0
gtx 1050 mobile,2024.0,640.0,112.1,1493.0,75.0,3.0,14.0,132.0
gtx 1050 ti mobile,2024.0,768.0,112.1,1620.0,75.0,3.0,14.0,132.0
gtx 1050 ti mobile,2024.0,768.0,112.1,1620.0,75.0,4.0,16.0,200.0
gtx 1060 5 gb,2024.0,1280.0,160.2,1709.0,120.0,4.0,16.0,200.0
gtx 1060 6 gb 9gbps,2024.0,1280.0,216.7,1709.0,120.0,4.0,16.0,200.0
gtx 1060 max q,2024.0,1280.0,192.2,1480.0,80.0,4.0,16.0,200.0
gtx 1070 max q,2024.0,2048.0,256.3,1379.0,115.0,7.0,16.0,314.0
gtx 1070 ti,2024.0,2432.0,256.3,1683.0,180.0,7.0,16.0,314.0
gtx 1080 11gbps,2024.0,2560.0,352.3,1733.0,180.0,7.0,16.0,314.0
gtx 1080 max q,2024.0,2560.0,320.3,1366.0,150.0,7.0,16.0,314.0
gtx 1080 ti,2024.0,3584.0,484.4,1582.0,250.0,11.0,16.0,471.0
mx110,2024.0,256.0,40.1,1006.0,30.0,1.0,28.0,77.0
mx130,2024.0,384.0,40.1,1189.0,30.0,1.0,28.0,77.0
mx150,2024.0,384.0,48.06,1532.0,25.0,1.0,14.0,74.0
mx150,2024.0,384.0,40.1,1038.0,10.0,1.0,14.0,74.0
p104 100,2024.0,1920.0,320.3,1733.0,50.0,7.0,16.0,314.0
p106 090,2024.0,768.0,192.2,1531.0,75.0,4.0,16.0,200.0
p106 100,2024.0,1280.0,192.2,1709.0,120.0,4.0,16.0,200.0
quadro m1200 mobile,2024.0,640.0,80.19,1148.0,45.0,1.0,28.0,148.0
quadro m2200 mobile,2024.0,1024.0,88.13,1036.0,55.0,2.0,28.0,228.0
quadro m520 mobile,2024.0,384.0,40.1,1176.0,25.0,1.0,28.0,77.0
quadro m620 mobile,2024.0,512.0,80.19,1018.0,30.0,1.0,28.0,148.0
quadro p1000,2024.0,512.0,96.13,1392.0,47.0,3.0,14.0,132.0
quadro p1000,2024.0,640.0,80.19,1480.0,47.0,3.0,14.0,132.0
quadro p1000 mobile,2024.0,512.0,96.13,1519.0,40.0,3.0,14.0,132.0
quadro p2000,2024.0,1024.0,140.2,1480.0,75.0,4.0,16.0,200.0
quadro p2000 mobile,2024.0,768.0,96.13,1607.0,50.0,3.0,14.0,132.0
quadro p3000 mobile,2024.0,1280.0,168.2,1215.0,75.0,7.0,16.0,314.0
quadro p400,2024.0,256.0,32.06,1252.0,30.0,3.0,14.0,132.0
quadro p4000,2024.0,1792.0,243.3,1480.0,105.0,7.0,16.0,314.0
quadro p4000 max q,2024.0,1792.0,192.3,1228.0,100.0,7.0,16.0,314.0
quadro p4000 mobile,2024.0,1792.0,192.0,1228.0,100.0,7.0,16.0,314.0
quadro p5000 mobile,2024.0,2048.0,192.0,1506.0,100.0,7.0,16.0,314.0
quadro p5000 x2 mobile,2024.0,2048.0,192.0,1506.0,200.0,7.0,16.0,314.0
quadro p600,2024.0,384.0,64.13,1557.0,40.0,3.0,14.0,132.0
quadro p600 mobile,2024.0,384.0,80.13,1620.0,40.0,3.0,14.0,132.0
switch gpu 20nm,2024.0,256.0,25.6,768.0,15.0,2.0,20.0,118.0
tesla p6 mobile,2024.0,2048.0,192.3,1506.0,90.0,7.0,16.0,314.0
tesla v100 pcie 16 gb,2024.0,5120.0,897.0,1380.0,300.0,21.0,12.0,815.0
tesla v100 sxm2 16 gb,2024.0,5120.0,897.0,1530.0,250.0,21.0,12.0,815.0
titan v,2024.0,5120.0,651.3,1455.0,250.0,21.0,12.0,815.0
titan xp,2024.0,3840.0,547.6,1582.0,250.0,11.0,16.0,471.0
gt 1030 ddr4,2024.0,384.0,16.8,1379.0,20.0,1.0,14.0,74.0
gt 1030 gk107,2024.0,384.0,80.0,1250.0,65.0,1.0,28.0,118.0
gtx 1050 3 gb,2024.0,768.0,84.1,1518.0,75.0,3.0,14.0,132.0
gtx 1050 max q,2024.0,640.0,112.1,1139.0,75.0,3.0,14.0,132.0
gtx 1050 ti max q,2024.0,768.0,112.1,1291.0,75.0,3.0,14.0,132.0
gtx 1060 6 gb gddr5x,2024.0,1280.0,192.2,1709.0,120.0,7.0,16.0,314.0
gtx 1060 6 gb gp104,2024.0,1280.0,192.2,1708.0,120.0,7.0,16.0,314.0
gtx 1060 6 gb rev 2,2024.0,1280.0,192.2,1709.0,120.0,4.0,16.0,200.0
gtx 1070 gddr5x,2024.0,1920.0,256.3,1683.0,150.0,7.0,16.0,314.0
rtx 2070,2024.0,2304.0,448.0,1620.0,175.0,10.0,12.0,445.0
rtx 2080,2024.0,2944.0,448.0,1710.0,215.0,13.0,12.0,545.0
rtx 2080 ti,2024.0,4352.0,616.0,1545.0,250.0,18.0,12.0,754.0
jetson agx xavier 16 gb,2024.0,512.0,136.5,1377.0,30.0,9.0,12.0,350.0
jetson agx xavier 32 gb,2024.0,512.0,136.5,1377.0,30.0,9.0,12.0,350.0
p102 100,2024.0,3200.0,440.3,1683.0,250.0,11.0,16.0,471.0
p102 101,2024.0,3200.0,320.3,1670.0,250.0,11.0,16.0,471.0
p104 101,2024.0,2560.0,256.3,1683.0,50.0,7.0,16.0,314.0
quadro gv100,2024.0,5120.0,868.4,1627.0,250.0,21.0,12.0,815.0
quadro p3200 max q,2024.0,1792.0,168.3,1404.0,75.0,7.0,16.0,314.0
quadro p3200 mobile,2024.0,1792.0,168.2,1543.0,75.0,7.0,16.0,314.0
quadro p4200 max q,2024.0,2304.0,224.4,1480.0,100.0,7.0,16.0,314.0
quadro p4200 mobile,2024.0,2304.0,224.4,1594.0,100.0,7.0,16.0,314.0
quadro p500 mobile,2024.0,256.0,40.1,1519.0,18.0,1.0,14.0,74.0
quadro p5200 max q,2024.0,2560.0,230.9,1569.0,100.0,7.0,16.0,314.0
quadro p5200 mobile,2024.0,2560.0,230.9,1759.0,100.0,7.0,16.0,314.0
quadro p620,2024.0,512.0,80.13,1354.0,40.0,3.0,14.0,132.0
quadro p620 mobile,2024.0,512.0,96.13,1443.0,40.0,3.0,14.0,132.0
quadro rtx 4000,2024.0,2304.0,416.0,1545.0,160.0,13.0,12.0,545.0
quadro rtx 5000,2024.0,3072.0,448.0,1815.0,230.0,13.0,12.0,545.0
quadro rtx 6000,2024.0,4608.0,672.0,1770.0,260.0,18.0,12.0,754.0
quadro rtx 6000 passive,2024.0,4608.0,624.0,1620.0,260.0,18.0,12.0,754.0
quadro rtx 8000,2024.0,4608.0,672.0,1770.0,260.0,18.0,12.0,754.0
quadro rtx 8000 passive,2024.0,4608.0,624.0,1620.0,260.0,18.0,12.0,754.0
tesla t4,2024.0,2560.0,320.0,1590.0,70.0,13.0,12.0,545.0
tesla t4g,2024.0,2560.0,320.0,1590.0,70.0,13.0,12.0,545.0
tesla v100 dgxs 16 gb,2024.0,5120.0,897.0,1582.0,250.0,21.0,12.0,815.0
tesla v100 dgxs 32 gb,2024.0,5120.0,897.0,1530.0,250.0,21.0,12.0,815.0
tesla v100 fhhl,2024.0,5120.0,827.4,1290.0,250.0,21.0,12.0,815.0
tesla v100 pcie 32 gb,2024.0,5120.0,897.0,1380.0,250.0,21.0,12.0,815.0
tesla v100 sxm2 32 gb,2024.0,5120.0,898.0,1530.0,250.0,21.0,12.0,815.0
tesla v100 sxm3 32 gb,2024.0,5120.0,981.0,1597.0,250.0,21.0,12.0,815.0
titan rtx,2024.0,4608.0,672.0,1770.0,280.0,18.0,12.0,754.0
titan v ceo edition,2024.0,5120.0,868.4,1455.0,250.0,21.0,12.0,815.0
gtx 1050 mobile 3 gb,2024.0,768.0,84.1,1442.0,75.0,3.0,14.0,132.0
gtx 1650,2024.0,896.0,128.1,1665.0,75.0,4.0,12.0,200.0
gtx 1650 max q,2024.0,1024.0,112.1,1245.0,50.0,4.0,12.0,200.0
gtx 1650 mobile,2024.0,1024.0,128.1,1560.0,50.0,4.0,12.0,200.0
gtx 1650 super,2024.0,1280.0,192.0,1725.0,100.0,6.0,12.0,284.0
gtx 1660,2024.0,1408.0,192.1,1785.0,120.0,6.0,12.0,284.0
gtx 1660 super,2024.0,1408.0,336.0,1785.0,125.0,6.0,12.0,284.0
gtx 1660 ti,2024.0,1536.0,288.0,1770.0,120.0,6.0,12.0,284.0
gtx 1660 ti max q,2024.0,1536.0,288.0,1335.0,50.0,6.0,12.0,284.0
gtx 1660 ti mobile,2024.0,1536.0,288.0,1590.0,50.0,6.0,12.0,284.0
mx150 gp107,2024.0,384.0,48.06,1532.0,25.0,3.0,14.0,132.0
mx230,2024.0,256.0,48.06,1531.0,10.0,1.0,14.0,74.0
mx250,2024.0,384.0,48.06,1038.0,10.0,1.0,14.0,74.0
mx250,2024.0,384.0,48.06,1582.0,25.0,1.0,14.0,74.0
rtx 2060,2024.0,1920.0,336.0,1680.0,160.0,10.0,12.0,445.0
rtx 2060 max q refresh,2024.0,1920.0,259.8,1200.0,115.0,10.0,12.0,445.0
rtx 2060 mobile,2024.0,1920.0,336.0,1200.0,115.0,10.0,12.0,445.0
rtx 2060 mobile refresh,2024.0,1920.0,264.0,1560.0,65.0,10.0,12.0,445.0
rtx 2060 super,2024.0,2176.0,448.0,1650.0,175.0,10.0,12.0,445.0
rtx 2060 super mobile,2024.0,2176.0,448.0,1530.0,175.0,10.0,12.0,445.0
rtx 2070 max q,2024.0,2304.0,384.0,1185.0,90.0,10.0,12.0,445.0
rtx 2070 mobile,2024.0,2304.0,448.0,1440.0,115.0,10.0,12.0,445.0
rtx 2070 super,2024.0,2560.0,448.0,1770.0,215.0,13.0,12.0,545.0
rtx 2080 max q,2024.0,2944.0,384.0,1095.0,80.0,13.0,12.0,545.0
rtx 2080 mobile,2024.0,2944.0,448.0,1590.0,150.0,13.0,12.0,545.0
rtx 2080 super,2024.0,3072.0,495.9,1815.0,250.0,13.0,12.0,545.0
jetson nano,2024.0,128.0,25.6,921.0,10.0,2.0,20.0,118.0
p106m,2024.0,1152.0,96.13,1291.0,75.0,4.0,16.0,200.0
quadro p2000 mobile,2024.0,1152.0,96.13,1291.0,75.0,4.0,16.0,200.0
quadro p2200,2024.0,1280.0,200.2,1493.0,75.0,4.0,16.0,200.0
quadro p520 max q,2024.0,384.0,44.0,1493.0,18.0,1.0,14.0,74.0
quadro p520 mobile,2024.0,384.0,48.06,1493.0,18.0,1.0,14.0,74.0
quadro rtx 3000 max q,2024.0,1920.0,288.0,1215.0,60.0,10.0,12.0,445.0
quadro rtx 3000 mobile,2024.0,1920.0,336.0,1380.0,80.0,10.0,12.0,445.0
quadro rtx 3000 mobile refresh,2024.0,1920.0,336.0,1380.0,80.0,10.0,12.0,445.0
quadro rtx 3000 x2 mobile,2024.0,1920.0,336.0,1380.0,160.0,10.0,12.0,445.0
quadro rtx 4000 max q,2024.0,2560.0,384.0,1380.0,80.0,13.0,12.0,545.0
quadro rtx 4000 mobile,2024.0,2560.0,448.0,1560.0,110.0,13.0,12.0,545.0
quadro rtx 5000 max q,2024.0,3072.0,384.0,1350.0,80.0,13.0,12.0,545.0
quadro rtx 5000 mobile,2024.0,3072.0,448.0,1530.0,110.0,13.0,12.0,545.0
quadro rtx 6000 mobile,2024.0,4608.0,672.0,1455.0,50.0,18.0,12.0,754.0
quadro t1000 max q,2024.0,896.0,80.0,1350.0,50.0,4.0,12.0,200.0
quadro t1000 mobile,2024.0,896.0,128.1,1455.0,50.0,4.0,12.0,200.0
quadro t2000 max q,2024.0,1024.0,80.0,1395.0,40.0,4.0,12.0,200.0
quadro t2000 mobile,2024.0,1024.0,128.1,1785.0,60.0,4.0,12.0,200.0
switch gpu 16nm,2024.0,256.0,25.6,768.0,15.0,2.0,16.0,100.0
tesla pg500 216,2024.0,5120.0,1.13,1380.0,250.0,21.0,12.0,815.0
tesla pg503 216,2024.0,4608.0,1.13,1530.0,250.0,21.0,12.0,815.0
tesla v100 sxm2 16 gb,2024.0,5120.0,1.13,1597.0,250.0,21.0,12.0,815.0
tesla v100s pcie 32 gb,2024.0,5120.0,1.13,1597.0,250.0,21.0,12.0,815.0
a100 pcie 40 gb,2024.0,6912.0,1.56,1410.0,250.0,54.0,7.0,826.0
a100 sxm4 40 gb,2024.0,6912.0,1.56,1410.0,400.0,54.0,7.0,826.0
a100 sxm4 80 gb,2024.0,6912.0,2.04,1410.0,400.0,54.0,7.0,826.0
a40 pcie,2024.0,10752.0,695.8,1740.0,300.0,28.0,8.0,628.0
cmp 100hx 210,2024.0,5120.0,829.4,1147.0,250.0,21.0,12.0,815.0
drive a100 prod,2024.0,6912.0,1.87,1410.0,400.0,54.0,7.0,826.0
gtx 1650 gddr6,2024.0,896.0,192.0,1590.0,75.0,4.0,12.0,200.0
gtx 1650 max q,2024.0,1024.0,160.0,1125.0,30.0,4.0,12.0,200.0
gtx 1650 mobile,2024.0,1024.0,192.0,1515.0,50.0,4.0,12.0,200.0
gtx 1650 ti max q,2024.0,1024.0,160.0,1200.0,50.0,4.0,12.0,200.0
gtx 1650 ti mobile,2024.0,1024.0,192.0,1485.0,50.0,4.0,12.0,200.0
gtx 1650 ti mobile,2024.0,1024.0,192.0,1485.0,50.0,6.0,12.0,284.0
gtx 1650 tu106,2024.0,896.0,192.0,1590.0,90.0,10.0,12.0,445.0
gtx 1650 tu116,2024.0,896.0,192.0,1590.0,80.0,6.0,12.0,284.0
mx330,2024.0,384.0,56.06,1594.0,10.0,1.0,14.0,74.0
mx350,2024.0,640.0,56.06,1468.0,20.0,3.0,14.0,132.0
mx350,2024.0,640.0,56.06,937.0,20.0,3.0,14.0,132.0
mx450 12w,2024.0,896.0,80.0,930.0,12.0,4.0,12.0,200.0
mx450 30 5w 10gbps,2024.0,896.0,80.0,1575.0,31.0,4.0,12.0,200.0
mx450 30 5w 8gbps,2024.0,896.0,64.0,1275.0,31.0,4.0,12.0,200.0
rtx 2060 max q,2024.0,1920.0,264.0,1185.0,65.0,10.0,12.0,445.0
rtx 2060 tu104,2024.0,1920.0,336.0,1680.0,160.0,13.0,12.0,545.0
rtx 2070 max q refresh,2024.0,2304.0,352.0,1125.0,115.0,10.0,12.0,445.0
rtx 2070 mobile refresh,2024.0,2304.0,352.0,1455.0,115.0,10.0,12.0,445.0
rtx 2070 super max q,2024.0,2560.0,352.0,1155.0,80.0,13.0,12.0,545.0
rtx 2070 super mobile,2024.0,2560.0,448.0,1380.0,115.0,13.0,12.0,545.0
rtx 2080 super max q,2024.0,3072.0,352.0,975.0,80.0,13.0,12.0,545.0
rtx 2080 super mobile,2024.0,3072.0,448.0,1560.0,150.0,13.0,12.0,545.0
rtx 3060 ti,2024.0,4864.0,448.0,1665.0,200.0,17.0,8.0,392.0
rtx 3070,2024.0,5888.0,448.0,1725.0,220.0,17.0,8.0,392.0
rtx 3080,2024.0,8704.0,760.3,1710.0,320.0,28.0,8.0,628.0
rtx 3090,2024.0,10496.0,936.2,1695.0,350.0,28.0,8.0,628.0
grid a100a,2024.0,6912.0,1.87,1005.0,400.0,54.0,7.0,826.0
grid a100b,2024.0,6912.0,1.87,1005.0,400.0,54.0,7.0,826.0
grid rtx t10 2,2024.0,3584.0,672.0,1395.0,150.0,18.0,12.0,754.0
grid rtx t10 4,2024.0,3584.0,672.0,1395.0,150.0,18.0,12.0,754.0
jetson xavier nx 16 gb,2024.0,384.0,59.71,1100.0,20.0,9.0,12.0,350.0
jetson xavier nx 8 gb,2024.0,384.0,59.71,1100.0,15.0,9.0,12.0,350.0
quadro rtx 5000 mobile refresh,2024.0,3072.0,448.0,1530.0,110.0,13.0,12.0,545.0
quadro rtx 5000 x2 mobile,2024.0,3072.0,448.0,1530.0,110.0,13.0,12.0,545.0
quadro t1000 mobile gddr6,2024.0,896.0,192.0,1650.0,50.0,4.0,12.0,200.0
rtx a6000,2024.0,10752.0,768.0,1800.0,300.0,28.0,8.0,628.0
t500 max q,2024.0,896.0,80.0,1425.0,18.0,4.0,12.0,200.0
t500 mobile,2024.0,896.0,80.0,1560.0,18.0,4.0,12.0,200.0
tesla t10 16 gb,2024.0,3584.0,403.2,1395.0,150.0,18.0,12.0,754.0
a10 pcie,2024.0,9216.0,600.2,1695.0,150.0,28.0,8.0,628.0
a100 pcie 80 gb,2024.0,6912.0,1.94,1410.0,300.0,54.0,7.0,826.0
a100x,2024.0,6912.0,2.04,1440.0,300.0,54.0,7.0,826.0
a10g,2024.0,9216.0,600.2,1710.0,150.0,28.0,8.0,628.0
a16 pcie,2024.0,1280.0,200.1,1755.0,250.0,8.0,8.0,200.0
a2,2024.0,1280.0,200.1,1770.0,60.0,8.0,8.0,200.0
a2 pcie,2024.0,1280.0,200.1,1770.0,60.0,8.0,8.0,200.0
a30 pcie,2024.0,3584.0,933.1,1440.0,165.0,54.0,7.0,826.0
a30x,2024.0,3584.0,1.22,1440.0,230.0,54.0,7.0,826.0
cmp 170hx 10 gb,2024.0,4480.0,1.56,1410.0,250.0,54.0,7.0,826.0
cmp 170hx 8 gb,2024.0,4480.0,1.49,1410.0,250.0,54.0,7.0,826.0
cmp 30hx,2024.0,1408.0,336.0,1785.0,125.0,6.0,12.0,284.0
cmp 40hx,2024.0,2304.0,448.0,1650.0,185.0,10.0,12.0,445.0
cmp 50hx,2024.0,3584.0,560.0,1545.0,250.0,18.0,12.0,754.0
cmp 70hx,2024.0,3840.0,608.3,1395.0,50.0,17.0,8.0,392.0
cmp 90hx,2024.0,6400.0,760.3,1710.0,320.0,28.0,8.0,628.0
gt 1010,2024.0,256.0,48.06,1468.0,30.0,1.0,14.0,74.0
gt 1010 ddr4,2024.0,256.0,16.8,1380.0,20.0,1.0,14.0,74.0
mx550,2024.0,1024.0,96.0,1320.0,25.0,4.0,12.0,200.0
mx570,2024.0,2048.0,96.0,1155.0,15.0,8.0,8.0,200.0
mx570 a,2024.0,2048.0,96.0,1155.0,25.0,8.0,8.0,200.0
rtx 2050 max q,2024.0,2048.0,94.4,1155.0,30.0,8.0,8.0,200.0
rtx 2050 mobile,2024.0,2048.0,112.0,1245.0,30.0,8.0,8.0,200.0
rtx 2060 12 gb,2024.0,2176.0,336.0,1650.0,184.0,10.0,12.0,445.0
rtx 3050 max q,2024.0,2048.0,176.0,1057.0,35.0,8.0,8.0,200.0
rtx 3050 mobile,2024.0,2048.0,192.0,1343.0,45.0,8.0,8.0,200.0
rtx 3050 ti max q,2024.0,2560.0,176.0,1035.0,75.0,8.0,8.0,200.0
rtx 3050 ti mobile,2024.0,2560.0,192.0,1035.0,75.0,12.0,8.0,276.0
rtx 3050 ti mobile,2024.0,2560.0,192.0,1035.0,75.0,8.0,8.0,200.0
rtx 3060 12 gb,2024.0,3584.0,360.0,1777.0,170.0,12.0,8.0,276.0
rtx 3060 12 gb ga104,2024.0,3584.0,360.0,1777.0,170.0,17.0,8.0,392.0
rtx 3060 3840sp,2024.0,3840.0,336.0,1852.0,185.0,12.0,8.0,276.0
rtx 3060 max q,2024.0,3840.0,288.0,1282.0,60.0,12.0,8.0,276.0
rtx 3060 mobile,2024.0,3840.0,336.0,1425.0,80.0,12.0,8.0,276.0
rtx 3070 max q,2024.0,5120.0,384.0,1290.0,80.0,17.0,8.0,392.0
rtx 3070 mobile,2024.0,5120.0,448.0,1560.0,115.0,17.0,8.0,392.0
rtx 3070 ti,2024.0,6144.0,608.3,1770.0,290.0,17.0,8.0,392.0
rtx 3080 max q,2024.0,6144.0,384.0,1245.0,80.0,17.0,8.0,392.0
rtx 3080 mobile,2024.0,6144.0,448.0,1545.0,115.0,17.0,8.0,392.0
rtx 3080 ti,2024.0,10240.0,912.4,1665.0,350.0,28.0,8.0,628.0
pg506 207,2024.0,3584.0,933.1,1440.0,165.0,54.0,7.0,826.0
pg506 217,2024.0,3584.0,933.1,1440.0,165.0,54.0,7.0,826.0
pg506 232,2024.0,3584.0,933.1,1440.0,165.0,54.0,7.0,826.0
pg506 242,2024.0,3584.0,933.1,1440.0,165.0,54.0,7.0,826.0
quadro t1200 max q,2024.0,1024.0,160.0,1425.0,18.0,4.0,12.0,200.0
quadro t1200 mobile,2024.0,1024.0,192.0,1785.0,18.0,4.0,12.0,200.0
rtx a2000,2024.0,3328.0,288.0,1200.0,70.0,12.0,8.0,276.0
rtx a2000 12 gb,2024.0,3328.0,288.0,1200.0,70.0,12.0,8.0,276.0
rtx a2000 max q,2024.0,2560.0,176.0,1207.0,95.0,8.0,8.0,200.0
rtx a2000 max q 8 gb,2024.0,2560.0,176.0,1177.0,95.0,8.0,8.0,200.0
rtx a2000 mobile,2024.0,2560.0,192.0,1687.0,95.0,8.0,8.0,200.0
rtx a2000 mobile 8 gb,2024.0,2560.0,224.0,1612.0,95.0,8.0,8.0,200.0
rtx a3000 mobile,2024.0,4096.0,264.0,1230.0,70.0,17.0,8.0,392.0
rtx a3000 mobile 12 gb,2024.0,4096.0,336.0,1170.0,70.0,17.0,8.0,392.0
rtx a4 mobile,2024.0,2048.0,224.0,1770.0,50.0,8.0,8.0,200.0
rtx a4000,2024.0,6144.0,448.0,1560.0,140.0,17.0,8.0,392.0
rtx a4000 max q,2024.0,5120.0,352.0,1395.0,80.0,17.0,8.0,392.0
rtx a4000 mobile,2024.0,5120.0,384.0,1680.0,115.0,17.0,8.0,392.0
rtx a4000h,2024.0,6144.0,448.0,1560.0,140.0,17.0,8.0,392.0
rtx a4500,2024.0,7168.0,640.0,1650.0,200.0,28.0,8.0,628.0
rtx a500,2024.0,2048.0,112.0,1770.0,60.0,8.0,8.0,200.0
rtx a5000,2024.0,8192.0,768.0,1695.0,230.0,28.0,8.0,628.0
rtx a5000 max q,2024.0,6144.0,384.0,1350.0,80.0,17.0,8.0,392.0
rtx a5000 mobile,2024.0,6144.0,448.0,1575.0,150.0,17.0,8.0,392.0
rtx a5000 12q,2024.0,8192.0,768.0,1695.0,230.0,28.0,8.0,628.0
rtx a5000 8q,2024.0,8192.0,768.0,1695.0,230.0,28.0,8.0,628.0
t1000,2024.0,896.0,160.0,1395.0,50.0,4.0,12.0,200.0
t1000 8 gb,2024.0,896.0,160.0,1395.0,50.0,4.0,12.0,200.0
t400,2024.0,384.0,80.0,1425.0,30.0,4.0,12.0,200.0
t400 4 gb,2024.0,384.0,80.0,1425.0,30.0,4.0,12.0,200.0
t600,2024.0,640.0,160.0,1335.0,40.0,4.0,12.0,200.0
t600 max q,2024.0,896.0,160.0,1395.0,40.0,4.0,12.0,200.0
t600 mobile,2024.0,896.0,192.0,1410.0,40.0,4.0,12.0,200.0
a10m,2024.0,7168.0,500.2,1635.0,150.0,28.0,8.0,628.0
a800 pcie 40 gb,2024.0,6912.0,1.56,1410.0,250.0,54.0,7.0,826.0
a800 pcie 80 gb,2024.0,6912.0,1.94,1410.0,250.0,54.0,7.0,826.0
a800 sxm4 80 gb,2024.0,6912.0,2.04,1410.0,400.0,54.0,7.0,826.0
gtx 1630,2024.0,512.0,96.0,1785.0,75.0,4.0,12.0,200.0
rtx 3050 4 gb,2024.0,2048.0,192.0,1740.0,90.0,8.0,8.0,200.0
rtx 3050 8 gb,2024.0,2560.0,224.0,1777.0,130.0,12.0,8.0,276.0
rtx 3050 8 gb ga107,2024.0,2560.0,224.0,1777.0,115.0,8.0,8.0,200.0
rtx 3050 max q refresh 4 gb,2024.0,2048.0,176.0,1125.0,35.0,8.0,8.0,200.0
rtx 3050 max q refresh 6 gb,2024.0,2560.0,132.0,990.0,35.0,8.0,8.0,200.0
rtx 3050 mobile refresh 4 gb,2024.0,2560.0,224.0,1207.0,45.0,8.0,8.0,200.0
rtx 3050 mobile refresh 6 gb,2024.0,2560.0,168.0,1492.0,75.0,8.0,8.0,200.0
rtx 3050 oem,2024.0,2304.0,224.0,1755.0,130.0,12.0,8.0,276.0
rtx 3060 8 gb,2024.0,3584.0,240.0,1777.0,170.0,12.0,8.0,276.0
rtx 3060 8 gb ga104,2024.0,3584.0,240.0,1777.0,195.0,17.0,8.0,392.0
rtx 3060 ti ga103,2024.0,4864.0,448.0,1665.0,200.0,22.0,8.0,496.0
rtx 3060 ti gddr6x,2024.0,4864.0,608.3,1665.0,225.0,17.0,8.0,392.0
rtx 3070 ti 8 gb ga102,2024.0,6144.0,608.3,1770.0,290.0,28.0,8.0,628.0
rtx 3070 ti max q,2024.0,5888.0,384.0,1035.0,80.0,17.0,8.0,392.0
rtx 3070 ti mobile,2024.0,5888.0,448.0,1410.0,115.0,17.0,8.0,392.0
rtx 3070 tim,2024.0,5888.0,448.0,1410.0,220.0,17.0,8.0,392.0
rtx 3080 12 gb,2024.0,8960.0,912.4,1710.0,350.0,28.0,8.0,628.0
rtx 3080 ti 20 gb,2024.0,10240.0,760.3,1665.0,350.0,28.0,8.0,628.0
rtx 3080 ti max q,2024.0,7424.0,384.0,1125.0,80.0,22.0,8.0,496.0
rtx 3080 ti mobile,2024.0,7424.0,512.0,1260.0,115.0,22.0,8.0,496.0
rtx 3090 ti,2024.0,10752.0,1.01,1860.0,450.0,28.0,8.0,628.0
rtx 4080,2024.0,9728.0,716.8,2505.0,320.0,45.0,5.0,379.0
rtx 4090,2024.0,16384.0,1.01,2520.0,450.0,76.0,5.0,609.0
h100 pcie 80 gb,2024.0,14592.0,2.04,1755.0,350.0,80.0,5.0,814.0
h100 sxm5 80 gb,2024.0,16896.0,3.36,1980.0,700.0,80.0,5.0,814.0
l40,2024.0,18176.0,864.0,2490.0,300.0,76.0,5.0,609.0
l40 cnx,2024.0,18176.0,864.0,2475.0,300.0,76.0,5.0,609.0
l40g,2024.0,18176.0,864.0,2475.0,300.0,76.0,5.0,609.0
l40s,2024.0,18176.0,864.0,2520.0,300.0,76.0,5.0,609.0
rtx 6000 ada generation,2024.0,18176.0,960.0,2505.0,300.0,76.0,5.0,609.0
rtx a1000 embedded,2024.0,2048.0,224.0,1140.0,35.0,8.0,8.0,200.0
rtx a1000 mobile,2024.0,2048.0,176.0,1140.0,60.0,8.0,8.0,200.0
rtx a1000 mobile 6 gb,2024.0,2560.0,132.0,1140.0,60.0,8.0,8.0,200.0
rtx a2000 embedded,2024.0,2560.0,192.0,1177.0,35.0,8.0,8.0,200.0
rtx a3000 mobile 12 gb,2024.0,4096.0,336.0,1440.0,115.0,17.0,8.0,392.0
rtx a4500 embedded,2024.0,5888.0,384.0,1215.0,80.0,17.0,8.0,392.0
rtx a4500 max q,2024.0,5888.0,448.0,1215.0,80.0,17.0,8.0,392.0
rtx a4500 mobile,2024.0,5888.0,512.0,1500.0,140.0,17.0,8.0,392.0
rtx a500 embedded,2024.0,2048.0,96.0,1335.0,20.0,8.0,8.0,200.0
rtx a500 mobile,2024.0,2048.0,96.0,1537.0,30.0,8.0,8.0,200.0
rtx a5500,2024.0,10240.0,768.0,1665.0,230.0,28.0,8.0,628.0
rtx a5500 max q,2024.0,7424.0,448.0,1260.0,80.0,22.0,8.0,496.0
rtx a5500 mobile,2024.0,7424.0,512.0,1500.0,165.0,22.0,8.0,496.0
t550 mobile,2024.0,1024.0,96.0,1665.0,23.0,4.0,12.0,200.0
rtx 4050 max q,2024.0,2560.0,192.0,1605.0,35.0,18.0,5.0,159.0
rtx 4050 mobile,2024.0,2560.0,192.0,1755.0,50.0,18.0,5.0,159.0
rtx 4060,2024.0,3072.0,272.0,2460.0,115.0,18.0,5.0,159.0
rtx 4060 max q,2024.0,3072.0,256.0,1470.0,35.0,18.0,5.0,159.0
rtx 4060 mobile,2024.0,3072.0,256.0,1890.0,115.0,18.0,5.0,159.0
rtx 4060 ti 16 gb,2024.0,4352.0,288.0,2535.0,165.0,22.0,5.0,188.0
rtx 4060 ti 8 gb,2024.0,4352.0,288.0,2535.0,160.0,22.0,5.0,188.0
rtx 4070,2024.0,5888.0,504.2,2475.0,200.0,35.0,5.0,294.0
rtx 4070 max q,2024.0,4608.0,256.0,1230.0,35.0,22.0,5.0,188.0
rtx 4070 mobile,2024.0,4608.0,256.0,1695.0,115.0,22.0,5.0,188.0
rtx 4070 ti,2024.0,7680.0,504.2,2610.0,285.0,35.0,5.0,294.0
rtx 4080 max q,2024.0,7424.0,432.0,1350.0,60.0,35.0,5.0,294.0
rtx 4080 mobile,2024.0,7424.0,432.0,1665.0,110.0,35.0,5.0,294.0
rtx 4090 d,2024.0,14592.0,1.01,2520.0,425.0,76.0,5.0,609.0
rtx 4090 max q,2024.0,9728.0,576.0,1455.0,80.0,45.0,5.0,379.0
rtx 4090 mobile,2024.0,9728.0,576.0,1695.0,120.0,45.0,5.0,379.0
h100 cnx,2024.0,14592.0,2.04,1845.0,350.0,80.0,5.0,814.0
h100 nvl 94 gb,2024.0,16896.0,3.94,1785.0,400.0,80.0,5.0,814.0
h100 pcie 96 gb,2024.0,16896.0,3.36,1837.0,700.0,80.0,5.0,814.0
h100 sxm5 64 gb,2024.0,16896.0,2.02,1980.0,700.0,80.0,5.0,814.0
h100 sxm5 94 gb,2024.0,16896.0,3.36,1980.0,700.0,80.0,5.0,814.0
h100 sxm5 96 gb,2024.0,16896.0,3.36,1980.0,700.0,80.0,5.0,814.0
h800 pcie 80 gb,2024.0,14592.0,2.04,1755.0,350.0,80.0,5.0,814.0
h800 sxm5,2024.0,16896.0,3.36,1755.0,700.0,80.0,5.0,814.0
jetson agx orin 32 gb,2024.0,1792.0,204.8,1250.0,40.0,29.0,8.0,200.0
jetson agx orin 64 gb,2024.0,2048.0,204.8,1250.0,60.0,29.0,8.0,200.0
jetson orin nano 4 gb,2024.0,512.0,34.11,1250.0,10.0,29.0,8.0,200.0
jetson orin nano 8 gb,2024.0,1024.0,68.22,1250.0,15.0,29.0,8.0,200.0
jetson orin nx 16 gb,2024.0,1024.0,102.4,1250.0,25.0,29.0,8.0,200.0
jetson orin nx 8 gb,2024.0,1024.0,102.4,1250.0,20.0,29.0,8.0,200.0
l20,2024.0,11776.0,864.0,2520.0,275.0,76.0,5.0,609.0
l4,2024.0,7424.0,300.1,2040.0,72.0,35.0,5.0,294.0
rtx 2000 embedded ada generation,2024.0,3072.0,256.0,2010.0,50.0,18.0,5.0,159.0
rtx 2000 max q ada generation,2024.0,3072.0,256.0,1455.0,35.0,18.0,5.0,159.0
rtx 2000 mobile ada generation,2024.0,3072.0,256.0,2115.0,50.0,18.0,5.0,159.0
rtx 3000 mobile ada generation,2024.0,4608.0,256.0,1695.0,115.0,22.0,5.0,188.0
rtx 3500 embedded ada generation,2024.0,5120.0,432.0,2250.0,100.0,35.0,5.0,294.0
rtx 3500 mobile ada generation,2024.0,5120.0,432.0,1545.0,100.0,35.0,5.0,294.0
rtx 4000 ada generation,2024.0,6144.0,360.0,2175.0,130.0,35.0,5.0,294.0
rtx 4000 mobile ada generation,2024.0,7424.0,432.0,1665.0,110.0,35.0,5.0,294.0
rtx 4000 sff ada generation,2024.0,6144.0,280.0,1560.0,70.0,35.0,5.0,294.0
rtx 4500 ada generation,2024.0,7680.0,432.0,2580.0,210.0,45.0,5.0,379.0
rtx 5000 ada generation,2024.0,12800.0,576.0,2550.0,250.0,76.0,5.0,609.0
rtx 5000 embedded ada generation,2024.0,9728.0,576.0,1680.0,120.0,45.0,5.0,379.0
rtx 5000 embedded ada generation x2,2024.0,9728.0,576.0,1680.0,150.0,45.0,5.0,379.0
rtx 5000 max q ada generation,2024.0,9728.0,576.0,1680.0,120.0,45.0,5.0,379.0
rtx 5000 mobile ada generation,2024.0,9728.0,576.0,2115.0,120.0,45.0,5.0,379.0
b100,2024.0,16896.0,4.1,1837.0,1000.0,104.0,5.0,154.0
b200 sxm 192 gb,2024.0,16896.0,4.1,1837.0,1000.0,104.0,5.0,154.0
rtx 3050 6 gb,2024.05,2304.0,168.0,1470.0,70.0,8.0,8.0,200.0
rtx 3050 a mobile,2024.1,1792.0,192.0,1343.0,45.0,12.0,8.0,276.0
rtx 4010,2024.15,768.0,96.0,1762.0,50.0,8.0,8.0,200.0
rtx 4060 ad106,2024.2,3072.0,272.0,2460.0,115.0,22.0,5.0,188.0
rtx 4060 ti ad104,2024.25,4352.0,288.0,2535.0,160.0,35.0,5.0,294.0
rtx 4070 ad103,2024.3,5888.0,504.2,2475.0,200.0,45.0,5.0,379.0
rtx 4070 gddr6,2024.35,5888.0,480.0,2475.0,200.0,35.0,5.0,294.0
rtx 4070 super,2024.4,7168.0,504.2,2475.0,220.0,35.0,5.0,294.0
rtx 4070 ti super,2024.45,8448.0,672.3,2610.0,285.0,45.0,5.0,379.0
rtx 4070 ti super ad102,2024.5,8448.0,672.3,2610.0,285.0,76.0,5.0,609.0
rtx 4080 super,2024.55,10240.0,736.3,2550.0,320.0,45.0,5.0,379.0
h200 nvl,2024.6,16896.0,4.89,1785.0,600.0,80.0,5.0,814.0
h200 sxm 141 gb,2024.65,16896.0,4.89,1980.0,700.0,80.0,5.0,814.0
rtx 1000 mobile ada generation,2024.7,2560.0,192.0,2025.0,35.0,18.0,5.0,159.0
rtx 2000 ada generation,2024.75,2816.0,256.0,2130.0,70.0,18.0,5.0,159.0
rtx 500 mobile ada generation,2024.8,2048.0,128.0,2025.0,35.0,18.0,5.0,159.0
rtx 5880 ada generation,2024.85,14080.0,864.0,2460.0,285.0,76.0,5.0,609.0
rtx a1000,2024.9,2304.0,192.0,1462.0,50.0,8.0,8.0,200.0
rtx a400,2024.95,768.0,96.0,1762.0,50.0,8.0,8.0,200.0
gb10,2025.0,6144.0,273.2,2525.0,50.0,29.0,3.0,154.0
rtx 5050,2025.0,2560.0,320.0,2572.0,130.0,16.0,5.0,149.0
rtx 5050 mobile,2025.0,2560.0,384.0,1500.0,50.0,16.0,5.0,149.0
rtx 5060,2025.0,3840.0,448.0,2497.0,145.0,21.0,5.0,181.0
rtx 5060 mobile,2025.0,3328.0,384.0,1455.0,45.0,21.0,5.0,181.0
rtx 5060 ti 16 gb,2025.0,4608.0,448.0,2572.0,180.0,21.0,5.0,181.0
rtx 5060 ti 8 gb,2025.0,4608.0,448.0,2572.0,180.0,21.0,5.0,181.0
rtx 5070,2025.0,6144.0,672.0,2512.0,250.0,31.0,5.0,263.0
rtx 5070 mobile,2025.0,4608.0,384.0,1425.0,50.0,21.0,5.0,181.0
rtx 5070 ti,2025.0,8960.0,896.0,2452.0,300.0,45.0,5.0,378.0
rtx 5070 ti mobile,2025.0,5888.0,672.0,1447.0,60.0,31.0,5.0,263.0
rtx 5080,2025.0,10752.0,960.0,2617.0,360.0,45.0,5.0,378.0
rtx 5080 mobile,2025.0,7680.0,896.0,1500.0,80.0,45.0,5.0,378.0
rtx 5090,2025.0,21760.0,1.79,2407.0,575.0,92.0,5.0,750.0
rtx 5090 d,2025.0,21760.0,1.79,2407.0,575.0,92.0,5.0,750.0
rtx 5090 d v2,2025.0,21760.0,1.34,2407.0,575.0,92.0,5.0,750.0
rtx 5090 mobile,2025.0,10496.0,896.0,1515.0,95.0,45.0,5.0,378.0
jetson t4000,2025.0,1536.0,273.2,2525.0,40.0,29.0,3.0,154.0
jetson t5000,2025.0,2560.0,273.2,2525.0,40.0,29.0,3.0,154.0
rtx pro 2000 blackwell,2025.0,4352.0,288.0,1957.0,70.0,21.0,5.0,181.0
rtx pro 4000 blackwell,2025.0,8960.0,672.0,2055.0,140.0,45.0,5.0,378.0
rtx pro 4000 blackwell sff,2025.0,8960.0,432.0,1432.0,70.0,45.0,5.0,378.0
rtx pro 4500 blackwell,2025.0,10496.0,896.0,2407.0,200.0,45.0,5.0,378.0
rtx pro 5000 72 gb blackwell,2025.0,14080.0,1.34,2377.0,300.0,92.0,5.0,750.0
rtx pro 5000 blackwell,2025.0,14080.0,1.34,2377.0,300.0,92.0,5.0,750.0
rtx pro 6000 blackwell,2025.0,24064.0,1.79,2617.0,600.0,92.0,5.0,750.0
rtx pro 6000 blackwell max q,2025.0,24064.0,1.79,2280.0,300.0,92.0,5.0,750.0
rtx pro 6000 blackwell server,2025.0,24064.0,1.79,2617.0,600.0,92.0,5.0,750.0
rtx pro 6000d blackwell,2025.0,24064.0,1.79,2617.0,600.0,92.0,5.0,750.0
rtx pro 6000d blackwell max q,2025.0,24064.0,1.79,2288.0,300.0,92.0,5.0,750.0
switch 2 gpu,2025.0,1536.0,102.4,1400.0,40.0,29.0,8.0,200.0
rtx 5070 super,2019.75,6400.0,672.0,2512.0,275.0,31.0,5.0,263.0
rtx 5070 ti super,2014.5,8960.0,896.0,2452.0,350.0,45.0,5.0,378.0
rtx 5080 super,2009.25,10752.0,1.02,2617.0,415.0,45.0,5.0,378.0
gammachrome s18 ce,2004.0,480.0,9.6,1250.0,50.0,29.0,130.0,154.0
gammachrome s18 pro,2004.0,480.0,11.2,1250.0,50.0,29.0,130.0,154.0
graphics chrome 430 gt,2008.0,32.0,8.0,1250.0,100.0,196.0,65.0,85.0
graphics chrome 440 gtx,2008.0,32.0,12.8,1250.0,131.0,196.0,65.0,85.0
graphics chrome 530 gt,2008.5,32.0,8.0,1250.0,100.0,29.0,65.0,154.0
graphics chrome 540 gtx,2009.0,32.0,13.6,1250.0,131.0,29.0,65.0,154.0
playstation portable gpu 90nm,2009.0,480.0,5.312,1250.0,4.0,29.0,90.0,83.0
playstation 2 gpu 90nm,2009.0,480.0,48.0,1250.0,45.0,54.0,90.0,86.0
playstation 2 gpu 65nm,2009.0,480.0,48.0,1250.0,45.0,54.0,65.0,60.0
playstation portable gpu 65nm,2009.0,480.0,5.312,1250.0,4.0,29.0,65.0,154.0
playstation vita gpu,2009.0,480.0,3.2,1250.0,4.0,29.0,32.0,6.0
s3g chrome 640,2009.0,64.0,40.0,1250.0,9.0,29.0,40.0,76.0
s3g chrome 645,2009.0,64.0,40.0,1250.0,9.0,29.0,40.0,76.0
volari 8300,2009.0,480.0,4.8,1250.0,50.0,90.0,130.0,154.0
volari duo v5 ultra,2009.0,480.0,24.0,1250.0,50.0,90.0,130.0,154.0
volari duo v5 ultra,2009.0,480.0,32.0,1250.0,50.0,90.0,130.0,154.0
volari duo v8 ultra,2009.0,480.0,16.0,1250.0,50.0,110.0,130.0,154.0
volari duo v8 ultra,2009.0,480.0,24.0,1250.0,50.0,110.0,130.0,154.0
volari v3,2009.0,480.0,6.4,1250.0,50.0,25.0,130.0,154.0
volari v3 xt,2009.0,480.0,6.624,1250.0,50.0,25.0,130.0,154.0
volari v5,2009.0,480.0,14.4,1250.0,50.0,90.0,130.0,154.0
volari v5,2009.0,480.0,10.4,1250.0,50.0,90.0,130.0,154.0
volari v5 ultra,2009.0,480.0,12.0,1250.0,50.0,90.0,130.0,154.0
volari v5 ultra,2009.0,480.0,16.0,1250.0,50.0,90.0,130.0,154.0
volari v8,2009.0,480.0,10.4,1250.0,50.0,110.0,130.0,154.0
volari v8,2009.0,480.0,14.4,1250.0,50.0,110.0,130.0,154.0
volari v8 ultra,2009.0,480.0,16.0,1250.0,50.0,110.0,130.0,154.0
volari v8 ultra,2009.0,480.0,12.0,1250.0,50.0,110.0,130.0,154.0
