gpu_name,year,shader_cores,memory_bandwidth,boost_clock,tdp,transistors,process_nm,die_size,compute_index,memory_pressure_ratio,perf_per_watt,transistor_density,log_transistors,expected_log_transistors,moore_deviation
color emulation card,2024.0,480.0,20.0,1250.0,50.0,29.0,800.0,90.0,600000.0,28571.428571428572,11764.70588235294,0.31868131868131866,3.4011973816621555,3.3314383390085567,-0.07630918228861328
graphics solution,2024.0,480.0,20.0,1250.0,50.0,29.0,800.0,90.0,600000.0,28571.428571428572,11764.70588235294,0.31868131868131866,3.4011973816621555,3.3314383390085567,-0.07630918228861328
ega wonder 800,2024.0,480.0,32.0,1250.0,50.0,29.0,800.0,90.0,600000.0,18181.81818181818,11764.70588235294,0.31868131868131866,3.4011973816621555,3.3314383390085567,-0.07630918228861328
graphics solution plus,2024.0,480.0,20.0,1250.0,50.0,29.0,800.0,90.0,600000.0,28571.428571428572,11764.70588235294,0.31868131868131866,3.4011973816621555,3.3314383390085567,-0.07630918228861328
vga improved performance,2024.0,480.0,40.0,1250.0,50.0,29.0,800.0,90.0,600000.0,14634.146341463415,11764.70588235294,0.31868131868131866,3.4011973816621555,3.3314383390085567,-0.07630918228861328
ega wonder 480,2024.0,480.0,32.0,1250.0,50.0,29.0,800.0,90.0,600000.0,18181.81818181818,11764.70588235294,0.31868131868131866,3.4011973816621555,3.3314383390085567,-0.07630918228861328
ega wonder 800,2024.0,480.0,32.0,1250.0,50.0,29.0,800.0,90.0,600000.0,18181.81818181818,11764.70588235294,0.31868131868131866,3.4011973816621555,3.3314383390085567,-0.07630918228861328
vga wonder,2024.0,480.0,40.0,1250.0,50.0,29.0,800.0,90.0,600000.0,14634.146341463415,11764.70588235294,0.31868131868131866,3.4011973816621555,3.3314383390085567,-0.07630918228861328
vga wonder,2024.0,480.0,40.0,1250.0,50.0,29.0,800.0,90.0,600000.0,14634.146341463415,11764.70588235294,0.31868131868131866,3.4011973816621555,3.3314383390085567,-0.07630918228861328
8514 ultra,2024.0,480.0,40.0,1250.0,50.0,29.0,800.0,90.0,600000.0,14634.146341463415,11764.70588235294,0.31868131868131866,3.4011973816621555,3.3314383390085567,-0.07630918228861328
graphics ultra,2024.0,480.0,40.0,1250.0,50.0,29.0,800.0,90.0,600000.0,14634.146341463415,11764.70588235294,0.31868131868131866,3.4011973816621555,3.3314383390085567,-0.07630918228861328
graphics ultra pro isa,2024.0,480.0,80.0,1250.0,50.0,29.0,700.0,90.0,600000.0,7407.407407407408,11764.70588235294,0.31868131868131866,3.4011973816621555,3.3314383390085567,-0.07630918228861328
graphics ultra pro isa,2024.0,480.0,80.0,1250.0,50.0,29.0,700.0,90.0,600000.0,7407.407407407408,11764.70588235294,0.31868131868131866,3.4011973816621555,3.3314383390085567,-0.07630918228861328
graphics vantage,2024.0,480.0,40.0,1250.0,50.0,29.0,800.0,90.0,600000.0,14634.146341463415,11764.70588235294,0.31868131868131866,3.4011973816621555,3.3314383390085567,-0.07630918228861328
graphics wonder pci,2024.0,480.0,80.0,1250.0,50.0,29.0,700.0,90.0,600000.0,7407.407407407408,11764.70588235294,0.31868131868131866,3.4011973816621555,3.3314383390085567,-0.07630918228861328
graphics wonder vlb,2024.0,480.0,80.0,1250.0,50.0,29.0,700.0,90.0,600000.0,7407.407407407408,11764.70588235294,0.31868131868131866,3.4011973816621555,3.3314383390085567,-0.07630918228861328
vga wonder xl24,2024.0,480.0,40.0,1250.0,50.0,29.0,800.0,90.0,600000.0,14634.146341463415,11764.70588235294,0.31868131868131866,3.4011973816621555,3.3314383390085567,-0.07630918228861328
graphics ultra pro pci,2024.0,480.0,664.0,1250.0,50.0,29.0,700.0,90.0,600000.0,902.2556390977444,11764.70588235294,0.31868131868131866,3.4011973816621555,3.3314383390085567,-0.07630918228861328
graphics ultra pro vlb,2024.0,480.0,80.0,1250.0,50.0,29.0,700.0,90.0,600000.0,7407.407407407408,11764.70588235294,0.31868131868131866,3.4011973816621555,3.3314383390085567,-0.07630918228861328
graphics ultra xlr vlb,2024.0,480.0,80.0,1250.0,50.0,29.0,700.0,90.0,600000.0,7407.407407407408,11764.70588235294,0.31868131868131866,3.4011973816621555,3.3314383390085567,-0.07630918228861328
playstation gpu 600nm,2024.0,480.0,132.0,1250.0,11.0,1.0,600.0,128.0,600000.0,4511.278195488721,50000.0,0.007751937984496124,0.6931471805599453,3.3314383390085567,-0.07630918228861328
graphics pro turbo,2024.0,480.0,320.0,1250.0,50.0,1.0,600.0,90.0,600000.0,1869.1588785046729,11764.70588235294,0.01098901098901099,0.6931471805599453,3.3314383390085567,-0.07630918228861328
graphics xpression,2024.0,480.0,320.0,1250.0,50.0,1.0,600.0,90.0,600000.0,1869.1588785046729,11764.70588235294,0.01098901098901099,0.6931471805599453,3.3314383390085567,-0.07630918228861328
graphics xpression isa,2024.0,480.0,320.0,1250.0,50.0,1.0,600.0,90.0,600000.0,1869.1588785046729,11764.70588235294,0.01098901098901099,0.6931471805599453,3.3314383390085567,-0.07630918228861328
video xpression,2024.0,480.0,528.0,1250.0,50.0,1.0,600.0,90.0,600000.0,1134.2155009451797,11764.70588235294,0.01098901098901099,0.6931471805599453,3.3314383390085567,-0.07630918228861328
winboost,2024.0,480.0,320.0,1250.0,50.0,1.0,600.0,90.0,600000.0,1869.1588785046729,11764.70588235294,0.01098901098901099,0.6931471805599453,3.3314383390085567,-0.07630918228861328
wincharger,2024.0,480.0,320.0,1250.0,50.0,1.0,600.0,90.0,600000.0,1869.1588785046729,11764.70588235294,0.01098901098901099,0.6931471805599453,3.3314383390085567,-0.07630918228861328
winturbo,2024.0,480.0,320.0,1250.0,50.0,1.0,600.0,90.0,600000.0,1869.1588785046729,11764.70588235294,0.01098901098901099,0.6931471805599453,3.3314383390085567,-0.07630918228861328
nv1,2024.0,480.0,480.0,1250.0,2.0,1.0,500.0,135.0,600000.0,1247.4012474012475,200000.0,0.007352941176470588,0.6931471805599453,3.3314383390085567,-0.07630918228861328
stg 2000,2024.0,480.0,400.0,1250.0,2.0,1.0,500.0,135.0,600000.0,1496.2593516209477,200000.0,0.007352941176470588,0.6931471805599453,3.3314383390085567,-0.07630918228861328
voodoo graphics 4 mb,2024.0,480.0,800.0,1250.0,15.0,1.0,500.0,135.0,600000.0,749.0636704119851,37500.0,0.007352941176470588,0.6931471805599453,3.3314383390085567,-0.07630918228861328
3d rage,2024.0,480.0,528.0,1250.0,50.0,5.0,500.0,90.0,600000.0,1134.2155009451797,11764.70588235294,0.054945054945054944,1.791759469228055,3.3314383390085567,-0.07630918228861328
3d rage ii,2024.0,480.0,664.0,1250.0,50.0,5.0,500.0,86.0,600000.0,902.2556390977444,11764.70588235294,0.05747126436781609,1.791759469228055,3.3314383390085567,-0.07630918228861328
3d rage ii dvd,2024.0,480.0,664.0,1250.0,50.0,5.0,500.0,86.0,600000.0,902.2556390977444,11764.70588235294,0.05747126436781609,1.791759469228055,3.3314383390085567,-0.07630918228861328
all in wonder 3d rage ii dvd,2024.0,480.0,664.0,1250.0,50.0,5.0,500.0,86.0,600000.0,902.2556390977444,11764.70588235294,0.05747126436781609,1.791759469228055,3.3314383390085567,-0.07630918228861328
video xpression,2024.0,480.0,496.0,1250.0,50.0,1.0,600.0,90.0,600000.0,1207.2434607645876,11764.70588235294,0.01098901098901099,0.6931471805599453,3.3314383390085567,-0.07630918228861328
video xpression,2024.0,480.0,496.0,1250.0,50.0,1.0,600.0,90.0,600000.0,1207.2434607645876,11764.70588235294,0.01098901098901099,0.6931471805599453,3.3314383390085567,-0.07630918228861328
3d rage iic agp,2024.0,480.0,664.0,1250.0,50.0,5.0,500.0,39.0,600000.0,902.2556390977444,11764.70588235294,0.125,1.791759469228055,3.3314383390085567,-0.07630918228861328
3d rage iic pci,2024.0,480.0,664.0,1250.0,50.0,5.0,500.0,39.0,600000.0,902.2556390977444,11764.70588235294,0.125,1.791759469228055,3.3314383390085567,-0.07630918228861328
3d rage pro agp,2024.0,480.0,600.0,1250.0,50.0,8.0,350.0,47.0,600000.0,998.3361064891847,11764.70588235294,0.16666666666666666,2.1972245773362196,3.3314383390085567,-0.07630918228861328
3d rage pro agp 2x,2024.0,480.0,600.0,1250.0,50.0,8.0,350.0,47.0,600000.0,998.3361064891847,11764.70588235294,0.16666666666666666,2.1972245773362196,3.3314383390085567,-0.07630918228861328
3d rage pro pci,2024.0,480.0,600.0,1250.0,50.0,8.0,350.0,47.0,600000.0,998.3361064891847,11764.70588235294,0.16666666666666666,2.1972245773362196,3.3314383390085567,-0.07630918228861328
rage lt pro agp,2024.0,480.0,800.0,1250.0,50.0,1.0,500.0,90.0,600000.0,749.0636704119851,11764.70588235294,0.01098901098901099,0.6931471805599453,3.3314383390085567,-0.07630918228861328
rage lt pro agp,2024.0,480.0,800.0,1250.0,50.0,1.0,500.0,90.0,600000.0,749.0636704119851,11764.70588235294,0.01098901098901099,0.6931471805599453,3.3314383390085567,-0.07630918228861328
rage pro turbo agp,2024.0,480.0,600.0,1250.0,50.0,8.0,350.0,67.0,600000.0,998.3361064891847,11764.70588235294,0.11764705882352941,2.1972245773362196,3.3314383390085567,-0.07630918228861328
rage pro turbo pci,2024.0,480.0,600.0,1250.0,50.0,8.0,350.0,67.0,600000.0,998.3361064891847,11764.70588235294,0.11764705882352941,2.1972245773362196,3.3314383390085567,-0.07630918228861328
xpert xl agp 2x,2024.0,480.0,800.0,1250.0,50.0,8.0,350.0,47.0,600000.0,749.0636704119851,11764.70588235294,0.16666666666666666,2.1972245773362196,3.3314383390085567,-0.07630918228861328
riva 128,2024.0,480.0,1.6,1250.0,4.0,4.0,350.0,71.0,600000.0,230769.23076923075,120000.0,0.05555555555555555,1.6094379124341003,3.3314383390085567,-0.07630918228861328
riva 128 pci,2024.0,480.0,1.6,1250.0,4.0,4.0,350.0,71.0,600000.0,230769.23076923075,120000.0,0.05555555555555555,1.6094379124341003,3.3314383390085567,-0.07630918228861328
6326,2024.0,480.0,400.0,1250.0,50.0,29.0,350.0,154.0,600000.0,1496.2593516209477,11764.70588235294,0.1870967741935484,3.4011973816621555,3.3314383390085567,-0.07630918228861328
6326 agp,2024.0,480.0,720.0,1250.0,50.0,29.0,350.0,154.0,600000.0,832.1775312066575,11764.70588235294,0.1870967741935484,3.4011973816621555,3.3314383390085567,-0.07630918228861328
playstation gpu 350nm,2024.0,480.0,132.0,1250.0,10.0,1.0,350.0,128.0,600000.0,4511.278195488721,54545.454545454544,0.007751937984496124,0.6931471805599453,3.3314383390085567,-0.07630918228861328
voodoo banshee agp 16 mb,2024.0,480.0,1.6,1250.0,15.0,4.0,350.0,137.0,600000.0,230769.23076923075,37500.0,0.028985507246376812,1.6094379124341003,3.3314383390085567,-0.07630918228861328
voodoo banshee pci 16 mb,2024.0,480.0,1.6,1250.0,15.0,4.0,350.0,137.0,600000.0,230769.23076923075,37500.0,0.028985507246376812,1.6094379124341003,3.3314383390085567,-0.07630918228861328
voodoo2 12 mb,2024.0,480.0,2.16,1250.0,15.0,4.0,350.0,119.0,600000.0,189873.41772151898,37500.0,0.03333333333333333,1.6094379124341003,3.3314383390085567,-0.07630918228861328
voodoo2 8 mb,2024.0,480.0,2.16,1250.0,15.0,4.0,350.0,119.0,600000.0,189873.41772151898,37500.0,0.03333333333333333,1.6094379124341003,3.3314383390085567,-0.07630918228861328
rage 128 gl,2024.0,480.0,960.0,1250.0,50.0,8.0,250.0,89.0,600000.0,624.3496357960457,11764.70588235294,0.08888888888888889,2.1972245773362196,3.3314383390085567,-0.07630918228861328
rage 128 gl pci,2024.0,480.0,1.648,1250.0,50.0,8.0,250.0,89.0,600000.0,226586.10271903325,11764.70588235294,0.08888888888888889,2.1972245773362196,3.3314383390085567,-0.07630918228861328
rage 128 pro ultra gl,2024.0,480.0,2.08,1250.0,50.0,8.0,250.0,89.0,600000.0,194805.1948051948,11764.70588235294,0.08888888888888889,2.1972245773362196,3.3314383390085567,-0.07630918228861328
rage 128 vr agp,2024.0,480.0,2.0,1250.0,50.0,8.0,250.0,89.0,600000.0,200000.0,11764.70588235294,0.08888888888888889,2.1972245773362196,3.3314383390085567,-0.07630918228861328
rage 128 vr pci,2024.0,480.0,2.0,1250.0,50.0,8.0,250.0,89.0,600000.0,200000.0,11764.70588235294,0.08888888888888889,2.1972245773362196,3.3314383390085567,-0.07630918228861328
rage xl pci,2024.0,480.0,664.0,1250.0,50.0,8.0,350.0,47.0,600000.0,902.2556390977444,11764.70588235294,0.16666666666666666,2.1972245773362196,3.3314383390085567,-0.07630918228861328
i740,2024.0,480.0,800.0,1250.0,50.0,29.0,150.0,154.0,600000.0,749.0636704119851,11764.70588235294,0.1870967741935484,3.4011973816621555,3.3314383390085567,-0.07630918228861328
i740 8 mb,2024.0,480.0,800.0,1250.0,50.0,29.0,150.0,154.0,600000.0,749.0636704119851,11764.70588235294,0.1870967741935484,3.4011973816621555,3.3314383390085567,-0.07630918228861328
i740 graphics,2024.0,480.0,40.0,1250.0,50.0,29.0,150.0,154.0,600000.0,14634.146341463415,11764.70588235294,0.1870967741935484,3.4011973816621555,3.3314383390085567,-0.07630918228861328
i752 graphics,2024.0,480.0,40.0,1250.0,50.0,29.0,150.0,154.0,600000.0,14634.146341463415,11764.70588235294,0.1870967741935484,3.4011973816621555,3.3314383390085567,-0.07630918228861328
marvel g200,2024.0,480.0,896.0,1250.0,50.0,10.0,350.0,154.0,600000.0,668.8963210702341,11764.70588235294,0.06451612903225806,2.3978952727983707,3.3314383390085567,-0.07630918228861328
millennium g200,2024.0,480.0,1.144,1250.0,50.0,10.0,350.0,154.0,600000.0,279850.7462686567,11764.70588235294,0.06451612903225806,2.3978952727983707,3.3314383390085567,-0.07630918228861328
millennium g200 sd,2024.0,480.0,896.0,1250.0,50.0,10.0,350.0,154.0,600000.0,668.8963210702341,11764.70588235294,0.06451612903225806,2.3978952727983707,3.3314383390085567,-0.07630918228861328
mystique g200,2024.0,480.0,896.0,1250.0,50.0,10.0,350.0,154.0,600000.0,668.8963210702341,11764.70588235294,0.06451612903225806,2.3978952727983707,3.3314383390085567,-0.07630918228861328
productiva g100,2024.0,480.0,496.0,1250.0,50.0,29.0,350.0,154.0,600000.0,1207.2434607645876,11764.70588235294,0.1870967741935484,3.4011973816621555,3.3314383390085567,-0.07630918228861328
riva 128zx,2024.0,480.0,1.6,1250.0,50.0,4.0,350.0,71.0,600000.0,230769.23076923075,11764.70588235294,0.05555555555555555,1.6094379124341003,3.3314383390085567,-0.07630918228861328
riva tnt,2024.0,480.0,1.76,1250.0,50.0,7.0,350.0,128.0,600000.0,217391.3043478261,11764.70588235294,0.05426356589147287,2.0794415416798357,3.3314383390085567,-0.07630918228861328
velocity 100,2024.0,480.0,2.288,1250.0,15.0,8.2,250.0,74.0,600000.0,182481.75182481753,37500.0,0.10933333333333332,2.2192034840549946,3.3314383390085567,-0.07630918228861328
voodoo3 1000 agp,2024.0,480.0,2.288,1250.0,15.0,8.2,250.0,74.0,600000.0,182481.75182481753,37500.0,0.10933333333333332,2.2192034840549946,3.3314383390085567,-0.07630918228861328
voodoo3 2000 agp,2024.0,480.0,2.288,1250.0,15.0,8.2,250.0,74.0,600000.0,182481.75182481753,37500.0,0.10933333333333332,2.2192034840549946,3.3314383390085567,-0.07630918228861328
voodoo3 2000 pci,2024.0,480.0,2.288,1250.0,15.0,8.2,250.0,74.0,600000.0,182481.75182481753,37500.0,0.10933333333333332,2.2192034840549946,3.3314383390085567,-0.07630918228861328
voodoo3 3000 agp,2024.0,480.0,2.656,1250.0,15.0,8.2,250.0,74.0,600000.0,164113.78555798688,37500.0,0.10933333333333332,2.2192034840549946,3.3314383390085567,-0.07630918228861328
voodoo3 3000 pci,2024.0,480.0,2.656,1250.0,15.0,8.2,250.0,74.0,600000.0,164113.78555798688,37500.0,0.10933333333333332,2.2192034840549946,3.3314383390085567,-0.07630918228861328
voodoo3 3500 tv agp,2024.0,480.0,2.928,1250.0,15.0,8.2,250.0,74.0,600000.0,152749.49083503056,37500.0,0.10933333333333332,2.2192034840549946,3.3314383390085567,-0.07630918228861328
all in wonder 128,2024.0,480.0,1.44,1250.0,50.0,8.0,250.0,89.0,600000.0,245901.6393442623,11764.70588235294,0.08888888888888889,2.1972245773362196,3.3314383390085567,-0.07630918228861328
all in wonder 128 pci,2024.0,480.0,1.44,1250.0,50.0,8.0,250.0,89.0,600000.0,245901.6393442623,11764.70588235294,0.08888888888888889,2.1972245773362196,3.3314383390085567,-0.07630918228861328
all in wonder 128 pro,2024.0,480.0,1.92,1250.0,50.0,8.0,250.0,98.0,600000.0,205479.45205479453,11764.70588235294,0.08080808080808081,2.1972245773362196,3.3314383390085567,-0.07630918228861328
all in wonder 128 pro ultra,2024.0,480.0,2.144,1250.0,50.0,8.0,250.0,89.0,600000.0,190839.69465648854,11764.70588235294,0.08888888888888889,2.1972245773362196,3.3314383390085567,-0.07630918228861328
fire gl1,2024.0,480.0,3.2,1250.0,50.0,29.0,250.0,154.0,600000.0,142857.14285714284,11764.70588235294,0.1870967741935484,3.4011973816621555,3.3314383390085567,-0.07630918228861328
rage 128 pro,2024.0,480.0,2.288,1250.0,50.0,8.0,250.0,98.0,600000.0,182481.75182481753,11764.70588235294,0.08080808080808081,2.1972245773362196,3.3314383390085567,-0.07630918228861328
rage 128 pro ultra,2024.0,480.0,1.04,1250.0,50.0,8.0,250.0,98.0,600000.0,294117.64705882355,11764.70588235294,0.08080808080808081,2.1972245773362196,3.3314383390085567,-0.07630918228861328
rage 128 ultra,2024.0,480.0,2.08,1250.0,50.0,8.0,250.0,98.0,600000.0,194805.1948051948,11764.70588235294,0.08080808080808081,2.1972245773362196,3.3314383390085567,-0.07630918228861328
rage fury,2024.0,480.0,1.92,1250.0,50.0,8.0,250.0,98.0,600000.0,205479.45205479453,11764.70588235294,0.08080808080808081,2.1972245773362196,3.3314383390085567,-0.07630918228861328
rage fury maxx,2024.0,480.0,2.288,1250.0,50.0,8.0,250.0,98.0,600000.0,182481.75182481753,11764.70588235294,0.08080808080808081,2.1972245773362196,3.3314383390085567,-0.07630918228861328
rage mobility 128 agp 2x,2024.0,480.0,840.0,1250.0,50.0,8.0,250.0,70.0,600000.0,713.436385255648,11764.70588235294,0.11267605633802817,2.1972245773362196,3.3314383390085567,-0.07630918228861328
rage mobility 128 agp 4x,2024.0,480.0,1.68,1250.0,50.0,8.0,250.0,70.0,600000.0,223880.59701492538,11764.70588235294,0.11267605633802817,2.1972245773362196,3.3314383390085567,-0.07630918228861328
rage mobility cl,2024.0,480.0,560.0,1250.0,50.0,4.0,350.0,70.0,600000.0,1069.51871657754,11764.70588235294,0.056338028169014086,1.6094379124341003,3.3314383390085567,-0.07630918228861328
rage mobility m,2024.0,480.0,560.0,1250.0,50.0,4.0,350.0,70.0,600000.0,1069.51871657754,11764.70588235294,0.056338028169014086,1.6094379124341003,3.3314383390085567,-0.07630918228861328
rage mobility m1,2024.0,480.0,1.0,1250.0,50.0,8.0,250.0,70.0,600000.0,300000.0,11764.70588235294,0.11267605633802817,2.1972245773362196,3.3314383390085567,-0.07630918228861328
rage mobility m3,2024.0,480.0,840.0,1250.0,50.0,8.0,250.0,70.0,600000.0,713.436385255648,11764.70588235294,0.11267605633802817,2.1972245773362196,3.3314383390085567,-0.07630918228861328
rage mobility m4,2024.0,480.0,840.0,1250.0,50.0,8.0,250.0,70.0,600000.0,713.436385255648,11764.70588235294,0.11267605633802817,2.1972245773362196,3.3314383390085567,-0.07630918228861328
rage mobility p,2024.0,480.0,560.0,1250.0,50.0,4.0,350.0,70.0,600000.0,1069.51871657754,11764.70588235294,0.056338028169014086,1.6094379124341003,3.3314383390085567,-0.07630918228861328
rage xl pci,2024.0,480.0,332.0,1250.0,50.0,8.0,350.0,47.0,600000.0,1801.8018018018017,11764.70588235294,0.16666666666666666,2.1972245773362196,3.3314383390085567,-0.07630918228861328
i752,2024.0,480.0,1.064,1250.0,50.0,29.0,150.0,154.0,600000.0,290697.67441860464,11764.70588235294,0.1870967741935484,3.4011973816621555,3.3314383390085567,-0.07630918228861328
i810 graphics,2024.0,480.0,40.0,1250.0,50.0,29.0,150.0,154.0,600000.0,14634.146341463415,11764.70588235294,0.1870967741935484,3.4011973816621555,3.3314383390085567,-0.07630918228861328
marvel g400 tv,2024.0,480.0,2.656,1250.0,50.0,10.0,250.0,154.0,600000.0,164113.78555798688,11764.70588235294,0.06451612903225806,2.3978952727983707,3.3314383390085567,-0.07630918228861328
millennium g200a,2024.0,480.0,896.0,1250.0,50.0,10.0,250.0,154.0,600000.0,668.8963210702341,11764.70588235294,0.06451612903225806,2.3978952727983707,3.3314383390085567,-0.07630918228861328
millennium g250,2024.0,480.0,1.024,1250.0,50.0,10.0,250.0,154.0,600000.0,296442.6877470356,11764.70588235294,0.06451612903225806,2.3978952727983707,3.3314383390085567,-0.07630918228861328
millennium g400,2024.0,480.0,2.656,1250.0,50.0,10.0,250.0,154.0,600000.0,164113.78555798688,11764.70588235294,0.06451612903225806,2.3978952727983707,3.3314383390085567,-0.07630918228861328
millennium g400 max,2024.0,480.0,3.2,1250.0,50.0,10.0,250.0,154.0,600000.0,142857.14285714284,11764.70588235294,0.06451612903225806,2.3978952727983707,3.3314383390085567,-0.07630918228861328
256 ddr,2024.0,480.0,4.8,1250.0,50.0,17.0,220.0,139.0,600000.0,103448.27586206897,11764.70588235294,0.12142857142857143,2.8903717578961645,3.3314383390085567,-0.07630918228861328
256 sdr,2024.0,480.0,1.144,1250.0,50.0,17.0,220.0,139.0,600000.0,279850.7462686567,11764.70588235294,0.12142857142857143,2.8903717578961645,3.3314383390085567,-0.07630918228861328
quadro,2024.0,480.0,2.656,1250.0,50.0,17.0,220.0,139.0,600000.0,164113.78555798688,11764.70588235294,0.12142857142857143,2.8903717578961645,3.3314383390085567,-0.07630918228861328
riva tnt2,2024.0,480.0,2.4,1250.0,50.0,15.0,250.0,63.0,600000.0,176470.58823529413,11764.70588235294,0.234375,2.772588722239781,3.3314383390085567,-0.07630918228861328
riva tnt2 m64,2024.0,480.0,1.144,1250.0,50.0,15.0,250.0,63.0,600000.0,279850.7462686567,11764.70588235294,0.234375,2.772588722239781,3.3314383390085567,-0.07630918228861328
riva tnt2 m64 vanta,2024.0,480.0,1.064,1250.0,50.0,15.0,250.0,63.0,600000.0,290697.67441860464,11764.70588235294,0.234375,2.772588722239781,3.3314383390085567,-0.07630918228861328
riva tnt2 m64 vanta 16,2024.0,480.0,1.064,1250.0,50.0,15.0,250.0,63.0,600000.0,290697.67441860464,11764.70588235294,0.234375,2.772588722239781,3.3314383390085567,-0.07630918228861328
riva tnt2 pro,2024.0,480.0,2.672,1250.0,50.0,15.0,250.0,63.0,600000.0,163398.69281045752,11764.70588235294,0.234375,2.772588722239781,3.3314383390085567,-0.07630918228861328
riva tnt2 ultra,2024.0,480.0,2.928,1250.0,50.0,15.0,250.0,63.0,600000.0,152749.49083503056,11764.70588235294,0.234375,2.772588722239781,3.3314383390085567,-0.07630918228861328
300,2024.0,480.0,2.656,1250.0,50.0,29.0,250.0,154.0,600000.0,164113.78555798688,11764.70588235294,0.1870967741935484,3.4011973816621555,3.3314383390085567,-0.07630918228861328
voodoo4 4500 agp,2024.0,480.0,2.656,1250.0,15.0,14.0,250.0,112.0,600000.0,164113.78555798688,37500.0,0.12389380530973451,2.70805020110221,3.3314383390085567,-0.07630918228861328
voodoo4 4500 pci,2024.0,480.0,2.656,1250.0,15.0,14.0,250.0,112.0,600000.0,164113.78555798688,37500.0,0.12389380530973451,2.70805020110221,3.3314383390085567,-0.07630918228861328
voodoo5 5500 agp,2024.0,480.0,2.656,1250.0,30.0,14.0,250.0,112.0,600000.0,164113.78555798688,19354.83870967742,0.12389380530973451,2.70805020110221,3.3314383390085567,-0.07630918228861328
voodoo5 5500 pci,2024.0,480.0,2.656,1250.0,30.0,14.0,250.0,112.0,600000.0,164113.78555798688,19354.83870967742,0.12389380530973451,2.70805020110221,3.3314383390085567,-0.07630918228861328
all in wonder 7200,2024.0,480.0,5.312,1250.0,50.0,30.0,180.0,111.0,600000.0,95057.03422053231,11764.70588235294,0.26785714285714285,3.4339872044851463,3.3314383390085567,-0.07630918228861328
fire gl2,2024.0,480.0,7.68,1250.0,50.0,29.0,180.0,156.0,600000.0,69124.42396313364,11764.70588235294,0.18471337579617833,3.4011973816621555,3.3314383390085567,-0.07630918228861328
fire gl3,2024.0,480.0,8.0,1250.0,50.0,29.0,180.0,156.0,600000.0,66666.66666666667,11764.70588235294,0.18471337579617833,3.4011973816621555,3.3314383390085567,-0.07630918228861328
gamecube gpu,2024.0,480.0,1.296,1250.0,45.0,51.0,180.0,120.0,600000.0,261324.04181184666,13043.478260869566,0.4214876033057851,3.9512437185814275,3.3314383390085567,-0.07630918228861328
7200,2024.0,480.0,5.312,1250.0,23.0,30.0,180.0,111.0,600000.0,95057.03422053231,25000.0,0.26785714285714285,3.4339872044851463,3.3314383390085567,-0.07630918228861328
7200,2024.0,480.0,2.288,1250.0,23.0,30.0,180.0,111.0,600000.0,182481.75182481753,25000.0,0.26785714285714285,3.4339872044851463,3.3314383390085567,-0.07630918228861328
7200 64 mb,2024.0,480.0,5.312,1250.0,23.0,30.0,180.0,111.0,600000.0,95057.03422053231,25000.0,0.26785714285714285,3.4339872044851463,3.3314383390085567,-0.07630918228861328
ddr,2024.0,480.0,5.312,1250.0,23.0,30.0,180.0,115.0,600000.0,95057.03422053231,25000.0,0.25862068965517243,3.4339872044851463,3.3314383390085567,-0.07630918228861328
ddr maxx,2024.0,480.0,4.736,1250.0,50.0,30.0,180.0,115.0,600000.0,104602.51046025105,11764.70588235294,0.25862068965517243,3.4339872044851463,3.3314383390085567,-0.07630918228861328
sdr,2024.0,480.0,2.656,1250.0,23.0,30.0,180.0,115.0,600000.0,164113.78555798688,25000.0,0.25862068965517243,3.4339872044851463,3.3314383390085567,-0.07630918228861328
sdr pci,2024.0,480.0,2.656,1250.0,23.0,30.0,180.0,115.0,600000.0,164113.78555798688,25000.0,0.25862068965517243,3.4339872044851463,3.3314383390085567,-0.07630918228861328
i815 graphics,2024.0,480.0,40.0,1250.0,50.0,29.0,150.0,154.0,600000.0,14634.146341463415,11764.70588235294,0.1870967741935484,3.4011973816621555,3.3314383390085567,-0.07630918228861328
millennium g450,2024.0,480.0,2.656,1250.0,50.0,10.0,180.0,154.0,600000.0,164113.78555798688,11764.70588235294,0.06451612903225806,2.3978952727983707,3.3314383390085567,-0.07630918228861328
millennium g450 lp,2024.0,480.0,2.656,1250.0,50.0,10.0,180.0,154.0,600000.0,164113.78555798688,11764.70588235294,0.06451612903225806,2.3978952727983707,3.3314383390085567,-0.07630918228861328
2 go,2024.0,480.0,2.656,1250.0,2.0,20.0,180.0,64.0,600000.0,164113.78555798688,200000.0,0.3076923076923077,3.044522437723423,3.3314383390085567,-0.07630918228861328
2 go,2024.0,480.0,5.312,1250.0,2.0,20.0,180.0,64.0,600000.0,95057.03422053231,200000.0,0.3076923076923077,3.044522437723423,3.3314383390085567,-0.07630918228861328
2 gts,2024.0,480.0,5.312,1250.0,50.0,25.0,180.0,88.0,600000.0,95057.03422053231,11764.70588235294,0.2808988764044944,3.258096538021482,3.3314383390085567,-0.07630918228861328
2 gts pro,2024.0,480.0,6.4,1250.0,50.0,25.0,180.0,88.0,600000.0,81081.08108108108,11764.70588235294,0.2808988764044944,3.258096538021482,3.3314383390085567,-0.07630918228861328
2 mx,2024.0,480.0,2.656,1250.0,50.0,20.0,180.0,64.0,600000.0,164113.78555798688,11764.70588235294,0.3076923076923077,3.044522437723423,3.3314383390085567,-0.07630918228861328
2 mx dh pro tv,2024.0,480.0,2.656,1250.0,50.0,20.0,180.0,64.0,600000.0,164113.78555798688,11764.70588235294,0.3076923076923077,3.044522437723423,3.3314383390085567,-0.07630918228861328
2 mx dh pro tv pci,2024.0,480.0,2.656,1250.0,50.0,20.0,180.0,64.0,600000.0,164113.78555798688,11764.70588235294,0.3076923076923077,3.044522437723423,3.3314383390085567,-0.07630918228861328
2 mx pci,2024.0,480.0,1.328,1250.0,50.0,20.0,180.0,64.0,600000.0,257731.95876288656,11764.70588235294,0.3076923076923077,3.044522437723423,3.3314383390085567,-0.07630918228861328
2 pro,2024.0,480.0,6.4,1250.0,50.0,25.0,180.0,88.0,600000.0,81081.08108108108,11764.70588235294,0.2808988764044944,3.258096538021482,3.3314383390085567,-0.07630918228861328
2 ultra,2024.0,480.0,7.36,1250.0,50.0,25.0,180.0,88.0,600000.0,71770.33492822967,11764.70588235294,0.2808988764044944,3.258096538021482,3.3314383390085567,-0.07630918228861328
quadro2 mxr,2024.0,480.0,2.928,1250.0,50.0,20.0,180.0,64.0,600000.0,152749.49083503056,11764.70588235294,0.3076923076923077,3.044522437723423,3.3314383390085567,-0.07630918228861328
quadro2 mxr low profile,2024.0,480.0,2.928,1250.0,50.0,20.0,180.0,64.0,600000.0,152749.49083503056,11764.70588235294,0.3076923076923077,3.044522437723423,3.3314383390085567,-0.07630918228861328
vanta lt,2024.0,480.0,800.0,1250.0,50.0,15.0,250.0,63.0,600000.0,749.0636704119851,11764.70588235294,0.234375,2.772588722239781,3.3314383390085567,-0.07630918228861328
305,2024.0,480.0,1.0,1250.0,50.0,29.0,150.0,154.0,600000.0,300000.0,11764.70588235294,0.1870967741935484,3.4011973816621555,3.3314383390085567,-0.07630918228861328
315,2024.0,480.0,2.656,1250.0,50.0,29.0,150.0,154.0,600000.0,164113.78555798688,11764.70588235294,0.1870967741935484,3.4011973816621555,3.3314383390085567,-0.07630918228861328
315 pro,2024.0,480.0,1.144,1250.0,50.0,29.0,150.0,154.0,600000.0,279850.7462686567,11764.70588235294,0.1870967741935484,3.4011973816621555,3.3314383390085567,-0.07630918228861328
315e,2024.0,480.0,1.144,1250.0,50.0,29.0,150.0,154.0,600000.0,279850.7462686567,11764.70588235294,0.1870967741935484,3.4011973816621555,3.3314383390085567,-0.07630918228861328
playstation 2 gpu 250nm,2024.0,480.0,48.0,1250.0,79.0,54.0,250.0,279.0,600000.0,12244.897959183674,7500.0,0.19285714285714287,4.007333185232471,3.3314383390085567,-0.07630918228861328
all in wonder 8500,2024.0,480.0,8.8,1250.0,50.0,60.0,150.0,120.0,600000.0,61224.489795918365,11764.70588235294,0.49586776859504134,4.110873864173311,3.3314383390085567,-0.07630918228861328
all in wonder 8500dv,2024.0,480.0,6.08,1250.0,50.0,60.0,150.0,120.0,600000.0,84745.7627118644,11764.70588235294,0.49586776859504134,4.110873864173311,3.3314383390085567,-0.07630918228861328
fire gl4,2024.0,480.0,9.6,1250.0,50.0,29.0,180.0,156.0,600000.0,56603.77358490566,11764.70588235294,0.18471337579617833,3.4011973816621555,3.3314383390085567,-0.07630918228861328
firegl 8700,2024.0,480.0,8.64,1250.0,50.0,60.0,150.0,120.0,600000.0,62240.66390041493,11764.70588235294,0.49586776859504134,4.110873864173311,3.3314383390085567,-0.07630918228861328
firegl 8800,2024.0,480.0,9.28,1250.0,50.0,60.0,150.0,120.0,600000.0,58365.75875486382,11764.70588235294,0.49586776859504134,4.110873864173311,3.3314383390085567,-0.07630918228861328
mobility firegl 7800,2024.0,480.0,6.4,1250.0,27.0,60.0,150.0,68.0,600000.0,81081.08108108108,21428.571428571428,0.8695652173913043,4.110873864173311,3.3314383390085567,-0.07630918228861328
mobility 7500,2024.0,480.0,2.928,1250.0,27.0,60.0,150.0,68.0,600000.0,152749.49083503056,21428.571428571428,0.8695652173913043,4.110873864173311,3.3314383390085567,-0.07630918228861328
mobility 7500,2024.0,480.0,3.2,1250.0,27.0,60.0,150.0,68.0,600000.0,142857.14285714284,21428.571428571428,0.8695652173913043,4.110873864173311,3.3314383390085567,-0.07630918228861328
mobility 7500c,2024.0,480.0,2.928,1250.0,27.0,60.0,150.0,68.0,600000.0,152749.49083503056,21428.571428571428,0.8695652173913043,4.110873864173311,3.3314383390085567,-0.07630918228861328
7000,2024.0,480.0,2.928,1250.0,23.0,30.0,180.0,80.0,600000.0,152749.49083503056,25000.0,0.37037037037037035,3.4339872044851463,3.3314383390085567,-0.07630918228861328
7000 pci,2024.0,480.0,2.128,1250.0,23.0,30.0,180.0,80.0,600000.0,191815.8567774936,25000.0,0.37037037037037035,3.4339872044851463,3.3314383390085567,-0.07630918228861328
7500,2024.0,480.0,7.36,1250.0,23.0,60.0,150.0,83.0,600000.0,71770.33492822967,25000.0,0.7142857142857143,4.110873864173311,3.3314383390085567,-0.07630918228861328
7500 le,2024.0,480.0,5.6,1250.0,23.0,60.0,150.0,83.0,600000.0,90909.09090909091,25000.0,0.7142857142857143,4.110873864173311,3.3314383390085567,-0.07630918228861328
8500,2024.0,480.0,8.8,1250.0,23.0,60.0,150.0,120.0,600000.0,61224.489795918365,25000.0,0.49586776859504134,4.110873864173311,3.3314383390085567,-0.07630918228861328
ddr vivo,2024.0,480.0,5.856,1250.0,50.0,30.0,180.0,115.0,600000.0,87514.58576429405,11764.70588235294,0.25862068965517243,3.4339872044851463,3.3314383390085567,-0.07630918228861328
ddr vivo oem,2024.0,480.0,5.312,1250.0,50.0,30.0,180.0,115.0,600000.0,95057.03422053231,11764.70588235294,0.25862068965517243,3.4339872044851463,3.3314383390085567,-0.07630918228861328
ddr vivo se,2024.0,480.0,5.856,1250.0,50.0,30.0,180.0,115.0,600000.0,87514.58576429405,11764.70588235294,0.25862068965517243,3.4339872044851463,3.3314383390085567,-0.07630918228861328
le,2024.0,480.0,4.736,1250.0,50.0,30.0,180.0,115.0,600000.0,104602.51046025105,11764.70588235294,0.25862068965517243,3.4339872044851463,3.3314383390085567,-0.07630918228861328
ve agp,2024.0,480.0,2.928,1250.0,23.0,30.0,180.0,115.0,600000.0,152749.49083503056,25000.0,0.25862068965517243,3.4339872044851463,3.3314383390085567,-0.07630918228861328
ve pci,2024.0,480.0,2.928,1250.0,23.0,30.0,180.0,115.0,600000.0,152749.49083503056,25000.0,0.25862068965517243,3.4339872044851463,3.3314383390085567,-0.07630918228861328
i830m graphics,2024.0,480.0,40.0,200.0,50.0,29.0,150.0,154.0,96000.0,2341.4634146341464,1882.3529411764705,0.1870967741935484,3.4011973816621555,3.3314383390085567,-0.07630918228861328
millennium g550,2024.0,480.0,2.656,1250.0,50.0,10.0,180.0,154.0,600000.0,164113.78555798688,11764.70588235294,0.06451612903225806,2.3978952727983707,3.3314383390085567,-0.07630918228861328
millennium g550 pcie,2024.0,480.0,2.656,1250.0,50.0,10.0,180.0,154.0,600000.0,164113.78555798688,11764.70588235294,0.06451612903225806,2.3978952727983707,3.3314383390085567,-0.07630918228861328
2 go 100,2024.0,480.0,1.328,1250.0,2.0,20.0,180.0,64.0,600000.0,257731.95876288656,200000.0,0.3076923076923077,3.044522437723423,3.3314383390085567,-0.07630918228861328
2 go 200,2024.0,480.0,2.656,1250.0,2.0,20.0,180.0,64.0,600000.0,164113.78555798688,200000.0,0.3076923076923077,3.044522437723423,3.3314383390085567,-0.07630918228861328
2 mx nforce 220,2024.0,480.0,40.0,1250.0,50.0,20.0,180.0,65.0,600000.0,14634.146341463415,11764.70588235294,0.30303030303030304,3.044522437723423,3.3314383390085567,-0.07630918228861328
2 mx nforce 420,2024.0,480.0,40.0,1250.0,50.0,20.0,180.0,65.0,600000.0,14634.146341463415,11764.70588235294,0.30303030303030304,3.044522437723423,3.3314383390085567,-0.07630918228861328
2 mx 200,2024.0,480.0,1.328,1250.0,50.0,20.0,180.0,64.0,600000.0,257731.95876288656,11764.70588235294,0.3076923076923077,3.044522437723423,3.3314383390085567,-0.07630918228861328
2 mx 200 lp,2024.0,480.0,1.328,1250.0,50.0,20.0,180.0,64.0,600000.0,257731.95876288656,11764.70588235294,0.3076923076923077,3.044522437723423,3.3314383390085567,-0.07630918228861328
2 mx 200 pci,2024.0,480.0,1.328,1250.0,50.0,20.0,180.0,64.0,600000.0,257731.95876288656,11764.70588235294,0.3076923076923077,3.044522437723423,3.3314383390085567,-0.07630918228861328
2 mx 400,2024.0,480.0,2.656,1250.0,50.0,20.0,180.0,64.0,600000.0,164113.78555798688,11764.70588235294,0.3076923076923077,3.044522437723423,3.3314383390085567,-0.07630918228861328
2 mx 400 pci,2024.0,480.0,2.656,1250.0,50.0,20.0,180.0,64.0,600000.0,164113.78555798688,11764.70588235294,0.3076923076923077,3.044522437723423,3.3314383390085567,-0.07630918228861328
2 ti,2024.0,480.0,6.4,1250.0,50.0,25.0,180.0,88.0,600000.0,81081.08108108108,11764.70588235294,0.2808988764044944,3.258096538021482,3.3314383390085567,-0.07630918228861328
3,2024.0,480.0,7.36,1250.0,50.0,57.0,150.0,128.0,600000.0,71770.33492822967,11764.70588235294,0.4418604651162791,4.060443010546419,3.3314383390085567,-0.07630918228861328
3 ti200,2024.0,480.0,6.4,1250.0,50.0,57.0,150.0,128.0,600000.0,81081.08108108108,11764.70588235294,0.4418604651162791,4.060443010546419,3.3314383390085567,-0.07630918228861328
3 ti500,2024.0,480.0,8.0,1250.0,50.0,57.0,150.0,128.0,600000.0,66666.66666666667,11764.70588235294,0.4418604651162791,4.060443010546419,3.3314383390085567,-0.07630918228861328
quadro dcc,2024.0,480.0,3.68,1250.0,50.0,57.0,150.0,128.0,600000.0,128205.12820512822,11764.70588235294,0.4418604651162791,4.060443010546419,3.3314383390085567,-0.07630918228861328
quadro2 go,2024.0,480.0,2.896,1250.0,50.0,20.0,180.0,64.0,600000.0,154004.1067761807,11764.70588235294,0.3076923076923077,3.044522437723423,3.3314383390085567,-0.07630918228861328
quadro2 pro,2024.0,480.0,8.0,1250.0,50.0,25.0,180.0,88.0,600000.0,66666.66666666667,11764.70588235294,0.2808988764044944,3.258096538021482,3.3314383390085567,-0.07630918228861328
xbox gpu,2024.0,480.0,6.4,1250.0,50.0,57.0,150.0,142.0,600000.0,81081.08108108108,11764.70588235294,0.3986013986013986,4.060443010546419,3.3314383390085567,-0.07630918228861328
playstation 2 gpu 180nm,2024.0,480.0,48.0,1250.0,79.0,54.0,180.0,188.0,600000.0,12244.897959183674,7500.0,0.2857142857142857,4.007333185232471,3.3314383390085567,-0.07630918228861328
stream processor,2024.0,480.0,41.47,1250.0,165.0,384.0,90.0,352.0,600000.0,14127.619496114905,3614.4578313253014,1.0878186968838528,5.953243334287785,3.3314383390085567,-0.07630918228861328
firestream 9170,2024.0,320.0,51.33,1250.0,105.0,666.0,55.0,192.0,400000.0,7643.79896808714,3773.5849056603774,3.4507772020725387,6.502790045915623,3.3314383390085567,-0.07630918228861328
firestream 9250,2024.0,800.0,63.55,1250.0,150.0,956.0,55.0,256.0,1000000.0,15491.866769945778,6622.516556291391,3.719844357976654,6.863803391452954,3.3314383390085567,-0.07630918228861328
firestream 9270,2024.0,800.0,115.2,1250.0,160.0,956.0,55.0,256.0,1000000.0,8605.851979345955,6211.180124223602,3.719844357976654,6.863803391452954,3.3314383390085567,-0.07630918228861328
hd 6570m mac edition,2024.0,400.0,25.6,1250.0,30.0,627.0,40.0,104.0,500000.0,18796.992481203008,16129.032258064517,5.9714285714285715,6.4425401664681985,3.3314383390085567,-0.07630918228861328
firepro m3900,2024.0,160.0,14.4,1250.0,20.0,370.0,40.0,67.0,200000.0,12987.012987012986,9523.809523809523,5.4411764705882355,5.916202062607435,3.3314383390085567,-0.07630918228861328
firepro rg220,2024.0,80.0,51.2,1250.0,35.0,242.0,55.0,73.0,100000.0,1915.7088122605362,2777.777777777778,3.27027027027027,5.493061443340548,3.3314383390085567,-0.07630918228861328
firepro rg220a,2024.0,80.0,51.2,1250.0,35.0,242.0,55.0,73.0,100000.0,1915.7088122605362,2777.777777777778,3.27027027027027,5.493061443340548,3.3314383390085567,-0.07630918228861328
firestream 9350,2024.0,1440.0,128.0,1250.0,150.0,2.0,40.0,334.0,1800000.0,13953.488372093023,11920.529801324503,0.005970149253731343,1.0986122886681098,3.3314383390085567,-0.07630918228861328
firestream 9370,2024.0,1600.0,147.2,1250.0,225.0,2.0,40.0,334.0,2000000.0,13495.276653171391,8849.557522123894,0.005970149253731343,1.0986122886681098,3.3314383390085567,-0.07630918228861328
hd 6250 igp,2024.0,80.0,40.0,1250.0,9.0,450.0,40.0,75.0,100000.0,2439.0243902439024,10000.0,5.921052631578948,6.111467339502679,3.3314383390085567,-0.07630918228861328
hd 6310 igp,2024.0,80.0,40.0,1250.0,18.0,450.0,40.0,75.0,100000.0,2439.0243902439024,5263.1578947368425,5.921052631578948,6.111467339502679,3.3314383390085567,-0.07630918228861328
hd 6310 igp,2024.0,80.0,40.0,1250.0,18.0,450.0,40.0,75.0,100000.0,2439.0243902439024,5263.1578947368425,5.921052631578948,6.111467339502679,3.3314383390085567,-0.07630918228861328
hd 6330m,2024.0,80.0,12.8,1250.0,7.0,292.0,40.0,59.0,100000.0,7246.376811594202,12500.0,4.866666666666666,5.680172609017068,3.3314383390085567,-0.07630918228861328
hd 6350m,2024.0,80.0,12.8,1250.0,7.0,292.0,40.0,59.0,100000.0,7246.376811594202,12500.0,4.866666666666666,5.680172609017068,3.3314383390085567,-0.07630918228861328
hd 6370m,2024.0,80.0,12.8,1250.0,11.0,292.0,40.0,59.0,100000.0,7246.376811594202,8333.333333333334,4.866666666666666,5.680172609017068,3.3314383390085567,-0.07630918228861328
hd 6530m,2024.0,400.0,28.8,1250.0,26.0,627.0,40.0,104.0,500000.0,16778.523489932886,18518.51851851852,5.9714285714285715,6.4425401664681985,3.3314383390085567,-0.07630918228861328
hd 6550m,2024.0,400.0,28.8,1250.0,26.0,627.0,40.0,104.0,500000.0,16778.523489932886,18518.51851851852,5.9714285714285715,6.4425401664681985,3.3314383390085567,-0.07630918228861328
hd 6550m,2024.0,400.0,28.8,1250.0,26.0,2.0,40.0,334.0,500000.0,16778.523489932886,18518.51851851852,0.005970149253731343,1.0986122886681098,3.3314383390085567,-0.07630918228861328
hd 6570m,2024.0,400.0,25.6,1250.0,30.0,627.0,40.0,104.0,500000.0,18796.992481203008,16129.032258064517,5.9714285714285715,6.4425401664681985,3.3314383390085567,-0.07630918228861328
hd 6850,2024.0,960.0,128.0,1250.0,127.0,1.0,40.0,255.0,1200000.0,9302.32558139535,9375.0,0.00390625,0.6931471805599453,3.3314383390085567,-0.07630918228861328
hd 6870,2024.0,1120.0,134.4,1250.0,151.0,1.0,40.0,255.0,1400000.0,10339.7341211226,9210.526315789473,0.00390625,0.6931471805599453,3.3314383390085567,-0.07630918228861328
hd 6950,2024.0,1408.0,160.0,1250.0,200.0,2.0,40.0,389.0,1760000.0,10931.67701863354,8756.218905472637,0.005128205128205128,1.0986122886681098,3.3314383390085567,-0.07630918228861328
hd 6970,2024.0,1536.0,176.0,1250.0,250.0,2.0,40.0,389.0,1920000.0,10847.457627118643,7649.402390438247,0.005128205128205128,1.0986122886681098,3.3314383390085567,-0.07630918228861328
firepro 2270,2024.0,80.0,9.6,1250.0,15.0,292.0,40.0,59.0,100000.0,9433.962264150943,6250.0,4.866666666666666,5.680172609017068,3.3314383390085567,-0.07630918228861328
firepro 2270 pcie x1,2024.0,80.0,9.6,1250.0,15.0,292.0,40.0,59.0,100000.0,9433.962264150943,6250.0,4.866666666666666,5.680172609017068,3.3314383390085567,-0.07630918228861328
firepro m5950,2024.0,480.0,57.6,1250.0,35.0,716.0,40.0,118.0,600000.0,10238.907849829351,16666.666666666668,6.016806722689076,6.57507584059962,3.3314383390085567,-0.07630918228861328
firepro m8900,2024.0,960.0,115.2,1250.0,75.0,1.0,40.0,212.0,1200000.0,10327.022375215147,15789.473684210527,0.004694835680751174,0.6931471805599453,3.3314383390085567,-0.07630918228861328
firepro v4900,2024.0,480.0,64.0,1250.0,75.0,716.0,40.0,118.0,600000.0,9230.76923076923,7894.736842105263,6.016806722689076,6.57507584059962,3.3314383390085567,-0.07630918228861328
firepro v5900,2024.0,512.0,64.0,1250.0,75.0,2.0,40.0,389.0,640000.0,9846.153846153846,8421.052631578947,0.005128205128205128,1.0986122886681098,3.3314383390085567,-0.07630918228861328
firepro v7900,2024.0,1280.0,160.0,1250.0,150.0,2.0,40.0,389.0,1600000.0,9937.888198757764,10596.026490066226,0.005128205128205128,1.0986122886681098,3.3314383390085567,-0.07630918228861328
firepro v7900 sdi,2024.0,1280.0,160.0,1250.0,150.0,2.0,40.0,389.0,1600000.0,9937.888198757764,10596.026490066226,0.005128205128205128,1.0986122886681098,3.3314383390085567,-0.07630918228861328
e6460,2024.0,160.0,25.6,1250.0,25.0,370.0,40.0,67.0,200000.0,7518.796992481202,7692.307692307692,5.4411764705882355,5.916202062607435,3.3314383390085567,-0.07630918228861328
e6760 mxm,2024.0,480.0,51.2,1250.0,45.0,716.0,40.0,118.0,600000.0,11494.252873563219,13043.478260869566,6.016806722689076,6.57507584059962,3.3314383390085567,-0.07630918228861328
e6760 pcie,2024.0,480.0,51.2,1250.0,45.0,716.0,40.0,118.0,600000.0,11494.252873563219,13043.478260869566,6.016806722689076,6.57507584059962,3.3314383390085567,-0.07630918228861328
hd 6230,2024.0,80.0,10.67,1250.0,19.0,292.0,40.0,59.0,100000.0,8568.98029134533,5000.0,4.866666666666666,5.680172609017068,3.3314383390085567,-0.07630918228861328
hd 6250,2024.0,80.0,8.0,1250.0,19.0,292.0,40.0,59.0,100000.0,11111.111111111111,5000.0,4.866666666666666,5.680172609017068,3.3314383390085567,-0.07630918228861328
hd 6290,2024.0,80.0,12.8,1250.0,19.0,292.0,40.0,59.0,100000.0,7246.376811594202,5000.0,4.866666666666666,5.680172609017068,3.3314383390085567,-0.07630918228861328
hd 6290 igp,2024.0,80.0,40.0,1250.0,9.0,450.0,40.0,75.0,100000.0,2439.0243902439024,10000.0,5.921052631578948,6.111467339502679,3.3314383390085567,-0.07630918228861328
hd 6320 igp,2024.0,80.0,40.0,1250.0,18.0,450.0,40.0,75.0,100000.0,2439.0243902439024,5263.1578947368425,5.921052631578948,6.111467339502679,3.3314383390085567,-0.07630918228861328
hd 6350,2024.0,80.0,8.0,1250.0,19.0,292.0,40.0,59.0,100000.0,11111.111111111111,5000.0,4.866666666666666,5.680172609017068,3.3314383390085567,-0.07630918228861328
hd 6350,2024.0,80.0,6.4,1250.0,19.0,292.0,40.0,59.0,100000.0,13513.513513513513,5000.0,4.866666666666666,5.680172609017068,3.3314383390085567,-0.07630918228861328
hd 6350a,2024.0,80.0,12.8,1250.0,25.0,292.0,40.0,59.0,100000.0,7246.376811594202,3846.153846153846,4.866666666666666,5.680172609017068,3.3314383390085567,-0.07630918228861328
hd 6370d igp,2024.0,160.0,40.0,1250.0,65.0,1.0,32.0,227.0,200000.0,4878.048780487805,3030.3030303030305,0.0043859649122807015,0.6931471805599453,3.3314383390085567,-0.07630918228861328
hd 6380g igp,2024.0,160.0,40.0,1250.0,35.0,1.0,32.0,227.0,200000.0,4878.048780487805,5555.555555555556,0.0043859649122807015,0.6931471805599453,3.3314383390085567,-0.07630918228861328
hd 6390,2024.0,320.0,16.0,1250.0,39.0,627.0,40.0,104.0,400000.0,23529.41176470588,10000.0,5.9714285714285715,6.4425401664681985,3.3314383390085567,-0.07630918228861328
hd 6410d igp,2024.0,160.0,40.0,1250.0,65.0,1.0,32.0,227.0,200000.0,4878.048780487805,3030.3030303030305,0.0043859649122807015,0.6931471805599453,3.3314383390085567,-0.07630918228861328
hd 6430m,2024.0,160.0,12.8,1250.0,50.0,370.0,40.0,67.0,200000.0,14492.753623188404,3921.5686274509803,5.4411764705882355,5.916202062607435,3.3314383390085567,-0.07630918228861328
hd 6450,2024.0,160.0,8.0,1250.0,18.0,370.0,40.0,67.0,200000.0,22222.222222222223,10526.315789473685,5.4411764705882355,5.916202062607435,3.3314383390085567,-0.07630918228861328
hd 6450 oem,2024.0,160.0,8.528,1250.0,18.0,370.0,40.0,67.0,200000.0,20990.764063811923,10526.315789473685,5.4411764705882355,5.916202062607435,3.3314383390085567,-0.07630918228861328
hd 6450a,2024.0,160.0,8.528,1250.0,25.0,370.0,40.0,67.0,200000.0,20990.764063811923,7692.307692307692,5.4411764705882355,5.916202062607435,3.3314383390085567,-0.07630918228861328
hd 6450m,2024.0,160.0,12.8,1250.0,50.0,370.0,40.0,67.0,200000.0,14492.753623188404,3921.5686274509803,5.4411764705882355,5.916202062607435,3.3314383390085567,-0.07630918228861328
hd 6470m,2024.0,160.0,12.8,1250.0,25.0,370.0,40.0,67.0,200000.0,14492.753623188404,7692.307692307692,5.4411764705882355,5.916202062607435,3.3314383390085567,-0.07630918228861328
hd 6480g igp,2024.0,240.0,40.0,1250.0,35.0,1.0,32.0,227.0,300000.0,7317.073170731707,8333.333333333334,0.0043859649122807015,0.6931471805599453,3.3314383390085567,-0.07630918228861328
hd 6480g igp,2024.0,160.0,40.0,1250.0,35.0,1.0,32.0,227.0,200000.0,4878.048780487805,5555.555555555556,0.0043859649122807015,0.6931471805599453,3.3314383390085567,-0.07630918228861328
hd 6490,2024.0,320.0,16.0,1250.0,39.0,627.0,40.0,104.0,400000.0,23529.41176470588,10000.0,5.9714285714285715,6.4425401664681985,3.3314383390085567,-0.07630918228861328
hd 6490m,2024.0,160.0,25.6,1250.0,50.0,370.0,40.0,67.0,200000.0,7518.796992481202,3921.5686274509803,5.4411764705882355,5.916202062607435,3.3314383390085567,-0.07630918228861328
hd 6490m mac edition,2024.0,160.0,25.41,1250.0,50.0,370.0,40.0,67.0,200000.0,7572.889057175313,3921.5686274509803,5.4411764705882355,5.916202062607435,3.3314383390085567,-0.07630918228861328
hd 6510,2024.0,400.0,16.0,1250.0,39.0,627.0,40.0,104.0,500000.0,29411.764705882353,12500.0,5.9714285714285715,6.4425401664681985,3.3314383390085567,-0.07630918228861328
hd 6510,2024.0,320.0,21.34,1250.0,39.0,716.0,40.0,118.0,400000.0,17905.102954341986,10000.0,6.016806722689076,6.57507584059962,3.3314383390085567,-0.07630918228861328
hd 6520g igp,2024.0,320.0,40.0,1250.0,35.0,1.0,32.0,227.0,400000.0,9756.09756097561,11111.111111111111,0.0043859649122807015,0.6931471805599453,3.3314383390085567,-0.07630918228861328
hd 6530,2024.0,400.0,19.2,1250.0,39.0,627.0,40.0,104.0,500000.0,24752.475247524755,12500.0,5.9714285714285715,6.4425401664681985,3.3314383390085567,-0.07630918228861328
hd 6530d igp,2024.0,320.0,40.0,1250.0,65.0,1.0,32.0,227.0,400000.0,9756.09756097561,6060.606060606061,0.0043859649122807015,0.6931471805599453,3.3314383390085567,-0.07630918228861328
hd 6550a,2024.0,480.0,25.6,1250.0,35.0,627.0,40.0,104.0,600000.0,22556.390977443607,16666.666666666668,5.9714285714285715,6.4425401664681985,3.3314383390085567,-0.07630918228861328
hd 6550d igp,2024.0,400.0,40.0,1250.0,65.0,1.0,32.0,227.0,500000.0,12195.121951219513,7575.757575757576,0.0043859649122807015,0.6931471805599453,3.3314383390085567,-0.07630918228861328
hd 6570,2024.0,480.0,16.0,1250.0,44.0,716.0,40.0,118.0,600000.0,35294.117647058825,13333.333333333334,6.016806722689076,6.57507584059962,3.3314383390085567,-0.07630918228861328
hd 6570,2024.0,480.0,64.0,1250.0,60.0,716.0,40.0,118.0,600000.0,9230.76923076923,9836.065573770491,6.016806722689076,6.57507584059962,3.3314383390085567,-0.07630918228861328
hd 6570 oem,2024.0,480.0,28.8,1250.0,44.0,716.0,40.0,118.0,600000.0,20134.228187919463,13333.333333333334,6.016806722689076,6.57507584059962,3.3314383390085567,-0.07630918228861328
hd 6570m,2024.0,480.0,25.6,1250.0,30.0,716.0,40.0,118.0,600000.0,22556.390977443607,19354.83870967742,6.016806722689076,6.57507584059962,3.3314383390085567,-0.07630918228861328
hd 6610m,2024.0,400.0,25.6,1250.0,26.0,716.0,40.0,118.0,500000.0,18796.992481203008,18518.51851851852,6.016806722689076,6.57507584059962,3.3314383390085567,-0.07630918228861328
hd 6620g igp,2024.0,400.0,40.0,1250.0,35.0,1.0,32.0,227.0,500000.0,12195.121951219513,13888.888888888889,0.0043859649122807015,0.6931471805599453,3.3314383390085567,-0.07630918228861328
hd 6625m,2024.0,480.0,25.6,1250.0,26.0,716.0,40.0,118.0,600000.0,22556.390977443607,22222.222222222223,6.016806722689076,6.57507584059962,3.3314383390085567,-0.07630918228861328
hd 6630m,2024.0,480.0,25.6,1250.0,26.0,716.0,40.0,118.0,600000.0,22556.390977443607,22222.222222222223,6.016806722689076,6.57507584059962,3.3314383390085567,-0.07630918228861328
hd 6630m mac edition,2024.0,480.0,19.2,1250.0,26.0,716.0,40.0,118.0,600000.0,29702.970297029704,22222.222222222223,6.016806722689076,6.57507584059962,3.3314383390085567,-0.07630918228861328
hd 6650a,2024.0,480.0,28.8,1250.0,45.0,716.0,40.0,118.0,600000.0,20134.228187919463,13043.478260869566,6.016806722689076,6.57507584059962,3.3314383390085567,-0.07630918228861328
hd 6650m,2024.0,480.0,25.6,1250.0,50.0,716.0,40.0,118.0,600000.0,22556.390977443607,11764.70588235294,6.016806722689076,6.57507584059962,3.3314383390085567,-0.07630918228861328
hd 6670,2024.0,480.0,64.0,1250.0,66.0,716.0,40.0,118.0,600000.0,9230.76923076923,8955.223880597016,6.016806722689076,6.57507584059962,3.3314383390085567,-0.07630918228861328
hd 6670a,2024.0,480.0,64.0,1250.0,45.0,716.0,40.0,118.0,600000.0,9230.76923076923,13043.478260869566,6.016806722689076,6.57507584059962,3.3314383390085567,-0.07630918228861328
hd 6730m,2024.0,480.0,25.6,1250.0,35.0,716.0,40.0,118.0,600000.0,22556.390977443607,16666.666666666668,6.016806722689076,6.57507584059962,3.3314383390085567,-0.07630918228861328
hd 6750,2024.0,720.0,73.6,1250.0,86.0,1.0,40.0,166.0,900000.0,12064.343163538875,10344.827586206897,0.005988023952095809,0.6931471805599453,3.3314383390085567,-0.07630918228861328
hd 6750m,2024.0,480.0,25.6,1250.0,35.0,716.0,40.0,118.0,600000.0,22556.390977443607,16666.666666666668,6.016806722689076,6.57507584059962,3.3314383390085567,-0.07630918228861328
hd 6750m mac edition,2024.0,480.0,50.82,1250.0,35.0,716.0,40.0,118.0,600000.0,11578.541103820919,16666.666666666668,6.016806722689076,6.57507584059962,3.3314383390085567,-0.07630918228861328
hd 6770,2024.0,800.0,76.8,1250.0,108.0,1.0,40.0,166.0,1000000.0,12853.470437017995,9174.311926605504,0.005988023952095809,0.6931471805599453,3.3314383390085567,-0.07630918228861328
hd 6770m,2024.0,480.0,57.6,1250.0,35.0,716.0,40.0,118.0,600000.0,10238.907849829351,16666.666666666668,6.016806722689076,6.57507584059962,3.3314383390085567,-0.07630918228861328
hd 6770m mac edition,2024.0,480.0,50.82,1250.0,35.0,716.0,40.0,118.0,600000.0,11578.541103820919,16666.666666666668,6.016806722689076,6.57507584059962,3.3314383390085567,-0.07630918228861328
hd 6790,2024.0,800.0,134.4,1250.0,150.0,1.0,40.0,255.0,1000000.0,7385.524372230428,6622.516556291391,0.00390625,0.6931471805599453,3.3314383390085567,-0.07630918228861328
hd 6830m,2024.0,800.0,25.6,1250.0,39.0,1.0,40.0,166.0,1000000.0,37593.984962406015,25000.0,0.005988023952095809,0.6931471805599453,3.3314383390085567,-0.07630918228861328
hd 6850 x2,2024.0,960.0,134.4,1250.0,254.0,1.0,40.0,255.0,1200000.0,8862.629246676514,4705.882352941177,0.00390625,0.6931471805599453,3.3314383390085567,-0.07630918228861328
hd 6850m,2024.0,800.0,25.6,1250.0,50.0,1.0,40.0,166.0,1000000.0,37593.984962406015,19607.843137254902,0.005988023952095809,0.6931471805599453,3.3314383390085567,-0.07630918228861328
hd 6870 x2,2024.0,1120.0,134.4,1250.0,300.0,1.0,40.0,255.0,1400000.0,10339.7341211226,4651.162790697675,0.00390625,0.6931471805599453,3.3314383390085567,-0.07630918228861328
hd 6870m,2024.0,800.0,64.0,1250.0,50.0,1.0,40.0,166.0,1000000.0,15384.615384615385,19607.843137254902,0.005988023952095809,0.6931471805599453,3.3314383390085567,-0.07630918228861328
hd 6930,2024.0,1280.0,153.6,1250.0,186.0,2.0,40.0,389.0,1600000.0,10349.288486416559,8556.14973262032,0.005128205128205128,1.0986122886681098,3.3314383390085567,-0.07630918228861328
hd 6950m,2024.0,960.0,115.2,1250.0,50.0,1.0,40.0,212.0,1200000.0,10327.022375215147,23529.41176470588,0.004694835680751174,0.6931471805599453,3.3314383390085567,-0.07630918228861328
hd 6970m,2024.0,960.0,115.2,1250.0,75.0,1.0,40.0,212.0,1200000.0,10327.022375215147,15789.473684210527,0.004694835680751174,0.6931471805599453,3.3314383390085567,-0.07630918228861328
hd 6970m mac edition,2024.0,960.0,115.2,1250.0,75.0,1.0,40.0,212.0,1200000.0,10327.022375215147,15789.473684210527,0.004694835680751174,0.6931471805599453,3.3314383390085567,-0.07630918228861328
hd 6970m rebrand,2024.0,800.0,64.0,1250.0,75.0,1.0,40.0,166.0,1000000.0,15384.615384615385,13157.894736842105,0.005988023952095809,0.6931471805599453,3.3314383390085567,-0.07630918228861328
hd 6970m x2,2024.0,960.0,115.2,1250.0,150.0,1.0,40.0,212.0,1200000.0,10327.022375215147,7947.019867549669,0.004694835680751174,0.6931471805599453,3.3314383390085567,-0.07630918228861328
hd 6990,2024.0,1536.0,160.0,1250.0,375.0,2.0,40.0,389.0,1920000.0,11925.465838509317,5106.382978723404,0.005128205128205128,1.0986122886681098,3.3314383390085567,-0.07630918228861328
hd 6990m,2024.0,1120.0,115.2,1250.0,100.0,1.0,40.0,212.0,1400000.0,12048.192771084337,13861.386138613861,0.004694835680751174,0.6931471805599453,3.3314383390085567,-0.07630918228861328
hd 6990m rebrand,2024.0,800.0,64.0,1250.0,100.0,1.0,40.0,166.0,1000000.0,15384.615384615385,9900.990099009901,0.005988023952095809,0.6931471805599453,3.3314383390085567,-0.07630918228861328
hd 7410m,2024.0,160.0,12.8,1250.0,50.0,370.0,40.0,67.0,200000.0,14492.753623188404,3921.5686274509803,5.4411764705882355,5.916202062607435,3.3314383390085567,-0.07630918228861328
hd 7690m,2024.0,480.0,28.8,1250.0,20.0,716.0,40.0,118.0,600000.0,20134.228187919463,28571.428571428572,6.016806722689076,6.57507584059962,3.3314383390085567,-0.07630918228861328
firepro a300,2024.0,384.0,40.0,905.0,65.0,1.0,32.0,246.0,347520.0,8476.09756097561,5265.454545454545,0.004048582995951417,0.6931471805599453,3.3314383390085567,-0.07630918228861328
firepro a320,2024.0,384.0,40.0,955.0,100.0,1.0,32.0,246.0,366720.0,8944.390243902439,3630.891089108911,0.004048582995951417,0.6931471805599453,3.3314383390085567,-0.07630918228861328
firepro m2000,2024.0,480.0,25.6,1250.0,33.0,716.0,40.0,118.0,600000.0,22556.390977443607,17647.058823529413,6.016806722689076,6.57507584059962,3.3314383390085567,-0.07630918228861328
firepro m4000,2024.0,512.0,64.0,1250.0,33.0,1.0,28.0,123.0,640000.0,9846.153846153846,18823.529411764706,0.008064516129032258,0.6931471805599453,3.3314383390085567,-0.07630918228861328
firepro m6000,2024.0,640.0,64.0,1250.0,43.0,1.0,28.0,123.0,800000.0,12307.692307692309,18181.81818181818,0.008064516129032258,0.6931471805599453,3.3314383390085567,-0.07630918228861328
firepro s10000,2024.0,1792.0,240.0,950.0,375.0,4.0,28.0,352.0,1702400.0,7063.90041493776,4527.659574468085,0.0113314447592068,1.6094379124341003,3.3314383390085567,-0.07630918228861328
firepro s10000 passive,2024.0,1792.0,240.0,950.0,375.0,4.0,28.0,352.0,1702400.0,7063.90041493776,4527.659574468085,0.0113314447592068,1.6094379124341003,3.3314383390085567,-0.07630918228861328
firepro s7000,2024.0,1280.0,153.6,1250.0,150.0,2.0,28.0,212.0,1600000.0,10349.288486416559,10596.026490066226,0.009389671361502348,1.0986122886681098,3.3314383390085567,-0.07630918228861328
firepro s9000,2024.0,1792.0,264.0,1250.0,225.0,4.0,28.0,352.0,2240000.0,8452.830188679245,9911.504424778761,0.0113314447592068,1.6094379124341003,3.3314383390085567,-0.07630918228861328
firepro s9010,2024.0,1792.0,240.0,1250.0,200.0,4.0,28.0,352.0,2240000.0,9294.60580912863,11144.278606965174,0.0113314447592068,1.6094379124341003,3.3314383390085567,-0.07630918228861328
firepro v3900,2024.0,480.0,28.8,1250.0,50.0,716.0,40.0,118.0,600000.0,20134.228187919463,11764.70588235294,6.016806722689076,6.57507584059962,3.3314383390085567,-0.07630918228861328
firepro w4000,2024.0,768.0,102.4,1250.0,75.0,2.0,28.0,212.0,960000.0,9284.332688588007,12631.578947368422,0.009389671361502348,1.0986122886681098,3.3314383390085567,-0.07630918228861328
firepro w5000,2024.0,768.0,102.4,1250.0,75.0,2.0,28.0,212.0,960000.0,9284.332688588007,12631.578947368422,0.009389671361502348,1.0986122886681098,3.3314383390085567,-0.07630918228861328
firepro w600,2024.0,512.0,64.0,1250.0,75.0,1.0,28.0,123.0,640000.0,9846.153846153846,8421.052631578947,0.008064516129032258,0.6931471805599453,3.3314383390085567,-0.07630918228861328
firepro w7000,2024.0,1280.0,153.6,1250.0,150.0,2.0,28.0,212.0,1600000.0,10349.288486416559,10596.026490066226,0.009389671361502348,1.0986122886681098,3.3314383390085567,-0.07630918228861328
firepro w8000,2024.0,1792.0,176.0,1250.0,225.0,4.0,28.0,352.0,2240000.0,12655.367231638418,9911.504424778761,0.0113314447592068,1.6094379124341003,3.3314383390085567,-0.07630918228861328
firepro w9000,2024.0,2048.0,264.0,1250.0,274.0,4.0,28.0,352.0,2560000.0,9660.377358490567,9309.09090909091,0.0113314447592068,1.6094379124341003,3.3314383390085567,-0.07630918228861328
hd 6250 igp,2024.0,80.0,40.0,1250.0,7.0,450.0,40.0,75.0,100000.0,2439.0243902439024,12500.0,5.921052631578948,6.111467339502679,3.3314383390085567,-0.07630918228861328
hd 6250 igp,2024.0,80.0,40.0,1250.0,9.0,450.0,40.0,75.0,100000.0,2439.0243902439024,10000.0,5.921052631578948,6.111467339502679,3.3314383390085567,-0.07630918228861328
hd 6850 1440sp edition,2024.0,1440.0,128.0,1250.0,151.0,2.0,40.0,334.0,1800000.0,13953.488372093023,11842.105263157895,0.005970149253731343,1.0986122886681098,3.3314383390085567,-0.07630918228861328
hd 7290 igp,2024.0,80.0,40.0,1250.0,18.0,450.0,40.0,75.0,100000.0,2439.0243902439024,5263.1578947368425,5.921052631578948,6.111467339502679,3.3314383390085567,-0.07630918228861328
hd 7310 igp,2024.0,80.0,40.0,1250.0,18.0,450.0,40.0,75.0,100000.0,2439.0243902439024,5263.1578947368425,5.921052631578948,6.111467339502679,3.3314383390085567,-0.07630918228861328
hd 7330m,2024.0,80.0,8.0,1250.0,5.0,292.0,40.0,59.0,100000.0,11111.111111111111,16666.666666666668,4.866666666666666,5.680172609017068,3.3314383390085567,-0.07630918228861328
hd 7340 igp,2024.0,80.0,40.0,1250.0,18.0,450.0,40.0,75.0,100000.0,2439.0243902439024,5263.1578947368425,5.921052631578948,6.111467339502679,3.3314383390085567,-0.07630918228861328
hd 7350 oem,2024.0,80.0,12.8,1250.0,19.0,292.0,40.0,59.0,100000.0,7246.376811594202,5000.0,4.866666666666666,5.680172609017068,3.3314383390085567,-0.07630918228861328
hd 7350 oem pci,2024.0,80.0,8.0,1250.0,19.0,292.0,40.0,59.0,100000.0,11111.111111111111,5000.0,4.866666666666666,5.680172609017068,3.3314383390085567,-0.07630918228861328
hd 7350m,2024.0,80.0,8.0,1250.0,7.0,292.0,40.0,59.0,100000.0,11111.111111111111,12500.0,4.866666666666666,5.680172609017068,3.3314383390085567,-0.07630918228861328
hd 7370m,2024.0,80.0,12.8,1250.0,11.0,292.0,40.0,59.0,100000.0,7246.376811594202,8333.333333333334,4.866666666666666,5.680172609017068,3.3314383390085567,-0.07630918228861328
hd 7400g igp,2024.0,192.0,40.0,424.0,17.0,1.0,32.0,246.0,81408.0,1985.560975609756,4522.666666666667,0.004048582995951417,0.6931471805599453,3.3314383390085567,-0.07630918228861328
hd 7420g igp,2024.0,128.0,40.0,655.0,35.0,1.0,32.0,246.0,83840.0,2044.878048780488,2328.8888888888887,0.004048582995951417,0.6931471805599453,3.3314383390085567,-0.07630918228861328
hd 7430m,2024.0,160.0,12.8,1250.0,7.0,370.0,40.0,67.0,200000.0,14492.753623188404,25000.0,5.4411764705882355,5.916202062607435,3.3314383390085567,-0.07630918228861328
hd 7450 oem,2024.0,160.0,8.528,1250.0,18.0,370.0,40.0,67.0,200000.0,20990.764063811923,10526.315789473685,5.4411764705882355,5.916202062607435,3.3314383390085567,-0.07630918228861328
hd 7450a,2024.0,160.0,12.8,1250.0,25.0,370.0,40.0,67.0,200000.0,14492.753623188404,7692.307692307692,5.4411764705882355,5.916202062607435,3.3314383390085567,-0.07630918228861328
hd 7450m,2024.0,160.0,14.4,1250.0,7.0,370.0,40.0,67.0,200000.0,12987.012987012986,25000.0,5.4411764705882355,5.916202062607435,3.3314383390085567,-0.07630918228861328
hd 7470 oem,2024.0,160.0,28.8,1250.0,27.0,370.0,40.0,67.0,200000.0,6711.4093959731545,7142.857142857143,5.4411764705882355,5.916202062607435,3.3314383390085567,-0.07630918228861328
hd 7470a,2024.0,160.0,12.8,1250.0,25.0,370.0,40.0,67.0,200000.0,14492.753623188404,7692.307692307692,5.4411764705882355,5.916202062607435,3.3314383390085567,-0.07630918228861328
hd 7470a,2024.0,400.0,12.8,1250.0,18.0,627.0,40.0,104.0,500000.0,36231.884057971016,26315.78947368421,5.9714285714285715,6.4425401664681985,3.3314383390085567,-0.07630918228861328
hd 7470m,2024.0,160.0,14.4,800.0,25.0,370.0,40.0,67.0,128000.0,8311.688311688311,4923.076923076923,5.4411764705882355,5.916202062607435,3.3314383390085567,-0.07630918228861328
hd 7480d igp,2024.0,128.0,40.0,1250.0,65.0,1.0,32.0,246.0,160000.0,3902.439024390244,2424.242424242424,0.004048582995951417,0.6931471805599453,3.3314383390085567,-0.07630918228861328
hd 7490m,2024.0,160.0,30.4,1250.0,9.0,370.0,40.0,67.0,200000.0,6369.426751592357,20000.0,5.4411764705882355,5.916202062607435,3.3314383390085567,-0.07630918228861328
hd 7500g igp,2024.0,256.0,40.0,424.0,17.0,1.0,32.0,246.0,108544.0,2647.4146341463415,6030.222222222223,0.004048582995951417,0.6931471805599453,3.3314383390085567,-0.07630918228861328
hd 7510m,2024.0,400.0,12.8,1250.0,11.0,716.0,40.0,118.0,500000.0,36231.884057971016,41666.666666666664,6.016806722689076,6.57507584059962,3.3314383390085567,-0.07630918228861328
hd 7520g igp,2024.0,192.0,40.0,686.0,35.0,1.0,32.0,246.0,131712.0,3212.487804878049,3658.6666666666665,0.004048582995951417,0.6931471805599453,3.3314383390085567,-0.07630918228861328
hd 7530m,2024.0,400.0,14.4,1250.0,11.0,716.0,40.0,118.0,500000.0,32467.532467532466,41666.666666666664,6.016806722689076,6.57507584059962,3.3314383390085567,-0.07630918228861328
hd 7540d igp,2024.0,192.0,40.0,1250.0,65.0,1.0,32.0,246.0,240000.0,5853.658536585366,3636.3636363636365,0.004048582995951417,0.6931471805599453,3.3314383390085567,-0.07630918228861328
hd 7550m,2024.0,480.0,28.8,1250.0,14.0,716.0,40.0,118.0,600000.0,20134.228187919463,40000.0,6.016806722689076,6.57507584059962,3.3314383390085567,-0.07630918228861328
hd 7550m,2024.0,480.0,14.4,550.0,14.0,716.0,40.0,118.0,264000.0,17142.85714285714,17600.0,6.016806722689076,6.57507584059962,3.3314383390085567,-0.07630918228861328
hd 7560d igp,2024.0,256.0,40.0,1250.0,65.0,1.0,32.0,246.0,320000.0,7804.878048780488,4848.484848484848,0.004048582995951417,0.6931471805599453,3.3314383390085567,-0.07630918228861328
hd 7560g igp,2024.0,256.0,40.0,760.0,35.0,1.0,32.0,246.0,194560.0,4745.365853658536,5404.444444444444,0.004048582995951417,0.6931471805599453,3.3314383390085567,-0.07630918228861328
hd 7570,2024.0,480.0,25.6,1250.0,60.0,716.0,40.0,118.0,600000.0,22556.390977443607,9836.065573770491,6.016806722689076,6.57507584059962,3.3314383390085567,-0.07630918228861328
hd 7570m,2024.0,480.0,25.6,1250.0,13.0,716.0,40.0,118.0,600000.0,22556.390977443607,42857.142857142855,6.016806722689076,6.57507584059962,3.3314383390085567,-0.07630918228861328
hd 7590m,2024.0,480.0,25.6,1250.0,18.0,716.0,40.0,118.0,600000.0,22556.390977443607,31578.947368421053,6.016806722689076,6.57507584059962,3.3314383390085567,-0.07630918228861328
hd 7600g igp,2024.0,384.0,40.0,424.0,19.0,1.0,32.0,246.0,162816.0,3971.121951219512,8140.8,0.004048582995951417,0.6931471805599453,3.3314383390085567,-0.07630918228861328
hd 7610m,2024.0,400.0,25.6,1250.0,20.0,716.0,40.0,118.0,500000.0,18796.992481203008,23809.52380952381,6.016806722689076,6.57507584059962,3.3314383390085567,-0.07630918228861328
hd 7620g igp,2024.0,384.0,40.0,497.0,25.0,1.0,32.0,246.0,190848.0,4654.829268292683,7340.307692307692,0.004048582995951417,0.6931471805599453,3.3314383390085567,-0.07630918228861328
hd 7630m,2024.0,480.0,25.6,1250.0,20.0,716.0,40.0,118.0,600000.0,22556.390977443607,28571.428571428572,6.016806722689076,6.57507584059962,3.3314383390085567,-0.07630918228861328
hd 7640g igp,2024.0,256.0,40.0,655.0,35.0,1.0,32.0,246.0,167680.0,4089.756097560976,4657.777777777777,0.004048582995951417,0.6931471805599453,3.3314383390085567,-0.07630918228861328
hd 7650a,2024.0,480.0,28.8,1250.0,33.0,716.0,40.0,118.0,600000.0,20134.228187919463,17647.058823529413,6.016806722689076,6.57507584059962,3.3314383390085567,-0.07630918228861328
hd 7650m,2024.0,480.0,25.6,1250.0,20.0,716.0,40.0,118.0,600000.0,22556.390977443607,28571.428571428572,6.016806722689076,6.57507584059962,3.3314383390085567,-0.07630918228861328
hd 7650m rebrand,2024.0,480.0,25.6,1250.0,20.0,716.0,40.0,118.0,600000.0,22556.390977443607,28571.428571428572,6.016806722689076,6.57507584059962,3.3314383390085567,-0.07630918228861328
hd 7660d igp,2024.0,384.0,40.0,1250.0,100.0,1.0,32.0,246.0,480000.0,11707.317073170732,4752.475247524752,0.004048582995951417,0.6931471805599453,3.3314383390085567,-0.07630918228861328
hd 7660g igp,2024.0,384.0,40.0,1250.0,35.0,1.0,32.0,246.0,480000.0,11707.317073170732,13333.333333333334,0.004048582995951417,0.6931471805599453,3.3314383390085567,-0.07630918228861328
hd 7670 oem,2024.0,480.0,64.0,1250.0,66.0,716.0,40.0,118.0,600000.0,9230.76923076923,8955.223880597016,6.016806722689076,6.57507584059962,3.3314383390085567,-0.07630918228861328
hd 7670a,2024.0,480.0,64.0,1250.0,45.0,716.0,40.0,118.0,600000.0,9230.76923076923,13043.478260869566,6.016806722689076,6.57507584059962,3.3314383390085567,-0.07630918228861328
hd 7670m,2024.0,480.0,28.8,1250.0,20.0,716.0,40.0,118.0,600000.0,20134.228187919463,28571.428571428572,6.016806722689076,6.57507584059962,3.3314383390085567,-0.07630918228861328
hd 7670m rebrand,2024.0,480.0,28.8,1250.0,20.0,716.0,40.0,118.0,600000.0,20134.228187919463,28571.428571428572,6.016806722689076,6.57507584059962,3.3314383390085567,-0.07630918228861328
hd 7690m rebrand,2024.0,480.0,25.6,1250.0,20.0,716.0,40.0,118.0,600000.0,22556.390977443607,28571.428571428572,6.016806722689076,6.57507584059962,3.3314383390085567,-0.07630918228861328
hd 7690m xt rebrand,2024.0,480.0,51.2,1250.0,25.0,716.0,40.0,118.0,600000.0,11494.252873563219,23076.923076923078,6.016806722689076,6.57507584059962,3.3314383390085567,-0.07630918228861328
hd 7730m,2024.0,512.0,28.8,675.0,25.0,1.0,28.0,123.0,345600.0,11597.31543624161,13292.307692307691,0.008064516129032258,0.6931471805599453,3.3314383390085567,-0.07630918228861328
hd 7750,2024.0,512.0,72.0,1250.0,55.0,1.0,28.0,123.0,640000.0,8767.123287671233,11428.57142857143,0.008064516129032258,0.6931471805599453,3.3314383390085567,-0.07630918228861328
hd 7750m,2024.0,512.0,64.0,1250.0,28.0,1.0,28.0,123.0,640000.0,9846.153846153846,22068.96551724138,0.008064516129032258,0.6931471805599453,3.3314383390085567,-0.07630918228861328
hd 7770 ghz edition,2024.0,640.0,72.0,1250.0,80.0,1.0,28.0,123.0,800000.0,10958.90410958904,9876.543209876543,0.008064516129032258,0.6931471805599453,3.3314383390085567,-0.07630918228861328
hd 7770m,2024.0,512.0,64.0,1250.0,32.0,1.0,28.0,123.0,640000.0,9846.153846153846,19393.939393939392,0.008064516129032258,0.6931471805599453,3.3314383390085567,-0.07630918228861328
hd 7850,2024.0,1024.0,153.6,1250.0,130.0,2.0,28.0,212.0,1280000.0,8279.430789133248,9770.992366412214,0.009389671361502348,1.0986122886681098,3.3314383390085567,-0.07630918228861328
hd 7850m,2024.0,640.0,64.0,1250.0,40.0,1.0,28.0,123.0,800000.0,12307.692307692309,19512.19512195122,0.008064516129032258,0.6931471805599453,3.3314383390085567,-0.07630918228861328
hd 7870 ghz edition,2024.0,1280.0,153.6,1250.0,175.0,2.0,28.0,212.0,1600000.0,10349.288486416559,9090.90909090909,0.009389671361502348,1.0986122886681098,3.3314383390085567,-0.07630918228861328
hd 7870 xt,2024.0,1536.0,192.0,975.0,185.0,4.0,28.0,352.0,1497600.0,7759.58549222798,8051.612903225807,0.0113314447592068,1.6094379124341003,3.3314383390085567,-0.07630918228861328
hd 7870m,2024.0,640.0,64.0,1250.0,45.0,1.0,28.0,123.0,800000.0,12307.692307692309,17391.304347826088,0.008064516129032258,0.6931471805599453,3.3314383390085567,-0.07630918228861328
hd 7950,2024.0,1792.0,240.0,1250.0,200.0,4.0,28.0,352.0,2240000.0,9294.60580912863,11144.278606965174,0.0113314447592068,1.6094379124341003,3.3314383390085567,-0.07630918228861328
hd 7950 boost,2024.0,1792.0,240.0,925.0,200.0,4.0,28.0,352.0,1657600.0,6878.008298755187,8246.766169154229,0.0113314447592068,1.6094379124341003,3.3314383390085567,-0.07630918228861328
hd 7950 monica bios 1,2024.0,1536.0,240.0,1250.0,185.0,4.0,28.0,352.0,1920000.0,7966.804979253112,10322.58064516129,0.0113314447592068,1.6094379124341003,3.3314383390085567,-0.07630918228861328
hd 7950 monica bios 2,2024.0,768.0,240.0,1250.0,85.0,4.0,28.0,352.0,960000.0,3983.402489626556,11162.790697674418,0.0113314447592068,1.6094379124341003,3.3314383390085567,-0.07630918228861328
hd 7950m,2024.0,1280.0,128.0,1250.0,75.0,2.0,28.0,212.0,1600000.0,12403.100775193798,21052.63157894737,0.009389671361502348,1.0986122886681098,3.3314383390085567,-0.07630918228861328
hd 7970,2011.0,2048.0,264.0,1250.0,250.0,4.0,28.0,352.0,2560000.0,9660.377358490567,10199.203187250996,0.0113314447592068,1.6094379124341003,3.9148536953824333,-2.305415782948333
hd 7970 ghz edition,2011.0191082802548,2048.0,288.0,1050.0,300.0,4.0,28.0,352.0,2150400.0,7440.83044982699,7144.186046511628,0.0113314447592068,1.6094379124341003,3.913996151987476,-2.3045582395533755
hd 7970 x2,2011.0382165605092,2048.0,264.0,1250.0,500.0,4.0,28.0,352.0,2560000.0,9660.377358490567,5109.780439121757,0.0113314447592068,1.6094379124341003,3.913138608592533,-2.3037006961584323
hd 7970m,2011.0573248407643,1280.0,153.6,1250.0,100.0,2.0,28.0,212.0,1600000.0,10349.288486416559,15841.584158415842,0.009389671361502348,1.0986122886681098,3.912281065197547,-2.813668776529437
hd 7970m x2,2011.0764331210191,1280.0,153.6,1250.0,200.0,2.0,28.0,212.0,1600000.0,10349.288486416559,7960.199004975125,0.009389671361502348,1.0986122886681098,3.9114235218025755,-2.8128112331344655
wii u gpu,2011.095541401274,160.0,12.8,1250.0,33.0,880.0,40.0,146.0,200000.0,14492.753623188404,5882.35294117647,5.98639455782313,6.78105762593618,3.910565978407618,2.870491647528562
hd 8180 igp,2011.1146496815288,128.0,40.0,1250.0,4.0,1.0,28.0,110.0,160000.0,3902.439024390244,32000.0,0.009009009009009009,0.6931471805599453,3.9097084350126465,-3.216561254452701
hd 8210e,2011.1337579617837,128.0,40.0,1250.0,9.0,1.0,28.0,110.0,160000.0,3902.439024390244,16000.0,0.009009009009009009,0.6931471805599453,3.908850891617675,-3.2157037110577296
hd 8240 mobile igp,2011.1528662420385,128.0,40.0,1250.0,15.0,1.0,28.0,110.0,160000.0,3902.439024390244,10000.0,0.009009009009009009,0.6931471805599453,3.9079933482227176,-3.214846167662772
hd 8250 igp,2011.1719745222929,128.0,40.0,400.0,8.0,1.0,28.0,110.0,51200.0,1248.780487804878,5688.888888888889,0.009009009009009009,0.6931471805599453,3.9071358048277745,-3.213988624267829
hd 8280 igp,2011.191082802548,128.0,40.0,1250.0,15.0,1.0,28.0,110.0,160000.0,3902.439024390244,10000.0,0.009009009009009009,0.6931471805599453,3.9062782614327887,-3.2131310808728433
hd 8280 mobile igp,2011.2101910828023,128.0,40.0,1250.0,15.0,1.0,28.0,110.0,160000.0,3902.439024390244,10000.0,0.009009009009009009,0.6931471805599453,3.9054207180378455,-3.2122735374779
hd 8280e,2011.2292993630572,128.0,40.0,1250.0,15.0,1.0,28.0,110.0,160000.0,3902.439024390244,10000.0,0.009009009009009009,0.6931471805599453,3.904563174642874,-3.2114159940829285
hd 8310g igp,2011.248407643312,128.0,40.0,554.0,20.0,1.0,32.0,246.0,70912.0,1729.560975609756,3376.7619047619046,0.004048582995951417,0.6931471805599453,3.9037056312479166,-3.210558450687971
hd 8330 mobile igp,2011.2675159235669,128.0,40.0,1250.0,15.0,1.0,28.0,110.0,160000.0,3902.439024390244,10000.0,0.009009009009009009,0.6931471805599453,3.902848087852945,-3.2097009072929996
hd 8330e,2011.2866242038217,128.0,40.0,1250.0,15.0,1.0,28.0,110.0,160000.0,3902.439024390244,10000.0,0.009009009009009009,0.6931471805599453,3.9019905444579734,-3.208843363898028
hd 8350 oem,2011.3057324840763,80.0,10.67,1250.0,19.0,292.0,40.0,59.0,100000.0,8568.98029134533,5000.0,4.866666666666666,5.680172609017068,3.901133001063016,1.7790396079540516
hd 8350g igp,2011.3248407643312,128.0,40.0,720.0,35.0,1.0,32.0,246.0,92160.0,2247.8048780487807,2560.0,0.004048582995951417,0.6931471805599453,3.9002754576680587,-3.2071282771081133
hd 8370d igp,2011.343949044586,128.0,40.0,1250.0,65.0,1.0,32.0,246.0,160000.0,3902.439024390244,2424.242424242424,0.004048582995951417,0.6931471805599453,3.899417914273087,-3.2062707337131418
hd 8400 igp,2011.3630573248408,128.0,40.0,1250.0,25.0,1.0,28.0,110.0,160000.0,3902.439024390244,6153.846153846154,0.009009009009009009,0.6931471805599453,3.8985603708781156,-3.20541319031817
hd 8400 mobile igp,2011.3821656050957,128.0,40.0,1250.0,25.0,1.0,28.0,110.0,160000.0,3902.439024390244,6153.846153846154,0.009009009009009009,0.6931471805599453,3.897702827483158,-3.204555646923213
hd 8400e,2011.4012738853503,128.0,40.0,1250.0,25.0,1.0,28.0,110.0,160000.0,3902.439024390244,6153.846153846154,0.009009009009009009,0.6931471805599453,3.896845284088201,-3.2036981035282555
hd 8410g igp,2011.420382165605,192.0,40.0,600.0,35.0,1.0,32.0,246.0,115200.0,2809.756097560976,3200.0,0.004048582995951417,0.6931471805599453,3.8959877406932435,-3.202840560133298
hd 8450 oem,2011.43949044586,160.0,10.67,1250.0,18.0,370.0,40.0,67.0,200000.0,17137.96058269066,10526.315789473685,5.4411764705882355,5.916202062607435,3.8951301972982577,2.0210718653091773
hd 8450g igp,2011.4585987261144,192.0,40.0,720.0,35.0,1.0,32.0,246.0,138240.0,3371.7073170731705,3840.0,0.004048582995951417,0.6931471805599453,3.8942726539033146,-3.201125473343369
hd 8470d igp,2011.4777070063692,192.0,40.0,1250.0,65.0,1.0,32.0,246.0,240000.0,5853.658536585366,3636.3636363636365,0.004048582995951417,0.6931471805599453,3.893415110508343,-3.2002679299483976
hd 8490 oem,2011.4968152866245,160.0,14.4,1250.0,35.0,370.0,40.0,67.0,200000.0,12987.012987012986,5555.555555555556,5.4411764705882355,5.916202062607435,3.892557567113357,2.0236444954940778
hd 8510g igp,2011.5159235668789,384.0,40.0,1250.0,35.0,1.0,32.0,246.0,480000.0,11707.317073170732,13333.333333333334,0.004048582995951417,0.6931471805599453,3.891700023718414,-3.1985528431584687
hd 8550d igp,2011.5350318471335,256.0,40.0,844.0,65.0,1.0,32.0,246.0,216064.0,5269.8536585365855,3273.6969696969695,0.004048582995951417,0.6931471805599453,3.8908424803234567,-3.1976952997635113
hd 8550g igp,2011.5541401273888,256.0,40.0,660.0,35.0,1.0,32.0,246.0,168960.0,4120.975609756098,4693.333333333333,0.004048582995951417,0.6931471805599453,3.889984936928471,-3.1968377563685255
hd 8570a,2011.5732484076436,320.0,16.0,825.0,50.0,690.0,28.0,56.0,264000.0,15529.411764705883,5176.470588235294,12.105263157894736,6.53813982376767,3.8891273935334993,2.649012430234171
hd 8570d igp,2011.592356687898,256.0,40.0,1250.0,65.0,1.0,32.0,246.0,320000.0,7804.878048780488,4848.484848484848,0.004048582995951417,0.6931471805599453,3.888269850138556,-3.195122669578611
hd 8570m,2011.6114649681529,320.0,16.0,825.0,50.0,690.0,28.0,56.0,264000.0,15529.411764705883,5176.470588235294,12.105263157894736,6.53813982376767,3.8874123067435846,2.6507275170240856
hd 8610g igp,2011.630573248408,384.0,40.0,626.0,35.0,1.0,32.0,246.0,240384.0,5863.024390243902,6677.333333333333,0.004048582995951417,0.6931471805599453,3.886554763348613,-3.1934075827886677
hd 8650d igp,2011.6496815286623,384.0,40.0,844.0,65.0,1.0,32.0,246.0,324096.0,7904.780487804878,4910.545454545455,0.004048582995951417,0.6931471805599453,3.88569721995367,-3.1925500393937245
hd 8650g igp,2011.6687898089167,384.0,40.0,720.0,35.0,1.0,32.0,246.0,276480.0,6743.414634146341,7680.0,0.004048582995951417,0.6931471805599453,3.8848396765587268,-3.1916924959987814
hd 8670a,2011.687898089172,320.0,16.0,1250.0,45.0,690.0,28.0,56.0,400000.0,23529.41176470588,8695.652173913044,12.105263157894736,6.53813982376767,3.8839821331637268,2.6541576906039435
hd 8670a,2011.7070063694268,384.0,16.0,1250.0,45.0,950.0,28.0,77.0,480000.0,28235.29411764706,10434.782608695652,12.179487179487179,6.85751406254539,3.8831245897687694,2.974389472776621
hd 8670d igp,2011.7261146496812,384.0,40.0,1250.0,100.0,1.0,32.0,246.0,480000.0,11707.317073170732,4752.475247524752,0.004048582995951417,0.6931471805599453,3.882267046373812,-3.1891198658138666
hd 8670m,2011.7452229299363,320.0,14.4,975.0,50.0,690.0,28.0,56.0,312000.0,20259.740259740258,6117.64705882353,12.105263157894736,6.53813982376767,3.8814095029788405,2.6567303207888298
hd 8670m,2011.7643312101911,384.0,14.4,825.0,50.0,950.0,28.0,77.0,316800.0,20571.428571428572,6211.764705882353,12.179487179487179,6.85751406254539,3.880551959583869,2.9769621029615214
hd 8730a,2011.783439490446,384.0,32.0,700.0,50.0,950.0,28.0,77.0,268800.0,8145.454545454545,5270.588235294118,12.179487179487179,6.85751406254539,3.8796944161889115,2.9778196463564788
hd 8730m,2011.8025477707008,384.0,28.8,700.0,50.0,950.0,28.0,77.0,268800.0,9020.134228187919,5270.588235294118,12.179487179487179,6.85751406254539,3.87883687279394,2.9786771897514503
hd 8750a,2011.8216560509557,384.0,16.0,1250.0,45.0,950.0,28.0,77.0,480000.0,28235.29411764706,10434.782608695652,12.179487179487179,6.85751406254539,3.8779793293989684,2.979534733146422
hd 8750m,2011.8407643312105,384.0,28.8,825.0,50.0,950.0,28.0,77.0,316800.0,10630.872483221476,6211.764705882353,12.179487179487179,6.85751406254539,3.877121786004011,2.9803922765413793
hd 8830m,2011.8598726114649,640.0,32.0,625.0,50.0,1.0,28.0,123.0,400000.0,12121.212121212122,7843.137254901961,0.008064516129032258,0.6931471805599453,3.876264242609068,-3.1831170620491225
r5 220 oem,2011.87898089172,80.0,8.528,1250.0,19.0,292.0,40.0,59.0,100000.0,10495.382031905961,5000.0,4.866666666666666,5.680172609017068,3.875406699214082,1.8047659098029856
r5 230 oem,2011.8980891719743,160.0,10.67,1250.0,19.0,370.0,40.0,67.0,200000.0,17137.96058269066,10000.0,5.4411764705882355,5.916202062607435,3.874549155819139,2.041652906788296
r5 235 oem,2011.9171974522292,160.0,14.4,1250.0,35.0,370.0,40.0,67.0,200000.0,12987.012987012986,5555.555555555556,5.4411764705882355,5.916202062607435,3.8736916124241674,2.0425104501832676
r5 235x oem,2011.936305732484,160.0,14.4,1250.0,18.0,370.0,40.0,67.0,200000.0,12987.012987012986,10526.315789473685,5.4411764705882355,5.916202062607435,3.87283406902921,2.043367993578225
r5 240 oem,2011.9554140127389,384.0,14.4,780.0,50.0,950.0,28.0,77.0,299520.0,19449.35064935065,5872.941176470588,12.179487179487179,6.85751406254539,3.8719765256342384,2.985537536911152
r5 m230 rebrand,2011.9745222929937,320.0,14.4,825.0,50.0,690.0,28.0,56.0,264000.0,17142.85714285714,5176.470588235294,12.105263157894736,6.53813982376767,3.871118982239267,2.6670208415284034
r7 240,2011.9936305732483,320.0,28.8,780.0,30.0,950.0,28.0,77.0,249600.0,8375.838926174496,8051.612903225807,12.179487179487179,6.85751406254539,3.8702614388443095,2.987252623701081
r7 240 oem,2012.0127388535032,320.0,28.8,780.0,50.0,950.0,28.0,77.0,249600.0,8375.838926174496,4894.117647058823,12.179487179487179,6.85751406254539,3.869403895449352,2.988110167096038
r7 250,2012.031847133758,512.0,28.8,1250.0,55.0,1.0,28.0,123.0,640000.0,21476.510067114094,11428.57142857143,0.008064516129032258,0.6931471805599453,3.8685463520543806,-3.175399171494435
r7 250,2012.0509554140128,512.0,28.8,1250.0,55.0,1.0,28.0,123.0,640000.0,21476.510067114094,11428.57142857143,0.008064516129032258,0.6931471805599453,3.867688808659409,-3.1745416280994636
r7 250 oem,2012.0700636942677,384.0,32.0,1050.0,65.0,950.0,28.0,77.0,403200.0,12218.181818181818,6109.090909090909,12.179487179487179,6.85751406254539,3.8668312652644516,2.9906827972809387
xbox one gpu,2012.0891719745223,768.0,68.22,1250.0,95.0,5.0,28.0,363.0,960000.0,13868.824039295001,10000.0,0.013736263736263736,1.791759469228055,3.8659737218694943,-2.0742142526414393
hd 6610,2012.108280254777,400.0,25.6,1250.0,39.0,627.0,40.0,104.0,500000.0,18796.992481203008,12500.0,5.9714285714285715,6.4425401664681985,3.865116178474537,2.5774239879936616
hd 6770 green edition,2012.127388535032,720.0,21.34,1250.0,86.0,1.0,40.0,166.0,900000.0,40286.48164726947,10344.827586206897,0.005988023952095809,0.6931471805599453,3.864258635079551,-3.1711114545196057
hd 7510 oem,2012.1464968152864,320.0,21.34,1250.0,39.0,716.0,40.0,118.0,400000.0,17905.102954341986,10000.0,6.016806722689076,6.57507584059962,3.863401091684608,2.711674748915012
hd 7570 oem,2012.1656050955412,400.0,25.6,1250.0,39.0,627.0,40.0,104.0,500000.0,18796.992481203008,12500.0,5.9714285714285715,6.4425401664681985,3.8625435482896364,2.579996618178562
hd 8510 oem,2012.1847133757965,400.0,16.0,1250.0,39.0,627.0,40.0,104.0,500000.0,29411.764705882353,12500.0,5.9714285714285715,6.4425401664681985,3.8616860048946506,2.580854161573548
hd 8510 oem,2012.2038216560509,480.0,25.6,1250.0,60.0,716.0,40.0,118.0,600000.0,22556.390977443607,9836.065573770491,6.016806722689076,6.57507584059962,3.8608284614997075,2.7142473790999126
hd 8550 oem,2012.2229299363055,480.0,25.6,1250.0,60.0,716.0,40.0,118.0,600000.0,22556.390977443607,9836.065573770491,6.016806722689076,6.57507584059962,3.85997091810475,2.71510492249487
hd 8570 oem,2012.2420382165608,384.0,28.8,780.0,50.0,950.0,28.0,77.0,299520.0,10051.006711409396,5872.941176470588,12.179487179487179,6.85751406254539,3.8591133747097643,2.998400687835626
hd 8570 oem rebrand,2012.2611464968156,480.0,25.6,1250.0,60.0,716.0,40.0,118.0,600000.0,22556.390977443607,9836.065573770491,6.016806722689076,6.57507584059962,3.8582558313147928,2.7168200092848274
firepro m4100,2012.28025477707,384.0,64.0,1250.0,50.0,950.0,28.0,77.0,480000.0,7384.615384615385,9411.764705882353,12.179487179487179,6.85751406254539,3.8573982879198496,3.0001157746255407
firepro m4150,2012.2993630573249,384.0,64.0,1250.0,50.0,950.0,28.0,77.0,480000.0,7384.615384615385,9411.764705882353,12.179487179487179,6.85751406254539,3.856540744524878,3.0009733180205123
firepro m5100,2012.31847133758,640.0,72.0,775.0,50.0,1.0,28.0,123.0,496000.0,6794.520547945205,9725.490196078432,0.008064516129032258,0.6931471805599453,3.8556832011299065,-3.162536020569961
firepro m6100,2012.3375796178343,768.0,88.0,1250.0,50.0,2.0,28.0,160.0,960000.0,10786.516853932584,18823.529411764706,0.012422360248447204,1.0986122886681098,3.8548256577349633,-2.7562133690668533
firepro r5000,2012.3566878980887,768.0,102.4,1250.0,150.0,2.0,28.0,212.0,960000.0,9284.332688588007,6357.615894039735,0.009389671361502348,1.0986122886681098,3.853968114340006,-2.755355825671896
firepro w5000 dvi,2012.375796178344,768.0,102.4,1250.0,75.0,2.0,28.0,212.0,960000.0,9284.332688588007,12631.578947368422,0.009389671361502348,1.0986122886681098,3.85311057094502,-2.75449828227691
playstation 4 gpu,2012.3949044585988,1152.0,176.0,1250.0,75.0,29.0,28.0,348.0,1440000.0,8135.593220338983,18947.36842105263,0.0830945558739255,3.4011973816621555,3.852253027550063,-0.45105564588790736
hd 6870 1600sp edition,2012.4140127388532,1600.0,134.4,1250.0,175.0,2.0,40.0,334.0,2000000.0,14771.048744460855,11363.636363636364,0.005970149253731343,1.0986122886681098,3.8513954841551055,-2.7527831954869955
hd 7690m xt,2012.4331210191085,480.0,57.6,1250.0,25.0,716.0,40.0,118.0,600000.0,10238.907849829351,23076.923076923078,6.016806722689076,6.57507584059962,3.8505379407601197,2.7245378998395005
hd 7720 oem,2012.4522292993631,800.0,134.4,1250.0,150.0,1.0,40.0,255.0,1000000.0,7385.524372230428,6622.516556291391,0.00390625,0.6931471805599453,3.8496803973651623,-3.156533216805217
hd 7730,2012.4713375796175,384.0,72.0,1250.0,47.0,1.0,28.0,123.0,480000.0,6575.342465753424,10000.0,0.008064516129032258,0.6931471805599453,3.848822853970219,-3.1556756734102738
hd 7790,2012.4904458598728,896.0,96.0,1250.0,85.0,2.0,28.0,160.0,1120000.0,11546.39175257732,13023.255813953489,0.012422360248447204,1.0986122886681098,3.8479653105752334,-2.7493530219071234
hd 7950 mac edition,2012.5095541401276,1792.0,240.0,1250.0,200.0,4.0,28.0,352.0,2240000.0,9294.60580912863,11144.278606965174,0.0113314447592068,1.6094379124341003,3.847107767180262,-2.2376698547461613
hd 7990,2012.5286624203825,2048.0,288.0,1000.0,375.0,4.0,28.0,365.0,2048000.0,7086.505190311419,5446.808510638298,0.01092896174863388,1.6094379124341003,3.8462502237853045,-2.236812311351204
hd 8470 oem,2012.5477707006369,160.0,25.6,1250.0,35.0,370.0,40.0,67.0,200000.0,7518.796992481202,5555.555555555556,5.4411764705882355,5.916202062607435,3.845392680390347,2.070809382217088
hd 8590m,2012.566878980892,320.0,36.0,825.0,50.0,690.0,28.0,56.0,264000.0,7135.135135135135,5176.470588235294,12.105263157894736,6.53813982376767,3.8445351369953755,2.6936046867722947
hd 8670 oem,2012.5859872611463,384.0,73.6,1050.0,75.0,950.0,28.0,77.0,403200.0,5404.825737265416,5305.263157894737,12.179487179487179,6.85751406254539,3.8436775936004324,3.013836468944958
hd 8690m,2012.6050955414007,320.0,32.0,975.0,50.0,690.0,28.0,56.0,312000.0,9454.545454545454,6117.64705882353,12.105263157894736,6.53813982376767,3.8428200502054892,2.695319773562181
hd 8730 oem,2012.624203821656,384.0,72.0,1250.0,47.0,1.0,28.0,123.0,480000.0,6575.342465753424,10000.0,0.008064516129032258,0.6931471805599453,3.8419625068105034,-3.148815326250558
hd 8740 oem,2012.6433121019109,512.0,72.0,1250.0,55.0,1.0,28.0,123.0,640000.0,8767.123287671233,11428.57142857143,0.008064516129032258,0.6931471805599453,3.841104963415532,-3.1479577828555865
hd 8750m,2012.6624203821657,384.0,64.0,1250.0,50.0,950.0,28.0,77.0,480000.0,7384.615384615385,9411.764705882353,12.179487179487179,6.85751406254539,3.8402474200205603,3.01726664252483
hd 8760 oem,2012.6815286624203,640.0,72.0,1250.0,80.0,1.0,28.0,123.0,800000.0,10958.90410958904,9876.543209876543,0.008064516129032258,0.6931471805599453,3.839389876625603,-3.1462426960656575
hd 8770 oem,2012.7006369426751,896.0,96.0,1250.0,85.0,2.0,28.0,160.0,1120000.0,11546.39175257732,13023.255813953489,0.012422360248447204,1.0986122886681098,3.8385323332306456,-2.7399200445625356
hd 8770m,2012.71974522293,384.0,72.0,825.0,50.0,950.0,28.0,77.0,316800.0,4339.726027397261,6211.764705882353,12.179487179487179,6.85751406254539,3.837674789835674,3.0198392727097163
hd 8790m,2012.7388535031848,384.0,64.0,900.0,50.0,950.0,28.0,77.0,345600.0,5316.923076923077,6776.470588235294,12.179487179487179,6.85751406254539,3.8368172464407024,3.020696816104688
hd 8850m,2012.7579617834397,640.0,64.0,625.0,50.0,1.0,28.0,123.0,400000.0,6153.846153846154,7843.137254901961,0.008064516129032258,0.6931471805599453,3.835959703045745,-3.1428125224857997
hd 8860 oem,2012.7770700636945,1280.0,179.2,1250.0,175.0,2.0,28.0,212.0,1600000.0,8879.023307436182,9090.90909090909,0.009389671361502348,1.0986122886681098,3.8351021596507735,-2.7364898709826635
hd 8870 oem,2012.796178343949,1280.0,153.6,1250.0,175.0,2.0,28.0,212.0,1600000.0,10349.288486416559,9090.90909090909,0.009389671361502348,1.0986122886681098,3.8342446162558304,-2.7356323275877203
hd 8870m,2012.815286624204,640.0,72.0,775.0,50.0,1.0,28.0,123.0,496000.0,6794.520547945205,9725.490196078432,0.008064516129032258,0.6931471805599453,3.8333870728608446,-3.140239892300899
hd 8950 oem,2012.8343949044583,1792.0,240.0,925.0,200.0,4.0,28.0,352.0,1657600.0,6878.008298755187,8246.766169154229,0.0113314447592068,1.6094379124341003,3.8325295294659014,-2.223091617031801
hd 8950m,2012.8535031847132,768.0,88.0,1250.0,100.0,2.0,28.0,160.0,960000.0,10786.516853932584,9504.950495049505,0.012422360248447204,1.0986122886681098,3.83167198607093,-2.73305969740282
hd 8970 oem,2012.8726114649685,2048.0,264.0,1250.0,250.0,4.0,28.0,352.0,2560000.0,9660.377358490567,10199.203187250996,0.0113314447592068,1.6094379124341003,3.830814442675944,-2.2213765302418436
hd 8970m,2012.8917197452229,1280.0,153.6,900.0,100.0,2.0,28.0,212.0,1152000.0,7451.4877102199225,11405.940594059406,0.009389671361502348,1.0986122886681098,3.829956899281001,-2.731344610612891
hd 8990 oem,2012.9108280254777,2048.0,288.0,1000.0,375.0,4.0,28.0,365.0,2048000.0,7086.505190311419,5446.808510638298,0.01092896174863388,1.6094379124341003,3.8290993558860293,-2.219661443451929
r7 240,2012.9299363057328,320.0,73.6,700.0,30.0,950.0,28.0,77.0,224000.0,3002.680965147453,7225.806451612903,12.179487179487179,6.85751406254539,3.8282418124910578,3.0292722500543325
r7 250,2012.9490445859872,384.0,73.6,1050.0,65.0,950.0,28.0,77.0,403200.0,5404.825737265416,6109.090909090909,12.179487179487179,6.85751406254539,3.8273842690961146,3.0301297934492757
r7 250e,2012.968152866242,512.0,72.0,1250.0,55.0,1.0,28.0,123.0,640000.0,8767.123287671233,11428.57142857143,0.008064516129032258,0.6931471805599453,3.826526725701143,-3.1333795451411977
r7 260,2012.9872611464968,768.0,96.0,1250.0,95.0,2.0,28.0,160.0,960000.0,9896.907216494845,10000.0,0.012422360248447204,1.0986122886681098,3.8256691823061715,-2.7270568936380615
r7 260x,2013.006369426752,896.0,104.0,1250.0,115.0,2.0,28.0,160.0,1120000.0,10666.666666666666,9655.172413793103,0.012422360248447204,1.0986122886681098,3.8248116389112,-2.72619935024309
r9 255 oem,2013.0254777070063,512.0,73.6,930.0,65.0,1.0,28.0,123.0,476160.0,6382.841823056301,7214.545454545455,0.008064516129032258,0.6931471805599453,3.8239540955162568,-3.1308069149563114
r9 260 oem,2013.0445859872607,896.0,104.0,1250.0,85.0,2.0,28.0,160.0,1120000.0,10666.666666666666,13023.255813953489,0.012422360248447204,1.0986122886681098,3.8230965521212994,-2.7244842634531894
r9 270,2013.063694267516,1280.0,179.2,925.0,150.0,2.0,28.0,212.0,1184000.0,6570.477247502775,7841.059602649007,0.009389671361502348,1.0986122886681098,3.8222390087263136,-2.7236267200582036
r9 270x,2013.0828025477704,1280.0,179.2,1050.0,180.0,2.0,28.0,212.0,1344000.0,7458.379578246393,7425.414364640884,0.009389671361502348,1.0986122886681098,3.8213814653313705,-2.7227691766632605
r9 280x,2013.1019108280252,2048.0,288.0,1000.0,250.0,4.0,28.0,352.0,2048000.0,7086.505190311419,8159.362549800797,0.0113314447592068,1.6094379124341003,3.820523921936399,-2.2110860095022984
r9 290,2013.1210191082805,2560.0,320.0,1250.0,275.0,6.0,28.0,438.0,3200000.0,9968.847352024923,11594.202898550724,0.01366742596810934,1.9459101490553132,3.819666378541413,-1.8737562294860999
r9 290x,2013.1401273885351,2816.0,320.0,1250.0,290.0,6.0,28.0,438.0,3520000.0,10965.732087227414,12096.219931271478,0.01366742596810934,1.9459101490553132,3.8188088351464557,-1.8728986860911425
sky 500,2013.1592356687895,1280.0,153.6,1250.0,150.0,2.0,28.0,212.0,1600000.0,10349.288486416559,10596.026490066226,0.009389671361502348,1.0986122886681098,3.8179512917515126,-2.7193390030834026
sky 700,2013.1783439490448,1792.0,264.0,1250.0,225.0,4.0,28.0,352.0,2240000.0,8452.830188679245,9911.504424778761,0.0113314447592068,1.6094379124341003,3.817093748356527,-2.2076558359224263
sky 900,2013.1974522292996,1792.0,240.0,950.0,300.0,4.0,28.0,352.0,1702400.0,7063.90041493776,5655.813953488372,0.0113314447592068,1.6094379124341003,3.8162362049615552,-2.2067982925274547
firepro d300,2013.216560509554,1280.0,162.6,1250.0,150.0,2.0,28.0,212.0,1600000.0,9779.9511002445,10596.026490066226,0.009389671361502348,1.0986122886681098,3.815378661566612,-2.716766372898502
firepro d500,2013.2356687898089,1536.0,243.8,1250.0,274.0,4.0,28.0,352.0,1920000.0,7843.137254901961,6981.818181818182,0.0113314447592068,1.6094379124341003,3.8145211181716405,-2.20508320573754
firepro d700,2013.254777070064,2048.0,263.0,1250.0,274.0,4.0,28.0,352.0,2560000.0,9696.969696969696,9309.09090909091,0.0113314447592068,1.6094379124341003,3.813663574776669,-2.2042256623425684
firepro m6100,2013.2738853503183,896.0,96.0,1250.0,50.0,2.0,28.0,160.0,1120000.0,11546.39175257732,21960.78431372549,0.012422360248447204,1.0986122886681098,3.812806031381726,-2.714193742713616
firepro s10000 passive 12gb,2013.2929936305727,1792.0,240.0,950.0,375.0,4.0,28.0,352.0,1702400.0,7063.90041493776,4527.659574468085,0.0113314447592068,1.6094379124341003,3.8119484879867827,-2.202510575552682
firepro s4000x,2013.312101910828,640.0,72.0,775.0,45.0,1.0,28.0,123.0,496000.0,6794.520547945205,10782.608695652174,0.008064516129032258,0.6931471805599453,3.811090944591797,-3.1179437640318515
firepro s9050,2013.3312101910828,1792.0,264.0,1250.0,225.0,4.0,28.0,352.0,2240000.0,8452.830188679245,9911.504424778761,0.0113314447592068,1.6094379124341003,3.8102334011968253,-2.200795488762725
firepro s9100,2013.3503184713377,2560.0,320.0,1250.0,225.0,6.0,28.0,438.0,3200000.0,9968.847352024923,14159.29203539823,0.01366742596810934,1.9459101490553132,3.8093758578018537,-1.8634657087465405
firepro s9150,2013.3694267515923,2816.0,320.0,1250.0,235.0,6.0,28.0,438.0,3520000.0,10965.732087227414,14915.254237288136,0.01366742596810934,1.9459101490553132,3.8085183144068964,-1.8626081653515831
firepro w2100,2013.3885350318471,320.0,28.8,680.0,26.0,950.0,28.0,77.0,217600.0,7302.013422818792,8059.259259259259,12.179487179487179,6.85751406254539,3.807660771011939,3.0498532915334513
firepro w4100,2013.407643312102,512.0,64.0,1250.0,50.0,1.0,28.0,123.0,640000.0,9846.153846153846,12549.019607843138,0.008064516129032258,0.6931471805599453,3.8068032276169674,-3.113656047057022
firepro w4170m,2013.4267515923568,384.0,64.0,900.0,50.0,950.0,28.0,77.0,345600.0,5316.923076923077,6776.470588235294,12.179487179487179,6.85751406254539,3.805945684221996,3.0515683783233944
firepro w5100,2013.4458598726117,768.0,96.0,1250.0,50.0,2.0,28.0,160.0,960000.0,9896.907216494845,18823.529411764706,0.012422360248447204,1.0986122886681098,3.8050881408270385,-2.7064758521589285
firepro w5170m,2013.4649681528665,640.0,72.0,925.0,50.0,1.0,28.0,123.0,592000.0,8109.58904109589,11607.843137254902,0.008064516129032258,0.6931471805599453,3.804230597432067,-3.1110834168721215
firepro w6170m,2013.484076433121,896.0,96.0,1250.0,50.0,2.0,28.0,160.0,1120000.0,11546.39175257732,21960.78431372549,0.012422360248447204,1.0986122886681098,3.803373054037124,-2.7047607653690138
firepro w7100,2013.503184713376,1792.0,160.0,1250.0,150.0,5.0,28.0,366.0,2240000.0,13913.04347826087,14834.437086092716,0.013623978201634877,1.791759469228055,3.802515510642138,-2.010756041414083
firepro w8100,2013.5222929936303,2560.0,320.0,1250.0,220.0,6.0,28.0,438.0,3200000.0,9968.847352024923,14479.638009049773,0.01366742596810934,1.9459101490553132,3.801657967247195,-1.8557478181918816
firepro w9100,2013.5414012738852,2816.0,320.0,1250.0,275.0,6.0,28.0,438.0,3520000.0,10965.732087227414,12753.623188405798,0.01366742596810934,1.9459101490553132,3.8008004238522233,-1.85489027479691
e8860,2013.56050955414,640.0,72.0,625.0,37.0,1.0,28.0,123.0,400000.0,5479.45205479452,10526.315789473685,0.008064516129032258,0.6931471805599453,3.799942880457266,-3.1067956998973205
hd 8210 igp,2013.5796178343949,128.0,40.0,1250.0,8.0,1.0,28.0,110.0,160000.0,3902.439024390244,17777.777777777777,0.009009009009009009,0.6931471805599453,3.7990853370622943,-3.105938156502349
hd 8530m,2013.5987261146497,320.0,14.4,700.0,50.0,950.0,28.0,77.0,224000.0,14545.454545454546,4392.156862745098,12.179487179487179,6.85751406254539,3.7982277936673228,3.0592862688780675
hd 8550m,2013.6178343949043,320.0,14.4,850.0,50.0,690.0,28.0,56.0,272000.0,17662.33766233766,5333.333333333333,12.105263157894736,6.53813982376767,3.7973702502723654,2.740769573495305
r4 mobile graphics,2013.6369426751592,128.0,40.0,1250.0,15.0,930.0,28.0,107.0,160000.0,3902.439024390244,10000.0,8.61111111111111,6.836259277277067,3.796512706877408,3.039746570399659
r4 mobile graphics,2013.656050955414,192.0,40.0,1250.0,17.0,2.0,28.0,245.0,240000.0,5853.658536585366,13333.333333333334,0.008130081300813009,1.0986122886681098,3.7956551634824365,-2.6970428748143265
r4e mobile graphics,2013.6751592356688,128.0,40.0,1250.0,15.0,930.0,28.0,107.0,160000.0,3902.439024390244,10000.0,8.61111111111111,6.836259277277067,3.794797620087465,3.0414616571896023
r5 230,2013.6942675159237,160.0,10.67,1250.0,19.0,370.0,40.0,67.0,200000.0,17137.96058269066,10000.0,5.4411764705882355,5.916202062607435,3.7939400766925075,2.1222619859149274
r5 a220,2013.7133757961783,160.0,14.4,1250.0,35.0,370.0,40.0,67.0,200000.0,12987.012987012986,5555.555555555556,5.4411764705882355,5.916202062607435,3.79308253329755,2.123119529309885
r5 a230,2013.732484076433,320.0,16.0,855.0,50.0,690.0,28.0,56.0,273600.0,16094.117647058823,5364.705882352941,12.105263157894736,6.53813982376767,3.792224989902593,2.7459148338650774
r5 a240,2013.751592356688,320.0,14.4,1250.0,50.0,690.0,28.0,56.0,400000.0,25974.02597402597,7843.137254901961,12.105263157894736,6.53813982376767,3.791367446507607,2.746772377260063
r5 a240,2013.7707006369424,320.0,28.8,780.0,50.0,950.0,28.0,77.0,249600.0,8375.838926174496,4894.117647058823,12.179487179487179,6.85751406254539,3.790509903112664,3.0670041594327264
r5 a255,2013.7898089171972,384.0,64.0,940.0,50.0,1.0,28.0,125.0,360960.0,5553.2307692307695,7077.64705882353,0.007936507936507936,0.6931471805599453,3.7896523597176923,-3.096505179157747
r5 graphics,2013.8089171974525,256.0,40.0,1250.0,15.0,2.0,28.0,245.0,320000.0,7804.878048780488,20000.0,0.008130081300813009,1.0986122886681098,3.7887948163227065,-2.6901825276545965
r5 graphics,2013.8280254777071,256.0,40.0,1250.0,15.0,2.0,28.0,245.0,320000.0,7804.878048780488,20000.0,0.008130081300813009,1.0986122886681098,3.787937272927749,-2.689324984259639
r5 m230,2013.8471337579615,320.0,16.0,1250.0,50.0,690.0,28.0,56.0,400000.0,23529.41176470588,7843.137254901961,12.105263157894736,6.53813982376767,3.787079729532806,2.751060094234864
r5 m230,2013.8662420382168,320.0,16.0,855.0,50.0,690.0,28.0,56.0,273600.0,16094.117647058823,5364.705882352941,12.105263157894736,6.53813982376767,3.7862221861378202,2.75191763762985
r5 m230 rebrand,2013.8853503184716,320.0,14.4,850.0,50.0,690.0,28.0,56.0,272000.0,17662.33766233766,5333.333333333333,12.105263157894736,6.53813982376767,3.7853646427428487,2.7527751810248215
r5 m240,2013.904458598726,320.0,14.4,1030.0,50.0,690.0,28.0,56.0,329600.0,21402.597402597403,6462.745098039216,12.105263157894736,6.53813982376767,3.7845070993479055,2.7536327244197647
r5 m240 rebrand,2013.9235668789809,384.0,14.4,700.0,50.0,950.0,28.0,77.0,268800.0,17454.545454545456,5270.588235294118,12.179487179487179,6.85751406254539,3.783649555952934,3.0738645065924564
r5 m255,2013.942675159236,384.0,32.0,940.0,50.0,1.0,28.0,125.0,360960.0,10938.181818181818,7077.64705882353,0.007936507936507936,0.6931471805599453,3.7827920125579624,-3.089644831998017
r5 mobile graphics,2013.9617834394903,128.0,40.0,1250.0,15.0,930.0,28.0,107.0,160000.0,3902.439024390244,10000.0,8.61111111111111,6.836259277277067,3.7819344691630192,3.054324808114048
r5 mobile graphics,2013.9808917197447,256.0,40.0,1250.0,17.0,2.0,28.0,245.0,320000.0,7804.878048780488,17777.777777777777,0.008130081300813009,1.0986122886681098,3.781076925768076,-2.682464637099966
r5e mobile graphics,2014.0,128.0,40.0,1250.0,15.0,930.0,28.0,107.0,160000.0,3902.439024390244,10000.0,8.61111111111111,6.836259277277067,3.780219382373076,3.056039894903991
r6 m255dx,2014.0191082802548,320.0,40.0,855.0,50.0,690.0,28.0,56.0,273600.0,6673.170731707317,5364.705882352941,12.105263157894736,6.53813982376767,3.7793618389781187,2.7587779847895515
r6 m255dx,2014.0382165605092,384.0,40.0,940.0,50.0,1.0,28.0,125.0,360960.0,8803.90243902439,7077.64705882353,0.007936507936507936,0.6931471805599453,3.7785042955831756,-3.08535711502323
r6 mobile graphics,2014.0573248407643,384.0,40.0,1250.0,17.0,2.0,28.0,245.0,480000.0,11707.317073170732,26666.666666666668,0.008130081300813009,1.0986122886681098,3.77764675218819,-2.67903446352008
r7 250x,2014.0764331210191,640.0,72.0,1250.0,80.0,1.0,28.0,123.0,800000.0,10958.90410958904,9876.543209876543,0.008064516129032258,0.6931471805599453,3.7767892087932324,-3.083642028233287
r7 250xe,2014.095541401274,640.0,72.0,1250.0,80.0,1.0,28.0,123.0,800000.0,10958.90410958904,9876.543209876543,0.008064516129032258,0.6931471805599453,3.775931665398261,-3.0827844848383155
r7 265,2014.1146496815288,1024.0,179.2,925.0,150.0,2.0,28.0,212.0,947200.0,5256.38179800222,6272.847682119205,0.009389671361502348,1.0986122886681098,3.7750741220032893,-2.6764618333351793
r7 265x oem,2014.1337579617837,1280.0,179.2,925.0,150.0,2.0,28.0,212.0,1184000.0,6570.477247502775,7841.059602649007,0.009389671361502348,1.0986122886681098,3.774216578608332,-2.675604289940222
r7 a260,2014.1528662420385,384.0,57.6,980.0,50.0,1.0,28.0,125.0,376320.0,6421.843003412969,7378.823529411765,0.007936507936507936,0.6931471805599453,3.7733590352133604,-3.080211854653415
r7 a265,2014.1719745222929,384.0,28.8,825.0,50.0,950.0,28.0,77.0,316800.0,10630.872483221476,6211.764705882353,12.179487179487179,6.85751406254539,3.772501491818417,3.085012570726973
r7 graphics,2014.191082802548,512.0,40.0,1250.0,25.0,2.0,28.0,245.0,640000.0,15609.756097560976,24615.384615384617,0.008130081300813009,1.0986122886681098,3.7716439484234314,-2.6730316597553214
r7 graphics,2014.2101910828023,384.0,40.0,1250.0,25.0,2.0,28.0,245.0,480000.0,11707.317073170732,18461.53846153846,0.008130081300813009,1.0986122886681098,3.7707864050284883,-2.6721741163603783
r7 m260,2014.2292993630572,384.0,14.4,980.0,50.0,1.0,28.0,125.0,376320.0,24436.363636363636,7378.823529411765,0.007936507936507936,0.6931471805599453,3.7699288616335167,-3.0767816810735713
r7 m260dx,2014.248407643312,320.0,40.0,1030.0,50.0,690.0,28.0,56.0,329600.0,8039.024390243902,6462.745098039216,12.105263157894736,6.53813982376767,3.7690713182385593,2.769068505529111
r7 m260dx,2014.2675159235669,320.0,40.0,855.0,50.0,690.0,28.0,56.0,273600.0,6673.170731707317,5364.705882352941,12.105263157894736,6.53813982376767,3.7682137748435878,2.7699260489240825
r7 m260dx,2014.2866242038217,384.0,40.0,940.0,50.0,1.0,28.0,125.0,360960.0,8803.90243902439,7077.64705882353,0.007936507936507936,0.6931471805599453,3.767356231448616,-3.074209050888671
r7 m265,2014.3057324840763,384.0,28.8,825.0,50.0,950.0,28.0,77.0,316800.0,10630.872483221476,6211.764705882353,12.179487179487179,6.85751406254539,3.766498688053659,3.0910153744917315
r7 m265,2014.3248407643312,384.0,14.4,980.0,50.0,1.0,28.0,125.0,376320.0,24436.363636363636,7378.823529411765,0.007936507936507936,0.6931471805599453,3.7656411446587015,-3.072493964098756
r7 m265dx,2014.343949044586,384.0,40.0,980.0,50.0,1.0,28.0,125.0,376320.0,9178.536585365853,7378.823529411765,0.007936507936507936,0.6931471805599453,3.76478360126373,-3.0716364207037845
r7 m265dx,2014.3630573248408,320.0,40.0,855.0,50.0,690.0,28.0,56.0,273600.0,6673.170731707317,5364.705882352941,12.105263157894736,6.53813982376767,3.7639260578687583,2.774213765898912
r7 m265dx,2014.3821656050957,384.0,40.0,940.0,50.0,1.0,28.0,125.0,360960.0,8803.90243902439,7077.64705882353,0.007936507936507936,0.6931471805599453,3.763068514473801,-3.0699213339138556
r7 m270,2014.4012738853503,384.0,28.8,825.0,50.0,950.0,28.0,77.0,316800.0,10630.872483221476,6211.764705882353,12.179487179487179,6.85751406254539,3.7622109710788436,3.0953030914665467
r7 m270dx,2014.420382165605,384.0,40.0,980.0,50.0,1.0,28.0,125.0,376320.0,9178.536585365853,7378.823529411765,0.007936507936507936,0.6931471805599453,3.7613534276838863,-3.068206247123941
r7 m270dx,2014.43949044586,320.0,40.0,855.0,50.0,690.0,28.0,56.0,273600.0,6673.170731707317,5364.705882352941,12.105263157894736,6.53813982376767,3.7604958842889005,2.7776439394787698
r7 mobile graphics,2014.4585987261144,384.0,40.0,1250.0,25.0,2.0,28.0,245.0,480000.0,11707.317073170732,18461.53846153846,0.008130081300813009,1.0986122886681098,3.7596383408939573,-2.6610260522258473
r9 280,2014.4777070063692,1792.0,240.0,933.0,200.0,4.0,28.0,352.0,1671936.0,6937.49377593361,8318.089552238805,0.0113314447592068,1.6094379124341003,3.7587807974989857,-2.1493428850648852
r9 285,2014.4968152866245,1792.0,176.0,1250.0,190.0,5.0,28.0,366.0,2240000.0,12655.367231638418,11727.748691099476,0.013623978201634877,1.791759469228055,3.757923254104,-1.966163784875945
r9 290x2,2014.5159235668789,2816.0,345.6,1250.0,580.0,6.0,28.0,438.0,3520000.0,10155.799192152337,6058.519793459553,0.01366742596810934,1.9459101490553132,3.757065710709057,-1.8111555616537436
r9 295x2,2014.5350318471335,2816.0,320.0,1250.0,500.0,6.0,28.0,438.0,3520000.0,10965.732087227414,7025.948103792415,0.01366742596810934,1.9459101490553132,3.7562081673140995,-1.8102980182587862
r9 m265x,2014.5541401273888,640.0,64.0,625.0,50.0,1.0,28.0,123.0,400000.0,6153.846153846154,7843.137254901961,0.008064516129032258,0.6931471805599453,3.7553506239191137,-3.0622034433591683
r9 m270x,2014.5732484076436,640.0,64.0,775.0,50.0,1.0,28.0,123.0,496000.0,7630.7692307692305,9725.490196078432,0.008064516129032258,0.6931471805599453,3.754493080524142,-3.0613458999641967
r9 m275,2014.592356687898,640.0,64.0,925.0,50.0,1.0,28.0,123.0,592000.0,9107.692307692309,11607.843137254902,0.008064516129032258,0.6931471805599453,3.753635537129199,-3.0604883565692536
r9 m275x,2014.6114649681529,640.0,72.0,925.0,50.0,1.0,28.0,123.0,592000.0,8109.58904109589,11607.843137254902,0.008064516129032258,0.6931471805599453,3.7527779937342274,-3.059630813174282
r9 m290x,2014.630573248408,1280.0,153.6,900.0,100.0,2.0,28.0,212.0,1152000.0,7451.4877102199225,11405.940594059406,0.009389671361502348,1.0986122886681098,3.751920450339256,-2.653308161671146
r9 m290x mac edition,2014.6496815286623,1024.0,174.7,975.0,80.0,2.0,28.0,212.0,998400.0,5682.413204325555,12325.925925925925,0.009389671361502348,1.0986122886681098,3.7510629069443127,-2.6524506182762027
r9 m295x,2014.6687898089167,2048.0,160.0,1250.0,250.0,5.0,28.0,366.0,2560000.0,15900.621118012423,10199.203187250996,0.013623978201634877,1.791759469228055,3.7502053635493695,-1.9584458943213146
r9 m295x mac edition,2014.687898089172,2048.0,174.3,1250.0,250.0,5.0,28.0,366.0,2560000.0,14603.536794067311,10199.203187250996,0.013623978201634877,1.791759469228055,3.7493478201543695,-1.9575883509263146
firepro m4170,2014.7070063694268,384.0,64.0,900.0,50.0,950.0,28.0,77.0,345600.0,5316.923076923077,6776.470588235294,12.179487179487179,6.85751406254539,3.748490276759412,3.109023785785978
firepro s9170,2014.7261146496812,2816.0,320.0,1250.0,275.0,6.0,28.0,438.0,3520000.0,10965.732087227414,12753.623188405798,0.01366742596810934,1.9459101490553132,3.747632733364469,-1.8017225843091558
firepro w4170m,2014.7452229299363,384.0,64.0,900.0,50.0,950.0,28.0,77.0,345600.0,5316.923076923077,6776.470588235294,12.179487179487179,6.85751406254539,3.746775189969483,3.110738872575907
firepro w4190m,2014.7643312101911,384.0,64.0,900.0,50.0,950.0,28.0,77.0,345600.0,5316.923076923077,6776.470588235294,12.179487179487179,6.85751406254539,3.745917646574526,3.1115964159708644
firepro w4300,2014.783439490446,768.0,96.0,1250.0,50.0,2.0,28.0,160.0,960000.0,9896.907216494845,18823.529411764706,0.012422360248447204,1.0986122886681098,3.7450601031795543,-2.6464478145114443
firepro w5130m,2014.8025477707008,512.0,64.0,925.0,50.0,1.0,28.0,123.0,473600.0,7286.153846153846,9286.274509803921,0.008064516129032258,0.6931471805599453,3.7442025597845827,-3.0510553792246373
firepro w6150m,2014.8216560509557,768.0,88.0,1250.0,50.0,2.0,28.0,160.0,960000.0,10786.516853932584,18823.529411764706,0.012422360248447204,1.0986122886681098,3.743345016389611,-2.644732727721501
firepro w7170m,2014.8407643312105,2048.0,160.0,1250.0,100.0,5.0,28.0,366.0,2560000.0,15900.621118012423,25346.534653465347,0.013623978201634877,1.791759469228055,3.742487472994654,-1.9507280037665988
e6465,2014.8598726114649,160.0,25.6,1250.0,25.0,370.0,40.0,67.0,200000.0,7518.796992481202,7692.307692307692,5.4411764705882355,5.916202062607435,3.7416299295997106,2.1745721330077243
e8870 mxm,2014.87898089172,768.0,96.0,1250.0,75.0,2.0,28.0,160.0,960000.0,9896.907216494845,12631.578947368422,0.012422360248447204,1.0986122886681098,3.740772386204725,-2.642160097536615
e8870 pcie,2014.8980891719743,768.0,96.0,1250.0,75.0,2.0,28.0,160.0,960000.0,9896.907216494845,12631.578947368422,0.012422360248447204,1.0986122886681098,3.7399148428097817,-2.6413025541416717
e8950,2014.9171974522292,2048.0,192.0,1000.0,95.0,5.0,28.0,366.0,2048000.0,10611.39896373057,21333.333333333332,0.013623978201634877,1.791759469228055,3.73905729941481,-1.9472978301867552
r2 mobile graphics,2014.936305732484,128.0,40.0,1250.0,15.0,930.0,28.0,107.0,160000.0,3902.439024390244,10000.0,8.61111111111111,6.836259277277067,3.7381997560198528,3.0980595212572144
r2 mobile graphics,2014.9554140127389,128.0,40.0,1250.0,15.0,930.0,28.0,107.0,160000.0,3902.439024390244,10000.0,8.61111111111111,6.836259277277067,3.737342212624881,3.098917064652186
r2e mobile graphics,2014.9745222929937,128.0,40.0,1250.0,15.0,930.0,28.0,107.0,160000.0,3902.439024390244,10000.0,8.61111111111111,6.836259277277067,3.7364846692299096,3.0997746080471575
r3 mobile graphics,2014.9936305732483,128.0,40.0,1250.0,15.0,930.0,28.0,107.0,160000.0,3902.439024390244,10000.0,8.61111111111111,6.836259277277067,3.7356271258349523,3.100632151442115
r3e mobile graphics,2015.0127388535032,128.0,40.0,1250.0,15.0,930.0,28.0,107.0,160000.0,3902.439024390244,10000.0,8.61111111111111,6.836259277277067,3.734769582439995,3.1014896948370723
r5 310 oem,2015.031847133758,160.0,14.4,1250.0,35.0,370.0,40.0,67.0,200000.0,12987.012987012986,5555.555555555556,5.4411764705882355,5.916202062607435,3.7339120390450233,2.1822900235624116
r5 310 oem,2015.0509554140128,160.0,12.88,1250.0,35.0,370.0,40.0,67.0,200000.0,14409.22190201729,5555.555555555556,5.4411764705882355,5.916202062607435,3.7330544956500518,2.183147566957383
r5 330 oem,2015.0700636942677,320.0,14.4,855.0,50.0,690.0,28.0,56.0,273600.0,17766.233766233767,5364.705882352941,12.105263157894736,6.53813982376767,3.7321969522550944,2.805942871512576
r5 340 oem,2015.0891719745223,384.0,36.8,780.0,65.0,950.0,28.0,77.0,299520.0,7923.809523809525,4538.181818181818,12.179487179487179,6.85751406254539,3.731339408860137,3.1261746536852533
r5 340x oem,2015.108280254777,384.0,16.0,1250.0,65.0,950.0,28.0,77.0,480000.0,28235.29411764706,7272.727272727273,12.179487179487179,6.85751406254539,3.7304818654651797,3.1270321970802106
r5 a320,2015.127388535032,320.0,16.0,825.0,50.0,690.0,28.0,56.0,264000.0,15529.411764705883,5176.470588235294,12.105263157894736,6.53813982376767,3.729624322070194,2.8085155016974763
r5 a330,2015.1464968152864,320.0,14.4,1250.0,50.0,690.0,28.0,56.0,400000.0,25974.02597402597,7843.137254901961,12.105263157894736,6.53813982376767,3.7287667786752507,2.8093730450924195
r5 a335,2015.1656050955412,320.0,14.4,1250.0,50.0,690.0,28.0,56.0,400000.0,25974.02597402597,7843.137254901961,12.105263157894736,6.53813982376767,3.727909235280279,2.810230588487391
r5 m315,2015.1847133757965,384.0,14.4,1250.0,50.0,1.0,28.0,125.0,480000.0,31168.83116883117,9411.764705882353,0.007936507936507936,0.6931471805599453,3.7270516918852934,-3.033904511325348
r5 m320,2015.2038216560509,320.0,16.0,855.0,50.0,690.0,28.0,56.0,273600.0,16094.117647058823,5364.705882352941,12.105263157894736,6.53813982376767,3.7261941484903502,2.81194567527732
r5 m330,2015.2229299363055,320.0,14.4,1030.0,18.0,690.0,28.0,56.0,329600.0,21402.597402597403,17347.36842105263,12.105263157894736,6.53813982376767,3.725336605095393,2.8128032186722773
r5 m335,2015.2420382165608,320.0,14.4,1250.0,50.0,690.0,28.0,56.0,400000.0,25974.02597402597,7843.137254901961,12.105263157894736,6.53813982376767,3.724479061700407,2.813660762067263
r5 mobile graphics,2015.2611464968156,384.0,40.0,720.0,15.0,1.0,28.0,125.0,276480.0,6743.414634146341,17280.0,0.007936507936507936,0.6931471805599453,3.7236215183054355,-3.03047433774549
r6 m335dx,2015.28025477707,384.0,40.0,1030.0,50.0,690.0,28.0,56.0,395520.0,9646.829268292682,7755.294117647059,12.105263157894736,6.53813982376767,3.7227639749104924,2.815375848857178
r6 m340dx,2015.2993630573249,384.0,40.0,1030.0,50.0,690.0,28.0,56.0,395520.0,9646.829268292682,7755.294117647059,12.105263157894736,6.53813982376767,3.721906431515521,2.8162333922521494
r6 mobile graphics,2015.31847133758,384.0,40.0,720.0,15.0,1.0,28.0,125.0,276480.0,6743.414634146341,17280.0,0.007936507936507936,0.6931471805599453,3.7210488881205492,-3.027901707560604
r7 340 oem,2015.3375796178343,384.0,64.0,780.0,50.0,950.0,28.0,77.0,299520.0,4608.0,5872.941176470588,12.179487179487179,6.85751406254539,3.720191344725606,3.1373227178197842
r7 340 oem,2015.3566878980887,384.0,28.8,780.0,50.0,950.0,28.0,77.0,299520.0,10051.006711409396,5872.941176470588,12.179487179487179,6.85751406254539,3.719333801330663,3.1381802612147274
r7 350 fake card,2015.375796178344,384.0,36.8,1250.0,35.0,950.0,28.0,77.0,480000.0,12698.4126984127,13333.333333333334,12.179487179487179,6.85751406254539,3.718476257935663,3.1390378046097274
r7 350 oem,2015.3949044585988,384.0,73.6,1050.0,65.0,950.0,28.0,77.0,403200.0,5404.825737265416,6109.090909090909,12.179487179487179,6.85751406254539,3.7176187145407056,3.1398953480046847
r7 350x oem,2015.4140127388532,384.0,32.0,1050.0,65.0,950.0,28.0,77.0,403200.0,12218.181818181818,6109.090909090909,12.179487179487179,6.85751406254539,3.7167611711457624,3.140752891399628
r7 360,2015.4331210191085,768.0,96.0,1050.0,100.0,2.0,28.0,160.0,806400.0,8313.40206185567,7984.158415841584,0.012422360248447204,1.0986122886681098,3.7159036277507624,-2.6172913390826524
r7 360 896sp,2015.4522292993631,896.0,96.0,1250.0,85.0,2.0,28.0,160.0,1120000.0,11546.39175257732,13023.255813953489,0.012422360248447204,1.0986122886681098,3.715046084355805,-2.616433795687695
r7 360e,2015.4713375796175,768.0,96.0,1250.0,75.0,2.0,28.0,160.0,960000.0,9896.907216494845,12631.578947368422,0.012422360248447204,1.0986122886681098,3.714188540960862,-2.615576252292752
r7 370,2015.4904458598728,1024.0,179.2,975.0,110.0,2.0,28.0,212.0,998400.0,5540.510543840178,8994.594594594595,0.009389671361502348,1.0986122886681098,3.713330997565876,-2.614718708897766
r7 a360,2015.5095541401276,384.0,14.4,1125.0,50.0,1.0,28.0,125.0,432000.0,28051.948051948053,8470.588235294117,0.007936507936507936,0.6931471805599453,3.7124734541709046,-3.019326273610959
r7 a360,2015.5286624203825,384.0,28.8,825.0,50.0,950.0,28.0,77.0,316800.0,10630.872483221476,6211.764705882353,12.179487179487179,6.85751406254539,3.711615910775947,3.145898151769443
r7 m260x,2015.5477707006369,384.0,64.0,715.0,50.0,950.0,28.0,77.0,274560.0,4224.0,5383.529411764706,12.179487179487179,6.85751406254539,3.710758367381004,3.1467556951643862
r7 m340,2015.566878980892,320.0,16.0,1021.0,50.0,1.0,28.0,125.0,326720.0,19218.823529411766,6406.274509803921,0.007936507936507936,0.6931471805599453,3.7099008239860183,-3.016753643426073
r7 m340,2015.5859872611463,384.0,16.0,715.0,50.0,950.0,28.0,77.0,274560.0,16150.588235294117,5383.529411764706,12.179487179487179,6.85751406254539,3.709043280591075,3.148470781954315
r7 m350,2015.6050955414007,384.0,16.0,1015.0,50.0,1.0,28.0,125.0,389760.0,22927.058823529413,7642.35294117647,0.007936507936507936,0.6931471805599453,3.708185737196132,-3.0150385566361866
r7 m350 2gb,2015.624203821656,384.0,64.0,1250.0,50.0,950.0,28.0,77.0,480000.0,7384.615384615385,9411.764705882353,12.179487179487179,6.85751406254539,3.707328193801146,3.150185868744244
r7 m360,2015.6433121019109,384.0,14.4,1125.0,50.0,1.0,28.0,125.0,432000.0,28051.948051948053,8470.588235294117,0.007936507936507936,0.6931471805599453,3.7064706504061746,-3.0133234698462292
r7 m365x,2015.6624203821657,384.0,64.0,1250.0,50.0,950.0,28.0,77.0,480000.0,7384.615384615385,9411.764705882353,12.179487179487179,6.85751406254539,3.705613107011203,3.1519009555341873
r7 m370,2015.6815286624203,384.0,57.6,960.0,50.0,950.0,28.0,77.0,368640.0,6290.7849829351535,7228.235294117647,12.179487179487179,6.85751406254539,3.7047555636162457,3.1527584989291446
r7 m380,2015.7006369426751,640.0,32.0,915.0,50.0,1.0,28.0,123.0,585600.0,17745.454545454544,11482.35294117647,0.008064516129032258,0.6931471805599453,3.7038980202212883,-3.010750839661343
r7 mobile graphics,2015.71974522293,512.0,40.0,720.0,15.0,1.0,28.0,125.0,368640.0,8991.219512195123,23040.0,0.007936507936507936,0.6931471805599453,3.7030404768263168,-3.0098932962663714
r8 m350dx,2015.7388535031848,384.0,40.0,1030.0,50.0,690.0,28.0,56.0,395520.0,9646.829268292682,7755.294117647059,12.105263157894736,6.53813982376767,3.702182933431345,2.835956890336325
r8 m365dx,2015.7579617834397,384.0,40.0,1125.0,50.0,1.0,28.0,125.0,432000.0,10536.585365853658,8470.588235294117,0.007936507936507936,0.6931471805599453,3.701325390036388,-3.0081782094764424
r9 270 1024sp,2015.7770700636945,1024.0,153.6,925.0,150.0,2.0,28.0,212.0,947200.0,6126.778783958603,6272.847682119205,0.009389671361502348,1.0986122886681098,3.7004678466414163,-2.6018555579733063
r9 360 oem,2015.796178343949,768.0,104.0,1050.0,75.0,2.0,28.0,160.0,806400.0,7680.0,10610.526315789473,0.012422360248447204,1.0986122886681098,3.699610303246473,-2.600998014578363
r9 370,2015.815286624204,1280.0,179.2,975.0,110.0,2.0,28.0,212.0,1248000.0,6925.638179800222,11243.243243243243,0.009389671361502348,1.0986122886681098,3.6987527598514873,-2.6001404711833773
r9 370 1024sp,2015.8343949044583,1024.0,179.2,975.0,150.0,2.0,28.0,212.0,998400.0,5540.510543840178,6611.920529801325,0.009389671361502348,1.0986122886681098,3.697895216456544,-2.599282927788434
r9 370x,2015.8535031847132,1280.0,179.2,1030.0,180.0,2.0,28.0,212.0,1318400.0,7316.315205327414,7283.977900552486,0.009389671361502348,1.0986122886681098,3.6970376730615726,-2.5984253843934626
r9 380,2015.8726114649685,1792.0,176.0,1250.0,190.0,5.0,28.0,366.0,2240000.0,12655.367231638418,11727.748691099476,0.013623978201634877,1.791759469228055,3.696180129666587,-1.9044206604385319
r9 380 oem,2015.8917197452229,1792.0,176.0,1250.0,190.0,5.0,28.0,366.0,2240000.0,12655.367231638418,11727.748691099476,0.013623978201634877,1.791759469228055,3.6953225862716437,-1.9035631170435887
r9 380x,2015.9108280254777,2048.0,182.4,1250.0,190.0,5.0,28.0,366.0,2560000.0,13958.56052344602,13403.141361256545,0.013623978201634877,1.791759469228055,3.694465042876672,-1.9027055736486171
r9 390,2015.9299363057328,2560.0,384.0,1250.0,275.0,6.0,28.0,438.0,3200000.0,8311.688311688311,11594.202898550724,0.01366742596810934,1.9459101490553132,3.6936074994817005,-1.7476973504263873
r9 390 x2,2015.9490445859872,2560.0,345.6,1250.0,580.0,6.0,28.0,438.0,3200000.0,9232.544720138487,5507.745266781411,0.01366742596810934,1.9459101490553132,3.6927499560867574,-1.7468398070314441
r9 390x,2015.968152866242,2816.0,384.0,1250.0,275.0,6.0,28.0,438.0,3520000.0,9142.857142857143,12753.623188405798,0.01366742596810934,1.9459101490553132,3.691892412691786,-1.7459822636364726
r9 a375,2015.9872611464968,640.0,72.0,1250.0,50.0,1.0,28.0,123.0,800000.0,10958.90410958904,15686.274509803921,0.008064516129032258,0.6931471805599453,3.6910348692968142,-2.997887688736869
r9 fury,2016.006369426752,3584.0,512.0,1250.0,275.0,8.0,28.0,596.0,4480000.0,8732.943469785576,16231.884057971014,0.01340033500837521,2.1972245773362196,3.6901773259018427,-1.492952748565623
r9 fury x,2016.0254777070063,4096.0,512.0,1250.0,275.0,8.0,28.0,596.0,5120000.0,9980.506822612086,18550.72463768116,0.01340033500837521,2.1972245773362196,3.6893197825068995,-1.49209520517068
r9 m270x,2016.0445859872607,768.0,88.0,1000.0,50.0,2.0,28.0,160.0,768000.0,8629.213483146068,15058.823529411764,0.012422360248447204,1.0986122886681098,3.6884622391119564,-2.5898499504438464
r9 m280x,2016.063694267516,896.0,88.0,1000.0,50.0,2.0,28.0,160.0,896000.0,10067.41573033708,17568.62745098039,0.012422360248447204,1.0986122886681098,3.6876046957169564,-2.5889924070488464
r9 m280x,2016.0828025477704,896.0,96.0,1100.0,50.0,2.0,28.0,160.0,985600.0,10160.824742268042,19325.49019607843,0.012422360248447204,1.0986122886681098,3.686747152322013,-2.588134863653903
r9 m360,2016.1019108280252,512.0,72.0,925.0,50.0,1.0,28.0,123.0,473600.0,6487.671232876713,9286.274509803921,0.008064516129032258,0.6931471805599453,3.685889608927056,-2.9927424283671105
r9 m365x,2016.1210191082805,640.0,72.0,925.0,50.0,1.0,28.0,123.0,592000.0,8109.58904109589,11607.843137254902,0.008064516129032258,0.6931471805599453,3.685032065532056,-2.9918848849721105
r9 m370x mac edition,2016.1401273885351,640.0,72.0,800.0,50.0,1.0,28.0,123.0,512000.0,7013.698630136986,10039.21568627451,0.008064516129032258,0.6931471805599453,3.6841745221370985,-2.991027341577153
r9 m375,2016.1592356687895,640.0,28.8,1015.0,50.0,1.0,28.0,123.0,649600.0,21798.657718120805,12737.254901960785,0.008064516129032258,0.6931471805599453,3.6833169787421554,-2.99016979818221
r9 m375x,2016.1783439490448,640.0,72.0,1015.0,50.0,1.0,28.0,123.0,649600.0,8898.630136986301,12737.254901960785,0.008064516129032258,0.6931471805599453,3.6824594353471696,-2.989312254787224
r9 m380,2016.1974522292996,768.0,96.0,1000.0,50.0,2.0,28.0,160.0,768000.0,7917.525773195876,15058.823529411764,0.012422360248447204,1.0986122886681098,3.681601891952198,-2.582989603284088
r9 m380 mac edition,2016.216560509554,768.0,100.4,1021.0,50.0,2.0,28.0,160.0,784128.0,7733.0177514792895,15375.058823529413,0.012422360248447204,1.0986122886681098,3.680744348557255,-2.582132059889145
r9 m385,2016.2356687898089,896.0,76.8,1000.0,50.0,2.0,28.0,160.0,896000.0,11516.709511568124,17568.62745098039,0.012422360248447204,1.0986122886681098,3.6798868051622975,-2.5812745164941875
r9 m385x,2016.254777070064,896.0,76.8,1100.0,50.0,2.0,28.0,160.0,985600.0,12668.380462724936,19325.49019607843,0.012422360248447204,1.0986122886681098,3.6790292617673117,-2.5804169730992017
r9 m390 mac edition,2016.2738853503183,1024.0,174.7,1250.0,80.0,2.0,28.0,212.0,1280000.0,7285.1451337507115,15802.469135802468,0.009389671361502348,1.0986122886681098,3.6781717183723686,-2.5795594297042586
r9 m390x,2016.2929936305727,2048.0,160.0,1250.0,75.0,5.0,28.0,366.0,2560000.0,15900.621118012423,33684.21052631579,0.013623978201634877,1.791759469228055,3.6773141749774254,-1.8855547057493705
r9 m395 mac edition,2016.312101910828,1792.0,174.7,1250.0,250.0,5.0,28.0,366.0,2240000.0,12749.003984063746,8924.302788844621,0.013623978201634877,1.791759469228055,3.6764566315824396,-1.8846971623543847
r9 m395x,2016.3312101910828,2048.0,160.0,1250.0,75.0,5.0,28.0,366.0,2560000.0,15900.621118012423,33684.21052631579,0.013623978201634877,1.791759469228055,3.675599088187468,-1.883839618959413
r9 m395x mac edition,2016.3503184713377,2048.0,174.7,1250.0,250.0,5.0,28.0,366.0,2560000.0,14570.290267501423,10199.203187250996,0.013623978201634877,1.791759469228055,3.6747415447924965,-1.8829820755644415
r9 nano,2016.3694267515923,4096.0,512.0,1250.0,175.0,8.0,28.0,596.0,5120000.0,9980.506822612086,29090.909090909092,0.01340033500837521,2.1972245773362196,3.673884001397539,-1.4766594240613196
firepro s7100x,2016.3885350318471,2048.0,160.0,1250.0,100.0,5.0,28.0,366.0,2560000.0,15900.621118012423,25346.534653465347,0.013623978201634877,1.791759469228055,3.6730264580025818,-1.8812669887745268
firepro s7150,2016.407643312102,2048.0,160.0,1250.0,150.0,5.0,28.0,366.0,2560000.0,15900.621118012423,16953.64238410596,0.013623978201634877,1.791759469228055,3.67216891460761,-1.8804094453795552
firepro s7150 x2,2016.4267515923568,1792.0,160.0,1250.0,265.0,5.0,28.0,366.0,2240000.0,13913.04347826087,8421.052631578947,0.013623978201634877,1.791759469228055,3.6713113712126386,-1.8795519019845837
firepro s9300 x2,2016.4458598726117,4096.0,512.0,1250.0,300.0,8.0,28.0,596.0,5120000.0,9980.506822612086,17009.966777408637,0.01340033500837521,2.1972245773362196,3.6704538278176813,-1.4732292504814617
playstation 4 pro gpu,2016.4649681528665,2304.0,217.6,1250.0,150.0,5.0,16.0,322.0,2880000.0,13174.748398902104,19072.847682119205,0.015479876160990712,1.791759469228055,3.6695962844227097,-1.8778368151946547
playstation 4 slim gpu,2016.484076433121,1152.0,176.0,1250.0,75.0,29.0,16.0,209.0,1440000.0,8135.593220338983,18947.36842105263,0.1380952380952381,3.4011973816621555,3.6687387410277665,-0.2675413593656111
e9260 mxm,2016.503184713376,896.0,112.0,1250.0,50.0,3.0,14.0,123.0,1120000.0,9911.504424778761,21960.78431372549,0.024193548387096774,1.3862943611198906,3.6678811976327808,-2.28158683651289
e9260 pcie,2016.5222929936303,896.0,112.0,1200.0,80.0,3.0,14.0,123.0,1075200.0,9515.044247787611,13274.074074074075,0.024193548387096774,1.3862943611198906,3.6670236542378376,-2.280729293117947
e9550 mxm,2016.5414012738852,2304.0,160.0,1244.0,95.0,5.0,14.0,232.0,2866176.0,17802.33540372671,29856.0,0.02145922746781116,1.791759469228055,3.666166110842866,-1.874406641614811
instinct mi6,2016.56050955414,2304.0,224.0,1233.0,150.0,5.0,14.0,232.0,2840832.0,12625.92,18813.456953642384,0.02145922746781116,1.791759469228055,3.6653085674479087,-1.8735490982198537
instinct mi8,2016.5796178343949,4096.0,512.0,1250.0,175.0,8.0,28.0,596.0,5120000.0,9980.506822612086,29090.909090909092,0.01340033500837521,2.1972245773362196,3.664451024052937,-1.4672264467167175
pro 450,2016.5987261146497,640.0,81.28,1250.0,35.0,3.0,14.0,123.0,800000.0,9722.897423432183,22222.222222222223,0.024193548387096774,1.3862943611198906,3.6635934806579655,-2.2772991195380747
pro 455,2016.6178343949043,768.0,81.28,1250.0,35.0,3.0,14.0,123.0,960000.0,11667.476908118619,26666.666666666668,0.024193548387096774,1.3862943611198906,3.662735937263008,-2.2764415761431174
pro 460,2016.6369426751592,1024.0,81.28,907.0,35.0,3.0,14.0,123.0,928768.0,11287.894992707827,25799.11111111111,0.024193548387096774,1.3862943611198906,3.661878393868051,-2.27558403274816
pro duo,2016.656050955414,4096.0,512.0,1250.0,350.0,8.0,28.0,596.0,5120000.0,9980.506822612086,14586.894586894587,0.01340033500837521,2.1972245773362196,3.6610208504730792,-1.4637962731368597
pro ssg,2016.6751592356688,4096.0,512.0,1050.0,260.0,8.0,28.0,596.0,4300800.0,8383.625730994152,16478.16091954023,0.01340033500837521,2.1972245773362196,3.6601633070781077,-1.462938729741888
pro wx 4100,2016.6942675159237,1024.0,96.0,1201.0,50.0,3.0,14.0,123.0,1229824.0,12678.59793814433,24114.196078431374,0.024193548387096774,1.3862943611198906,3.6593057636831503,-2.2730114025632595
pro wx 5100,2016.7133757961783,1792.0,160.0,1086.0,75.0,5.0,14.0,232.0,1946112.0,12087.652173913044,25606.736842105263,0.02145922746781116,1.791759469228055,3.658448220288193,-1.866688751060138
pro wx 7100,2016.732484076433,2304.0,224.0,1243.0,130.0,5.0,14.0,232.0,2863872.0,12728.32,21861.618320610687,0.02145922746781116,1.791759469228055,3.6575906768932356,-1.8658312076651806
r1e mobile graphics,2016.751592356688,64.0,40.0,600.0,15.0,1.0,28.0,125.0,38400.0,936.5853658536586,2400.0,0.007936507936507936,0.6931471805599453,3.65673313349825,-2.9635859529383044
r1e mobile graphics,2016.7707006369424,64.0,40.0,1250.0,15.0,930.0,28.0,107.0,80000.0,1951.219512195122,5000.0,8.61111111111111,6.836259277277067,3.6558755901033066,3.1803836871737605
r1e mobile graphics,2016.7898089171972,64.0,40.0,1250.0,15.0,930.0,28.0,107.0,80000.0,1951.219512195122,5000.0,8.61111111111111,6.836259277277067,3.6550180467083493,3.181241230568718
r2 mobile graphics,2016.8089171974525,128.0,40.0,600.0,15.0,1.0,28.0,125.0,76800.0,1873.1707317073171,4800.0,0.007936507936507936,0.6931471805599453,3.6541605033133493,-2.961013322753404
r2e mobile graphics,2016.8280254777071,128.0,40.0,600.0,15.0,1.0,28.0,125.0,76800.0,1873.1707317073171,4800.0,0.007936507936507936,0.6931471805599453,3.653302959918392,-2.9601557793584465
r3 mobile graphics,2016.8471337579615,128.0,40.0,655.0,15.0,1.0,28.0,125.0,83840.0,2044.878048780488,5240.0,0.007936507936507936,0.6931471805599453,3.652445416523449,-2.9592982359635034
r4 mobile graphics,2016.8662420382168,192.0,40.0,655.0,15.0,1.0,28.0,125.0,125760.0,3067.317073170732,7860.0,0.007936507936507936,0.6931471805599453,3.651587873128463,-2.9584406925685176
r4e mobile graphics,2016.8853503184716,192.0,40.0,600.0,15.0,1.0,28.0,125.0,115200.0,2809.756097560976,7200.0,0.007936507936507936,0.6931471805599453,3.6507303297334914,-2.957583149173546
r5 430 oem,2016.904458598726,384.0,36.8,780.0,50.0,950.0,28.0,77.0,299520.0,7923.809523809525,5872.941176470588,12.179487179487179,6.85751406254539,3.6498727863385483,3.207641276206842
r5 435 oem,2016.9235668789809,320.0,18.0,1250.0,50.0,690.0,28.0,56.0,400000.0,21052.63157894737,7843.137254901961,12.105263157894736,6.53813982376767,3.649015242943591,2.8891245808240793
r5 m420,2016.942675159236,320.0,16.0,850.0,50.0,690.0,28.0,56.0,272000.0,16000.0,5333.333333333333,12.105263157894736,6.53813982376767,3.648157699548605,2.889982124219065
r5 m430,2016.9617834394903,320.0,14.4,1250.0,50.0,690.0,28.0,56.0,400000.0,25974.02597402597,7843.137254901961,12.105263157894736,6.53813982376767,3.647300156153662,2.8908396676140082
r5 m430,2016.9808917197447,320.0,18.0,1030.0,50.0,690.0,28.0,56.0,329600.0,17347.36842105263,6462.745098039216,12.105263157894736,6.53813982376767,3.646442612758719,2.8916972110089514
r5 m430,2017.0,320.0,16.0,855.0,50.0,690.0,28.0,56.0,273600.0,16094.117647058823,5364.705882352941,12.105263157894736,6.53813982376767,3.645585069363733,2.892554754403937
r5 m435,2017.0191082802548,320.0,36.0,1030.0,50.0,690.0,28.0,56.0,329600.0,8908.108108108108,6462.745098039216,12.105263157894736,6.53813982376767,3.6447275259687615,2.8934122977989087
r5 m445,2017.0382165605092,384.0,32.0,1250.0,50.0,1.0,28.0,125.0,480000.0,14545.454545454546,9411.764705882353,0.007936507936507936,0.6931471805599453,3.6438699825738183,-2.950722802013873
r5 m465,2017.0573248407643,384.0,16.0,1015.0,50.0,1.0,28.0,125.0,389760.0,22927.058823529413,7642.35294117647,0.007936507936507936,0.6931471805599453,3.6430124391788326,-2.949865258618887
r5 mobile graphics,2017.0764331210191,192.0,40.0,847.0,15.0,1.0,28.0,125.0,162624.0,3966.439024390244,10164.0,0.007936507936507936,0.6931471805599453,3.642154895783875,-2.94900771522393
r5e mobile graphics,2017.095541401274,192.0,40.0,847.0,15.0,1.0,28.0,125.0,162624.0,3966.439024390244,10164.0,0.007936507936507936,0.6931471805599453,3.6412973523889036,-2.948150171828958
r6 m435dx,2017.1146496815288,384.0,40.0,1030.0,50.0,690.0,28.0,56.0,395520.0,9646.829268292682,7755.294117647059,12.105263157894736,6.53813982376767,3.640439808993932,2.897700014773738
r6e mobile graphics,2017.1337579617837,384.0,40.0,758.0,15.0,1.0,28.0,125.0,291072.0,7099.317073170731,18192.0,0.007936507936507936,0.6931471805599453,3.6395822655989747,-2.9464350850390293
r7 350,2017.1528662420385,512.0,72.0,1250.0,55.0,1.0,28.0,123.0,640000.0,8767.123287671233,11428.57142857143,0.008064516129032258,0.6931471805599453,3.638724722204003,-2.9455775416440577
r7 430 oem,2017.1719745222929,384.0,28.8,780.0,50.0,950.0,28.0,77.0,299520.0,10051.006711409396,5872.941176470588,12.179487179487179,6.85751406254539,3.63786717880906,3.2196468837363303
r7 435 oem,2017.191082802548,320.0,16.0,1250.0,50.0,950.0,28.0,77.0,400000.0,23529.41176470588,7843.137254901961,12.179487179487179,6.85751406254539,3.637009635414074,3.220504427131316
r7 450 oem,2017.2101910828023,512.0,72.0,1250.0,65.0,1.0,28.0,123.0,640000.0,8767.123287671233,9696.969696969696,0.008064516129032258,0.6931471805599453,3.636152092019131,-2.9430049114591856
r7 m440,2017.2292993630572,320.0,14.4,1250.0,50.0,1.0,28.0,125.0,400000.0,25974.02597402597,7843.137254901961,0.007936507936507936,0.6931471805599453,3.6352945486241595,-2.942147368064214
r7 m445,2017.248407643312,320.0,32.0,920.0,50.0,1.0,28.0,125.0,294400.0,8921.212121212122,5772.549019607844,0.007936507936507936,0.6931471805599453,3.634437005229202,-2.9412898246692567
r7 m460,2017.2675159235669,384.0,36.0,1024.0,50.0,1.0,28.0,125.0,393216.0,10627.45945945946,7710.117647058823,0.007936507936507936,0.6931471805599453,3.6335794618342305,-2.940432281274285
r7 m465,2017.2866242038217,384.0,64.0,1250.0,50.0,950.0,28.0,77.0,480000.0,7384.615384615385,9411.764705882353,12.179487179487179,6.85751406254539,3.632721918439259,3.2247921441061314
r7 m465,2017.3057324840763,384.0,36.0,1024.0,50.0,1.0,28.0,125.0,393216.0,10627.45945945946,7710.117647058823,0.007936507936507936,0.6931471805599453,3.6318643750443016,-2.938717194484356
r7 m465x,2017.3248407643312,512.0,72.0,925.0,50.0,1.0,28.0,123.0,473600.0,6487.671232876713,9286.274509803921,0.008064516129032258,0.6931471805599453,3.6310068316493442,-2.937859651089399
r7e mobile graphics,2017.343949044586,384.0,40.0,626.0,15.0,1.0,28.0,125.0,240384.0,5863.024390243902,15024.0,0.007936507936507936,0.6931471805599453,3.6301492882543727,-2.9370021076944273
r8 m435dx,2017.3630573248408,384.0,40.0,1030.0,50.0,690.0,28.0,56.0,395520.0,9646.829268292682,7755.294117647059,12.105263157894736,6.53813982376767,3.629291744859401,2.908848078908269
r8 m445dx,2017.3821656050957,320.0,40.0,1021.0,50.0,1.0,28.0,125.0,326720.0,7968.780487804878,6406.274509803921,0.007936507936507936,0.6931471805599453,3.6284342014644437,-2.9352870209044983
r9 m470,2017.4012738853503,768.0,88.0,1000.0,50.0,2.0,28.0,160.0,768000.0,8629.213483146068,15058.823529411764,0.012422360248447204,1.0986122886681098,3.6275766580694864,-2.5289643694013764
r9 m470x,2017.420382165605,896.0,76.8,1100.0,50.0,2.0,28.0,160.0,985600.0,12668.380462724936,19325.49019607843,0.012422360248447204,1.0986122886681098,3.626719114674529,-2.528106826006419
r9 m485x,2017.43949044586,2048.0,160.0,1250.0,250.0,5.0,28.0,366.0,2560000.0,15900.621118012423,10199.203187250996,0.013623978201634877,1.791759469228055,3.6258615712795432,-1.8341021020514883
rx 455 oem,2017.4585987261144,768.0,104.0,1250.0,100.0,2.0,28.0,160.0,960000.0,9142.857142857143,9504.950495049505,0.012422360248447204,1.0986122886681098,3.6250040278846,-2.52639173921649
rx 460,2017.4777070063692,896.0,112.0,1200.0,75.0,3.0,14.0,123.0,1075200.0,9515.044247787611,14147.368421052632,0.024193548387096774,1.3862943611198906,3.6241464844896427,-2.237852123369752
rx 460 mobile,2017.4968152866245,896.0,80.0,1180.0,55.0,3.0,14.0,123.0,1057280.0,13052.839506172839,18880.0,0.024193548387096774,1.3862943611198906,3.6232889410946427,-2.236994579974752
rx 470,2017.5159235668789,2048.0,211.2,1206.0,120.0,5.0,14.0,232.0,2469888.0,11639.434495758718,20412.297520661155,0.02145922746781116,1.791759469228055,3.6224313976996996,-1.8306719284716446
rx 470 mobile,2017.5350318471335,2048.0,224.0,1074.0,85.0,5.0,14.0,232.0,2199552.0,9775.786666666667,25576.18604651163,0.02145922746781116,1.791759469228055,3.621573854304742,-1.8298143850766873
rx 470d,2017.5541401273888,1792.0,211.2,1206.0,120.0,5.0,14.0,232.0,2161152.0,10184.505183788879,17860.760330578512,0.02145922746781116,1.791759469228055,3.6207163109097564,-1.8289568416817015
rx 480,2017.5732484076436,2304.0,256.0,1266.0,150.0,5.0,14.0,232.0,2916864.0,11349.665369649805,19316.98013245033,0.02145922746781116,1.791759469228055,3.619858767514785,-1.82809929828673
rx 480 mobile,2017.592356687898,2304.0,256.0,1077.0,100.0,5.0,14.0,232.0,2481408.0,9655.284046692606,24568.396039603962,0.02145922746781116,1.791759469228055,3.6190012241198417,-1.8272417548917868
rx 580 oem,2017.6114649681529,2304.0,256.0,1266.0,150.0,5.0,14.0,232.0,2916864.0,11349.665369649805,19316.98013245033,0.02145922746781116,1.791759469228055,3.6181436807248843,-1.8263842114968294
xbox one s gpu,2017.630573248408,768.0,68.22,1250.0,95.0,5.0,16.0,240.0,960000.0,13868.824039295001,10000.0,0.02074688796680498,1.791759469228055,3.6172861373298986,-1.8255266681018436
520 mobile ddr3,2017.6496815286623,320.0,16.0,1250.0,50.0,690.0,28.0,56.0,400000.0,23529.41176470588,7843.137254901961,12.105263157894736,6.53813982376767,3.6164285939349554,2.921711229832715
520 mobile gddr5,2017.6687898089167,320.0,36.0,1250.0,50.0,690.0,28.0,56.0,400000.0,10810.81081081081,7843.137254901961,12.105263157894736,6.53813982376767,3.6155710505400123,2.922568773227658
520 oem,2017.687898089172,320.0,36.0,1250.0,50.0,690.0,28.0,56.0,400000.0,10810.81081081081,7843.137254901961,12.105263157894736,6.53813982376767,3.6147135071450265,2.9234263166226437
530 mobile ddr3,2017.7070063694268,384.0,14.4,1021.0,50.0,1.0,28.0,125.0,392064.0,25458.701298701297,7687.529411764706,0.007936507936507936,0.6931471805599453,3.613855963750055,-2.9207087831901095
530 mobile gddr5,2017.7261146496812,384.0,28.8,891.0,50.0,1.0,28.0,125.0,342144.0,11481.342281879195,6708.705882352941,0.007936507936507936,0.6931471805599453,3.6129984203551118,-2.9198512397951664
530x mobile,2017.7452229299363,384.0,36.0,1024.0,50.0,1.0,28.0,125.0,393216.0,10627.45945945946,7710.117647058823,0.007936507936507936,0.6931471805599453,3.612140876960126,-2.9189936964001806
535 mobile,2017.7643312101911,384.0,36.0,984.0,50.0,1.0,28.0,125.0,377856.0,10212.324324324325,7408.941176470588,0.007936507936507936,0.6931471805599453,3.6112833335651686,-2.918136153005223
540,2017.783439490446,384.0,24.0,1250.0,50.0,2.0,14.0,103.0,480000.0,19200.0,9411.764705882353,0.019230769230769232,1.0986122886681098,3.610425790170197,-2.511813501502087
550,2017.8025477707008,512.0,56.0,1183.0,50.0,2.0,14.0,103.0,605696.0,10626.245614035088,11876.392156862745,0.019230769230769232,1.0986122886681098,3.6095682467752255,-2.5109559581071155
e9171 mcm,2017.8216560509557,512.0,96.0,1219.0,40.0,2.0,14.0,103.0,624128.0,6434.309278350515,15222.634146341463,0.019230769230769232,1.0986122886681098,3.608710703380268,-2.510098414712158
e9172 mxm,2017.8407643312105,512.0,48.0,1219.0,35.0,2.0,14.0,103.0,624128.0,12737.30612244898,17336.88888888889,0.019230769230769232,1.0986122886681098,3.6078531599852965,-2.5092408713171865
e9173 pcie,2017.8598726114649,512.0,48.0,1219.0,35.0,2.0,14.0,103.0,624128.0,12737.30612244898,17336.88888888889,0.019230769230769232,1.0986122886681098,3.6069956165903534,-2.5083833279222434
e9174 mxm,2017.87898089172,512.0,96.0,1219.0,50.0,2.0,14.0,103.0,624128.0,6434.309278350515,12237.803921568628,0.019230769230769232,1.0986122886681098,3.6061380731953676,-2.5075257845272576
e9175 pcie,2017.8980891719743,512.0,96.0,1219.0,50.0,2.0,14.0,103.0,624128.0,6434.309278350515,12237.803921568628,0.019230769230769232,1.0986122886681098,3.6052805298004245,-2.5066682411323145
instinct mi25,2017.9171974522292,4096.0,436.2,1500.0,300.0,12.0,14.0,495.0,6144000.0,14053.064958828912,20411.960132890366,0.024193548387096774,2.5649493574615367,3.604422986405453,-1.0394736289439162
pro 555,2017.936305732484,768.0,81.6,1250.0,75.0,3.0,14.0,123.0,960000.0,11622.27602905569,12631.578947368422,0.024193548387096774,1.3862943611198906,3.6035654430104955,-2.2172710818906047
pro 560,2017.9554140127389,1024.0,81.28,1250.0,75.0,3.0,14.0,123.0,1280000.0,15556.635877491492,16842.105263157893,0.024193548387096774,1.3862943611198906,3.602707899615524,-2.216413538495633
pro 570,2017.9745222929937,1792.0,217.0,1105.0,150.0,5.0,14.0,232.0,1980160.0,9083.302752293577,13113.64238410596,0.02145922746781116,1.791759469228055,3.6018503562205524,-1.8100908869924974
pro 575,2017.9936305732483,2048.0,217.0,1250.0,150.0,5.0,14.0,232.0,2560000.0,11743.119266055046,16953.64238410596,0.02145922746781116,1.791759469228055,3.600992812825595,-1.80923334359754
pro 580,2018.0127388535032,2304.0,217.0,1200.0,185.0,5.0,14.0,232.0,2764800.0,12682.56880733945,14864.516129032258,0.02145922746781116,1.791759469228055,3.6001352694306377,-1.8083758002025827
pro duo polaris,2018.031847133758,2304.0,224.0,1250.0,250.0,5.0,14.0,232.0,2880000.0,12800.0,11474.10358565737,0.02145922746781116,1.791759469228055,3.599277726035666,-1.8075182568076111
pro ssg,2018.0509554140128,4096.0,483.8,1500.0,260.0,12.0,14.0,495.0,6144000.0,12673.267326732674,23540.22988505747,0.024193548387096774,2.5649493574615367,3.5984201826406945,-1.0334708251791578
pro v320,2018.0700636942677,3584.0,483.8,1500.0,230.0,12.0,14.0,495.0,5376000.0,11089.10891089109,23272.727272727272,0.024193548387096774,2.5649493574615367,3.597562639245737,-1.0326132817842004
pro vega 56,2018.0891719745223,3584.0,402.4,1250.0,210.0,12.0,14.0,495.0,4480000.0,11105.602379771939,21232.22748815166,0.024193548387096774,2.5649493574615367,3.59670509585078,-1.031755738389243
pro vega 64,2018.108280254777,4096.0,402.4,1350.0,250.0,12.0,14.0,495.0,5529600.0,13707.486365889936,22030.27888446215,0.024193548387096774,2.5649493574615367,3.5958475524558224,-1.0308981949942857
pro wx 2100,2018.127388535032,512.0,48.0,1219.0,35.0,2.0,14.0,103.0,624128.0,12737.30612244898,17336.88888888889,0.019230769230769232,1.0986122886681098,3.5949900090608367,-2.4963777203927267
pro wx 3100,2018.1464968152864,512.0,96.0,1219.0,65.0,2.0,14.0,103.0,624128.0,6434.309278350515,9456.484848484848,0.019230769230769232,1.0986122886681098,3.5941324656658935,-2.4955201769977835
pro wx 4130 mobile,2018.1656050955412,640.0,96.0,1053.0,50.0,3.0,14.0,123.0,673920.0,6947.628865979382,13214.117647058823,0.024193548387096774,1.3862943611198906,3.593274922270922,-2.206980561151031
pro wx 4150 mobile,2018.1847133757965,896.0,96.0,1053.0,50.0,3.0,14.0,123.0,943488.0,9726.680412371134,18499.764705882353,0.024193548387096774,1.3862943611198906,3.592417378875936,-2.2061230177560454
pro wx 4170 mobile,2018.2038216560509,1024.0,96.0,1201.0,50.0,3.0,14.0,123.0,1229824.0,12678.59793814433,24114.196078431374,0.024193548387096774,1.3862943611198906,3.591559835480993,-2.205265474361102
pro wx 7100 mobile,2018.2229299363055,2304.0,160.0,1243.0,130.0,5.0,14.0,232.0,2863872.0,17788.024844720498,21861.618320610687,0.02145922746781116,1.791759469228055,3.5907022920860356,-1.7989428228579807
pro wx 7130 mobile,2018.2420382165608,2304.0,160.0,1243.0,130.0,5.0,14.0,232.0,2863872.0,17788.024844720498,21861.618320610687,0.02145922746781116,1.791759469228055,3.58984474869105,-1.798085279462995
pro wx 8100,2018.2611464968156,3584.0,512.0,1500.0,230.0,12.0,14.0,495.0,5376000.0,10479.53216374269,23272.727272727272,0.024193548387096774,2.5649493574615367,3.5889872052960783,-1.0240378478345415
pro wx 9100,2018.28025477707,4096.0,483.8,1500.0,230.0,12.0,14.0,495.0,6144000.0,12673.267326732674,26597.402597402597,0.024193548387096774,2.5649493574615367,3.588129661901135,-1.0231803044395984
r5 graphics,2018.2993630573249,384.0,40.0,900.0,15.0,1.0,28.0,125.0,345600.0,8429.268292682927,21600.0,0.007936507936507936,0.6931471805599453,3.5872721185061778,-2.8941249379462324
r8 m535dx,2018.31847133758,320.0,40.0,891.0,50.0,1.0,28.0,125.0,285120.0,6954.1463414634145,5590.588235294118,0.007936507936507936,0.6931471805599453,3.586414575111192,-2.8932673945512466
rx 460 1024sp,2018.3375796178343,1024.0,112.0,1200.0,75.0,3.0,14.0,123.0,1228800.0,10874.336283185841,16168.421052631578,0.024193548387096774,1.3862943611198906,3.585557031716249,-2.199262670596358
rx 540 mobile,2018.3566878980887,512.0,80.0,1250.0,50.0,2.0,14.0,103.0,640000.0,7901.234567901234,12549.019607843138,0.019230769230769232,1.0986122886681098,3.5846994883213057,-2.4860871996531957
rx 550,2018.375796178344,512.0,112.0,1183.0,50.0,2.0,14.0,103.0,605696.0,5360.141592920354,11876.392156862745,0.019230769230769232,1.0986122886681098,3.58384194492632,-2.48522965625821
rx 550 512sp,2018.3949044585988,512.0,96.0,1071.0,50.0,3.0,14.0,123.0,548352.0,5653.113402061856,10752.0,0.024193548387096774,1.3862943611198906,3.5829844015313483,-2.1966900404114575
rx 550 640sp,2018.4140127388532,640.0,96.0,1071.0,60.0,3.0,14.0,123.0,685440.0,7066.3917525773195,11236.72131147541,0.024193548387096774,1.3862943611198906,3.582126858136405,-2.1958324970165144
rx 550 mobile,2018.4331210191085,640.0,96.0,1287.0,50.0,2.0,14.0,103.0,823680.0,8491.546391752578,16150.588235294117,0.019230769230769232,1.0986122886681098,3.5812693147414194,-2.4826570260733094
rx 560,2018.4522292993631,1024.0,112.0,1275.0,75.0,3.0,14.0,123.0,1305600.0,11553.982300884956,17178.947368421053,0.024193548387096774,1.3862943611198906,3.580411771346462,-2.1941174102265713
rx 560 896sp,2018.4713375796175,896.0,112.0,1175.0,45.0,3.0,14.0,123.0,1052800.0,9316.814159292035,22886.956521739132,0.024193548387096774,1.3862943611198906,3.5795542279515047,-2.193259866831614
rx 560 mobile,2018.4904458598728,1024.0,96.0,1202.0,65.0,3.0,14.0,123.0,1230848.0,12689.154639175258,18649.21212121212,0.024193548387096774,1.3862943611198906,3.578696684556519,-2.192402323436628
rx 560 mobile,2018.5095541401276,896.0,109.4,1032.0,55.0,3.0,14.0,123.0,924672.0,8375.652173913044,16512.0,0.024193548387096774,1.3862943611198906,3.5778391411615615,-2.1915447800416707
rx 560 mobile,2018.5286624203825,896.0,96.0,1053.0,55.0,3.0,14.0,123.0,943488.0,9726.680412371134,16848.0,0.024193548387096774,1.3862943611198906,3.57698159776659,-2.190687236646699
rx 560d,2018.5477707006369,896.0,96.0,1175.0,65.0,3.0,14.0,123.0,1052800.0,10853.60824742268,15951.515151515152,0.024193548387096774,1.3862943611198906,3.576124054371647,-2.189829693251756
rx 570,2018.566878980892,2048.0,224.0,1244.0,150.0,5.0,14.0,232.0,2547712.0,11323.164444444445,16872.264900662252,0.02145922746781116,1.791759469228055,3.575266510976661,-1.783507041748606
rx 570 mobile,2018.5859872611463,2048.0,211.2,1206.0,85.0,5.0,14.0,232.0,2469888.0,11639.434495758718,28719.627906976744,0.02145922746781116,1.791759469228055,3.574408967581718,-1.782649498353663
rx 580,2018.6050955414007,2304.0,256.0,1340.0,185.0,5.0,14.0,232.0,3087360.0,12013.073929961089,16598.709677419356,0.02145922746781116,1.791759469228055,3.5735514241867747,-1.7817919549587198
rx 580 mobile,2018.624203821656,2304.0,256.0,1077.0,100.0,5.0,14.0,232.0,2481408.0,9655.284046692606,24568.396039603962,0.02145922746781116,1.791759469228055,3.572693880791789,-1.780934411563734
rx vega 10 mobile,2018.6433121019109,640.0,40.0,1301.0,10.0,4.0,14.0,210.0,832640.0,20308.29268292683,75694.54545454546,0.018957345971563982,1.6094379124341003,3.5718363373968174,-1.962398424962717
rx vega 56,2018.6624203821657,3584.0,409.6,1471.0,210.0,12.0,14.0,495.0,5272064.0,12839.90258158792,24986.08530805687,0.024193548387096774,2.5649493574615367,3.570978794001846,-1.006029436540309
rx vega 64,2018.6815286624203,4096.0,483.8,1546.0,295.0,12.0,14.0,495.0,6332416.0,13061.914191419142,21393.297297297297,0.024193548387096774,2.5649493574615367,3.5701212506068885,-1.0051718931453517
rx vega 64 limited edition,2018.7006369426751,4096.0,483.8,1546.0,295.0,12.0,14.0,495.0,6332416.0,13061.914191419142,21393.297297297297,0.024193548387096774,2.5649493574615367,3.569263707211931,-1.0043143497503944
rx vega 64 liquid cooling,2018.71974522293,4096.0,483.8,1677.0,345.0,12.0,14.0,495.0,6868992.0,14168.712871287129,19852.57803468208,0.024193548387096774,2.5649493574615367,3.5684061638169595,-1.0034568063554228
vega 8 mobile,2018.7388535031848,512.0,40.0,1101.0,25.0,4.0,14.0,210.0,563712.0,13749.073170731708,21681.23076923077,0.018957345971563982,1.6094379124341003,3.567548620421988,-1.9581107079878877
vega frontier edition,2018.7579617834397,4096.0,483.8,1600.0,300.0,12.0,14.0,495.0,6553600.0,13518.151815181518,21772.757475083057,0.024193548387096774,2.5649493574615367,3.5666910770270306,-1.0017417195654938
vega frontier edition watercooled,2018.7770700636945,4096.0,483.8,1600.0,375.0,12.0,14.0,495.0,6553600.0,13518.151815181518,17429.787234042553,0.024193548387096774,2.5649493574615367,3.565833533632059,-1.0008841761705223
xbox one x gpu,2018.796178343949,2560.0,326.4,1250.0,150.0,7.0,16.0,359.0,3200000.0,9773.976786805131,21192.052980132452,0.019444444444444445,2.0794415416798357,3.564975990237116,-1.4855344485572801
540x mobile,2018.815286624204,512.0,48.0,1046.0,50.0,2.0,14.0,103.0,535552.0,10929.632653061224,10501.019607843138,0.019230769230769232,1.0986122886681098,3.56411844684213,-2.46550615817402
550x 640sp,2018.8343949044583,640.0,48.0,1071.0,50.0,2.0,14.0,103.0,685440.0,13988.57142857143,13440.0,0.019230769230769232,1.0986122886681098,3.563260903447187,-2.464648614779077
550x mobile,2018.8535031847132,640.0,32.0,1250.0,50.0,2.0,14.0,103.0,800000.0,24242.424242424244,15686.274509803921,0.019230769230769232,1.0986122886681098,3.5624033600522154,-2.4637910713841054
instinct mi50,2018.8726114649685,3840.0,1.02,1746.0,300.0,13.0,7.0,331.0,6704640.0,3319128.712871287,22274.55149501661,0.0391566265060241,2.6390573296152584,3.5615458166572296,-0.9224884870419712
instinct mi60,2018.8917197452229,4096.0,1.02,1800.0,300.0,13.0,7.0,331.0,7372800.0,3649900.99009901,24494.35215946844,0.0391566265060241,2.6390573296152584,3.5606882732622864,-0.921630943647028
pro 555x,2018.9108280254777,768.0,94.08,1250.0,75.0,3.0,14.0,123.0,960000.0,10096.760622633572,12631.578947368422,0.024193548387096774,1.3862943611198906,3.559830729867315,-2.173536368747424
pro 560x,2018.9299363057328,1024.0,94.08,1250.0,75.0,3.0,14.0,123.0,1280000.0,13462.347496844763,16842.105263157893,0.024193548387096774,1.3862943611198906,3.5589731864723433,-2.1726788253524525
pro v340 16 gb,2018.9490445859872,3584.0,483.8,1500.0,230.0,12.0,14.0,495.0,5376000.0,11089.10891089109,23272.727272727272,0.024193548387096774,2.5649493574615367,3.5581156430774,-0.9931662856158634
pro v340 8 gb,2018.968152866242,3584.0,483.8,1500.0,230.0,12.0,14.0,495.0,5376000.0,11089.10891089109,23272.727272727272,0.024193548387096774,2.5649493574615367,3.5572580996824286,-0.9923087422208918
pro vega 16,2018.9872611464968,1024.0,307.2,1190.0,75.0,29.0,14.0,154.0,1218560.0,3953.796236210253,16033.684210526315,0.1870967741935484,3.4011973816621555,3.556400556287457,-0.15520317462530153
pro vega 20,2019.006369426752,1280.0,189.4,1283.0,100.0,29.0,14.0,154.0,1642240.0,8625.210084033613,16259.801980198019,0.1870967741935484,3.4011973816621555,3.5555430128924854,-0.15434563123032996
pro wx 8200,2019.0254777070063,3584.0,512.0,1500.0,230.0,12.0,14.0,495.0,5376000.0,10479.53216374269,23272.727272727272,0.024193548387096774,2.5649493574615367,3.5546854694975423,-0.9897361120360055
pro wx vega m gl,2019.0445859872607,1280.0,179.2,1011.0,65.0,5.0,14.0,208.0,1294080.0,7181.354051054384,19607.272727272728,0.023923444976076555,1.791759469228055,3.553827926102599,-1.7620684568745442
rx 540x mobile,2019.063694267516,512.0,96.0,1211.0,50.0,2.0,14.0,103.0,620032.0,6392.082474226804,12157.490196078432,0.019230769230769232,1.0986122886681098,3.5529703827076133,-2.4543580940395033
rx 550x,2019.0828025477704,512.0,96.0,1183.0,50.0,2.0,14.0,103.0,605696.0,6244.288659793814,11876.392156862745,0.019230769230769232,1.0986122886681098,3.552112839312656,-2.453500550644546
rx 550x 640sp,2019.1019108280252,640.0,96.0,1071.0,60.0,3.0,14.0,123.0,685440.0,7066.3917525773195,11236.72131147541,0.024193548387096774,1.3862943611198906,3.5512552959176986,-2.164960934797808
rx 550x mobile,2019.1210191082805,640.0,48.0,1176.0,50.0,2.0,14.0,103.0,752640.0,15360.0,14757.64705882353,0.019230769230769232,1.0986122886681098,3.550397752522713,-2.451785463854603
rx 560dx,2019.1401273885351,896.0,96.0,1175.0,65.0,3.0,14.0,123.0,1052800.0,10853.60824742268,15951.515151515152,0.024193548387096774,1.3862943611198906,3.5495402091277555,-2.1632458480078647
rx 560x,2019.1592356687895,1024.0,112.0,1275.0,75.0,3.0,14.0,123.0,1305600.0,11553.982300884956,17178.947368421053,0.024193548387096774,1.3862943611198906,3.548682665732798,-2.1623883046129073
rx 560x mobile,2019.1783439490448,1024.0,92.8,1250.0,65.0,3.0,14.0,123.0,1280000.0,13646.055437100214,19393.939393939392,0.024193548387096774,1.3862943611198906,3.5478251223378123,-2.1615307612179215
rx 560x mobile,2019.1974522292996,1024.0,112.0,1250.0,65.0,3.0,14.0,123.0,1280000.0,11327.433628318584,19393.939393939392,0.024193548387096774,1.3862943611198906,3.546967578942855,-2.160673217822964
rx 560x mobile,2019.216560509554,1024.0,96.0,1202.0,65.0,3.0,14.0,123.0,1230848.0,12689.154639175258,18649.21212121212,0.024193548387096774,1.3862943611198906,3.5461100355478976,-2.159815674428007
rx 570x,2019.2356687898089,2048.0,224.0,1244.0,150.0,5.0,14.0,232.0,2547712.0,11323.164444444445,16872.264900662252,0.02145922746781116,1.791759469228055,3.5452524921529402,-1.7534930229248853
rx 580 2048sp,2019.254777070064,2048.0,224.0,1284.0,150.0,5.0,14.0,232.0,2629632.0,11687.253333333334,17414.781456953642,0.02145922746781116,1.791759469228055,3.5443949487579545,-1.7526354795298995
rx 580g,2019.2738853503183,2304.0,256.0,1330.0,185.0,5.0,14.0,232.0,3064320.0,11923.424124513618,16474.83870967742,0.02145922746781116,1.791759469228055,3.5435374053630113,-1.7517779361349564
rx 580x,2019.2929936305727,2304.0,256.0,1340.0,185.0,5.0,14.0,232.0,3087360.0,12013.073929961089,16598.709677419356,0.02145922746781116,1.791759469228055,3.542679861968068,-1.7509203927400132
rx 580x mobile,2019.312101910828,2304.0,256.0,1250.0,100.0,5.0,14.0,232.0,2880000.0,11206.225680933852,28514.851485148516,0.02145922746781116,1.791759469228055,3.5418223185730824,-1.7500628493450274
rx 590,2019.3312101910828,2304.0,256.0,1545.0,175.0,5.0,12.0,232.0,3559680.0,13850.894941634242,20225.454545454544,0.02145922746781116,1.791759469228055,3.540964775178111,-1.7492053059500559
rx vega 11,2019.3503184713377,704.0,40.0,1240.0,25.0,4.0,14.0,210.0,872960.0,21291.70731707317,33575.38461538462,0.018957345971563982,1.6094379124341003,3.5401072317831392,-1.930669319349039
rx vega 11,2019.3694267515923,704.0,40.0,1251.0,25.0,4.0,14.0,210.0,880704.0,21480.585365853658,33873.230769230766,0.018957345971563982,1.6094379124341003,3.539249688388182,-1.9298117759540816
rx vega 11 embedded,2019.3885350318471,704.0,40.0,1251.0,25.0,4.0,14.0,210.0,880704.0,21480.585365853658,33873.230769230766,0.018957345971563982,1.6094379124341003,3.5383921449932245,-1.9289542325591242
rx vega 56 mobile,2019.407643312102,3584.0,409.6,1301.0,120.0,12.0,14.0,495.0,4662784.0,11356.02532878714,38535.40495867769,0.024193548387096774,2.5649493574615367,3.537534601598253,-0.9725852441367162
rx vega m gh,2019.4267515923568,1536.0,204.8,1190.0,100.0,5.0,14.0,208.0,1827840.0,8881.632653061224,18097.425742574258,0.023923444976076555,1.791759469228055,3.5366770582032814,-1.7449175889752264
rx vega m gl,2019.4458598726117,1280.0,179.2,1011.0,65.0,5.0,14.0,208.0,1294080.0,7181.354051054384,19607.272727272728,0.023923444976076555,1.791759469228055,3.535819514808324,-1.744060045580269
vega 11 embedded,2019.4649681528665,704.0,40.0,1301.0,25.0,4.0,14.0,210.0,915904.0,22339.121951219513,35227.07692307692,0.018957345971563982,1.6094379124341003,3.5349619714133524,-1.9255240589792522
vega 3 embedded,2019.484076433121,192.0,40.0,1001.0,15.0,4.0,14.0,210.0,192192.0,4687.609756097561,12012.0,0.018957345971563982,1.6094379124341003,3.5341044280184093,-1.924666515584309
vega 3 embedded,2019.503184713376,192.0,40.0,1001.0,15.0,4.0,14.0,210.0,192192.0,4687.609756097561,12012.0,0.018957345971563982,1.6094379124341003,3.5332468846234235,-1.9238089721893232
vega 3 embedded,2019.5222929936303,192.0,40.0,1001.0,15.0,4.0,14.0,210.0,192192.0,4687.609756097561,12012.0,0.018957345971563982,1.6094379124341003,3.5323893412284804,-1.92295142879438
vega 3 mobile,2019.5414012738852,192.0,40.0,1101.0,15.0,4.0,14.0,210.0,211392.0,5155.90243902439,13212.0,0.018957345971563982,1.6094379124341003,3.531531797833509,-1.9220938853994085
vega 6 embedded,2019.56050955414,384.0,40.0,1280.0,15.0,4.0,14.0,210.0,491520.0,11988.292682926829,30720.0,0.018957345971563982,1.6094379124341003,3.5306742544385514,-1.9212363420044511
vega 6 mobile,2019.5796178343949,384.0,40.0,1101.0,15.0,4.0,14.0,210.0,422784.0,10311.80487804878,26424.0,0.018957345971563982,1.6094379124341003,3.52981671104358,-1.9203787986094796
vega 8,2019.5987261146497,512.0,40.0,1100.0,25.0,4.0,14.0,210.0,563200.0,13736.585365853658,21661.53846153846,0.018957345971563982,1.6094379124341003,3.5289591676486083,-1.919521255214508
vega 8 embedded,2019.6178343949043,512.0,40.0,1101.0,25.0,4.0,14.0,210.0,563712.0,13749.073170731708,21681.23076923077,0.018957345971563982,1.6094379124341003,3.528101624253651,-1.9186637118195506
vega 8 embedded,2019.6369426751592,512.0,40.0,1100.0,15.0,4.0,14.0,210.0,563200.0,13736.585365853658,35200.0,0.018957345971563982,1.6094379124341003,3.5272440808586936,-1.9178061684245933
zhongshan subor z gpu,2019.656050955414,1536.0,153.6,1250.0,100.0,29.0,14.0,397.0,1920000.0,12419.146183699871,19009.90099009901,0.0728643216080402,3.4011973816621555,3.526386537463722,-0.12518915580156653
540 mobile,2019.6751592356688,512.0,41.6,1250.0,50.0,2.0,14.0,103.0,640000.0,15023.474178403756,12549.019607843138,0.019230769230769232,1.0986122886681098,3.5255289940687504,-2.4269167054006404
540x mobile,2019.6942675159237,512.0,32.0,1095.0,50.0,2.0,14.0,103.0,560640.0,16989.090909090908,10992.941176470587,0.019230769230769232,1.0986122886681098,3.524671450673793,-2.426059162005683
550x,2019.7133757961783,512.0,112.0,1218.0,50.0,2.0,14.0,103.0,623616.0,5518.725663716814,12227.764705882353,0.019230769230769232,1.0986122886681098,3.5238139072788357,-2.4252016186107257
610 mobile,2019.732484076433,320.0,32.0,1250.0,50.0,690.0,28.0,56.0,400000.0,12121.212121212122,7843.137254901961,12.105263157894736,6.53813982376767,3.5229563638838783,3.015183459883792
620 mobile,2019.751592356688,384.0,32.0,1250.0,50.0,1.0,28.0,125.0,480000.0,14545.454545454546,9411.764705882353,0.007936507936507936,0.6931471805599453,3.5220988204889068,-2.8289516399289614
625 mobile,2019.7707006369424,384.0,36.0,1024.0,50.0,1.0,28.0,125.0,393216.0,10627.45945945946,7710.117647058823,0.007936507936507936,0.6931471805599453,3.5212412770939494,-2.828094096534004
625 oem,2019.7898089171972,384.0,36.0,1250.0,35.0,1.0,28.0,125.0,480000.0,12972.972972972973,13333.333333333334,0.007936507936507936,0.6931471805599453,3.520383733698992,-2.8272365531390466
630 mobile,2019.8089171974525,512.0,96.0,1211.0,50.0,2.0,14.0,103.0,620032.0,6392.082474226804,12157.490196078432,0.019230769230769232,1.0986122886681098,3.519526190303992,-2.420913901635882
e9390 pcie,2019.8280254777071,1792.0,160.0,1089.0,75.0,5.0,14.0,232.0,1951488.0,12121.04347826087,25677.473684210527,0.02145922746781116,1.791759469228055,3.518668646909049,-1.726909177680994
e9560 pcie,2019.8471337579615,2304.0,224.0,1237.0,130.0,5.0,14.0,232.0,2850048.0,12666.88,21756.091603053435,0.02145922746781116,1.791759469228055,3.5178111035140915,-1.7260516342860366
pro 5300m,2019.8662420382168,1280.0,192.0,1250.0,85.0,6.0,7.0,158.0,1600000.0,8290.155440414508,18604.6511627907,0.03773584905660377,1.9459101490553132,3.5169535601191058,-1.5710434110637925
pro 5500m,2019.8853503184716,1536.0,192.0,1450.0,85.0,6.0,7.0,158.0,2227200.0,11539.896373056994,25897.674418604653,0.03773584905660377,1.9459101490553132,3.5160960167241484,-1.5701858676688352
pro 570x,2019.904458598726,1792.0,217.0,1105.0,150.0,5.0,14.0,232.0,1980160.0,9083.302752293577,13113.64238410596,0.02145922746781116,1.791759469228055,3.515238473329191,-1.723479004101136
pro 575x,2019.9235668789809,2048.0,217.0,1250.0,150.0,5.0,14.0,232.0,2560000.0,11743.119266055046,16953.64238410596,0.02145922746781116,1.791759469228055,3.5143809299342337,-1.7226214607061787
pro 580x,2019.942675159236,2304.0,218.9,1200.0,185.0,5.0,14.0,232.0,2764800.0,12572.987721691678,14864.516129032258,0.02145922746781116,1.791759469228055,3.513523386539248,-1.721763917311193
pro vega 48,2019.9617834394903,3072.0,402.4,1250.0,50.0,12.0,14.0,495.0,3840000.0,9519.087754090233,75294.11764705883,0.024193548387096774,2.5649493574615367,3.5126658431443047,-0.947716485682768
pro vega 64x,2019.9808917197447,4096.0,512.0,1468.0,250.0,12.0,14.0,495.0,6012928.0,11721.107212475634,23955.88844621514,0.024193548387096774,2.5649493574615367,3.5118082997493616,-0.9468589422878249
pro vega ii,2020.0,4096.0,825.3,1720.0,475.0,13.0,7.0,331.0,7045120.0,8526.104320464723,14800.672268907563,0.0391566265060241,2.6390573296152584,3.510950756354376,-0.8718934267391174
pro vega ii duo,2020.0191082802548,4096.0,1.02,1720.0,475.0,13.0,7.0,331.0,7045120.0,3487683.168316832,14800.672268907563,0.0391566265060241,2.6390573296152584,3.5100932129594042,-0.8710358833441458
pro w5300m,2020.0382165605092,1280.0,192.0,1250.0,85.0,6.0,7.0,158.0,1600000.0,8290.155440414508,18604.6511627907,0.03773584905660377,1.9459101490553132,3.509235669564461,-1.5633255205091479
pro w5500x,2020.0573248407643,1536.0,224.0,1757.0,125.0,6.0,7.0,158.0,2698752.0,11994.453333333333,21418.666666666668,0.03773584905660377,1.9459101490553132,3.5083781261694753,-1.562467977114162
pro w5700,2020.0764331210191,2304.0,448.0,1880.0,205.0,10.0,7.0,251.0,4331520.0,9647.037861915367,21026.796116504855,0.03968253968253968,2.3978952727983707,3.507520582774518,-1.1096253099761473
pro w5700x,2020.095541401274,2560.0,448.0,2040.0,205.0,10.0,7.0,251.0,5222400.0,11631.18040089087,25351.456310679612,0.03968253968253968,2.3978952727983707,3.5066630393795464,-1.1087677665811757
pro wx 3200,2020.1146496815288,640.0,96.0,1250.0,65.0,2.0,14.0,103.0,800000.0,8247.422680412372,12121.212121212122,0.019230769230769232,1.0986122886681098,3.505805495984575,-2.407193207316465
pro wx 3200 mobile,2020.1337579617837,640.0,64.0,1250.0,65.0,2.0,14.0,103.0,800000.0,12307.692307692309,12121.212121212122,0.019230769230769232,1.0986122886681098,3.5049479525896174,-2.4063356639215074
r7 350 640sp,2020.1528662420385,640.0,72.0,1250.0,55.0,1.0,28.0,123.0,800000.0,10958.90410958904,14285.714285714286,0.008064516129032258,0.6931471805599453,3.504090409194646,-2.8109432286347005
rx 5300 xt oem,2020.1719745222929,1408.0,112.0,1845.0,100.0,6.0,7.0,158.0,2597760.0,22989.026548672566,25720.396039603962,0.03773584905660377,1.9459101490553132,3.5032328657997027,-1.5573227167443895
rx 5300m,2020.191082802548,1408.0,168.0,1445.0,85.0,6.0,7.0,158.0,2034560.0,12038.816568047338,23657.674418604653,0.03773584905660377,1.9459101490553132,3.502375322404717,-1.5564651733494037
rx 5500 oem,2020.2101910828023,1408.0,224.0,1845.0,110.0,6.0,7.0,158.0,2597760.0,11545.6,23403.243243243243,0.03773584905660377,1.9459101490553132,3.501517779009774,-1.5556076299544606
rx 5500 xt,2020.2292993630572,1408.0,224.0,1845.0,130.0,6.0,7.0,158.0,2597760.0,11545.6,19830.22900763359,0.03773584905660377,1.9459101490553132,3.500660235614802,-1.554750086559489
rx 5500m,2020.248407643312,1408.0,224.0,1645.0,85.0,6.0,7.0,158.0,2316160.0,10294.044444444444,26932.093023255813,0.03773584905660377,1.9459101490553132,3.499802692219845,-1.5538925431645316
rx 560 xt,2020.2675159235669,1792.0,224.0,1226.0,150.0,5.0,14.0,232.0,2196992.0,9764.40888888889,14549.615894039734,0.02145922746781116,1.791759469228055,3.4989451488248733,-1.7071856795968183
rx 560x mobile,2020.2866242038217,896.0,112.0,1250.0,65.0,3.0,14.0,123.0,1120000.0,9911.504424778761,16969.696969696968,0.024193548387096774,1.3862943611198906,3.4980876054299017,-2.111793244310011
rx 5700,2020.3057324840763,2304.0,448.0,1725.0,180.0,10.0,7.0,251.0,3974400.0,8851.670378619154,21958.01104972376,0.03968253968253968,2.3978952727983707,3.4972300620349444,-1.0993347892365737
rx 5700 xt,2020.3248407643312,2560.0,448.0,1905.0,225.0,10.0,7.0,251.0,4876800.0,10861.469933184855,21578.7610619469,0.03968253968253968,2.3978952727983707,3.496372518639987,-1.0984772458416163
rx 5700 xt 50th anniversary,2020.343949044586,2560.0,448.0,1980.0,225.0,10.0,7.0,251.0,5068800.0,11289.086859688196,22428.318584070796,0.03968253968253968,2.3978952727983707,3.4955149752450154,-1.0976197024466448
rx 640 mobile,2020.3630573248408,640.0,48.0,1218.0,50.0,2.0,14.0,103.0,779520.0,15908.57142857143,15284.70588235294,0.019230769230769232,1.0986122886681098,3.494657431850044,-2.396045143181934
rx vega 11,2020.3821656050957,704.0,40.0,1400.0,15.0,4.0,12.0,210.0,985600.0,24039.024390243903,61600.0,0.018957345971563982,1.6094379124341003,3.4937998884550865,-1.8843619760209862
rx vega 11 mobile,2020.4012738853503,704.0,40.0,1400.0,15.0,4.0,12.0,210.0,985600.0,24039.024390243903,61600.0,0.018957345971563982,1.6094379124341003,3.492942345060129,-1.8835044326260288
vega 10 mobile,2020.420382165605,640.0,40.0,1400.0,15.0,4.0,12.0,210.0,896000.0,21853.658536585364,56000.0,0.018957345971563982,1.6094379124341003,3.4920848016651718,-1.8826468892310715
vega 10 mobile,2020.43949044586,640.0,40.0,1301.0,10.0,4.0,14.0,210.0,832640.0,20308.29268292683,75694.54545454546,0.018957345971563982,1.6094379124341003,3.491227258270186,-1.8817893458360857
vega 10 mobile,2020.4585987261144,640.0,40.0,1400.0,15.0,4.0,12.0,210.0,896000.0,21853.658536585364,56000.0,0.018957345971563982,1.6094379124341003,3.490369714875243,-1.8809318024411426
vega 11,2020.4777070063692,704.0,40.0,1400.0,15.0,4.0,12.0,210.0,985600.0,24039.024390243903,61600.0,0.018957345971563982,1.6094379124341003,3.4895121714802855,-1.8800742590461852
vega 3,2020.4968152866245,192.0,40.0,1100.0,15.0,4.0,12.0,210.0,211200.0,5151.219512195122,13200.0,0.018957345971563982,1.6094379124341003,3.4886546280852855,-1.8792167156511852
vega 3 embedded,2020.5159235668789,192.0,40.0,1000.0,10.0,4.0,12.0,210.0,192000.0,4682.926829268293,17454.545454545456,0.018957345971563982,1.6094379124341003,3.4877970846903423,-1.878359172256242
vega 3 embedded,2020.5350318471335,192.0,40.0,1200.0,10.0,4.0,12.0,210.0,230400.0,5619.512195121952,20945.454545454544,0.018957345971563982,1.6094379124341003,3.486939541295385,-1.8775016288612847
vega 3 mobile,2020.5541401273888,192.0,40.0,1001.0,15.0,4.0,12.0,210.0,192192.0,4687.609756097561,12012.0,0.018957345971563982,1.6094379124341003,3.486081997900399,-1.876644085466299
vega 6 mobile,2020.5732484076436,384.0,40.0,1101.0,15.0,4.0,14.0,210.0,422784.0,10311.80487804878,26424.0,0.018957345971563982,1.6094379124341003,3.485224454505442,-1.8757865420713415
vega 6 mobile,2020.592356687898,384.0,40.0,1200.0,15.0,4.0,12.0,210.0,460800.0,11239.024390243903,28800.0,0.018957345971563982,1.6094379124341003,3.4843669111104845,-1.8749289986763842
vega 8,2020.6114649681529,512.0,40.0,1250.0,15.0,4.0,12.0,210.0,640000.0,15609.756097560976,40000.0,0.018957345971563982,1.6094379124341003,3.483509367715527,-1.8740714552814268
vega 8 mobile,2020.630573248408,512.0,40.0,1101.0,25.0,4.0,14.0,210.0,563712.0,13749.073170731708,21681.23076923077,0.018957345971563982,1.6094379124341003,3.4826518243205413,-1.873213911886441
vega 8 mobile,2020.6496815286623,512.0,40.0,1200.0,15.0,4.0,12.0,210.0,614400.0,14985.365853658537,38400.0,0.018957345971563982,1.6094379124341003,3.481794280925598,-1.872356368491498
vega 8 mobile,2020.6687898089167,512.0,40.0,1200.0,15.0,4.0,12.0,210.0,614400.0,14985.365853658537,38400.0,0.018957345971563982,1.6094379124341003,3.480936737530655,-1.8714988250965547
vega 9 mobile,2020.687898089172,576.0,40.0,1300.0,15.0,4.0,12.0,210.0,748800.0,18263.414634146342,46800.0,0.018957345971563982,1.6094379124341003,3.4800791941356692,-1.870641281701569
vii,2020.7070063694268,3840.0,1.02,1750.0,295.0,13.0,7.0,331.0,6720000.0,3326732.673267327,22702.702702702703,0.0391566265060241,2.6390573296152584,3.4792216507406977,-0.8401643211254393
aerobox gpu,2020.7261146496812,896.0,68.22,985.0,100.0,29.0,16.0,154.0,882560.0,12750.072233458539,8738.217821782178,0.1870967741935484,3.4011973816621555,3.4783641073457545,-0.07716672568359906
atari vcs 400 gpu,2020.7452229299363,192.0,38.4,1201.0,15.0,29.0,14.0,149.0,230592.0,5852.588832487309,14412.0,0.19333333333333333,3.4011973816621555,3.4775065639507687,-0.07630918228861328
atari vcs 800 gpu,2020.7643312101911,192.0,38.4,1201.0,15.0,29.0,14.0,149.0,230592.0,5852.588832487309,14412.0,0.19333333333333333,3.4011973816621555,3.4766490205558114,-0.07545163889365591
playstation 5 gpu,2020.783439490446,2304.0,448.0,1250.0,180.0,10.0,7.0,308.0,2880000.0,6414.253897550111,15911.602209944751,0.032362459546925564,2.3978952727983707,3.47579147716084,-1.0778962043624691
graphics 320sp mobile,2020.8025477707008,320.0,40.0,1400.0,15.0,9.0,7.0,156.0,448000.0,10926.829268292682,28000.0,0.05732484076433121,2.302585092994046,3.4749339337658682,-1.1723488407718223
graphics 384sp mobile,2020.8216560509557,384.0,40.0,1500.0,15.0,9.0,7.0,156.0,576000.0,14048.780487804877,36000.0,0.05732484076433121,2.302585092994046,3.474076390370911,-1.171491297376865
graphics 448sp,2020.8407643312105,448.0,40.0,1900.0,15.0,9.0,7.0,156.0,851200.0,20760.975609756097,53200.0,0.05732484076433121,2.302585092994046,3.4732188469759393,-1.1706337539818934
graphics 448sp mobile,2020.8598726114649,448.0,40.0,1600.0,15.0,9.0,7.0,156.0,716800.0,17482.926829268294,44800.0,0.05732484076433121,2.302585092994046,3.472361303580996,-1.1697762105869502
graphics 512sp,2020.87898089172,512.0,40.0,2100.0,15.0,9.0,7.0,156.0,1075200.0,26224.39024390244,67200.0,0.05732484076433121,2.302585092994046,3.4715037601860104,-1.1689186671919645
graphics 512sp mobile,2020.8980891719743,512.0,40.0,1750.0,15.0,9.0,7.0,156.0,896000.0,21853.658536585364,56000.0,0.05732484076433121,2.302585092994046,3.470646216791067,-1.1680611237970213
instinct mi100,2020.9171974522292,7680.0,1.23,1502.0,300.0,25.0,7.0,750.0,11535360.0,5172807.174887893,38323.455149501664,0.033288948069241014,3.258096538021482,3.4697886733960956,-0.2116921353746135
pro 5300,2020.936305732484,1280.0,224.0,1650.0,85.0,6.0,7.0,158.0,2112000.0,9386.666666666666,24558.13953488372,0.03773584905660377,1.9459101490553132,3.4689311300011383,-1.523020980945825
pro 5500 xt,2020.9554140127389,1536.0,224.0,1757.0,125.0,6.0,7.0,158.0,2698752.0,11994.453333333333,21418.666666666668,0.03773584905660377,1.9459101490553132,3.4680735866061667,-1.5221634375508535
pro 5600m,2020.9745222929937,2560.0,394.2,1144.0,50.0,29.0,7.0,154.0,2928640.0,7410.526315789474,57424.313725490196,0.1870967741935484,3.4011973816621555,3.467216043211195,-0.06601866154903968
pro 5700,2020.9936305732483,2304.0,384.0,1350.0,130.0,10.0,7.0,251.0,3110400.0,8078.961038961039,23743.51145038168,0.03968253968253968,2.3978952727983707,3.466358499816238,-1.0684632270178671
pro 5700 xt,2021.0127388535032,2560.0,384.0,1499.0,130.0,10.0,7.0,251.0,3837440.0,9967.376623376624,29293.435114503816,0.03968253968253968,2.3978952727983707,3.4655009564212804,-1.0676056836229098
pro v520,2021.031847133758,2304.0,512.0,1600.0,225.0,29.0,7.0,154.0,3686400.0,7185.964912280701,16311.504424778761,0.1870967741935484,3.4011973816621555,3.464643413026309,-0.06344603136415339
pro vii,2021.0509554140128,3840.0,1.02,1700.0,250.0,13.0,7.0,331.0,6528000.0,3231683.168316832,26007.96812749004,0.0391566265060241,2.6390573296152584,3.4637858696313373,-0.8247285400160789
pro w5500,2021.0700636942677,1408.0,224.0,1855.0,125.0,6.0,7.0,158.0,2611840.0,11608.177777777777,20728.88888888889,0.03773584905660377,1.9459101490553132,3.46292832623638,-1.5170181771810667
pro w5500m,2021.0891719745223,1408.0,224.0,1645.0,85.0,6.0,7.0,158.0,2316160.0,10294.044444444444,26932.093023255813,0.03773584905660377,1.9459101490553132,3.4620707828414226,-1.5161606337861093
rx 5300 oem,2021.108280254777,1408.0,168.0,1645.0,100.0,6.0,7.0,158.0,2316160.0,13705.08875739645,22932.27722772277,0.03773584905660377,1.9459101490553132,3.461213239446465,-1.515303090391152
rx 5600 oem,2021.127388535032,2048.0,288.0,1560.0,125.0,10.0,7.0,251.0,3194880.0,11054.948096885813,25356.190476190477,0.03968253968253968,2.3978952727983707,3.4603556960514794,-1.0624604232531087
rx 5600 xt,2021.1464968152864,2304.0,288.0,1560.0,150.0,10.0,7.0,251.0,3594240.0,12436.81660899654,23802.91390728477,0.03968253968253968,2.3978952727983707,3.4594981526565363,-1.0616028798581656
rx 5600m,2021.1656050955412,2304.0,288.0,1265.0,150.0,10.0,7.0,251.0,2914560.0,10084.982698961938,19301.721854304637,0.03968253968253968,2.3978952727983707,3.458640609261579,-1.0607453364632082
rx 5700m,2021.1847133757965,2304.0,384.0,1720.0,180.0,10.0,7.0,251.0,3962880.0,10293.194805194806,21894.364640883978,0.03968253968253968,2.3978952727983707,3.457783065866579,-1.0598877930682082
rx 590 gme,2021.2038216560509,2304.0,256.0,1420.0,175.0,5.0,14.0,232.0,3271680.0,12730.272373540856,18589.090909090908,0.02145922746781116,1.791759469228055,3.4569255224716358,-1.6651660532435808
rx 640 oem,2021.2229299363055,640.0,96.0,1250.0,50.0,2.0,14.0,103.0,800000.0,8247.422680412372,15686.274509803921,0.019230769230769232,1.0986122886681098,3.4560679790766784,-2.3574556904085684
rx 6800,2021.2420382165608,3840.0,512.0,2105.0,250.0,26.0,7.0,520.0,8083200.0,15756.72514619883,32203.98406374502,0.04990403071017274,3.295836866004329,3.4552104356816926,-0.1593735696773635
rx 6800 xt,2021.2611464968156,4608.0,512.0,2250.0,300.0,26.0,7.0,520.0,10368000.0,20210.526315789473,34445.18272425249,0.04990403071017274,3.295836866004329,3.454352892286721,-0.15851602628239192
rx 6900 xt,2021.28025477707,5120.0,512.0,2250.0,300.0,26.0,7.0,520.0,11520000.0,22456.140350877195,38272.425249169435,0.04990403071017274,3.295836866004329,3.453495348891778,-0.15765848288744877
vega 3 mobile,2021.2993630573249,192.0,40.0,1000.0,15.0,4.0,12.0,210.0,192000.0,4682.926829268293,12000.0,0.018957345971563982,1.6094379124341003,3.4526378054968205,-1.8431998930627203
xbox series s gpu,2021.31847133758,1280.0,224.0,1250.0,100.0,8.0,7.0,197.0,1600000.0,7111.111111111111,15841.584158415842,0.04040404040404041,2.1972245773362196,3.4517802621018348,-1.2545556847656152
xbox series x gpu,2021.3375796178343,3328.0,560.0,1250.0,200.0,15.0,7.0,360.0,4160000.0,7415.329768270944,20696.51741293532,0.04155124653739612,2.772588722239781,3.4509227187068916,-0.6783339964671105
graphics 384sp,2021.3566878980887,384.0,40.0,1700.0,45.0,9.0,7.0,180.0,652800.0,15921.951219512195,14191.304347826086,0.049723756906077346,2.302585092994046,3.4500651753119485,-1.1474800823179025
graphics 384sp mobile,2021.375796178344,384.0,40.0,1600.0,45.0,9.0,7.0,180.0,614400.0,14985.365853658537,13356.521739130434,0.049723756906077346,2.302585092994046,3.4492076319169627,-1.1466225389229168
graphics 448sp,2021.3949044585988,448.0,40.0,1900.0,45.0,9.0,7.0,180.0,851200.0,20760.975609756097,18504.347826086956,0.049723756906077346,2.302585092994046,3.448350088521991,-1.1457649955279452
graphics 448sp mobile,2021.4140127388532,448.0,40.0,1800.0,25.0,9.0,7.0,156.0,806400.0,19668.29268292683,31015.384615384617,0.05732484076433121,2.302585092994046,3.447492545127048,-1.144907452133002
graphics 448sp mobile,2021.4331210191085,448.0,40.0,1800.0,45.0,9.0,7.0,180.0,806400.0,19668.29268292683,17530.434782608696,0.049723756906077346,2.302585092994046,3.446635001732062,-1.1440499087380163
graphics 512sp,2021.4522292993631,512.0,40.0,2000.0,45.0,9.0,7.0,180.0,1024000.0,24975.60975609756,22260.869565217392,0.049723756906077346,2.302585092994046,3.445777458337105,-1.143192365343059
graphics 512sp mobile,2021.4713375796175,512.0,40.0,2000.0,45.0,9.0,7.0,180.0,1024000.0,24975.60975609756,22260.869565217392,0.049723756906077346,2.302585092994046,3.4449199149421474,-1.1423348219481015
graphics 512sp mobile,2021.4904458598728,512.0,40.0,1900.0,25.0,9.0,7.0,156.0,972800.0,23726.829268292684,37415.38461538462,0.05732484076433121,2.302585092994046,3.4440623715471617,-1.1414772785531158
instinct mi200,2021.5095541401276,6656.0,1.64,1700.0,300.0,58.0,6.0,724.0,11315200.0,4286060.606060606,37592.02657807309,0.08,4.07753744390572,3.4432048281522043,0.6343326157535154
instinct mi210,2021.5286624203825,6656.0,1.64,1700.0,300.0,58.0,6.0,724.0,11315200.0,4286060.606060606,37592.02657807309,0.08,4.07753744390572,3.4423472847572327,0.635190159148487
instinct mi250,2021.5477707006369,13312.0,3.28,1700.0,500.0,58.0,6.0,724.0,22630400.0,5287476.635514019,45170.45908183633,0.08,4.07753744390572,3.4414897413622896,0.6360477025434301
instinct mi250x,2021.566878980892,14080.0,3.28,1700.0,500.0,58.0,6.0,724.0,23936000.0,5592523.364485982,47776.44710578842,0.08,4.07753744390572,3.440632197967304,0.6369052459384159
pro v620,2021.5859872611463,4608.0,512.0,2200.0,300.0,26.0,7.0,520.0,10137600.0,19761.40350877193,33679.7342192691,0.04990403071017274,3.295836866004329,3.4397746545723606,-0.14393778856803152
pro w6600,2021.6050955414007,1792.0,224.0,2580.0,100.0,11.0,7.0,237.0,4623360.0,20548.266666666666,45775.841584158414,0.046218487394957986,2.4849066497880004,3.4389171111774175,-0.9540104613894171
pro w6600m,2021.624203821656,1792.0,224.0,2034.0,90.0,11.0,7.0,237.0,3644928.0,16199.68,40054.153846153844,0.046218487394957986,2.4849066497880004,3.4380595677824317,-0.9531529179944314
pro w6600x,2021.6433121019109,2048.0,256.0,2479.0,120.0,11.0,7.0,237.0,5076992.0,19754.8326848249,41958.61157024794,0.046218487394957986,2.4849066497880004,3.43720202438746,-0.9522953745994598
pro w6800,2021.6624203821657,3840.0,512.0,2320.0,250.0,26.0,7.0,520.0,8908800.0,17366.081871345028,35493.22709163347,0.04990403071017274,3.295836866004329,3.4363444809924886,-0.14050761498815945
pro w6800x,2021.6815286624203,3840.0,512.0,2087.0,200.0,26.0,7.0,520.0,8014080.0,15621.988304093567,39871.0447761194,0.04990403071017274,3.295836866004329,3.435486937597531,-0.13965007159320209
pro w6800x duo,2021.7006369426751,3840.0,512.0,1967.0,400.0,26.0,7.0,520.0,7553280.0,14723.74269005848,18836.109725685787,0.04990403071017274,3.295836866004329,3.434629394202574,-0.13879252819824472
pro w6900x,2021.71974522293,5120.0,512.0,2171.0,300.0,26.0,7.0,520.0,11115520.0,21667.68031189084,36928.63787375415,0.04990403071017274,3.295836866004329,3.4337718508076023,-0.13793498480327315
rx 6600,2021.7388535031848,1792.0,224.0,2491.0,132.0,11.0,7.0,237.0,4463872.0,19839.431111111113,33562.94736842105,0.046218487394957986,2.4849066497880004,3.4329143074126307,-0.9480076576246304
rx 6600 xt,2021.7579617834397,2048.0,256.0,2589.0,160.0,11.0,7.0,237.0,5302272.0,20631.408560311284,32933.36645962733,0.046218487394957986,2.4849066497880004,3.4320567640176733,-0.947150114229673
rx 6600m,2021.7770700636945,1792.0,224.0,2416.0,100.0,11.0,7.0,237.0,4329472.0,19242.097777777777,42866.05940594059,0.046218487394957986,2.4849066497880004,3.4311992206227018,-0.9462925708347014
rx 6700,2021.796178343949,2304.0,320.0,2450.0,175.0,17.0,7.0,335.0,5644800.0,17585.046728971964,32072.727272727272,0.050595238095238096,2.8903717578961645,3.4303416772277586,-0.5399699193315941
rx 6700 xt,2021.815286624204,2560.0,384.0,2581.0,230.0,17.0,7.0,335.0,6607360.0,17161.974025974025,28603.290043290042,0.050595238095238096,2.8903717578961645,3.429484133832773,-0.5391123759366083
rx 6700m,2021.8343949044583,2304.0,320.0,2400.0,135.0,17.0,7.0,335.0,5529600.0,17226.168224299065,40658.82352941176,0.050595238095238096,2.8903717578961645,3.4286265904378297,-0.5382548325416652
rx 6800m,2021.8535031847132,2560.0,384.0,2390.0,145.0,17.0,7.0,335.0,6118400.0,15891.948051948051,41906.849315068495,0.050595238095238096,2.8903717578961645,3.4277690470428723,-0.5373972891467078
playstation 5 gpu,2021.8726114649685,2304.0,448.0,1250.0,180.0,10.0,6.0,260.0,2880000.0,6414.253897550111,15911.602209944751,0.038314176245210725,2.3978952727983707,3.4269115036478723,-1.0290162308495017
610m,2021.8917197452229,128.0,40.0,1900.0,15.0,29.0,6.0,100.0,243200.0,5931.707317073171,15200.0,0.2871287128712871,3.4011973816621555,3.426053960252929,-0.024856578590773726
660m,2021.9108280254777,384.0,40.0,1900.0,40.0,13.0,6.0,208.0,729600.0,17795.121951219513,17795.121951219513,0.06220095693779904,2.6390573296152584,3.425196416857972,-0.7861390872427134
680m,2021.9299363057328,768.0,40.0,2200.0,50.0,13.0,6.0,208.0,1689600.0,41209.756097560974,33129.41176470588,0.06220095693779904,2.6390573296152584,3.424338873462986,-0.7852815438477276
graphics 128sp,2021.9490445859872,128.0,40.0,2200.0,15.0,3.0,5.0,264.0,281600.0,6868.292682926829,17600.0,0.011320754716981131,1.3862943611198906,3.423481330068043,-2.037186968948152
graphics 448sp mobile,2021.968152866242,448.0,40.0,1800.0,45.0,10.0,7.0,180.0,806400.0,19668.29268292683,17530.434782608696,0.055248618784530384,2.3978952727983707,3.4226237866730713,-1.0247285138747007
graphics 512sp mobile,2021.9872611464968,512.0,40.0,2000.0,45.0,10.0,7.0,180.0,1024000.0,24975.60975609756,22260.869565217392,0.055248618784530384,2.3978952727983707,3.421766243278114,-1.0238709704797433
pro w6300,2022.006369426752,768.0,64.0,2040.0,25.0,5.0,6.0,107.0,1566720.0,24103.384615384617,60258.46153846154,0.046296296296296294,1.791759469228055,3.420908699883128,-1.6291492306550732
pro w6300m,2022.0254777070063,768.0,64.0,2040.0,25.0,5.0,6.0,107.0,1566720.0,24103.384615384617,60258.46153846154,0.046296296296296294,1.791759469228055,3.420051156488185,-1.62829168726013
pro w6400,2022.0445859872607,768.0,128.0,2321.0,50.0,5.0,6.0,107.0,1782528.0,13818.046511627907,34951.529411764706,0.046296296296296294,1.791759469228055,3.419193613093242,-1.627434143865187
rx 6400,2022.063694267516,768.0,128.0,2321.0,53.0,5.0,6.0,107.0,1782528.0,13818.046511627907,33009.77777777778,0.046296296296296294,1.791759469228055,3.418336069698256,-1.6265766004702011
rx 6500 xt,2022.0828025477704,1024.0,143.9,2815.0,107.0,5.0,6.0,107.0,2882560.0,19893.443754313317,26690.37037037037,0.046296296296296294,1.791759469228055,3.4174785263032987,-1.6257190570752438
rx 6500m,2022.1019108280252,1024.0,144.0,2400.0,50.0,5.0,6.0,107.0,2457600.0,16948.96551724138,48188.23529411765,0.046296296296296294,1.791759469228055,3.4166209829083414,-1.6248615136802864
rx 6600s,2022.1210191082805,1792.0,224.0,2000.0,80.0,11.0,7.0,237.0,3584000.0,15928.888888888889,44246.91358024691,0.046218487394957986,2.4849066497880004,3.4157634395133556,-0.9308567897253552
rx 6650 xt,2022.1401273885351,2048.0,280.3,2635.0,176.0,11.0,7.0,237.0,5396480.0,19184.073942410236,30488.58757062147,0.046218487394957986,2.4849066497880004,3.4149058961183982,-0.9299992463303979
rx 6650m,2022.1592356687895,1792.0,224.0,2416.0,120.0,11.0,7.0,237.0,4329472.0,19242.097777777777,35780.760330578516,0.046218487394957986,2.4849066497880004,3.414048352723441,-0.9291417029354405
rx 6650m xt,2022.1783439490448,2048.0,256.0,2416.0,120.0,11.0,7.0,237.0,4947968.0,19252.793774319067,40892.29752066116,0.046218487394957986,2.4849066497880004,3.413190809328455,-0.9282841595404547
rx 6700s,2022.1974522292996,1792.0,224.0,2000.0,80.0,11.0,7.0,237.0,3584000.0,15928.888888888889,44246.91358024691,0.046218487394957986,2.4849066497880004,3.4123332659334977,-0.9274266161454974
rx 6750 xt,2022.216560509554,2560.0,432.0,2600.0,250.0,17.0,7.0,335.0,6656000.0,15371.824480369514,26517.928286852588,0.050595238095238096,2.8903717578961645,3.4114757225385404,-0.5211039646423758
rx 6800s,2022.2356687898089,2048.0,256.0,2100.0,100.0,11.0,7.0,237.0,4300800.0,16734.63035019455,42582.17821782178,0.046218487394957986,2.4849066497880004,3.410618179143583,-0.9257115293555827
rx 6850m xt,2022.254777070064,2560.0,432.0,2581.0,165.0,17.0,7.0,335.0,6607360.0,15259.491916859122,39803.3734939759,0.050595238095238096,2.8903717578961645,3.4097606357485972,-0.5193888778524327
rx 6950 xt,2022.2738853503183,5120.0,576.0,2310.0,335.0,26.0,7.0,520.0,11827200.0,20497.746967071056,35200.0,0.04990403071017274,3.295836866004329,3.408903092353654,-0.11306622634932495
rx 7900 xt,2022.2929936305727,5376.0,800.0,2394.0,300.0,57.0,5.0,529.0,12870144.0,16067.595505617977,42757.95348837209,0.10754716981132076,4.060443010546419,3.408045548958711,0.6523974615877082
rx 7900 xtx,2022.312101910828,6144.0,960.0,2498.0,355.0,57.0,5.0,529.0,15347712.0,15970.563995837669,43111.550561797754,0.10754716981132076,4.060443010546419,3.407188005563725,0.653255004982694
steam deck gpu,2022.3312101910828,512.0,176.0,1600.0,15.0,2.0,7.0,163.0,819200.0,4628.248587570622,51200.0,0.012195121951219513,1.0986122886681098,3.4063304621687536,-2.3077181735006436
610m,2022.3503184713377,128.0,40.0,2200.0,15.0,29.0,5.0,264.0,281600.0,6868.292682926829,17600.0,0.10943396226415095,3.4011973816621555,3.405472918773782,-0.004275537111626537
660m,2022.3694267515923,384.0,40.0,1900.0,40.0,13.0,6.0,208.0,729600.0,17795.121951219513,17795.121951219513,0.06220095693779904,2.6390573296152584,3.4046153753788246,-0.7655580457635662
680m,2022.3885350318471,768.0,40.0,2200.0,50.0,13.0,6.0,208.0,1689600.0,41209.756097560974,33129.41176470588,0.06220095693779904,2.6390573296152584,3.4037578319838673,-0.7647005023686089
740m,2022.407643312102,256.0,40.0,2500.0,15.0,25.0,4.0,178.0,640000.0,15609.756097560976,40000.0,0.13966480446927373,3.258096538021482,3.4029002885888957,-0.14480375056741357
740m,2022.4267515923568,256.0,40.0,2800.0,15.0,25.0,4.0,178.0,716800.0,17482.926829268294,44800.0,0.13966480446927373,3.258096538021482,3.402042745193924,-0.143946207172442
760m,2022.4458598726117,512.0,40.0,2599.0,15.0,25.0,4.0,178.0,1330688.0,32455.80487804878,83168.0,0.13966480446927373,3.258096538021482,3.4011852017989668,-0.14308866377748464
760m,2022.4649681528665,512.0,40.0,2599.0,15.0,25.0,4.0,178.0,1330688.0,32455.80487804878,83168.0,0.13966480446927373,3.258096538021482,3.400327658403995,-0.14223112038251307
780m,2022.484076433121,768.0,40.0,2700.0,15.0,25.0,4.0,178.0,2073600.0,50575.60975609756,129600.0,0.13966480446927373,3.258096538021482,3.399470115009052,-0.14137357698756992
780m,2022.503184713376,768.0,40.0,2700.0,15.0,25.0,4.0,178.0,2073600.0,50575.60975609756,129600.0,0.13966480446927373,3.258096538021482,3.3986125716140663,-0.14051603359258413
instinct mi300,2022.5222929936303,14080.0,6.55,1700.0,600.0,153.0,5.0,1017.0,23936000.0,3170331.1258278145,39826.95507487521,0.15029469548133595,5.0369526024136295,3.397755028219123,1.6391975741945064
instinct mi300a,2022.5414012738852,19456.0,10.3,2100.0,750.0,153.0,5.0,1017.0,40857600.0,3615716.814159292,54404.26098535286,0.15029469548133595,5.0369526024136295,3.3968974848241658,1.6400551175894638
instinct mi300x,2022.56050955414,19456.0,10.3,2100.0,750.0,153.0,5.0,1017.0,40857600.0,3615716.814159292,54404.26098535286,0.15029469548133595,5.0369526024136295,3.396039941429194,1.6409126609844353
instinct mi308x,2022.5796178343949,19456.0,10.3,2100.0,750.0,153.0,5.0,1017.0,40857600.0,3615716.814159292,54404.26098535286,0.15029469548133595,5.0369526024136295,3.3951823980342226,1.641770204379407
pro w7500,2022.5987261146497,1792.0,256.0,1700.0,70.0,13.0,6.0,204.0,3046400.0,11853.696498054474,42907.042253521126,0.06341463414634146,2.6390573296152584,3.3943248546392653,-0.7552675250240068
pro w7600,2022.6178343949043,2048.0,288.0,2440.0,130.0,13.0,6.0,204.0,4997120.0,17291.07266435986,38145.954198473286,0.06341463414634146,2.6390573296152584,3.393467311244308,-0.7544099816290495
pro w7700,2022.6369426751592,3072.0,576.0,2600.0,190.0,28.0,5.0,346.0,7987200.0,13842.63431542461,41817.80104712042,0.08069164265129683,3.367295829986474,3.3926097678493363,-0.02531393786286218
pro w7800,2022.656050955414,4480.0,576.0,2525.0,260.0,57.0,5.0,529.0,11312000.0,19604.85268630849,43340.99616858237,0.10754716981132076,4.060443010546419,3.3917522244543648,0.6686907860920543
pro w7800 48 gb,2022.6751592356688,4480.0,864.0,2525.0,281.0,57.0,5.0,529.0,11312000.0,13077.456647398843,40113.475177304965,0.10754716981132076,4.060443010546419,3.3908946810594074,0.6695483294870117
pro w7900,2022.6942675159237,6144.0,864.0,2495.0,295.0,57.0,5.0,529.0,15329280.0,17721.71098265896,51788.10810810811,0.10754716981132076,4.060443010546419,3.390037137664436,0.6704058728819833
rx 6450m,2022.7133757961783,768.0,128.0,2460.0,50.0,5.0,6.0,107.0,1889280.0,14645.581395348838,37044.705882352944,0.046296296296296294,1.791759469228055,3.3891795942694785,-1.5974201250414235
rx 6550m,2022.732484076433,1024.0,144.0,2840.0,80.0,5.0,6.0,107.0,2908160.0,20056.275862068964,35903.20987654321,0.046296296296296294,1.791759469228055,3.388322050874521,-1.5965625816464661
rx 6550s,2022.751592356688,1024.0,128.0,2400.0,50.0,5.0,6.0,107.0,2457600.0,19051.162790697676,48188.23529411765,0.046296296296296294,1.791759469228055,3.3874645074795495,-1.5957050382514946
rx 6600 le,2022.7707006369424,1792.0,224.0,2495.0,132.0,11.0,7.0,237.0,4471040.0,19871.28888888889,33616.84210526316,0.046218487394957986,2.4849066497880004,3.386606964084592,-0.9017003142965918
rx 6750 gre 10 gb,2022.7898089171972,2304.0,320.0,2450.0,170.0,17.0,7.0,335.0,5644800.0,17585.046728971964,33010.52631578947,0.050595238095238096,2.8903717578961645,3.385749420689635,-0.4953776627934703
rx 6750 gre 12 gb,2022.8089171974525,2560.0,432.0,2581.0,250.0,17.0,7.0,335.0,6607360.0,15259.491916859122,26324.14342629482,0.050595238095238096,2.8903717578961645,3.384891877294649,-0.4945201193984845
rx 7600,2022.8280254777071,2048.0,288.0,2655.0,165.0,13.0,6.0,204.0,5437440.0,18814.671280276816,32755.66265060241,0.06341463414634146,2.6390573296152584,3.3840343338996917,-0.7449770042844333
rx 7600m,2022.8471337579615,1792.0,256.0,2410.0,90.0,13.0,6.0,204.0,4318720.0,16804.357976653697,47458.46153846154,0.06341463414634146,2.6390573296152584,3.3831767905047343,-0.7441194608894759
rx 7600m xt,2022.8662420382168,2048.0,288.0,2469.0,120.0,13.0,6.0,204.0,5056512.0,17496.58131487889,41789.35537190083,0.06341463414634146,2.6390573296152584,3.3823192471097485,-0.7432619174944901
rx 7600s,2022.8853503184716,1792.0,256.0,2200.0,75.0,13.0,6.0,204.0,3942400.0,15340.077821011673,51873.68421052631,0.06341463414634146,2.6390573296152584,3.381461703714791,-0.7424043740995327
rx 7700 xt,2022.904458598726,3456.0,432.0,2544.0,245.0,28.0,5.0,346.0,8792064.0,20304.997690531178,35740.09756097561,0.08069164265129683,3.367295829986474,3.380604160319834,-0.013308330333359653
rx 7700s,2022.9235668789809,2048.0,288.0,2500.0,100.0,13.0,6.0,204.0,5120000.0,17716.262975778547,50693.069306930694,0.06341463414634146,2.6390573296152584,3.3797466169248764,-0.740689287309618
rx 7800 xt,2022.942675159236,3840.0,624.1,2430.0,263.0,28.0,5.0,346.0,9331200.0,14927.531594944809,35345.454545454544,0.08069164265129683,3.367295829986474,3.3788890735298907,-0.01159324354341651
rx 7900 gre,2022.9617834394903,5120.0,576.0,2245.0,260.0,57.0,5.0,529.0,11494400.0,19920.9705372617,44039.84674329502,0.10754716981132076,4.060443010546419,3.3780315301349475,0.6824114804114716
rx 7900m,2022.9808917197447,4608.0,576.0,2090.0,180.0,57.0,5.0,529.0,9630720.0,16691.02253032929,53208.39779005525,0.10754716981132076,4.060443010546419,3.3771739867400044,0.6832690238064147
ryzen z1 extreme gpu,2023.0,768.0,51.2,2700.0,30.0,25.0,4.0,178.0,2073600.0,39724.13793103448,66890.32258064517,0.13966480446927373,3.258096538021482,3.3763164433450186,-0.11821990532353643
ryzen z1 gpu,2023.0,256.0,51.2,2500.0,30.0,25.0,4.0,178.0,640000.0,12260.536398467433,20645.16129032258,0.13966480446927373,3.258096538021482,3.3763164433450186,-0.11821990532353643
steam deck oled gpu,2023.1176470588236,512.0,176.0,1600.0,15.0,2.0,6.0,131.0,819200.0,4628.248587570622,51200.0,0.015151515151515152,1.0986122886681098,3.3710366663642475,-2.2724243776961375
playstation 5 pro gpu,2023.235294117647,3840.0,576.0,2350.0,232.0,21.0,4.0,279.0,9024000.0,15639.51473136915,38729.61373390558,0.075,3.091042453358316,3.3657568893834906,-0.27471443602517454
740m,2023.3529411764705,256.0,40.0,2800.0,45.0,20.0,4.0,137.0,716800.0,17482.926829268294,15582.608695652174,0.14492753623188406,3.044522437723423,3.360477112402748,-0.3159546746793249
760m,2023.470588235294,512.0,40.0,2599.0,15.0,25.0,4.0,178.0,1330688.0,32455.80487804878,83168.0,0.13966480446927373,3.258096538021482,3.355197335421991,-0.09710079740050892
780m,2023.5882352941176,768.0,40.0,2900.0,15.0,25.0,4.0,178.0,2227200.0,54321.95121951219,139200.0,0.13966480446927373,3.258096538021482,3.34991755844122,-0.09182102041973783
880m,2023.7058823529408,768.0,40.0,2900.0,15.0,34.0,4.0,233.0,2227200.0,54321.95121951219,139200.0,0.1452991452991453,3.5553480614894135,3.3446377814604773,0.21071028002893621
890m,2023.8235294117649,1024.0,40.0,2900.0,15.0,34.0,4.0,233.0,2969600.0,72429.26829268293,185600.0,0.1452991452991453,3.5553480614894135,3.339358004479692,0.21599005700972151
instinct mi325x,2023.9411764705883,19456.0,10.3,2100.0,1000.0,153.0,5.0,1017.0,40857600.0,3615716.814159292,40816.78321678322,0.15029469548133595,5.0369526024136295,3.334078227498935,1.7028743749146944
pro v710,2024.058823529412,3456.0,504.0,2000.0,158.0,28.0,5.0,346.0,6912000.0,13687.128712871287,43471.698113207545,0.08069164265129683,3.367295829986474,3.3287984505181782,0.0384973794682959
rx 7600 xt,2024.1764705882356,2048.0,288.0,2755.0,190.0,13.0,6.0,204.0,5642240.0,19523.32179930796,29540.523560209425,0.06341463414634146,2.6390573296152584,3.323518673537407,-0.6844613439221487
rx 7800m,2024.2941176470588,3840.0,432.0,2335.0,180.0,28.0,5.0,346.0,8966400.0,20707.621247113166,49538.12154696132,0.08069164265129683,3.367295829986474,3.3182388965566645,0.04905693342980966
xbox series x 6nm gpu,2024.4117647058824,3328.0,560.0,1250.0,200.0,15.0,6.0,154.0,4160000.0,7415.329768270944,20696.51741293532,0.0967741935483871,2.772588722239781,3.3129591195759076,-0.5403703973361265
8040s,2024.5294117647056,1024.0,40.0,2800.0,55.0,29.0,4.0,308.0,2867200.0,69931.70731707317,51200.0,0.09385113268608414,3.4011973816621555,3.307679342595165,0.09351803906699052
8050s,2024.6470588235293,2048.0,40.0,2800.0,55.0,29.0,4.0,308.0,5734400.0,139863.41463414635,102400.0,0.09385113268608414,3.4011973816621555,3.302399565614394,0.09879781604776161
8060s,2024.764705882353,2560.0,40.0,2900.0,55.0,29.0,4.0,308.0,7424000.0,181073.17073170733,132571.42857142858,0.09385113268608414,3.4011973816621555,3.2971197886336228,0.1040775930285327
860m,2024.8823529411768,512.0,40.0,3000.0,15.0,29.0,4.0,154.0,1536000.0,37463.41463414634,96000.0,0.1870967741935484,3.4011973816621555,3.2918400116528517,0.10935737000930379
ai pro r9700,2025.0,4096.0,644.6,2920.0,300.0,53.0,4.0,357.0,11960320.0,18525.898389095415,39735.28239202658,0.14804469273743018,3.9889840465642745,3.286560234672109,0.7024238118921655
instinct mi350x,2025.0,16384.0,8.19,2200.0,1000.0,153.0,5.0,1017.0,36044800.0,3922176.2785636564,36008.79120879121,0.15029469548133595,5.0369526024136295,3.286560234672109,1.7503923677415205
instinct mi355x,2025.0,16384.0,8.19,2400.0,1400.0,153.0,5.0,1017.0,39321600.0,4278737.758433079,28066.809421841543,0.15029469548133595,5.0369526024136295,3.286560234672109,1.7503923677415205
pro w7900d,2025.0,6144.0,864.0,2495.0,295.0,57.0,5.0,529.0,15329280.0,17721.71098265896,51788.10810810811,0.10754716981132076,4.060443010546419,3.286560234672109,0.7738827758743101
rx 7400,2025.0,1792.0,288.0,2300.0,43.0,13.0,6.0,204.0,4121600.0,14261.591695501731,93672.72727272728,0.06341463414634146,2.6390573296152584,3.286560234672109,-0.6475029050568506
rx 7650 gre,2025.0,2048.0,288.0,2695.0,165.0,13.0,6.0,204.0,5519360.0,19098.131487889274,33249.156626506025,0.06341463414634146,2.6390573296152584,3.286560234672109,-0.6475029050568506
rx 7700,2025.0,2560.0,622.1,2600.0,200.0,28.0,5.0,346.0,6656000.0,10682.073503450489,33114.427860696516,0.08069164265129683,3.367295829986474,3.286560234672109,0.08073559531436514
rx 9060,2025.0,1792.0,322.3,2990.0,132.0,29.0,4.0,199.0,5358080.0,16573.090009279305,40286.31578947369,0.145,3.4011973816621555,3.286560234672109,0.11463714699004646
rx 9060 xt 16 gb,2025.0,2048.0,322.3,3130.0,160.0,29.0,4.0,199.0,6410240.0,19827.52861119703,39815.1552795031,0.145,3.4011973816621555,3.286560234672109,0.11463714699004646
rx 9060 xt 8 gb,2025.0,2048.0,322.3,3130.0,150.0,29.0,4.0,199.0,6410240.0,19827.52861119703,42451.920529801326,0.145,3.4011973816621555,3.286560234672109,0.11463714699004646
rx 9070,2025.0,3584.0,644.6,2520.0,220.0,53.0,4.0,357.0,9031680.0,13989.591078066915,40867.33031674208,0.14804469273743018,3.9889840465642745,3.286560234672109,0.7024238118921655
rx 9070 gre,2025.0,3072.0,432.0,2790.0,220.0,53.0,4.0,357.0,8570880.0,19794.18013856813,38782.262443438914,0.14804469273743018,3.9889840465642745,3.286560234672109,0.7024238118921655
rx 9070 gre 16 gb,2025.0,3072.0,576.0,2790.0,220.0,53.0,4.0,357.0,8570880.0,14854.21143847487,38782.262443438914,0.14804469273743018,3.9889840465642745,3.286560234672109,0.7024238118921655
rx 9070 xt,2025.0,4096.0,644.6,2970.0,304.0,53.0,4.0,357.0,12165120.0,18843.122676579926,39885.639344262294,0.14804469273743018,3.9889840465642745,3.286560234672109,0.7024238118921655
ryzen ai z2 extreme gpu,2025.0,1024.0,256.0,2700.0,28.0,34.0,4.0,233.0,2764800.0,10757.976653696498,95337.93103448275,0.1452991452991453,3.5553480614894135,3.286560234672109,0.2687878268173045
ryzen z2 a gpu,2025.0,512.0,102.4,1600.0,15.0,2.0,7.0,163.0,819200.0,7922.630560928433,51200.0,0.012195121951219513,1.0986122886681098,3.286560234672109,-2.187947946003999
ryzen z2 extreme gpu,2025.0,1024.0,128.0,2700.0,28.0,34.0,4.0,233.0,2764800.0,21432.558139534885,95337.93103448275,0.1452991452991453,3.5553480614894135,3.286560234672109,0.2687878268173045
ryzen z2 go gpu,2025.0,768.0,102.4,2700.0,28.0,13.0,6.0,208.0,2073600.0,20054.158607350095,71503.44827586207,0.06220095693779904,2.6390573296152584,3.286560234672109,-0.6475029050568506
ryzen z2 gpu,2025.0,768.0,119.9,2700.0,28.0,25.0,4.0,178.0,2073600.0,17151.36476426799,71503.44827586207,0.13966480446927373,3.258096538021482,3.286560234672109,-0.02846369665062687
all in wonder 9000 pro,2024.955078125,480.0,8.64,1250.0,50.0,36.0,150.0,97.0,600000.0,62240.66390041493,11764.70588235294,0.3673469387755102,3.6109179126442243,3.2885762432653536,0.32234166937887077
all in wonder 9600,2024.91015625,480.0,6.272,1250.0,50.0,60.0,130.0,76.0,600000.0,82508.2508250825,11764.70588235294,0.7792207792207793,4.110873864173311,3.290592251858584,0.8202816123147274
all in wonder 9600 pro,2024.865234375,480.0,10.37,1250.0,50.0,60.0,130.0,76.0,600000.0,52770.44854881267,11764.70588235294,0.7792207792207793,4.110873864173311,3.2926082604518285,0.8182656037214828
all in wonder 9700 pro,2024.8203125,480.0,19.84,1250.0,50.0,110.0,150.0,215.0,600000.0,28790.786948176585,11764.70588235294,0.5092592592592593,4.709530201312334,3.294624269045073,1.4149059322672608
all in wonder 9800 pro,2024.775390625,480.0,21.63,1250.0,50.0,117.0,150.0,215.0,600000.0,26513.477684489615,11764.70588235294,0.5416666666666666,4.770684624465665,3.2966402776383035,1.4740443468273616
all in wonder 9800 se,2024.73046875,480.0,9.504,1250.0,50.0,117.0,150.0,215.0,600000.0,57121.09672505713,11764.70588235294,0.5416666666666666,4.770684624465665,3.298656286231548,1.472028338234117
firegl 9600 t2 128,2024.685546875,480.0,9.504,1250.0,50.0,60.0,130.0,76.0,600000.0,57121.09672505713,11764.70588235294,0.7792207792207793,4.110873864173311,3.3006722948247784,0.8102015693485329
firegl 9600 t2 64s,2024.640625,480.0,6.496,1250.0,50.0,60.0,130.0,76.0,600000.0,80042.68943436499,11764.70588235294,0.7792207792207793,4.110873864173311,3.302688303418023,0.8081855607552884
firegl 9800 x2 256,2024.595703125,480.0,22.4,1250.0,50.0,117.0,150.0,218.0,600000.0,25641.025641025644,11764.70588235294,0.5342465753424658,4.770684624465665,3.3047043120112676,1.4659803124543975
firegl 9800 x2 256t,2024.55078125,480.0,22.02,1250.0,50.0,117.0,150.0,218.0,600000.0,26064.291920069507,11764.70588235294,0.5342465753424658,4.770684624465665,3.306720320604498,1.4639643038611672
mobility firegl t2,2024.505859375,480.0,6.4,1250.0,50.0,76.0,130.0,92.0,600000.0,81081.08108108108,11764.70588235294,0.8172043010752689,4.343805421853684,3.3087363291977425,1.0350690926559416
mobility,2024.4609375,480.0,2.304,1250.0,50.0,30.0,180.0,115.0,600000.0,181598.06295399516,11764.70588235294,0.25862068965517243,3.4339872044851463,3.310752337790973,0.12323486669417338
mobility,2024.416015625,480.0,2.304,1250.0,50.0,30.0,180.0,115.0,600000.0,181598.06295399516,11764.70588235294,0.25862068965517243,3.4339872044851463,3.3127683463842175,0.1212188581009288
mobility 7000 igp,2024.37109375,480.0,40.0,1250.0,50.0,30.0,180.0,97.0,600000.0,14634.146341463415,11764.70588235294,0.30612244897959184,3.4339872044851463,3.314784354977462,0.11920284950768423
mobility 9000 igp,2024.326171875,480.0,40.0,1250.0,50.0,76.0,150.0,92.0,600000.0,14634.146341463415,11764.70588235294,0.8172043010752689,4.343805421853684,3.3168003635706924,1.0270050582829917
mobility 9000 igp,2024.28125,480.0,40.0,1250.0,50.0,76.0,150.0,92.0,600000.0,14634.146341463415,11764.70588235294,0.8172043010752689,4.343805421853684,3.318816372163937,1.0249890496897471
mobility 9000 igp,2024.236328125,480.0,40.0,1250.0,50.0,76.0,150.0,92.0,600000.0,14634.146341463415,11764.70588235294,0.8172043010752689,4.343805421853684,3.3208323807571674,1.0229730410965168
mobility 9100 igp,2024.19140625,480.0,40.0,1250.0,50.0,76.0,150.0,92.0,600000.0,14634.146341463415,11764.70588235294,0.8172043010752689,4.343805421853684,3.322848389350412,1.0209570325032722
mobility 9100 pro igp,2024.146484375,480.0,40.0,1250.0,50.0,76.0,150.0,92.0,600000.0,14634.146341463415,11764.70588235294,0.8172043010752689,4.343805421853684,3.3248643979436565,1.0189410239100276
mobility 9200,2024.1015625,480.0,14.72,1250.0,50.0,36.0,150.0,81.0,600000.0,38167.93893129771,11764.70588235294,0.43902439024390244,3.6109179126442243,3.326880406536887,0.28403750610733747
mobility 9200,2024.056640625,480.0,3.2,1250.0,50.0,36.0,150.0,81.0,600000.0,142857.14285714284,11764.70588235294,0.43902439024390244,3.6109179126442243,3.3288964151301315,0.2820214975140929
9100,2024.01171875,480.0,8.0,1250.0,28.0,60.0,150.0,120.0,600000.0,66666.66666666667,20689.655172413793,0.49586776859504134,4.110873864173311,3.330912423723376,0.7799614404499353
9100 pci,2023.966796875,480.0,8.0,1250.0,50.0,60.0,150.0,120.0,600000.0,66666.66666666667,11764.70588235294,0.49586776859504134,4.110873864173311,3.3329284323166064,0.777945431856705
9200,2023.921875,480.0,6.4,1250.0,28.0,36.0,150.0,98.0,600000.0,81081.08108108108,20689.655172413793,0.36363636363636365,3.6109179126442243,3.334944440909851,0.27597347173437337
9200 le,2023.876953125,480.0,6.4,1250.0,28.0,36.0,150.0,98.0,600000.0,81081.08108108108,20689.655172413793,0.36363636363636365,3.6109179126442243,3.3369604495030813,0.273957463141143
9200 pci,2023.83203125,480.0,6.4,1250.0,28.0,36.0,150.0,98.0,600000.0,81081.08108108108,20689.655172413793,0.36363636363636365,3.6109179126442243,3.338976458096326,0.2719414545478984
9200 pro,2023.787109375,480.0,5.312,1250.0,28.0,36.0,150.0,98.0,600000.0,95057.03422053231,20689.655172413793,0.36363636363636365,3.6109179126442243,3.3409924666895705,0.26992544595465384
9200 se,2023.7421875,480.0,2.656,1250.0,28.0,36.0,150.0,98.0,600000.0,164113.78555798688,20689.655172413793,0.36363636363636365,3.6109179126442243,3.343008475282801,0.2679094373614235
9200 se pci,2023.697265625,480.0,2.656,1250.0,28.0,36.0,150.0,98.0,600000.0,164113.78555798688,20689.655172413793,0.36363636363636365,3.6109179126442243,3.3450244838760455,0.2658934287681789
9500,2023.65234375,480.0,17.28,1250.0,12.0,110.0,150.0,215.0,600000.0,32822.75711159737,46153.846153846156,0.5092592592592593,4.709530201312334,3.347040492469276,1.362489708843058
9550,2023.607421875,480.0,6.4,1250.0,50.0,60.0,130.0,76.0,600000.0,81081.08108108108,11764.70588235294,0.7792207792207793,4.110873864173311,3.3490565010625204,0.761817363110791
9550 se,2023.5625,480.0,3.2,1250.0,50.0,60.0,130.0,76.0,600000.0,142857.14285714284,11764.70588235294,0.7792207792207793,4.110873864173311,3.351072509655765,0.7598013545175464
9600,2023.517578125,480.0,6.048,1250.0,12.0,60.0,130.0,76.0,600000.0,85130.5334846765,46153.846153846156,0.7792207792207793,4.110873864173311,3.3530885182489953,0.757785345924316
9600 pro,2023.47265625,480.0,9.6,1250.0,18.0,60.0,130.0,76.0,600000.0,56603.77358490566,31578.947368421053,0.7792207792207793,4.110873864173311,3.35510452684224,0.7557693373310714
9600 se,2023.427734375,480.0,3.2,1250.0,50.0,60.0,130.0,76.0,600000.0,142857.14285714284,11764.70588235294,0.7792207792207793,4.110873864173311,3.3571205354354845,0.7537533287378269
9600 tx,2023.3828125,480.0,8.64,1250.0,50.0,110.0,150.0,215.0,600000.0,62240.66390041493,11764.70588235294,0.5092592592592593,4.709530201312334,3.359136544028715,1.350393657283619
9600 xt,2023.337890625,480.0,9.6,1250.0,22.0,60.0,130.0,76.0,600000.0,56603.77358490566,26086.956521739132,0.7792207792207793,4.110873864173311,3.3611525526219594,0.7497213115513519
9800,2023.29296875,480.0,18.56,1250.0,37.0,117.0,150.0,215.0,600000.0,30674.846625766873,15789.473684210527,0.5416666666666666,4.770684624465665,3.36316856121519,1.4075160632504753
9800 pro,2023.248046875,480.0,21.76,1250.0,47.0,117.0,150.0,215.0,600000.0,26362.038664323372,12500.0,0.5416666666666666,4.770684624465665,3.3651845698084344,1.4055000546572307
9800 pro,2023.203125,480.0,21.76,1250.0,47.0,117.0,150.0,218.0,600000.0,26362.038664323372,12500.0,0.5342465753424658,4.770684624465665,3.367200578401679,1.4034840460639861
9800 se,2023.158203125,480.0,9.28,1250.0,50.0,117.0,150.0,215.0,600000.0,58365.75875486382,11764.70588235294,0.5416666666666666,4.770684624465665,3.3692165869949093,1.4014680374707558
9800 se,2023.11328125,480.0,19.01,1250.0,50.0,117.0,150.0,215.0,600000.0,29985.00749625187,11764.70588235294,0.5416666666666666,4.770684624465665,3.371232595588154,1.3994520288775112
9800 xt,2023.068359375,480.0,23.36,1250.0,60.0,117.0,150.0,218.0,600000.0,24630.54187192118,9836.065573770491,0.5342465753424658,4.770684624465665,3.3732486041813843,1.3974360202842808
9800 xxl,2023.0234375,480.0,21.63,1250.0,50.0,117.0,150.0,218.0,600000.0,26513.477684489615,11764.70588235294,0.5342465753424658,4.770684624465665,3.375264612774629,1.3954200116910362
all in wonder 9200,2022.978515625,480.0,6.4,1250.0,50.0,36.0,150.0,98.0,600000.0,81081.08108108108,11764.70588235294,0.36363636363636365,3.6109179126442243,3.3772806213678734,0.2336372912763509
all in wonder 9200 se,2022.93359375,480.0,2.624,1250.0,50.0,36.0,150.0,98.0,600000.0,165562.91390728476,11764.70588235294,0.36363636363636365,3.6109179126442243,3.379296629961104,0.23162128268312054
all in wonder 9600 xt,2022.888671875,480.0,10.37,1250.0,50.0,60.0,130.0,76.0,600000.0,52770.44854881267,11764.70588235294,0.7792207792207793,4.110873864173311,3.3813126385543484,0.729561225618963
all in wonder x800 gt,2022.84375,480.0,15.74,1250.0,50.0,160.0,110.0,240.0,600000.0,35842.29390681003,11764.70588235294,0.6639004149377593,5.081404364984463,3.3833286471475787,1.6980757178368844
all in wonder x800 xt,2022.798828125,480.0,32.0,1250.0,50.0,160.0,130.0,281.0,600000.0,18181.81818181818,11764.70588235294,0.5673758865248227,5.081404364984463,3.3853446557408233,1.6960597092436398
firegl v3100,2022.75390625,480.0,3.136,1250.0,50.0,107.0,110.0,74.0,600000.0,145067.69825918763,11764.70588235294,1.4266666666666667,4.68213122712422,3.387360664334068,1.294770562790152
firegl v3200,2022.708984375,480.0,11.2,1250.0,46.0,75.0,130.0,92.0,600000.0,49180.32786885246,12765.95744680851,0.8064516129032258,4.330733340286331,3.3893766729272983,0.9413566673590328
firegl v5000,2022.6640625,480.0,13.76,1250.0,50.0,120.0,110.0,156.0,600000.0,40650.40650406504,11764.70588235294,0.7643312101910829,4.795790545596741,3.391392681520543,1.4043978640761985
firegl v5100,2022.619140625,480.0,22.4,1250.0,50.0,160.0,130.0,289.0,600000.0,25641.025641025644,11764.70588235294,0.5517241379310345,5.081404364984463,3.3934086901137874,1.6879956748706757
firegl v7100,2022.57421875,480.0,30.4,1250.0,91.0,160.0,130.0,289.0,600000.0,19108.28025477707,6521.739130434783,0.5517241379310345,5.081404364984463,3.395424698707018,1.6859796662774453
firegl x3 256,2022.529296875,480.0,29.06,1250.0,57.0,160.0,130.0,281.0,600000.0,19960.079840319362,10344.827586206897,0.5673758865248227,5.081404364984463,3.3974407073002624,1.6839636576842008
mobility firegl t2e,2022.484375,480.0,7.2,1250.0,50.0,76.0,130.0,92.0,600000.0,73170.73170731709,11764.70588235294,0.8172043010752689,4.343805421853684,3.3994567158934927,0.9443487059601914
mobility firegl v3100,2022.439453125,480.0,6.4,1250.0,50.0,107.0,110.0,74.0,600000.0,81081.08108108108,11764.70588235294,1.4266666666666667,4.68213122712422,3.4014727244867373,1.2806585026374826
mobility firegl v3200,2022.39453125,480.0,8.0,1250.0,50.0,75.0,130.0,92.0,600000.0,66666.66666666667,11764.70588235294,0.8064516129032258,4.330733340286331,3.403488733079982,0.9272446072063492
mobility 7000,2022.349609375,480.0,1.112,1250.0,50.0,30.0,180.0,115.0,600000.0,284090.90909090906,11764.70588235294,0.25862068965517243,3.4339872044851463,3.4055047416732123,0.028482462811934006
mobility 9500,2022.3046875,480.0,3.04,1250.0,50.0,76.0,130.0,92.0,600000.0,148514.8514851485,11764.70588235294,0.8172043010752689,4.343805421853684,3.407520750266457,0.9362846715872273
mobility 9550,2022.259765625,480.0,3.888,1250.0,50.0,76.0,130.0,92.0,600000.0,122749.59083469721,11764.70588235294,0.8172043010752689,4.343805421853684,3.409536758859687,0.9342686629939969
mobility 9600,2022.21484375,480.0,3.2,1250.0,50.0,76.0,130.0,92.0,600000.0,142857.14285714284,11764.70588235294,0.8172043010752689,4.343805421853684,3.411552767452932,0.9322526544007523
mobility 9600 pro,2022.169921875,480.0,6.4,1250.0,50.0,76.0,130.0,92.0,600000.0,81081.08108108108,11764.70588235294,0.8172043010752689,4.343805421853684,3.4135687760461764,0.9302366458075078
mobility 9600 pro turbo,2022.125,480.0,7.776,1250.0,50.0,76.0,130.0,92.0,600000.0,68368.2771194166,11764.70588235294,0.8172043010752689,4.343805421853684,3.4155847846394067,0.9282206372142774
mobility 9700,2022.080078125,480.0,8.8,1250.0,50.0,76.0,130.0,92.0,600000.0,61224.489795918365,11764.70588235294,0.8172043010752689,4.343805421853684,3.4176007932326513,0.9262046286210328
mobility 9700 se,2022.03515625,480.0,3.2,1250.0,50.0,76.0,130.0,92.0,600000.0,142857.14285714284,11764.70588235294,0.8172043010752689,4.343805421853684,3.4196168018258817,0.9241886200278024
mobility 9800,2021.990234375,480.0,19.2,1250.0,50.0,160.0,130.0,281.0,600000.0,29702.970297029704,11764.70588235294,0.5673758865248227,5.081404364984463,3.4216328104191263,1.6597715545653369
mobility x600,2021.9453125,480.0,8.0,1250.0,50.0,75.0,130.0,92.0,600000.0,66666.66666666667,11764.70588235294,0.8064516129032258,4.330733340286331,3.423648819012371,0.9070845212739602
mobility x600 se,2021.900390625,480.0,8.0,1250.0,50.0,75.0,130.0,92.0,600000.0,66666.66666666667,11764.70588235294,0.8064516129032258,4.330733340286331,3.425664827605601,0.9050685126807299
mobility x800,2021.85546875,480.0,25.6,1250.0,50.0,160.0,130.0,289.0,600000.0,22556.390977443607,11764.70588235294,0.5517241379310345,5.081404364984463,3.427680836198846,1.6537235287856173
7000 mac edition,2021.810546875,480.0,2.928,1250.0,23.0,30.0,180.0,80.0,600000.0,152749.49083503056,25000.0,0.37037037037037035,3.4339872044851463,3.4296968447920904,0.004290359693055912
7000 mac edition pci,2021.765625,480.0,2.928,1250.0,23.0,30.0,180.0,80.0,600000.0,152749.49083503056,25000.0,0.37037037037037035,3.4339872044851463,3.4317128533853207,0.0022743510998255445
9000 pro mac edition,2021.720703125,480.0,8.8,1250.0,28.0,36.0,150.0,97.0,600000.0,61224.489795918365,20689.655172413793,0.3673469387755102,3.6109179126442243,3.4337288619785653,0.17718905066565904
9250,2021.67578125,480.0,3.2,1250.0,50.0,36.0,150.0,98.0,600000.0,142857.14285714284,11764.70588235294,0.36363636363636365,3.6109179126442243,3.4357448705717957,0.17517304207242868
9250 pci,2021.630859375,480.0,3.2,1250.0,50.0,36.0,150.0,98.0,600000.0,142857.14285714284,11764.70588235294,0.36363636363636365,3.6109179126442243,3.4377608791650403,0.1731570334791841
9800 pro mac edition,2021.5859375,480.0,21.63,1250.0,60.0,117.0,150.0,218.0,600000.0,26513.477684489615,9836.065573770491,0.5342465753424658,4.770684624465665,3.439776887758285,1.3309077367073803
9800 xt mac edition,2021.541015625,480.0,23.36,1250.0,60.0,117.0,150.0,218.0,600000.0,24630.54187192118,9836.065573770491,0.5342465753424658,4.770684624465665,3.441792896351515,1.32889172811415
x300,2021.49609375,480.0,6.4,1250.0,36.0,107.0,110.0,74.0,600000.0,81081.08108108108,16216.216216216217,1.4266666666666667,4.68213122712422,3.4438089049447598,1.2383223221794601
x300 le,2021.451171875,480.0,6.4,1250.0,50.0,107.0,110.0,74.0,600000.0,81081.08108108108,11764.70588235294,1.4266666666666667,4.68213122712422,3.44582491353799,1.2363063135862298
x300 se,2021.40625,480.0,3.2,1250.0,30.0,107.0,110.0,74.0,600000.0,142857.14285714284,19354.83870967742,1.4266666666666667,4.68213122712422,3.4478409221312347,1.2342903049929852
x600,2021.361328125,480.0,8.0,1250.0,36.0,107.0,110.0,74.0,600000.0,66666.66666666667,16216.216216216217,1.4266666666666667,4.68213122712422,3.4498569307244793,1.2322742963997406
x600 pro,2021.31640625,480.0,9.6,1250.0,36.0,107.0,110.0,74.0,600000.0,56603.77358490566,16216.216216216217,1.4266666666666667,4.68213122712422,3.4518729393177097,1.2302582878065103
x600 pro,2021.271484375,480.0,9.6,1250.0,36.0,75.0,130.0,92.0,600000.0,56603.77358490566,16216.216216216217,0.8064516129032258,4.330733340286331,3.4538889479109542,0.8768443923753768
x600 se,2021.2265625,480.0,4.0,1250.0,36.0,107.0,110.0,74.0,600000.0,120000.0,16216.216216216217,1.4266666666666667,4.68213122712422,3.4559049565041846,1.2262262706200353
x600 xt,2021.181640625,480.0,11.84,1250.0,25.0,75.0,130.0,92.0,600000.0,46728.97196261682,23076.923076923078,0.8064516129032258,4.330733340286331,3.457920965097429,0.8728123751889019
x700,2021.13671875,480.0,8.0,1250.0,44.0,120.0,110.0,156.0,600000.0,66666.66666666667,13333.333333333334,0.7643312101910829,4.795790545596741,3.4599369736906738,1.3358535719060676
x700 agp,2021.091796875,480.0,8.0,1250.0,44.0,120.0,110.0,156.0,600000.0,66666.66666666667,13333.333333333334,0.7643312101910829,4.795790545596741,3.461952982283904,1.3338375633128372
x700 le,2021.046875,480.0,11.2,1250.0,50.0,120.0,110.0,156.0,600000.0,49180.32786885246,11764.70588235294,0.7643312101910829,4.795790545596741,3.4639689908771487,1.3318215547195926
x700 pro,2021.001953125,480.0,13.76,1250.0,33.0,120.0,110.0,156.0,600000.0,40650.40650406504,17647.058823529413,0.7643312101910829,4.795790545596741,3.4659849994703933,1.329805546126348
x700 pro agp,2020.95703125,480.0,15.1,1250.0,33.0,120.0,110.0,156.0,600000.0,37267.08074534161,17647.058823529413,0.7643312101910829,4.795790545596741,3.4680010080636237,1.3277895375331177
x700 xt,2020.912109375,480.0,16.8,1250.0,38.0,120.0,110.0,156.0,600000.0,33707.86516853933,15384.615384615385,0.7643312101910829,4.795790545596741,3.4700170166568682,1.325773528939873
x800,2020.8671875,480.0,22.4,1250.0,30.0,160.0,110.0,240.0,600000.0,25641.025641025644,19354.83870967742,0.6639004149377593,5.081404364984463,3.4720330252500986,1.6093713397343645
x800 pro,2020.822265625,480.0,28.8,1250.0,48.0,160.0,130.0,289.0,600000.0,20134.228187919463,12244.897959183674,0.5517241379310345,5.081404364984463,3.474049033843343,1.60735533114112
x800 pro agp,2020.77734375,480.0,28.8,1250.0,48.0,160.0,130.0,281.0,600000.0,20134.228187919463,12244.897959183674,0.5673758865248227,5.081404364984463,3.4760650424365878,1.6053393225478754
x800 se,2020.732421875,480.0,22.4,1250.0,50.0,160.0,130.0,289.0,600000.0,25641.025641025644,11764.70588235294,0.5517241379310345,5.081404364984463,3.478081051029818,1.603323313954645
x800 se agp,2020.6875,480.0,25.6,1250.0,50.0,160.0,130.0,281.0,600000.0,22556.390977443607,11764.70588235294,0.5673758865248227,5.081404364984463,3.4800970596230627,1.6013073053614004
x800 ve agp,2020.642578125,480.0,25.47,1250.0,50.0,160.0,130.0,281.0,600000.0,22667.170381564036,11764.70588235294,0.5673758865248227,5.081404364984463,3.482113068216293,1.59929129676817
x800 xl,2020.59765625,480.0,31.36,1250.0,49.0,160.0,110.0,240.0,600000.0,18541.40914709518,12000.0,0.6639004149377593,5.081404364984463,3.4841290768095377,1.5972752881749255
x800 xl agp,2020.552734375,480.0,32.0,1250.0,49.0,160.0,110.0,240.0,600000.0,18181.81818181818,12000.0,0.6639004149377593,5.081404364984463,3.4861450854027822,1.595259279581681
x800 xt,2020.5078125,480.0,32.0,1250.0,54.0,160.0,130.0,289.0,600000.0,18181.81818181818,10909.09090909091,0.5517241379310345,5.081404364984463,3.4881610939960126,1.5932432709884505
x800 xt agp,2020.462890625,480.0,32.0,1250.0,54.0,160.0,130.0,281.0,600000.0,18181.81818181818,10909.09090909091,0.5673758865248227,5.081404364984463,3.490177102589257,1.591227262395206
x800 xt mac edition,2020.41796875,480.0,32.0,1250.0,54.0,160.0,130.0,289.0,600000.0,18181.81818181818,10909.09090909091,0.5517241379310345,5.081404364984463,3.4921931111824875,1.5892112538019756
x800 xt platinum,2020.373046875,480.0,35.84,1250.0,63.0,160.0,130.0,289.0,600000.0,16286.644951140064,9375.0,0.5517241379310345,5.081404364984463,3.494209119775732,1.587195245208731
x800 xt platinum agp,2020.328125,480.0,35.84,1250.0,63.0,160.0,130.0,281.0,600000.0,16286.644951140064,9375.0,0.5673758865248227,5.081404364984463,3.4962251283689767,1.5851792366154864
x850 pro,2020.283203125,480.0,33.28,1250.0,50.0,160.0,130.0,297.0,600000.0,17502.91715285881,11764.70588235294,0.5369127516778524,5.081404364984463,3.498241136962207,1.583163228022256
x850 xt,2020.23828125,480.0,34.56,1250.0,69.0,160.0,130.0,297.0,600000.0,16872.890888638918,8571.42857142857,0.5369127516778524,5.081404364984463,3.5002571455554516,1.5811472194290115
x850 xt platinum,2020.193359375,480.0,37.76,1250.0,67.0,160.0,130.0,297.0,600000.0,15479.876160990712,8823.529411764706,0.5369127516778524,5.081404364984463,3.502273154148696,1.579131210835767
xpress 200 igp,2020.1484375,480.0,40.0,1250.0,50.0,29.0,130.0,73.0,600000.0,14634.146341463415,11764.70588235294,0.3918918918918919,3.4011973816621555,3.5042891627419266,-0.10309178107977113
xpress 200 igp,2020.103515625,480.0,40.0,1250.0,50.0,107.0,110.0,74.0,600000.0,14634.146341463415,11764.70588235294,1.4266666666666667,4.68213122712422,3.506305171335171,1.1758260557890488
all in wonder 2006 agp edition,2020.05859375,480.0,6.272,1250.0,50.0,60.0,130.0,76.0,600000.0,82508.2508250825,11764.70588235294,0.7792207792207793,4.110873864173311,3.5083211799284015,0.6025526842449098
all in wonder 2006 pcie edition,2020.013671875,480.0,12.8,1250.0,50.0,107.0,90.0,100.0,600000.0,43478.260869565216,11764.70588235294,1.0594059405940595,4.68213122712422,3.510337188521646,1.1717940386025738
all in wonder x1800 xl,2019.96875,480.0,32.0,1250.0,75.0,312.0,90.0,288.0,600000.0,18181.81818181818,7894.736842105263,1.0795847750865053,5.746203190540153,3.5123531971148907,2.2338499934252622
all in wonder x600 pro,2019.923828125,480.0,9.6,1250.0,50.0,107.0,110.0,74.0,600000.0,56603.77358490566,11764.70588235294,1.4266666666666667,4.68213122712422,3.514369205708121,1.1677620214160989
all in wonder x800 se,2019.87890625,480.0,25.6,1250.0,50.0,160.0,130.0,281.0,600000.0,22556.390977443607,11764.70588235294,0.5673758865248227,5.081404364984463,3.5163852143013656,1.5650191506830975
all in wonder x800 ve,2019.833984375,480.0,25.6,1250.0,50.0,160.0,130.0,281.0,600000.0,22556.390977443607,11764.70588235294,0.5673758865248227,5.081404364984463,3.518401222894596,1.5630031420898671
all in wonder x800 xl,2019.7890625,480.0,31.36,1250.0,50.0,160.0,110.0,240.0,600000.0,18541.40914709518,11764.70588235294,0.6639004149377593,5.081404364984463,3.5204172314878406,1.5609871334966225
firegl v3300,2019.744140625,480.0,6.4,1250.0,50.0,107.0,90.0,100.0,600000.0,81081.08108108108,11764.70588235294,1.0594059405940595,4.68213122712422,3.522433240081085,1.1596979870431348
firegl v3350,2019.69921875,480.0,6.4,1250.0,50.0,107.0,90.0,100.0,600000.0,81081.08108108108,11764.70588235294,1.0594059405940595,4.68213122712422,3.5244492486743155,1.1576819784499044
firegl v3400,2019.654296875,480.0,16.0,1250.0,50.0,157.0,90.0,150.0,600000.0,35294.117647058825,11764.70588235294,1.0397350993377483,5.062595033026967,3.52646525726756,1.5361297757594068
firegl v5200,2019.609375,480.0,22.4,1250.0,35.0,157.0,90.0,150.0,600000.0,25641.025641025644,16666.666666666668,1.0397350993377483,5.062595033026967,3.5284812658607905,1.5341137671661764
firegl v7200,2019.564453125,480.0,41.6,1250.0,50.0,312.0,90.0,288.0,600000.0,14084.507042253521,11764.70588235294,1.0795847750865053,5.746203190540153,3.530497274454035,2.215705916086118
firegl v7300,2019.51953125,480.0,41.47,1250.0,97.0,312.0,90.0,288.0,600000.0,14127.619496114905,6122.448979591837,1.0795847750865053,5.746203190540153,3.5325132830472796,2.2136899074928733
firegl v7350,2019.474609375,480.0,41.6,1250.0,111.0,312.0,90.0,288.0,600000.0,14084.507042253521,5357.142857142857,1.0795847750865053,5.746203190540153,3.53452929164051,2.211673898899643
mobility firegl v5000,2019.4296875,480.0,13.6,1250.0,50.0,120.0,110.0,156.0,600000.0,41095.890410958906,11764.70588235294,0.7643312101910829,4.795790545596741,3.5365453002337546,1.2592452453629868
mobility x300,2019.384765625,480.0,4.0,1250.0,50.0,107.0,110.0,74.0,600000.0,120000.0,11764.70588235294,1.4266666666666667,4.68213122712422,3.538561308826999,1.1435699182972208
mobility x300 igp,2019.33984375,480.0,40.0,1250.0,50.0,107.0,110.0,74.0,600000.0,14634.146341463415,11764.70588235294,1.4266666666666667,4.68213122712422,3.5405773174202295,1.1415539097039904
mobility x700,2019.294921875,480.0,9.6,1250.0,50.0,120.0,110.0,156.0,600000.0,56603.77358490566,11764.70588235294,0.7643312101910829,4.795790545596741,3.542593326013474,1.2531972195832672
mobility x700 xl,2019.25,480.0,10.56,1250.0,50.0,120.0,110.0,156.0,600000.0,51903.114186851206,11764.70588235294,0.7643312101910829,4.795790545596741,3.5446093346067045,1.2511812109900369
mobility x800 xt,2019.205078125,480.0,35.2,1250.0,50.0,160.0,130.0,289.0,600000.0,16574.585635359115,11764.70588235294,0.5517241379310345,5.081404364984463,3.546625343199949,1.534779021784514
9550 xt,2019.16015625,480.0,10.4,1250.0,50.0,60.0,130.0,76.0,600000.0,52631.57894736842,11764.70588235294,0.7792207792207793,4.110873864173311,3.5486413517931936,0.5622325123801177
x1300,2019.115234375,480.0,8.0,1250.0,50.0,105.0,90.0,100.0,600000.0,66666.66666666667,11764.70588235294,1.0396039603960396,4.663439094112067,3.550657360386424,1.112781733725643
x1300,2019.0703125,480.0,8.0,1250.0,50.0,107.0,90.0,100.0,600000.0,66666.66666666667,11764.70588235294,1.0594059405940595,4.68213122712422,3.5526733689796686,1.1294578581445514
x1300 agp,2019.025390625,480.0,8.0,1250.0,50.0,107.0,90.0,100.0,600000.0,66666.66666666667,11764.70588235294,1.0594059405940595,4.68213122712422,3.554689377572899,1.127441849551321
x1300 le,2018.98046875,480.0,4.0,1250.0,50.0,107.0,90.0,100.0,600000.0,120000.0,11764.70588235294,1.0594059405940595,4.68213122712422,3.5567053861661435,1.1254258409580764
x1300 pci,2018.935546875,480.0,8.0,1250.0,50.0,107.0,90.0,100.0,600000.0,66666.66666666667,11764.70588235294,1.0594059405940595,4.68213122712422,3.558721394759388,1.1234098323648318
x1300 pci,2018.890625,480.0,4.0,1250.0,50.0,105.0,90.0,100.0,600000.0,120000.0,11764.70588235294,1.0396039603960396,4.663439094112067,3.5607374033526185,1.1027016907594485
x1300 pro,2018.845703125,480.0,6.4,1250.0,31.0,107.0,90.0,100.0,600000.0,81081.08108108108,18750.0,1.0594059405940595,4.68213122712422,3.562753411945863,1.1193778151783569
x1300 pro agp,2018.80078125,480.0,12.8,1250.0,31.0,107.0,90.0,100.0,600000.0,43478.260869565216,18750.0,1.0594059405940595,4.68213122712422,3.5647694205390934,1.1173618065851265
x1600 pro,2018.755859375,480.0,12.48,1250.0,41.0,157.0,90.0,150.0,600000.0,44510.38575667656,14285.714285714286,1.0397350993377483,5.062595033026967,3.566785429132338,1.495809603894629
x1600 xt,2018.7109375,480.0,22.08,1250.0,42.0,157.0,90.0,150.0,600000.0,25996.533795493935,13953.488372093023,1.0397350993377483,5.062595033026967,3.5688014377255826,1.4937935953013843
x1800 crossfire edition,2018.666015625,480.0,44.8,1250.0,113.0,312.0,90.0,288.0,600000.0,13100.436681222709,5263.1578947368425,1.0795847750865053,5.746203190540153,3.570817446318813,2.17538574422134
x1800 xl,2018.62109375,480.0,32.0,1250.0,70.0,312.0,90.0,288.0,600000.0,18181.81818181818,8450.704225352112,1.0795847750865053,5.746203190540153,3.5728334549120575,2.1733697356280954
x1800 xt,2018.576171875,480.0,44.8,1250.0,113.0,312.0,90.0,288.0,600000.0,13100.436681222709,5263.1578947368425,1.0795847750865053,5.746203190540153,3.574849463505302,2.171353727034851
x550,2018.53125,480.0,8.0,1250.0,50.0,107.0,110.0,74.0,600000.0,66666.66666666667,11764.70588235294,1.4266666666666667,4.68213122712422,3.5768654720985325,1.1052657550256875
x550 hypermemory,2018.486328125,480.0,8.0,1250.0,50.0,107.0,110.0,74.0,600000.0,66666.66666666667,11764.70588235294,1.4266666666666667,4.68213122712422,3.578881480691777,1.103249746432443
x700 se,2018.44140625,480.0,4.0,1250.0,50.0,120.0,110.0,156.0,600000.0,120000.0,11764.70588235294,0.7643312101910829,4.795790545596741,3.5808974892850074,1.214893056311734
x740 xl,2018.396484375,480.0,14.4,1250.0,50.0,120.0,110.0,156.0,600000.0,38961.03896103896,11764.70588235294,0.7643312101910829,4.795790545596741,3.582913497878252,1.2128770477184894
x800 crossfire edition,2018.3515625,480.0,32.0,1250.0,50.0,160.0,110.0,240.0,600000.0,18181.81818181818,11764.70588235294,0.6639004149377593,5.081404364984463,3.5849295064714966,1.4964748585129666
x800 gt,2018.306640625,480.0,22.4,1250.0,40.0,160.0,130.0,297.0,600000.0,25641.025641025644,14634.146341463415,0.5369127516778524,5.081404364984463,3.586945515064727,1.4944588499197362
x800 gt,2018.26171875,480.0,31.55,1250.0,40.0,160.0,110.0,240.0,600000.0,18433.179723502304,14634.146341463415,0.6639004149377593,5.081404364984463,3.5889615236579715,1.4924428413264916
x800 gt agp,2018.216796875,480.0,31.55,1250.0,40.0,160.0,130.0,297.0,600000.0,18433.179723502304,14634.146341463415,0.5369127516778524,5.081404364984463,3.590977532251202,1.4904268327332613
x800 gto,2018.171875,480.0,25.6,1250.0,49.0,160.0,130.0,297.0,600000.0,22556.390977443607,12000.0,0.5369127516778524,5.081404364984463,3.5929935408444464,1.4884108241400167
x800 gto agp,2018.126953125,480.0,31.36,1250.0,49.0,160.0,130.0,297.0,600000.0,18541.40914709518,12000.0,0.5369127516778524,5.081404364984463,3.595009549437691,1.486394815546772
x800 gto agp,2018.08203125,480.0,31.36,1250.0,49.0,160.0,110.0,240.0,600000.0,18541.40914709518,12000.0,0.6639004149377593,5.081404364984463,3.5970255580309214,1.4843788069535417
x800 gto2,2018.037109375,480.0,31.36,1250.0,50.0,160.0,130.0,297.0,600000.0,18541.40914709518,11764.70588235294,0.5369127516778524,5.081404364984463,3.599041566624166,1.4823627983602972
x850 pro agp,2017.9921875,480.0,32.0,1250.0,50.0,160.0,130.0,297.0,600000.0,18181.81818181818,11764.70588235294,0.5369127516778524,5.081404364984463,3.6010575752173963,1.4803467897670668
x850 xt agp,2017.947265625,480.0,34.56,1250.0,69.0,160.0,130.0,297.0,600000.0,16872.890888638918,8571.42857142857,0.5369127516778524,5.081404364984463,3.603073583810641,1.4783307811738222
x850 xt platinum agp,2017.90234375,480.0,37.76,1250.0,67.0,160.0,130.0,297.0,600000.0,15479.876160990712,8823.529411764706,0.5369127516778524,5.081404364984463,3.6050895924038855,1.4763147725805776
xpress 200m igp,2017.857421875,480.0,40.0,1250.0,50.0,29.0,130.0,73.0,600000.0,14634.146341463415,11764.70588235294,0.3918918918918919,3.4011973816621555,3.607105600997116,-0.2059082193349604
xpress 1100 mobile igp,2017.8125,480.0,40.0,1250.0,50.0,29.0,110.0,73.0,600000.0,14634.146341463415,11764.70588235294,0.3918918918918919,3.4011973816621555,3.6091216095903604,-0.20792422792820497
xpress 1100 mobile igp,2017.767578125,480.0,40.0,1250.0,50.0,29.0,130.0,73.0,600000.0,14634.146341463415,11764.70588235294,0.3918918918918919,3.4011973816621555,3.611137618183605,-0.20994023652144955
xpress 200m igp,2017.72265625,480.0,40.0,1250.0,50.0,29.0,130.0,73.0,600000.0,14634.146341463415,11764.70588235294,0.3918918918918919,3.4011973816621555,3.6131536267768354,-0.21195624511467992
xpress 200m igp,2017.677734375,480.0,40.0,1250.0,50.0,29.0,110.0,73.0,600000.0,14634.146341463415,11764.70588235294,0.3918918918918919,3.4011973816621555,3.61516963537008,-0.2139722537079245
xpress 200m igp,2017.6328125,480.0,40.0,1250.0,50.0,29.0,110.0,73.0,600000.0,14634.146341463415,11764.70588235294,0.3918918918918919,3.4011973816621555,3.6171856439633103,-0.21598826230115487
xpress 200m igp,2017.587890625,480.0,40.0,1250.0,50.0,107.0,110.0,74.0,600000.0,14634.146341463415,11764.70588235294,1.4266666666666667,4.68213122712422,3.619201652556555,1.062929574567665
xbox 360 gpu 90nm,2017.54296875,240.0,22.4,1250.0,203.0,232.0,90.0,181.0,300000.0,12820.512820512822,1470.5882352941176,1.2747252747252746,5.4510384535657,3.6212176611497995,1.8298207924159007
all in wonder x1900,2017.498046875,480.0,30.53,1250.0,50.0,384.0,90.0,352.0,600000.0,19029.49571836346,11764.70588235294,1.0878186968838528,5.953243334287785,3.62323366974303,2.3300096645447548
firemv 2200,2017.453125,480.0,3.136,1250.0,15.0,107.0,110.0,74.0,600000.0,145067.69825918763,37500.0,1.4266666666666667,4.68213122712422,3.6252496783362744,1.0568815487879455
firemv 2200 pci,2017.408203125,480.0,3.2,1250.0,15.0,36.0,150.0,98.0,600000.0,142857.14285714284,37500.0,0.36363636363636365,3.6109179126442243,3.627265686929505,-0.016347774285280448
mobility firegl v5200,2017.36328125,480.0,15.2,1250.0,50.0,157.0,90.0,150.0,600000.0,37037.03703703704,11764.70588235294,1.0397350993377483,5.062595033026967,3.6292816955227494,1.4333133375042175
mobility x1300,2017.318359375,480.0,4.8,1250.0,50.0,107.0,90.0,100.0,600000.0,103448.27586206897,11764.70588235294,1.0594059405940595,4.68213122712422,3.631297704115994,1.050833523008226
mobility x1350,2017.2734375,480.0,6.272,1250.0,50.0,105.0,90.0,100.0,600000.0,82508.2508250825,11764.70588235294,1.0396039603960396,4.663439094112067,3.6333137127092243,1.0301253814028426
mobility x1350,2017.228515625,480.0,5.184,1250.0,50.0,105.0,90.0,100.0,600000.0,97024.57956015524,11764.70588235294,1.0396039603960396,4.663439094112067,3.635329721302469,1.028109372809598
mobility x1400,2017.18359375,480.0,8.0,1250.0,50.0,107.0,90.0,100.0,600000.0,66666.66666666667,11764.70588235294,1.0594059405940595,4.68213122712422,3.6373457298957135,1.0447854972285064
mobility x1450,2017.138671875,480.0,14.4,1250.0,50.0,105.0,90.0,100.0,600000.0,38961.03896103896,11764.70588235294,1.0396039603960396,4.663439094112067,3.639361738488944,1.024077355623123
mobility x1600,2017.09375,480.0,15.04,1250.0,50.0,157.0,90.0,150.0,600000.0,37406.48379052369,11764.70588235294,1.0397350993377483,5.062595033026967,3.6413777470821884,1.4212172859447785
mobility x1700,2017.048828125,480.0,12.8,1250.0,50.0,157.0,90.0,150.0,600000.0,43478.260869565216,11764.70588235294,1.0397350993377483,5.062595033026967,3.643393755675419,1.419201277351548
mobility x1800,2017.00390625,480.0,32.26,1250.0,50.0,312.0,90.0,288.0,600000.0,18039.687312086593,11764.70588235294,1.0795847750865053,5.746203190540153,3.6454097642686634,2.1007934262714896
mobility x1800 xt,2016.958984375,480.0,43.2,1250.0,50.0,312.0,90.0,288.0,600000.0,13574.660633484162,11764.70588235294,1.0795847750865053,5.746203190540153,3.647425772861908,2.098777417678245
x1050,2016.9140625,480.0,5.328,1250.0,24.0,107.0,110.0,74.0,600000.0,94816.68773704172,24000.0,1.4266666666666667,4.68213122712422,3.6494417814551383,1.0326894456690816
x1050 agp,2016.869140625,480.0,6.4,1250.0,24.0,60.0,130.0,76.0,600000.0,81081.08108108108,24000.0,0.7792207792207793,4.110873864173311,3.651457790048383,0.45941607412492846
x1300 ce,2016.82421875,480.0,6.4,1250.0,27.0,107.0,90.0,100.0,600000.0,81081.08108108108,21428.571428571428,1.0594059405940595,4.68213122712422,3.6534737986416133,1.0286574284826067
x1300 pro,2016.779296875,480.0,12.8,1250.0,31.0,105.0,90.0,100.0,600000.0,43478.260869565216,18750.0,1.0396039603960396,4.663439094112067,3.655489807234858,1.007949286877209
x1300 xt,2016.734375,480.0,12.8,1250.0,22.0,157.0,90.0,150.0,600000.0,43478.260869565216,26086.956521739132,1.0397350993377483,5.062595033026967,3.6575058158281024,1.4050892171988645
x1300 xt agp,2016.689453125,480.0,12.8,1250.0,22.0,157.0,90.0,150.0,600000.0,43478.260869565216,26086.956521739132,1.0397350993377483,5.062595033026967,3.659521824421333,1.4030732086056341
x1650 pro,2016.64453125,480.0,22.4,1250.0,44.0,157.0,80.0,131.0,600000.0,25641.025641025644,13333.333333333334,1.1893939393939394,5.062595033026967,3.6615378330145774,1.4010572000123895
x1650 pro agp,2016.599609375,480.0,22.4,1250.0,44.0,157.0,80.0,131.0,600000.0,25641.025641025644,13333.333333333334,1.1893939393939394,5.062595033026967,3.6635538416078077,1.3990411914191592
x1650 xt,2016.5546875,480.0,22.4,1250.0,55.0,312.0,80.0,230.0,600000.0,25641.025641025644,10714.285714285714,1.3506493506493507,5.746203190540153,3.6655698502010523,2.0806333403391006
x1650 xt agp,2016.509765625,480.0,21.76,1250.0,55.0,312.0,80.0,230.0,600000.0,26362.038664323372,10714.285714285714,1.3506493506493507,5.746203190540153,3.667585858794297,2.078617331745856
x1650 xt dual,2016.46484375,480.0,22.4,1250.0,50.0,312.0,80.0,230.0,600000.0,25641.025641025644,11764.70588235294,1.3506493506493507,5.746203190540153,3.6696018673875272,2.0766013231526257
x1800 gto,2016.419921875,480.0,31.68,1250.0,48.0,312.0,90.0,288.0,600000.0,18359.85312117503,12244.897959183674,1.0795847750865053,5.746203190540153,3.671617875980772,2.074585314559381
x1800 gto2,2016.375,480.0,32.0,1250.0,50.0,312.0,90.0,288.0,600000.0,18181.81818181818,11764.70588235294,1.0795847750865053,5.746203190540153,3.6736338845740164,2.0725693059661365
x1900 crossfire edition,2016.330078125,480.0,46.4,1250.0,100.0,384.0,90.0,352.0,600000.0,12658.227848101265,5940.59405940594,1.0878186968838528,5.953243334287785,3.6756498931672468,2.277593441120538
x1900 g5 mac edition,2016.28515625,480.0,38.4,1250.0,75.0,384.0,90.0,352.0,600000.0,15228.426395939086,7894.736842105263,1.0878186968838528,5.953243334287785,3.6776659017604914,2.2755774325272933
x1900 gt,2016.240234375,480.0,38.4,1250.0,75.0,384.0,90.0,352.0,600000.0,15228.426395939086,7894.736842105263,1.0878186968838528,5.953243334287785,3.6796819103537217,2.273561423934063
x1900 xt,2016.1953125,480.0,46.4,1250.0,100.0,384.0,90.0,352.0,600000.0,12658.227848101265,5940.59405940594,1.0878186968838528,5.953243334287785,3.6816979189469663,2.2715454153408183
x1900 xtx,2016.150390625,480.0,49.6,1250.0,135.0,384.0,90.0,352.0,600000.0,11857.707509881422,4411.764705882353,1.0878186968838528,5.953243334287785,3.683713927540211,2.2695294067475738
x1950 crossfire edition,2016.10546875,480.0,64.0,1250.0,50.0,384.0,90.0,352.0,600000.0,9230.76923076923,11764.70588235294,1.0878186968838528,5.953243334287785,3.6857299361334412,2.2675133981543434
x1950 pro,2016.060546875,480.0,44.16,1250.0,66.0,312.0,80.0,230.0,600000.0,13286.093888396812,8955.223880597016,1.3506493506493507,5.746203190540153,3.687745944726686,2.058457245813467
x1950 pro agp,2016.015625,480.0,44.16,1250.0,66.0,312.0,80.0,230.0,600000.0,13286.093888396812,8955.223880597016,1.3506493506493507,5.746203190540153,3.689761953319916,2.0564412372202368
x1950 xt,2015.970703125,480.0,57.6,1250.0,96.0,384.0,90.0,352.0,600000.0,10238.907849829351,6185.567010309278,1.0878186968838528,5.953243334287785,3.6917779619131608,2.261465372374624
x1950 xt agp,2015.92578125,480.0,44.99,1250.0,96.0,384.0,90.0,352.0,600000.0,13046.314416177429,6185.567010309278,1.0878186968838528,5.953243334287785,3.6937939705064053,2.2594493637813793
x1950 xtx,2015.880859375,480.0,64.0,1250.0,125.0,384.0,90.0,352.0,600000.0,9230.76923076923,4761.9047619047615,1.0878186968838528,5.953243334287785,3.6958099790996357,2.257433355188149
x300 se hypermemory,2015.8359375,480.0,4.8,1250.0,30.0,107.0,110.0,74.0,600000.0,103448.27586206897,19354.83870967742,1.4266666666666667,4.68213122712422,3.6978259876928803,0.9843052394313396
x850 crossfire edition,2015.791015625,480.0,34.56,1250.0,69.0,160.0,130.0,297.0,600000.0,16872.890888638918,8571.42857142857,0.5369127516778524,5.081404364984463,3.6998419962861107,1.3815623686983525
xpress 1100 mobile igp,2015.74609375,480.0,40.0,1250.0,50.0,29.0,110.0,73.0,600000.0,14634.146341463415,11764.70588235294,0.3918918918918919,3.4011973816621555,3.7018580048793552,-0.3006606232171998
xpress 1150 mobile igp,2015.701171875,480.0,40.0,1250.0,50.0,29.0,110.0,73.0,600000.0,14634.146341463415,11764.70588235294,0.3918918918918919,3.4011973816621555,3.7038740134726,-0.30267663181044435
wii gpu,2015.65625,480.0,3.888,1250.0,45.0,107.0,90.0,95.0,600000.0,122749.59083469721,13043.478260869566,1.1145833333333333,4.68213122712422,3.70589002206583,0.9762412050583897
es1000,2015.611328125,480.0,40.0,1250.0,50.0,8.0,180.0,80.0,600000.0,14634.146341463415,11764.70588235294,0.09876543209876543,2.1972245773362196,3.7079060306590748,-1.5106814533228552
firegl v3600,2015.56640625,120.0,16.0,1250.0,73.0,390.0,65.0,153.0,150000.0,8823.529411764706,2027.027027027027,2.5324675324675323,5.968707559985366,3.7099220392523193,2.2587855207330465
firegl v5600,2015.521484375,120.0,35.2,1250.0,89.0,390.0,65.0,153.0,150000.0,4143.646408839779,1666.6666666666667,2.5324675324675323,5.968707559985366,3.7119380478455497,2.256769512139816
firegl v7600,2015.4765625,320.0,51.2,1250.0,127.0,720.0,80.0,420.0,400000.0,7662.835249042145,3125.0,1.7102137767220902,6.580639137284949,3.7139540564387943,2.866685080846155
firegl v7700,2015.431640625,320.0,72.06,1250.0,50.0,666.0,55.0,192.0,400000.0,5474.952094169176,7843.137254901961,3.4507772020725387,6.502790045915623,3.7159700650320246,2.7868199808835987
firegl v8600,2015.38671875,320.0,111.1,1250.0,159.0,720.0,80.0,420.0,400000.0,3568.242640499554,2500.0,1.7102137767220902,6.580639137284949,3.7179860736252692,2.86265306365968
firegl v8650,2015.341796875,320.0,111.1,1250.0,50.0,720.0,80.0,420.0,400000.0,3568.242640499554,7843.137254901961,1.7102137767220902,6.580639137284949,3.720002082218514,2.8606370550664355
firemv 2250,2015.296875,480.0,12.8,1250.0,32.0,105.0,90.0,100.0,600000.0,43478.260869565216,18181.81818181818,1.0396039603960396,4.663439094112067,3.722018090811744,0.9414210033003227
firemv 2250 pcie x1,2015.251953125,480.0,12.8,1250.0,32.0,105.0,90.0,100.0,600000.0,43478.260869565216,18181.81818181818,1.0396039603960396,4.663439094112067,3.7240340994049888,0.9394049947070782
mobility firegl v5250,2015.20703125,480.0,11.2,1250.0,50.0,157.0,90.0,150.0,600000.0,49180.32786885246,11764.70588235294,1.0397350993377483,5.062595033026967,3.726050107998219,1.3365449250287478
mobility firegl v5600,2015.162109375,120.0,12.8,1250.0,50.0,390.0,65.0,153.0,150000.0,10869.565217391304,2941.176470588235,2.5324675324675323,5.968707559985366,3.7280661165914637,2.240641443393902
mobility hd 2300,2015.1171875,480.0,12.8,1250.0,50.0,107.0,80.0,100.0,600000.0,43478.260869565216,11764.70588235294,1.0594059405940595,4.68213122712422,3.7300821251847083,0.9520491019395116
mobility hd 2400,2015.072265625,40.0,6.4,1250.0,50.0,180.0,65.0,85.0,50000.0,6756.756756756757,980.3921568627451,2.0930232558139537,5.198497031265826,3.7320981337779386,1.4663988974878874
mobility hd 2400 xt,2015.02734375,40.0,6.4,1250.0,50.0,180.0,65.0,85.0,50000.0,6756.756756756757,980.3921568627451,2.0930232558139537,5.198497031265826,3.734114142371183,1.4643828888946429
mobility hd 2400 xt mac edition,2014.982421875,40.0,12.8,1250.0,50.0,180.0,65.0,85.0,50000.0,3623.188405797101,980.3921568627451,2.0930232558139537,5.198497031265826,3.7361301509644136,1.4623668803014125
mobility hd 2600,2014.9375,120.0,12.8,1250.0,50.0,390.0,65.0,153.0,150000.0,10869.565217391304,2941.176470588235,2.5324675324675323,5.968707559985366,3.738146159557658,2.2305614004277077
mobility hd 2600 xt,2014.892578125,120.0,24.0,1250.0,50.0,390.0,65.0,153.0,150000.0,6000.0,2941.176470588235,2.5324675324675323,5.968707559985366,3.7401621681509027,2.228545391834463
mobility hd 2600 xt mac edition,2014.84765625,120.0,21.92,1250.0,50.0,390.0,65.0,153.0,150000.0,6544.502617801047,2941.176470588235,2.5324675324675323,5.968707559985366,3.742178176744133,2.2265293832412327
mobility hd 2700,2014.802734375,120.0,22.4,1250.0,35.0,390.0,65.0,153.0,150000.0,6410.256410256411,4166.666666666667,2.5324675324675323,5.968707559985366,3.7441941853373777,2.224513374647988
mobility x1600 mac edition,2014.7578125,480.0,12.67,1250.0,50.0,157.0,90.0,150.0,600000.0,43891.73372348208,11764.70588235294,1.0397350993377483,5.062595033026967,3.7462101939306223,1.3163848390963446
mobility x1900,2014.712890625,480.0,30.08,1250.0,50.0,312.0,80.0,230.0,600000.0,19305.019305019305,11764.70588235294,1.3506493506493507,5.746203190540153,3.7482262025238526,1.9979769880163003
mobility x2300,2014.66796875,480.0,6.272,1250.0,50.0,105.0,90.0,100.0,600000.0,82508.2508250825,11764.70588235294,1.0396039603960396,4.663439094112067,3.750242211117097,0.9131968829949697
mobility x2300,2014.623046875,480.0,7.136,1250.0,50.0,105.0,90.0,100.0,600000.0,73746.3126843658,11764.70588235294,1.0396039603960396,4.663439094112067,3.7522582197103276,0.9111808744017393
mobility x2300 hd,2014.578125,480.0,3.024,1250.0,50.0,107.0,80.0,100.0,600000.0,149105.36779324056,11764.70588235294,1.0594059405940595,4.68213122712422,3.754274228303572,0.9278569988206478
mobility x2500,2014.533203125,480.0,12.8,1250.0,50.0,157.0,90.0,150.0,600000.0,43478.260869565216,11764.70588235294,1.0397350993377483,5.062595033026967,3.7562902368968167,1.3063047961301502
e2400,2014.48828125,40.0,11.2,1250.0,25.0,180.0,65.0,85.0,50000.0,4098.360655737705,1923.076923076923,2.0930232558139537,5.198497031265826,3.758306245490047,1.440190785775779
hd 2350 pro,2014.443359375,40.0,6.4,1250.0,20.0,180.0,65.0,85.0,50000.0,6756.756756756757,2380.9523809523807,2.0930232558139537,5.198497031265826,3.7603222540832917,1.4381747771825344
hd 2400 pro,2014.3984375,40.0,6.4,1250.0,20.0,180.0,65.0,85.0,50000.0,6756.756756756757,2380.9523809523807,2.0930232558139537,5.198497031265826,3.762338262676522,1.436158768589304
hd 2400 pro agp,2014.353515625,40.0,6.4,1250.0,20.0,180.0,65.0,85.0,50000.0,6756.756756756757,2380.9523809523807,2.0930232558139537,5.198497031265826,3.7643542712697666,1.4341427599960594
hd 2400 pro pci,2014.30859375,40.0,6.4,1250.0,20.0,180.0,65.0,85.0,50000.0,6756.756756756757,2380.9523809523807,2.0930232558139537,5.198497031265826,3.766370279863011,1.4321267514028149
hd 2400 xt,2014.263671875,40.0,8.0,1250.0,25.0,180.0,65.0,85.0,50000.0,5555.555555555556,1923.076923076923,2.0930232558139537,5.198497031265826,3.7683862884562416,1.4301107428095845
hd 2600 pro,2014.21875,120.0,16.0,1250.0,35.0,390.0,65.0,153.0,150000.0,8823.529411764706,4166.666666666667,2.5324675324675323,5.968707559985366,3.770402297049486,2.1983052629358797
hd 2600 pro agp,2014.173828125,120.0,12.67,1250.0,35.0,390.0,65.0,153.0,150000.0,10972.93343087052,4166.666666666667,2.5324675324675323,5.968707559985366,3.7724183056427165,2.1962892543426493
hd 2600 xt,2014.12890625,120.0,22.4,1250.0,45.0,390.0,65.0,153.0,150000.0,6410.256410256411,3260.8695652173915,2.5324675324675323,5.968707559985366,3.774434314235961,2.1942732457494047
hd 2600 xt,2014.083984375,120.0,35.2,1250.0,50.0,390.0,65.0,153.0,150000.0,4143.646408839779,2941.176470588235,2.5324675324675323,5.968707559985366,3.7764503228292057,2.19225723715616
hd 2600 xt agp,2014.0390625,120.0,25.6,1250.0,45.0,390.0,65.0,153.0,150000.0,5639.097744360902,3260.8695652173915,2.5324675324675323,5.968707559985366,3.778466331422436,2.19024122856293
hd 2600 xt agp,2013.994140625,120.0,12.96,1250.0,45.0,378.0,55.0,135.0,150000.0,10744.985673352436,3260.8695652173915,2.7794117647058822,5.937536205082426,3.7804823400156806,2.1570538650667457
hd 2600 xt x2,2013.94921875,120.0,25.6,1250.0,50.0,390.0,65.0,153.0,150000.0,5639.097744360902,2941.176470588235,2.5324675324675323,5.968707559985366,3.782498348608925,2.1862092113764406
hd 2900 gt,2013.904296875,240.0,51.2,1250.0,150.0,720.0,80.0,420.0,300000.0,5747.126436781609,1986.7549668874171,1.7102137767220902,6.580639137284949,3.7845143572021556,2.7961247800827937
hd 2900 pro,2013.859375,320.0,51.2,1250.0,200.0,720.0,80.0,420.0,400000.0,7662.835249042145,1990.0497512437812,1.7102137767220902,6.580639137284949,3.7865303657954,2.794108771489549
hd 2900 xt,2013.814453125,320.0,106.0,1250.0,215.0,720.0,80.0,420.0,400000.0,3738.3177570093458,1851.851851851852,1.7102137767220902,6.580639137284949,3.7885463743886305,2.792092762896319
hd 3450,2013.76953125,40.0,8.0,1250.0,25.0,181.0,55.0,67.0,50000.0,5555.555555555556,1923.076923076923,2.661764705882353,5.204006687076795,3.790562382981875,1.41344430409492
hd 3450 x2,2013.724609375,40.0,8.0,1250.0,50.0,181.0,55.0,67.0,50000.0,5555.555555555556,980.3921568627451,2.661764705882353,5.204006687076795,3.7925783915751197,1.4114282955016755
hd 3850,2013.6796875,320.0,53.12,1250.0,75.0,666.0,55.0,192.0,400000.0,7390.983000739098,5263.1578947368425,3.4507772020725387,6.502790045915623,3.79459440016835,2.7081956457472733
hd 3870,2013.634765625,320.0,72.06,1250.0,106.0,666.0,55.0,192.0,400000.0,5474.952094169176,3738.3177570093458,3.4507772020725387,6.502790045915623,3.7966104087615946,2.7061796371540288
x1050 agp,2013.58984375,480.0,6.496,1250.0,24.0,60.0,130.0,76.0,600000.0,80042.68943436499,24000.0,0.7792207792207793,4.110873864173311,3.798626417354825,0.3122474468184864
x1550,2013.544921875,480.0,12.8,1250.0,27.0,107.0,90.0,100.0,600000.0,43478.260869565216,21428.571428571428,1.0594059405940595,4.68213122712422,3.8006424259480696,0.8814888011761504
x1550,2013.5,480.0,12.8,1250.0,27.0,105.0,90.0,100.0,600000.0,43478.260869565216,21428.571428571428,1.0396039603960396,4.663439094112067,3.802658434541314,0.8607806595707528
x1550,2013.455078125,480.0,5.328,1250.0,27.0,107.0,90.0,100.0,600000.0,94816.68773704172,21428.571428571428,1.0594059405940595,4.68213122712422,3.8046744431345445,0.8774567839896754
x1550 agp,2013.41015625,480.0,5.28,1250.0,27.0,107.0,90.0,100.0,600000.0,95541.40127388535,21428.571428571428,1.0594059405940595,4.68213122712422,3.806690451727789,0.8754407753964308
x1550 pci,2013.365234375,480.0,4.256,1250.0,27.0,105.0,90.0,100.0,600000.0,114155.25114155251,21428.571428571428,1.0396039603960396,4.663439094112067,3.8087064603210194,0.8547326337910475
x1600,2013.3203125,480.0,12.8,1250.0,27.0,105.0,90.0,100.0,600000.0,43478.260869565216,21428.571428571428,1.0396039603960396,4.663439094112067,3.810722468914264,0.8527166251978029
x1600 pro agp,2013.275390625,480.0,12.48,1250.0,41.0,157.0,90.0,150.0,600000.0,44510.38575667656,14285.714285714286,1.0397350993377483,5.062595033026967,3.8127384775075086,1.2498565555194583
x1600 se,2013.23046875,480.0,8.0,1250.0,27.0,107.0,90.0,100.0,600000.0,66666.66666666667,21428.571428571428,1.0594059405940595,4.68213122712422,3.814754486100739,0.867376741023481
x1650,2013.185546875,480.0,12.8,1250.0,50.0,157.0,90.0,150.0,600000.0,43478.260869565216,11764.70588235294,1.0397350993377483,5.062595033026967,3.8167704946939836,1.2458245383329833
x1650,2013.140625,480.0,6.4,1250.0,50.0,105.0,90.0,100.0,600000.0,81081.08108108108,11764.70588235294,1.0396039603960396,4.663439094112067,3.818786503287228,0.8446525908248388
x1650 agp,2013.095703125,480.0,12.8,1250.0,50.0,157.0,90.0,150.0,600000.0,43478.260869565216,11764.70588235294,1.0397350993377483,5.062595033026967,3.8208025118804585,1.2417925211465084
x1650 gt,2013.05078125,480.0,12.8,1250.0,50.0,312.0,80.0,230.0,600000.0,43478.260869565216,11764.70588235294,1.3506493506493507,5.746203190540153,3.822818520473703,1.9233846700664499
x1650 gto,2013.005859375,480.0,12.54,1250.0,50.0,157.0,90.0,150.0,600000.0,44313.14623338257,11764.70588235294,1.0397350993377483,5.062595033026967,3.8248345290669334,1.2377605039600335
x1650 pro,2012.9609375,480.0,22.4,1250.0,50.0,157.0,90.0,150.0,600000.0,25641.025641025644,11764.70588235294,1.0397350993377483,5.062595033026967,3.826850537660178,1.2357444953667889
x1650 se,2012.916015625,480.0,12.8,1250.0,27.0,107.0,90.0,100.0,600000.0,43478.260869565216,21428.571428571428,1.0594059405940595,4.68213122712422,3.8288665462534226,0.8532646808707973
x1650 se,2012.87109375,480.0,12.8,1250.0,27.0,105.0,90.0,100.0,600000.0,43478.260869565216,21428.571428571428,1.0396039603960396,4.663439094112067,3.830882554846653,0.832556539265414
x1700 fsc,2012.826171875,480.0,22.24,1250.0,44.0,157.0,80.0,131.0,600000.0,25817.55593803787,13333.333333333334,1.1893939393939394,5.062595033026967,3.8328985634398975,1.2296964695870694
x1700 se,2012.78125,480.0,16.0,1250.0,50.0,312.0,80.0,230.0,600000.0,35294.117647058825,11764.70588235294,1.3506493506493507,5.746203190540153,3.834914572033128,1.911288618507025
x1950 gt,2012.736328125,480.0,38.4,1250.0,57.0,312.0,80.0,230.0,600000.0,15228.426395939086,10344.827586206897,1.3506493506493507,5.746203190540153,3.8369305806263725,1.9092726099137804
x1950 gt agp,2012.69140625,480.0,38.4,1250.0,57.0,312.0,80.0,230.0,600000.0,15228.426395939086,10344.827586206897,1.3506493506493507,5.746203190540153,3.838946589219617,1.9072566013205359
x1950 pro dual,2012.646484375,480.0,44.16,1250.0,130.0,312.0,80.0,230.0,600000.0,13286.093888396812,4580.152671755725,1.3506493506493507,5.746203190540153,3.8409625978128474,1.9052405927273055
x1950 xtx uber edition,2012.6015625,480.0,67.2,1250.0,125.0,384.0,90.0,352.0,600000.0,8797.653958944282,4761.9047619047615,1.0878186968838528,5.953243334287785,3.842978606406092,2.1102647278816926
x550 xt,2012.556640625,480.0,9.6,1250.0,50.0,120.0,110.0,156.0,600000.0,56603.77358490566,11764.70588235294,0.7643312101910829,4.795790545596741,3.8449946149993224,0.950795930597419
x550 xtx,2012.51171875,480.0,4.8,1250.0,50.0,120.0,110.0,156.0,600000.0,103448.27586206897,11764.70588235294,0.7643312101910829,4.795790545596741,3.847010623592567,0.9487799220041744
x800 gt agp,2012.466796875,480.0,31.55,1250.0,40.0,160.0,130.0,281.0,600000.0,18433.179723502304,14634.146341463415,0.5673758865248227,5.081404364984463,3.8490266321858115,1.2323777327986516
x800 gto,2012.421875,480.0,22.4,1250.0,49.0,160.0,130.0,289.0,600000.0,25641.025641025644,12000.0,0.5517241379310345,5.081404364984463,3.851042640779042,1.2303617242054212
x800 gto agp,2012.376953125,480.0,31.36,1250.0,49.0,160.0,130.0,281.0,600000.0,18541.40914709518,12000.0,0.5673758865248227,5.081404364984463,3.8530586493722865,1.2283457156121766
xpress 1100 igp,2012.33203125,480.0,40.0,1250.0,50.0,29.0,130.0,73.0,600000.0,14634.146341463415,11764.70588235294,0.3918918918918919,3.4011973816621555,3.855074657965531,-0.4538772763033756
xpress 1150 igp,2012.287109375,480.0,40.0,1250.0,50.0,29.0,110.0,73.0,600000.0,14634.146341463415,11764.70588235294,0.3918918918918919,3.4011973816621555,3.8570906665587614,-0.45589328489660597
xpress 1200 igp,2012.2421875,480.0,40.0,1250.0,50.0,120.0,80.0,73.0,600000.0,14634.146341463415,11764.70588235294,1.6216216216216217,4.795790545596741,3.859106675152006,0.9366838704447353
xpress 1200 igp,2012.197265625,480.0,40.0,1250.0,50.0,120.0,80.0,73.0,600000.0,14634.146341463415,11764.70588235294,1.6216216216216217,4.795790545596741,3.8611226837452364,0.934667861851505
xpress 1200 mobile igp,2012.15234375,480.0,40.0,1250.0,50.0,120.0,90.0,73.0,600000.0,14634.146341463415,11764.70588235294,1.6216216216216217,4.795790545596741,3.863138692338481,0.9326518532582604
xpress 1200 mobile igp,2012.107421875,480.0,40.0,1250.0,50.0,120.0,80.0,73.0,600000.0,14634.146341463415,11764.70588235294,1.6216216216216217,4.795790545596741,3.8651547009317255,0.9306358446650158
xpress 1250 igp,2012.0625,480.0,40.0,1250.0,50.0,120.0,80.0,73.0,600000.0,14634.146341463415,11764.70588235294,1.6216216216216217,4.795790545596741,3.867170709524956,0.9286198360717854
xpress 1250 mobile igp,2012.017578125,480.0,40.0,1250.0,50.0,120.0,90.0,73.0,600000.0,14634.146341463415,11764.70588235294,1.6216216216216217,4.795790545596741,3.8691867181182005,0.9266038274785409
xpress 1250 mobile igp,2011.97265625,480.0,40.0,1250.0,50.0,120.0,80.0,73.0,600000.0,14634.146341463415,11764.70588235294,1.6216216216216217,4.795790545596741,3.871202726711431,0.9245878188853105
xpress 1270 mobile igp,2011.927734375,480.0,40.0,1250.0,50.0,120.0,80.0,73.0,600000.0,14634.146341463415,11764.70588235294,1.6216216216216217,4.795790545596741,3.8732187353046754,0.9225718102920659
xpress 1270 mobile igp,2011.8828125,480.0,40.0,1250.0,50.0,120.0,80.0,73.0,600000.0,14634.146341463415,11764.70588235294,1.6216216216216217,4.795790545596741,3.87523474389792,0.9205558016988213
xbox 360 gpu 80nm,2011.837890625,240.0,22.4,1250.0,175.0,232.0,80.0,156.0,300000.0,12820.512820512822,1704.5454545454545,1.4777070063694266,5.4510384535657,3.8772507524911504,1.5737877010745498
all in wonder hd 3650,2011.79296875,120.0,19.2,1250.0,55.0,378.0,55.0,135.0,150000.0,7425.742574257426,2678.5714285714284,2.7794117647058822,5.937536205082426,3.879266761084395,2.0582694439980314
firemv 2260,2011.748046875,40.0,8.0,1250.0,15.0,181.0,55.0,67.0,50000.0,5555.555555555556,3125.0,2.661764705882353,5.204006687076795,3.8812827696776253,1.3227239173991698
firemv 2260 pcie x1,2011.703125,40.0,8.0,1250.0,15.0,181.0,55.0,67.0,50000.0,5555.555555555556,3125.0,2.661764705882353,5.204006687076795,3.88329877827087,1.3207079088059253
firemv 2400 pci,2011.658203125,480.0,16.0,1250.0,20.0,75.0,130.0,92.0,600000.0,35294.117647058825,28571.428571428572,0.8064516129032258,4.330733340286331,3.8853147868641145,0.4454185534222166
firemv 2400 pcie x1,2011.61328125,480.0,6.496,1250.0,20.0,75.0,130.0,92.0,600000.0,80042.68943436499,28571.428571428572,0.8064516129032258,4.330733340286331,3.887330795457345,0.4434025448289862
firepro 2260 pci,2011.568359375,40.0,8.0,1250.0,15.0,181.0,55.0,67.0,50000.0,5555.555555555556,3125.0,2.661764705882353,5.204006687076795,3.8893468040505894,1.3146598830262057
firepro v3700,2011.5234375,40.0,15.2,1250.0,32.0,181.0,55.0,67.0,50000.0,3086.41975308642,1515.1515151515152,2.661764705882353,5.204006687076795,3.891362812643834,1.3126438744329612
firepro v3750,2011.478515625,320.0,22.4,1250.0,48.0,514.0,55.0,146.0,400000.0,17094.017094017094,8163.265306122449,3.496598639455782,6.244166900663736,3.8933788212370644,2.350788079426672
firepro v5700,2011.43359375,320.0,28.8,1250.0,56.0,514.0,55.0,146.0,400000.0,13422.818791946309,7017.543859649123,3.496598639455782,6.244166900663736,3.895394829830309,2.3487720708334274
firepro v8700,2011.388671875,800.0,108.8,1250.0,151.0,956.0,55.0,256.0,1000000.0,9107.468123861567,6578.9473684210525,3.719844357976654,6.863803391452954,3.8974108384235393,2.966392553029415
firepro v8750,2011.34375,800.0,115.2,1250.0,151.0,956.0,55.0,256.0,1000000.0,8605.851979345955,6578.9473684210525,3.719844357976654,6.863803391452954,3.899426847016784,2.9643765444361705
mobility firegl v5700,2011.298828125,120.0,22.4,1250.0,50.0,378.0,55.0,135.0,150000.0,6410.256410256411,2941.176470588235,2.7794117647058822,5.937536205082426,3.9014428556100285,2.036093349472398
mobility hd 3410,2011.25390625,40.0,6.4,1250.0,7.0,181.0,55.0,67.0,50000.0,6756.756756756757,6250.0,2.661764705882353,5.204006687076795,3.903458864203259,1.3005478228735363
mobility hd 3430,2011.208984375,40.0,6.4,1250.0,12.0,181.0,55.0,67.0,50000.0,6756.756756756757,3846.153846153846,2.661764705882353,5.204006687076795,3.9054748727965034,1.2985318142802917
mobility hd 3450,2011.1640625,40.0,6.4,1250.0,50.0,181.0,55.0,67.0,50000.0,6756.756756756757,980.3921568627451,2.661764705882353,5.204006687076795,3.9074908813897338,1.2965158056870614
mobility hd 3470,2011.119140625,40.0,6.4,1250.0,50.0,181.0,55.0,67.0,50000.0,6756.756756756757,980.3921568627451,2.661764705882353,5.204006687076795,3.9095068899829784,1.2944997970938168
mobility hd 3650,2011.07421875,120.0,22.4,1250.0,50.0,378.0,55.0,135.0,150000.0,6410.256410256411,2941.176470588235,2.7794117647058822,5.937536205082426,3.911522898576223,2.0260133065062034
mobility hd 3670,2011.029296875,120.0,25.6,1250.0,30.0,378.0,55.0,135.0,150000.0,5639.097744360902,4838.709677419355,2.7794117647058822,5.937536205082426,3.9135389071694533,2.023997297912973
mobility hd 3850,2010.984375,320.0,48.0,1250.0,35.0,666.0,55.0,192.0,400000.0,8163.265306122449,11111.111111111111,3.4507772020725387,6.502790045915623,3.915554915762698,2.5872351301529255
mobility hd 3850 x2,2010.939453125,320.0,48.0,1250.0,70.0,666.0,55.0,192.0,400000.0,8163.265306122449,5633.802816901409,3.4507772020725387,6.502790045915623,3.9175709243559425,2.585219121559681
mobility hd 3870,2010.89453125,320.0,54.4,1250.0,55.0,666.0,55.0,192.0,400000.0,7220.216606498195,7142.857142857143,3.4507772020725387,6.502790045915623,3.919586932949173,2.5832031129664506
mobility hd 3870 x2,2010.849609375,320.0,54.4,1250.0,110.0,666.0,55.0,192.0,400000.0,7220.216606498195,3603.6036036036035,3.4507772020725387,6.502790045915623,3.9216029415424174,2.581187104373206
2100 igp,2010.8046875,480.0,40.0,1250.0,50.0,120.0,55.0,73.0,600000.0,14634.146341463415,11764.70588235294,1.6216216216216217,4.795790545596741,3.9236189501356478,0.8721715954610936
3100 igp,2010.759765625,40.0,40.0,1250.0,50.0,180.0,65.0,85.0,50000.0,1219.5121951219512,980.3921568627451,2.0930232558139537,5.198497031265826,3.9256349587288923,1.2728620725369337
3100 mobile igp,2010.71484375,40.0,40.0,1250.0,50.0,180.0,65.0,85.0,50000.0,1219.5121951219512,980.3921568627451,2.0930232558139537,5.198497031265826,3.927650967322137,1.2708460639436892
hd 2400,2010.669921875,40.0,7.92,1250.0,20.0,180.0,65.0,85.0,50000.0,5605.3811659192825,2380.9523809523807,2.0930232558139537,5.198497031265826,3.9296669759153673,1.2688300553504588
hd 2600 xt mac edition,2010.625,120.0,25.6,1250.0,45.0,390.0,65.0,153.0,150000.0,5639.097744360902,3260.8695652173915,2.5324675324675323,5.968707559985366,3.931682984508612,2.037024575476754
hd 3200 igp,2010.580078125,40.0,40.0,1250.0,50.0,180.0,65.0,85.0,50000.0,1219.5121951219512,980.3921568627451,2.0930232558139537,5.198497031265826,3.9336989931018422,1.2647980381639838
hd 3300 igp,2010.53515625,40.0,40.0,1250.0,50.0,180.0,65.0,85.0,50000.0,1219.5121951219512,980.3921568627451,2.0930232558139537,5.198497031265826,3.935715001695087,1.2627820295707393
hd 3450 agp,2010.490234375,40.0,8.0,1250.0,25.0,181.0,55.0,67.0,50000.0,5555.555555555556,1923.076923076923,2.661764705882353,5.204006687076795,3.9377310102883314,1.2662756767884638
hd 3450 pci,2010.4453125,40.0,6.4,1250.0,25.0,181.0,55.0,67.0,50000.0,6756.756756756757,1923.076923076923,2.661764705882353,5.204006687076795,3.9397470188815618,1.2642596681952334
hd 3470,2010.400390625,40.0,15.2,1250.0,30.0,181.0,55.0,67.0,50000.0,3086.41975308642,1612.9032258064517,2.661764705882353,5.204006687076795,3.9417630274748063,1.2622436596019888
hd 3550,2010.35546875,40.0,6.336,1250.0,30.0,181.0,55.0,67.0,50000.0,6815.703380588877,1612.9032258064517,2.661764705882353,5.204006687076795,3.9437790360680367,1.2602276510087584
hd 3650,2010.310546875,120.0,25.6,1250.0,65.0,378.0,55.0,135.0,150000.0,5639.097744360902,2272.7272727272725,2.7794117647058822,5.937536205082426,3.9457950446612813,1.991741160421145
hd 3650 agp,2010.265625,120.0,16.0,1250.0,65.0,378.0,55.0,135.0,150000.0,8823.529411764706,2272.7272727272725,2.7794117647058822,5.937536205082426,3.947811053254526,1.9897251518279004
hd 3690,2010.220703125,320.0,26.56,1250.0,75.0,666.0,55.0,192.0,400000.0,14513.78809869376,5263.1578947368425,3.4507772020725387,6.502790045915623,3.9498270618477562,2.552962984067867
hd 3730,2010.17578125,120.0,12.67,1250.0,65.0,378.0,55.0,135.0,150000.0,10972.93343087052,2272.7272727272725,2.7794117647058822,5.937536205082426,3.951843070441001,1.9856931346414255
hd 3750,2010.130859375,120.0,22.18,1250.0,65.0,378.0,55.0,135.0,150000.0,6471.095772217429,2272.7272727272725,2.7794117647058822,5.937536205082426,3.9538590790342454,1.983677126048181
hd 3830,2010.0859375,320.0,26.5,1250.0,75.0,666.0,55.0,192.0,400000.0,14545.454545454546,5263.1578947368425,3.4507772020725387,6.502790045915623,3.9558750876274758,2.5469149582881476
hd 3850 agp,2010.041015625,320.0,52.99,1250.0,75.0,666.0,55.0,192.0,400000.0,7408.7794035932575,5263.1578947368425,3.4507772020725387,6.502790045915623,3.9578910962207203,2.544898949694903
hd 3850 x2,2009.99609375,320.0,52.99,1250.0,140.0,666.0,55.0,192.0,400000.0,7408.7794035932575,2836.8794326241136,3.4507772020725387,6.502790045915623,3.9599071048139507,2.5428829411016727
hd 3870 mac edition,2009.951171875,320.0,72.06,1250.0,106.0,666.0,55.0,192.0,400000.0,5474.952094169176,3738.3177570093458,3.4507772020725387,6.502790045915623,3.9619231134071953,2.540866932508428
hd 3870 x2,2009.90625,320.0,57.66,1250.0,165.0,666.0,55.0,192.0,400000.0,6818.956699624958,2409.6385542168673,3.4507772020725387,6.502790045915623,3.96393912200044,2.5388509239151835
hd 4350,2009.861328125,80.0,6.4,1250.0,20.0,242.0,55.0,73.0,100000.0,13513.513513513513,4761.9047619047615,3.27027027027027,5.493061443340548,3.96595513059367,1.527106312746878
hd 4350 agp,2009.81640625,80.0,10.4,1250.0,20.0,242.0,55.0,73.0,100000.0,8771.929824561403,4761.9047619047615,3.27027027027027,5.493061443340548,3.967971139186915,1.5250903041536334
hd 4350 pci,2009.771484375,80.0,6.4,1250.0,20.0,242.0,55.0,73.0,100000.0,13513.513513513513,4761.9047619047615,3.27027027027027,5.493061443340548,3.969987147780145,1.523074295560403
hd 4350 pcie x1,2009.7265625,80.0,6.4,1250.0,20.0,242.0,55.0,73.0,100000.0,13513.513513513513,4761.9047619047615,3.27027027027027,5.493061443340548,3.9720031563733897,1.5210582869671585
hd 4550,2009.681640625,80.0,10.48,1250.0,25.0,242.0,55.0,73.0,100000.0,8710.801393728223,3846.153846153846,3.27027027027027,5.493061443340548,3.9740191649666343,1.519042278373914
hd 4570,2009.63671875,80.0,8.0,1250.0,25.0,242.0,55.0,73.0,100000.0,11111.111111111111,3846.153846153846,3.27027027027027,5.493061443340548,3.9760351735598647,1.5170262697806836
hd 4650,2009.591796875,320.0,22.4,1250.0,48.0,514.0,55.0,146.0,400000.0,17094.017094017094,8163.265306122449,3.496598639455782,6.244166900663736,3.9780511821531093,2.266115718510627
hd 4650 agp,2009.546875,320.0,12.8,1250.0,48.0,514.0,55.0,146.0,400000.0,28985.50724637681,8163.265306122449,3.496598639455782,6.244166900663736,3.9800671907463396,2.2640997099173967
hd 4670,2009.501953125,320.0,32.0,1250.0,59.0,514.0,55.0,146.0,400000.0,12121.212121212122,6666.666666666667,3.496598639455782,6.244166900663736,3.982083199339584,2.262083701324152
hd 4670 x2,2009.45703125,320.0,22.4,1250.0,118.0,514.0,55.0,146.0,400000.0,17094.017094017094,3361.344537815126,3.496598639455782,6.244166900663736,3.984099207932829,2.2600676927309076
hd 4710,2009.412109375,320.0,25.6,1250.0,59.0,514.0,55.0,146.0,400000.0,15037.593984962405,6666.666666666667,3.496598639455782,6.244166900663736,3.986115216526059,2.258051684137677
hd 4730 oem,2009.3671875,320.0,25.34,1250.0,110.0,666.0,55.0,192.0,400000.0,15186.028853454822,3603.6036036036035,3.4507772020725387,6.502790045915623,3.9881312251193037,2.5146588207963196
hd 4830,2009.322265625,640.0,57.6,1250.0,95.0,956.0,55.0,256.0,800000.0,13651.877133105801,8333.333333333334,3.719844357976654,6.863803391452954,3.9901472337125483,2.873656157740406
hd 4850,2009.27734375,800.0,63.55,1250.0,110.0,956.0,55.0,256.0,1000000.0,15491.866769945778,9009.009009009009,3.719844357976654,6.863803391452954,3.9921632423057787,2.8716401491471757
hd 4850 x2,2009.232421875,800.0,63.68,1250.0,250.0,956.0,55.0,256.0,1000000.0,15460.72974644403,3984.06374501992,3.719844357976654,6.863803391452954,3.9941792508990233,2.869624140553931
hd 4870,2009.1875,800.0,115.2,1250.0,150.0,956.0,55.0,256.0,1000000.0,8605.851979345955,6622.516556291391,3.719844357976654,6.863803391452954,3.9961952594922536,2.8676081319607007
hd 4870 x2,2009.142578125,800.0,115.2,1250.0,286.0,956.0,55.0,256.0,1000000.0,8605.851979345955,3484.320557491289,3.719844357976654,6.863803391452954,3.998211268085498,2.865592123367456
x1050,2009.09765625,480.0,3.2,1250.0,24.0,120.0,110.0,156.0,600000.0,142857.14285714284,24000.0,0.7643312101910829,4.795790545596741,4.000227276678743,0.7955632689179986
xpress 2100 igp,2009.052734375,40.0,40.0,1250.0,50.0,180.0,65.0,85.0,50000.0,1219.5121951219512,980.3921568627451,2.0930232558139537,5.198497031265826,4.002243285271973,1.196253745993853
xbox 360 gpu 65nm,2009.0078125,240.0,22.4,1250.0,150.0,232.0,65.0,121.0,300000.0,12820.512820512822,1986.7549668874171,1.901639344262295,5.4510384535657,4.004259293865218,1.4467791597004824
firepro 2450 multi view,2008.962890625,40.0,6.4,1250.0,32.0,181.0,55.0,67.0,50000.0,6756.756756756757,1515.1515151515152,2.661764705882353,5.204006687076795,4.006275302458448,1.197731384618347
firepro 2450 multi view pcie x1,2008.91796875,40.0,6.4,1250.0,32.0,181.0,55.0,67.0,50000.0,6756.756756756757,1515.1515151515152,2.661764705882353,5.204006687076795,4.008291311051693,1.1957153760251025
firepro m5725,2008.873046875,320.0,25.6,1250.0,35.0,514.0,55.0,146.0,400000.0,15037.593984962405,11111.111111111111,3.496598639455782,6.244166900663736,4.010307319644937,2.233859581018799
firepro m7740,2008.828125,640.0,54.14,1250.0,60.0,826.0,40.0,137.0,800000.0,14508.523757707653,13114.754098360656,5.9855072463768115,6.717804695023691,4.012323328238168,2.7054813667855235
firepro v7750,2008.783203125,320.0,28.8,1250.0,76.0,514.0,55.0,146.0,400000.0,13422.818791946309,5194.805194805195,3.496598639455782,6.244166900663736,4.014339336831412,2.229827563832324
mobility firegl v5725,2008.73828125,120.0,25.6,1250.0,50.0,378.0,55.0,135.0,150000.0,5639.097744360902,2941.176470588235,2.7794117647058822,5.937536205082426,4.016355345424643,1.9211808596577837
mobility hd 4100 igp,2008.693359375,40.0,40.0,1250.0,50.0,181.0,55.0,67.0,50000.0,1219.5121951219512,980.3921568627451,2.661764705882353,5.204006687076795,4.018371354017887,1.185635333058908
mobility hd 4200 igp,2008.6484375,40.0,40.0,1250.0,50.0,181.0,55.0,67.0,50000.0,1219.5121951219512,980.3921568627451,2.661764705882353,5.204006687076795,4.020387362611132,1.1836193244656634
mobility hd 4330,2008.603515625,80.0,9.6,1250.0,50.0,242.0,55.0,73.0,100000.0,9433.962264150943,1960.7843137254902,3.27027027027027,5.493061443340548,4.022403371204362,1.4706580721361862
mobility hd 4350,2008.55859375,80.0,12.8,1250.0,50.0,242.0,55.0,73.0,100000.0,7246.376811594202,1960.7843137254902,3.27027027027027,5.493061443340548,4.024419379797607,1.4686420635429416
mobility hd 4530,2008.513671875,80.0,11.2,1250.0,50.0,242.0,55.0,73.0,100000.0,8196.72131147541,1960.7843137254902,3.27027027027027,5.493061443340548,4.026435388390851,1.466626054949697
mobility hd 4570,2008.46875,80.0,12.8,1250.0,50.0,242.0,55.0,73.0,100000.0,7246.376811594202,1960.7843137254902,3.27027027027027,5.493061443340548,4.028451396984082,1.4646100463564666
mobility hd 4650,2008.423828125,320.0,21.34,1250.0,35.0,514.0,55.0,146.0,400000.0,17905.102954341986,11111.111111111111,3.496598639455782,6.244166900663736,4.030467405577326,2.21369949508641
mobility hd 4670,2008.37890625,320.0,25.6,1250.0,35.0,514.0,55.0,146.0,400000.0,15037.593984962405,11111.111111111111,3.496598639455782,6.244166900663736,4.032483414170557,2.21168348649318
mobility hd 4670 mac edition,2008.333984375,320.0,25.28,1250.0,35.0,514.0,55.0,146.0,400000.0,15220.700152207,11111.111111111111,3.496598639455782,6.244166900663736,4.034499422763801,2.2096674778999352
mobility hd 4830,2008.2890625,640.0,25.6,1250.0,50.0,826.0,40.0,137.0,800000.0,30075.18796992481,15686.274509803921,5.9855072463768115,6.717804695023691,4.036515431357046,2.6812892636666454
mobility hd 4850,2008.244140625,800.0,54.4,1250.0,50.0,956.0,55.0,256.0,1000000.0,18050.54151624549,19607.843137254902,3.719844357976654,6.863803391452954,4.038531439950276,2.8252719515026783
mobility hd 4850 mac edition,2008.19921875,800.0,54.4,1250.0,50.0,956.0,55.0,256.0,1000000.0,18050.54151624549,19607.843137254902,3.719844357976654,6.863803391452954,4.040547448543521,2.8232559429094337
mobility hd 4850 x2,2008.154296875,800.0,89.6,1250.0,50.0,956.0,55.0,256.0,1000000.0,11037.527593818986,19607.843137254902,3.719844357976654,6.863803391452954,4.042563457136751,2.8212399343162033
mobility hd 4860,2008.109375,640.0,64.0,1250.0,50.0,826.0,40.0,137.0,800000.0,12307.692307692309,15686.274509803921,5.9855072463768115,6.717804695023691,4.044579465729996,2.6732252292936955
mobility hd 4870,2008.064453125,800.0,56.83,1250.0,50.0,956.0,55.0,256.0,1000000.0,17292.062943109115,19607.843137254902,3.719844357976654,6.863803391452954,4.04659547432324,2.817207917129714
mobility hd 4870 x2,2008.01953125,800.0,89.6,1250.0,50.0,956.0,55.0,256.0,1000000.0,11037.527593818986,19607.843137254902,3.719844357976654,6.863803391452954,4.0486114829164705,2.815191908536484
3000 igp,2007.974609375,40.0,40.0,1250.0,50.0,180.0,65.0,85.0,50000.0,1219.5121951219512,980.3921568627451,2.0930232558139537,5.198497031265826,4.050627491509715,1.147869539756111
e4690 mxm,2007.9296875,320.0,22.4,1250.0,30.0,514.0,55.0,146.0,400000.0,17094.017094017094,12903.225806451614,3.496598639455782,6.244166900663736,4.0526435001029455,2.191523400560791
e4690 mxm,2007.884765625,320.0,22.4,1250.0,30.0,514.0,55.0,146.0,400000.0,17094.017094017094,12903.225806451614,3.496598639455782,6.244166900663736,4.05465950869619,2.1895073919675463
e4690 pcie,2007.83984375,320.0,22.4,1250.0,30.0,514.0,55.0,146.0,400000.0,17094.017094017094,12903.225806451614,3.496598639455782,6.244166900663736,4.056675517289435,2.1874913833743017
hd 3200 mobile igp,2007.794921875,40.0,40.0,1250.0,50.0,180.0,65.0,85.0,50000.0,1219.5121951219512,980.3921568627451,2.0930232558139537,5.198497031265826,4.058691525882665,1.139805505383161
hd 3410,2007.75,40.0,6.336,1250.0,20.0,180.0,65.0,85.0,50000.0,6815.703380588877,2380.9523809523807,2.0930232558139537,5.198497031265826,4.06070753447591,1.1377894967899165
hd 3610,2007.705078125,120.0,12.67,1250.0,35.0,390.0,65.0,153.0,150000.0,10972.93343087052,4166.666666666667,2.5324675324675323,5.968707559985366,4.062723543069154,1.9059840169162117
hd 4200 igp,2007.66015625,40.0,40.0,1250.0,50.0,181.0,55.0,67.0,50000.0,1219.5121951219512,980.3921568627451,2.661764705882353,5.204006687076795,4.0647395516623845,1.1392671354144106
hd 4250,2007.615234375,40.0,6.336,1250.0,25.0,181.0,55.0,67.0,50000.0,6815.703380588877,1923.076923076923,2.661764705882353,5.204006687076795,4.066755560255629,1.137251126821166
hd 4520,2007.5703125,80.0,6.4,1250.0,25.0,242.0,55.0,73.0,100000.0,13513.513513513513,3846.153846153846,3.27027027027027,5.493061443340548,4.0687715688488595,1.4242898744916888
hd 4570 rebrand,2007.525390625,120.0,12.67,1250.0,65.0,378.0,55.0,135.0,150000.0,10972.93343087052,2272.7272727272725,2.7794117647058822,5.937536205082426,4.070787577442104,1.8667486276403222
hd 4670 agp,2007.48046875,320.0,25.6,1250.0,59.0,514.0,55.0,146.0,400000.0,15037.593984962405,6666.666666666667,3.496598639455782,6.244166900663736,4.072803586035349,2.1713633146283877
hd 4730,2007.435546875,640.0,57.6,1250.0,110.0,956.0,55.0,256.0,800000.0,13651.877133105801,7207.207207207207,3.719844357976654,6.863803391452954,4.074819594628579,2.7889837968243754
hd 4750,2007.390625,640.0,51.2,1250.0,100.0,826.0,40.0,137.0,800000.0,15325.67049808429,7920.792079207921,5.9855072463768115,6.717804695023691,4.076835603221824,2.6409690918018676
hd 4770,2007.345703125,640.0,51.2,1250.0,80.0,826.0,40.0,137.0,800000.0,15325.67049808429,9876.543209876543,5.9855072463768115,6.717804695023691,4.078851611815054,2.638953083208637
hd 4810,2007.30078125,640.0,57.6,1250.0,95.0,956.0,55.0,256.0,800000.0,13651.877133105801,8333.333333333334,3.719844357976654,6.863803391452954,4.0808676204082985,2.782935771044656
hd 4860,2007.255859375,640.0,96.0,1250.0,130.0,959.0,55.0,282.0,800000.0,8247.422680412372,6106.8702290076335,3.3886925795053005,6.866933284461882,4.082883629001543,2.784049655460339
hd 4870 mac edition,2007.2109375,800.0,108.8,1250.0,150.0,956.0,55.0,256.0,1000000.0,9107.468123861567,6622.516556291391,3.719844357976654,6.863803391452954,4.0848996375947735,2.778903753858181
hd 4890,2007.166015625,800.0,124.8,1250.0,190.0,959.0,55.0,282.0,1000000.0,7949.12559618442,5235.602094240838,3.3886925795053005,6.866933284461882,4.086915646188018,2.780017638273864
hd 5750,2007.12109375,720.0,73.6,1250.0,86.0,1.0,40.0,166.0,900000.0,12064.343163538875,10344.827586206897,0.005988023952095809,0.6931471805599453,4.088931654781248,-3.395784474221303
hd 5770,2007.076171875,800.0,76.8,1250.0,108.0,1.0,40.0,166.0,1000000.0,12853.470437017995,9174.311926605504,0.005988023952095809,0.6931471805599453,4.090947663374493,-3.3978004828145476
hd 5850,2007.03125,1440.0,128.0,1250.0,151.0,2.0,40.0,334.0,1800000.0,13953.488372093023,11842.105263157895,0.005970149253731343,1.0986122886681098,4.092963671967738,-2.9943513832996276
hd 5870,2006.986328125,1600.0,153.6,1250.0,188.0,2.0,40.0,334.0,2000000.0,12936.6106080207,10582.010582010582,0.005970149253731343,1.0986122886681098,4.094979680560968,-2.996367391892858
hd 5970,2006.94140625,1600.0,128.0,1250.0,294.0,2.0,40.0,334.0,2000000.0,15503.875968992248,6779.661016949152,0.005970149253731343,1.0986122886681098,4.0969956891542125,-2.9983834004861025
firepro 2460 multi view,2006.896484375,80.0,32.0,1250.0,17.0,292.0,40.0,59.0,100000.0,3030.3030303030305,5555.555555555556,4.866666666666666,5.680172609017068,4.099011697747457,1.5811609112696106
firepro m5800,2006.8515625,400.0,51.2,1250.0,26.0,627.0,40.0,104.0,500000.0,9578.544061302682,18518.51851851852,5.9714285714285715,6.4425401664681985,4.1010277063406875,2.341512460127511
firepro m7820,2006.806640625,800.0,64.0,1250.0,50.0,1.0,40.0,166.0,1000000.0,15384.615384615385,19607.843137254902,0.005988023952095809,0.6931471805599453,4.103043714933932,-3.4098965343739867
firepro v3800,2006.76171875,400.0,14.4,1250.0,43.0,627.0,40.0,104.0,500000.0,32467.532467532466,11363.636363636364,5.9714285714285715,6.4425401664681985,4.105059723527162,2.337480442941036
firepro v4800,2006.716796875,400.0,57.6,1250.0,69.0,627.0,40.0,104.0,500000.0,8532.423208191127,7142.857142857143,5.9714285714285715,6.4425401664681985,4.107075732120407,2.3354644343477915
firepro v5800,2006.671875,800.0,64.0,1250.0,74.0,1.0,40.0,166.0,1000000.0,15384.615384615385,13333.333333333334,0.005988023952095809,0.6931471805599453,4.109091740713652,-3.415944560153706
firepro v5800 dvi,2006.626953125,800.0,64.0,1250.0,74.0,1.0,40.0,166.0,1000000.0,15384.615384615385,13333.333333333334,0.005988023952095809,0.6931471805599453,4.111107749306882,-3.4179605687469365
firepro v7800,2006.58203125,1440.0,128.0,1250.0,150.0,2.0,40.0,334.0,1800000.0,13953.488372093023,11920.529801324503,0.005970149253731343,1.0986122886681098,4.1131237579001265,-3.0145114692320165
firepro v8800,2006.537109375,1600.0,147.2,1250.0,208.0,2.0,40.0,334.0,2000000.0,13495.276653171391,9569.377990430621,0.005970149253731343,1.0986122886681098,4.115139766493357,-3.016527477825247
firepro v9800,2006.4921875,1600.0,147.2,1250.0,250.0,2.0,40.0,334.0,2000000.0,13495.276653171391,7968.12749003984,0.005970149253731343,1.0986122886681098,4.1171557750866015,-3.0185434864184915
firepro v9800p,2006.447265625,1600.0,147.2,1250.0,225.0,2.0,40.0,334.0,2000000.0,13495.276653171391,8849.557522123894,0.005970149253731343,1.0986122886681098,4.119171783679846,-3.020559495011736
mobility hd 4225 igp,2006.40234375,40.0,40.0,1250.0,9.0,181.0,55.0,67.0,50000.0,1219.5121951219512,5000.0,2.661764705882353,5.204006687076795,4.121187792273076,1.0828188948037187
mobility hd 4250 igp,2006.357421875,40.0,40.0,560.0,50.0,181.0,55.0,67.0,22400.0,546.3414634146342,439.2156862745098,2.661764705882353,5.204006687076795,4.123203800866321,1.0808028862104742
mobility hd 4270 igp,2006.3125,40.0,40.0,1250.0,50.0,181.0,55.0,67.0,50000.0,1219.5121951219512,980.3921568627451,2.661764705882353,5.204006687076795,4.125219809459551,1.0787868776172438
mobility hd 4550,2006.267578125,80.0,11.2,1250.0,50.0,242.0,55.0,73.0,100000.0,8196.72131147541,1960.7843137254902,3.27027027027027,5.493061443340548,4.127235818052796,1.3658256252877523
mobility hd 5145,2006.22265625,80.0,14.4,1250.0,15.0,242.0,55.0,73.0,100000.0,6493.506493506493,6250.0,3.27027027027027,5.493061443340548,4.1292518266460405,1.3638096166945077
mobility hd 5165,2006.177734375,320.0,25.6,1250.0,35.0,514.0,55.0,146.0,400000.0,15037.593984962405,11111.111111111111,3.496598639455782,6.244166900663736,4.131267835239271,2.1128990654244655
mobility hd 530v,2006.1328125,80.0,8.0,1250.0,10.0,242.0,55.0,73.0,100000.0,11111.111111111111,9090.90909090909,3.27027027027027,5.493061443340548,4.1332838438325155,1.3597775995080328
mobility hd 530v,2006.087890625,80.0,9.6,1250.0,10.0,242.0,55.0,73.0,100000.0,9433.962264150943,9090.90909090909,3.27027027027027,5.493061443340548,4.13529985242576,1.3577615909147882
mobility hd 540v,2006.04296875,80.0,11.2,1250.0,15.0,242.0,55.0,73.0,100000.0,8196.72131147541,6250.0,3.27027027027027,5.493061443340548,4.13731586101899,1.3557455823215578
mobility hd 540v,2005.998046875,80.0,12.8,1250.0,15.0,242.0,55.0,73.0,100000.0,7246.376811594202,6250.0,3.27027027027027,5.493061443340548,4.139331869612235,1.3537295737283133
mobility hd 5430,2005.953125,80.0,12.8,1250.0,7.0,292.0,40.0,59.0,100000.0,7246.376811594202,12500.0,4.866666666666666,5.680172609017068,4.141347878205465,1.5388247308116023
mobility hd 5450,2005.908203125,80.0,10.67,1250.0,11.0,292.0,40.0,59.0,100000.0,8568.98029134533,8333.333333333334,4.866666666666666,5.680172609017068,4.14336388679871,1.5368087222183577
mobility hd 5450,2005.86328125,80.0,12.8,1250.0,11.0,292.0,40.0,59.0,100000.0,7246.376811594202,8333.333333333334,4.866666666666666,5.680172609017068,4.1453798953919545,1.5347927136251132
mobility hd 545v,2005.818359375,80.0,12.0,1250.0,15.0,242.0,55.0,73.0,100000.0,7692.307692307692,6250.0,3.27027027027027,5.493061443340548,4.147395903985185,1.3456655393553634
mobility hd 545v,2005.7734375,80.0,12.8,1250.0,15.0,242.0,55.0,73.0,100000.0,7246.376811594202,6250.0,3.27027027027027,5.493061443340548,4.1494119125784295,1.3436495307621188
mobility hd 5470,2005.728515625,80.0,25.6,1250.0,15.0,292.0,40.0,59.0,100000.0,3759.398496240601,6250.0,4.866666666666666,5.680172609017068,4.15142792117166,1.5287446878454078
mobility hd 550v,2005.68359375,320.0,19.2,1250.0,10.0,514.0,55.0,146.0,400000.0,19801.980198019803,36363.63636363636,3.496598639455782,6.244166900663736,4.153443929764904,2.090722970898832
mobility hd 560v,2005.638671875,320.0,22.4,1250.0,15.0,514.0,55.0,146.0,400000.0,17094.017094017094,25000.0,3.496598639455782,6.244166900663736,4.155459938358149,2.0887069623055874
mobility hd 5650,2005.59375,400.0,25.6,1250.0,15.0,627.0,40.0,104.0,500000.0,18796.992481203008,31250.0,5.9714285714285715,6.4425401664681985,4.157475946951379,2.285064219516819
mobility hd 565v,2005.548828125,320.0,25.6,1250.0,20.0,514.0,55.0,146.0,400000.0,15037.593984962405,19047.619047619046,3.496598639455782,6.244166900663736,4.159491955544624,2.0846749451191124
mobility hd 5670 mac edition,2005.50390625,400.0,25.44,1250.0,15.0,627.0,40.0,104.0,500000.0,18910.741301059,31250.0,5.9714285714285715,6.4425401664681985,4.161507964137854,2.281032202330344
mobility hd 5730,2005.458984375,400.0,25.6,1250.0,26.0,627.0,40.0,104.0,500000.0,18796.992481203008,18518.51851851852,5.9714285714285715,6.4425401664681985,4.163523972731099,2.2790161937370996
mobility hd 5750,2005.4140625,400.0,51.2,1250.0,25.0,627.0,40.0,104.0,500000.0,9578.544061302682,19230.76923076923,5.9714285714285715,6.4425401664681985,4.165539981324343,2.277000185143855
mobility hd 5770,2005.369140625,400.0,51.2,1250.0,30.0,627.0,40.0,104.0,500000.0,9578.544061302682,16129.032258064517,5.9714285714285715,6.4425401664681985,4.167555989917574,2.2749841765506247
mobility hd 5830,2005.32421875,800.0,25.6,1250.0,24.0,1.0,40.0,166.0,1000000.0,37593.984962406015,40000.0,0.005988023952095809,0.6931471805599453,4.169571998510818,-3.476424817950873
mobility hd 5850,2005.279296875,800.0,64.0,1250.0,30.0,1.0,40.0,166.0,1000000.0,15384.615384615385,32258.064516129034,0.005988023952095809,0.6931471805599453,4.171588007104063,-3.4784408265441176
mobility hd 5850 mac edition,2005.234375,800.0,64.0,1250.0,30.0,1.0,40.0,166.0,1000000.0,15384.615384615385,32258.064516129034,0.005988023952095809,0.6931471805599453,4.173604015697293,-3.480456835137348
mobility hd 5870,2005.189453125,800.0,64.0,1250.0,50.0,1.0,40.0,166.0,1000000.0,15384.615384615385,19607.843137254902,0.005988023952095809,0.6931471805599453,4.175620024290538,-3.4824728437305925
hd 3570,2005.14453125,40.0,7.92,1250.0,30.0,181.0,55.0,67.0,50000.0,5605.3811659192825,1612.9032258064517,2.661764705882353,5.204006687076795,4.177636032883768,1.0263706541930269
hd 4250 igp,2005.099609375,40.0,40.0,1250.0,50.0,181.0,55.0,67.0,50000.0,1219.5121951219512,980.3921568627451,2.661764705882353,5.204006687076795,4.179652041477013,1.0243546455997823
hd 4290 igp,2005.0546875,40.0,40.0,1250.0,50.0,181.0,55.0,67.0,50000.0,1219.5121951219512,980.3921568627451,2.661764705882353,5.204006687076795,4.181668050070257,1.0223386370065377
hd 4700,2005.009765625,320.0,12.8,1250.0,50.0,514.0,55.0,146.0,400000.0,28985.50724637681,7843.137254901961,3.496598639455782,6.244166900663736,4.183684058663488,2.0604828420002486
hd 4855,2004.96484375,640.0,115.2,1250.0,110.0,956.0,55.0,256.0,800000.0,6884.681583476764,7207.207207207207,3.719844357976654,6.863803391452954,4.185700067256732,2.678103324196222
hd 5450,2004.919921875,80.0,6.4,1250.0,19.0,292.0,40.0,59.0,100000.0,13513.513513513513,5000.0,4.866666666666666,5.680172609017068,4.187716075849963,1.492456533167105
hd 5450 pci,2004.875,80.0,5.328,1250.0,19.0,292.0,40.0,59.0,100000.0,15802.781289506953,5000.0,4.866666666666666,5.680172609017068,4.189732084443207,1.4904405245738603
hd 5450 pcie x1,2004.830078125,80.0,8.0,1250.0,19.0,292.0,40.0,59.0,100000.0,11111.111111111111,5000.0,4.866666666666666,5.680172609017068,4.191748093036452,1.4884245159806158
hd 5550,2004.78515625,320.0,51.2,1250.0,39.0,627.0,40.0,104.0,400000.0,7662.835249042145,10000.0,5.9714285714285715,6.4425401664681985,4.193764101629682,2.248776064838516
hd 5570,2004.740234375,400.0,25.6,1250.0,39.0,627.0,40.0,104.0,500000.0,18796.992481203008,12500.0,5.9714285714285715,6.4425401664681985,4.195780110222927,2.2467600562452716
hd 5570,2004.6953125,400.0,51.2,1250.0,39.0,627.0,40.0,104.0,500000.0,9578.544061302682,12500.0,5.9714285714285715,6.4425401664681985,4.197796118816171,2.244744047652027
hd 5570 oem,2004.650390625,320.0,21.34,1250.0,39.0,627.0,40.0,104.0,400000.0,17905.102954341986,10000.0,5.9714285714285715,6.4425401664681985,4.199812127409402,2.2427280390587967
hd 5670,2004.60546875,400.0,64.0,1250.0,64.0,627.0,40.0,104.0,500000.0,7692.307692307692,7692.307692307692,5.9714285714285715,6.4425401664681985,4.201828136002646,2.240712030465552
hd 5670 640sp edition,2004.560546875,640.0,64.0,1250.0,64.0,1.0,40.0,166.0,800000.0,12307.692307692309,12307.692307692309,0.005988023952095809,0.6931471805599453,4.203844144595877,-3.5106969640359313
hd 5770 mac edition,2004.515625,800.0,76.48,1250.0,108.0,1.0,40.0,166.0,1000000.0,12906.556530717604,9174.311926605504,0.005988023952095809,0.6931471805599453,4.205860153189121,-3.512712972629176
hd 5770 x2,2004.470703125,800.0,76.8,1250.0,50.0,1.0,40.0,166.0,1000000.0,12853.470437017995,19607.843137254902,0.005988023952095809,0.6931471805599453,4.207876161782366,-3.5147289812224205
hd 5830,2004.42578125,1120.0,128.0,1250.0,175.0,2.0,40.0,334.0,1400000.0,10852.713178294574,7954.545454545455,0.005970149253731343,1.0986122886681098,4.209892170375596,-3.1112798817074863
hd 5870 eyefinity 6,2004.380859375,1600.0,153.6,1250.0,228.0,2.0,40.0,334.0,2000000.0,12936.6106080207,8733.624454148472,0.005970149253731343,1.0986122886681098,4.211908178968841,-3.113295890300731
hd 5870 mac edition,2004.3359375,1600.0,153.0,1250.0,228.0,2.0,40.0,334.0,2000000.0,12987.012987012988,8733.624454148472,0.005970149253731343,1.0986122886681098,4.213924187562071,-3.115311898893961
xbox 360 s gpu,2004.291015625,240.0,22.4,1250.0,133.0,372.0,45.0,168.0,300000.0,12820.512820512822,2238.805970149254,2.201183431952663,5.921578419643816,4.215940196155316,1.7056382234885001
firepro v7800p,2004.24609375,1440.0,128.0,1250.0,138.0,2.0,40.0,334.0,1800000.0,13953.488372093023,12949.640287769784,0.005970149253731343,1.0986122886681098,4.21795620474856,-3.1193439160804504
hd 4450,2004.201171875,80.0,6.4,1250.0,25.0,242.0,55.0,73.0,100000.0,13513.513513513513,3846.153846153846,3.27027027027027,5.493061443340548,4.219972213341791,1.2730892299987575
hd 4580,2004.15625,120.0,22.18,1250.0,65.0,378.0,55.0,135.0,150000.0,6471.095772217429,2272.7272727272725,2.7794117647058822,5.937536205082426,4.221988221935035,1.715547983147391
hd 4720,2004.111328125,320.0,21.34,1250.0,55.0,514.0,55.0,146.0,400000.0,17905.102954341986,7142.857142857143,3.496598639455782,6.244166900663736,4.224004230528266,2.0201626701354707
hd 5530,2004.06640625,80.0,9.6,1250.0,19.0,292.0,40.0,59.0,100000.0,9433.962264150943,5000.0,4.866666666666666,5.680172609017068,4.22602023912151,1.4541523698955574
hd 5570,2004.021484375,320.0,16.0,1250.0,39.0,716.0,40.0,118.0,400000.0,23529.41176470588,10000.0,6.016806722689076,6.57507584059962,4.228036247714755,2.3470395928848653
hd 5630,2003.9765625,320.0,12.48,1250.0,39.0,627.0,40.0,104.0,400000.0,29673.590504451036,10000.0,5.9714285714285715,6.4425401664681985,4.230052256307985,2.2124879101602133
hd 5690,2003.931640625,400.0,32.0,1250.0,64.0,627.0,40.0,104.0,500000.0,15151.515151515152,7692.307692307692,5.9714285714285715,6.4425401664681985,4.23206826490123,2.2104719015669687
hd 5730,2003.88671875,400.0,64.0,1250.0,64.0,627.0,40.0,104.0,500000.0,7692.307692307692,7692.307692307692,5.9714285714285715,6.4425401664681985,4.234084273494474,2.208455892973724
firepro v7760,2003.841796875,800.0,27.2,1250.0,76.0,956.0,55.0,256.0,1000000.0,35460.99290780142,12987.012987012988,3.719844357976654,6.863803391452954,4.236100282087705,2.6277031093652496
firepro v7770,2003.796875,800.0,33.6,1250.0,76.0,956.0,55.0,256.0,1000000.0,28901.73410404624,12987.012987012988,3.719844357976654,6.863803391452954,4.238116290680949,2.625687100772005
mobility hd 5570,2003.751953125,400.0,25.6,1250.0,20.0,627.0,40.0,104.0,500000.0,18796.992481203008,23809.52380952381,5.9714285714285715,6.4425401664681985,4.24013229927418,2.202407867194019
hd 5470,2003.70703125,80.0,6.4,1250.0,19.0,292.0,40.0,59.0,100000.0,13513.513513513513,5000.0,4.866666666666666,5.680172609017068,4.242148307867424,1.4380243011496434
hd 5490,2003.662109375,80.0,8.0,1250.0,19.0,292.0,40.0,59.0,100000.0,11111.111111111111,5000.0,4.866666666666666,5.680172609017068,4.244164316460669,1.4360082925563988
xbox 360 e gpu,2003.6171875,240.0,22.4,1250.0,120.0,372.0,45.0,168.0,300000.0,12820.512820512822,2479.3388429752067,2.201183431952663,5.921578419643816,4.246180325053899,1.6753980945899167
all in wonder 9500,2003.572265625,480.0,8.64,1250.0,50.0,110.0,150.0,215.0,600000.0,62240.66390041493,11764.70588235294,0.5092592592592593,4.709530201312334,4.248196333647144,0.46133386766519013
all in wonder 7500,2003.52734375,480.0,5.76,1250.0,50.0,60.0,150.0,83.0,600000.0,88757.39644970415,11764.70588235294,0.7142857142857143,4.110873864173311,4.250212342240374,-0.1393384780670628
all in wonder 7500 ve,2003.482421875,480.0,8.0,1250.0,50.0,60.0,150.0,83.0,600000.0,66666.66666666667,11764.70588235294,0.7142857142857143,4.110873864173311,4.252228350833619,-0.14135448666030737
firegl 9500 z1 128,2003.4375,480.0,19.84,1250.0,50.0,110.0,150.0,215.0,600000.0,28790.786948176585,11764.70588235294,0.5092592592592593,4.709530201312334,4.254244359426863,0.4552858418854706
firegl 9700 x1 128,2003.392578125,480.0,19.84,1250.0,50.0,110.0,150.0,215.0,600000.0,28790.786948176585,11764.70588235294,0.5092592592592593,4.709530201312334,4.256260368020094,0.45326983329224024
firegl 9700 x1 256,2003.34765625,480.0,19.84,1250.0,37.0,110.0,150.0,215.0,600000.0,28790.786948176585,15789.473684210527,0.5092592592592593,4.709530201312334,4.258276376613338,0.45125382469899566
firegl 9700 x1 256p,2003.302734375,480.0,17.66,1250.0,37.0,110.0,150.0,215.0,600000.0,32154.340836012863,15789.473684210527,0.5092592592592593,4.709530201312334,4.260292385206569,0.4492378161057653
mobility firegl 9000,2003.2578125,480.0,6.4,1250.0,50.0,36.0,150.0,81.0,600000.0,81081.08108108108,11764.70588235294,0.43902439024390244,3.6109179126442243,4.262308393799813,-0.6513904811555888
mobility 9000,2003.212890625,480.0,3.2,1250.0,50.0,36.0,150.0,81.0,600000.0,142857.14285714284,11764.70588235294,0.43902439024390244,3.6109179126442243,4.264324402393058,-0.6534064897488334
mobility 9000,2003.16796875,480.0,3.2,1250.0,50.0,36.0,150.0,81.0,600000.0,142857.14285714284,11764.70588235294,0.43902439024390244,3.6109179126442243,4.266340410986288,-0.6554224983420638
mobility 9000,2003.123046875,480.0,3.2,1250.0,50.0,36.0,150.0,81.0,600000.0,142857.14285714284,11764.70588235294,0.43902439024390244,3.6109179126442243,4.268356419579533,-0.6574385069353084
mobility p,2003.078125,480.0,2.656,1250.0,50.0,30.0,180.0,115.0,600000.0,164113.78555798688,11764.70588235294,0.25862068965517243,3.4339872044851463,4.270372428172777,-0.836385223687631
7500 mac edition,2003.033203125,480.0,5.76,1250.0,23.0,60.0,150.0,83.0,600000.0,88757.39644970415,25000.0,0.7142857142857143,4.110873864173311,4.272388436766008,-0.1615145725926963
8500 le,2002.98828125,480.0,8.0,1250.0,23.0,60.0,150.0,120.0,600000.0,66666.66666666667,25000.0,0.49586776859504134,4.110873864173311,4.274404445359252,-0.16353058118594088
9000,2002.943359375,480.0,6.4,1250.0,28.0,36.0,150.0,97.0,600000.0,81081.08108108108,20689.655172413793,0.3673469387755102,3.6109179126442243,4.276420453952483,-0.6655025413082583
9000 le,2002.8984375,480.0,6.4,1250.0,28.0,36.0,150.0,97.0,600000.0,81081.08108108108,20689.655172413793,0.3673469387755102,3.6109179126442243,4.278436462545727,-0.6675185499015028
9000 pro,2002.853515625,480.0,8.8,1250.0,28.0,36.0,150.0,97.0,600000.0,61224.489795918365,20689.655172413793,0.3673469387755102,3.6109179126442243,4.280452471138972,-0.6695345584947474
9500 pro,2002.80859375,480.0,8.64,1250.0,50.0,110.0,150.0,215.0,600000.0,62240.66390041493,11764.70588235294,0.5092592592592593,4.709530201312334,4.282468479732202,0.4270617215801318
9700,2002.763671875,480.0,17.28,1250.0,37.0,110.0,150.0,215.0,600000.0,32822.75711159737,15789.473684210527,0.5092592592592593,4.709530201312334,4.284484488325447,0.4250457129868872
9700 pro,2002.71875,480.0,19.84,1250.0,50.0,110.0,150.0,215.0,600000.0,28790.786948176585,11764.70588235294,0.5092592592592593,4.709530201312334,4.286500496918677,0.42302970439365684
9700 pro x4,2002.673828125,480.0,19.84,1250.0,50.0,110.0,150.0,215.0,600000.0,28790.786948176585,11764.70588235294,0.5092592592592593,4.709530201312334,4.288516505511922,0.42101369580041226
igp 320,2002.62890625,480.0,40.0,1250.0,50.0,30.0,180.0,73.0,600000.0,14634.146341463415,11764.70588235294,0.40540540540540543,3.4339872044851463,4.290532514105166,-0.85654530962002
igp 320m,2002.583984375,480.0,40.0,1250.0,50.0,30.0,180.0,73.0,600000.0,14634.146341463415,11764.70588235294,0.40540540540540543,3.4339872044851463,4.292548522698397,-0.8585613182132503
igp 330m,2002.5390625,480.0,40.0,1250.0,50.0,30.0,180.0,73.0,600000.0,14634.146341463415,11764.70588235294,0.40540540540540543,3.4339872044851463,4.294564531291641,-0.8605773268064949
igp 340,2002.494140625,480.0,40.0,1250.0,50.0,30.0,180.0,73.0,600000.0,14634.146341463415,11764.70588235294,0.40540540540540543,3.4339872044851463,4.2965805398848715,-0.8625933353997253
igp 340m,2002.44921875,480.0,40.0,1250.0,50.0,30.0,180.0,73.0,600000.0,14634.146341463415,11764.70588235294,0.40540540540540543,3.4339872044851463,4.298596548478116,-0.8646093439929698
igp 345m,2002.404296875,480.0,40.0,1250.0,50.0,30.0,180.0,73.0,600000.0,14634.146341463415,11764.70588235294,0.40540540540540543,3.4339872044851463,4.300612557071361,-0.8666253525862144
igp 350m,2002.359375,480.0,40.0,1250.0,50.0,30.0,180.0,73.0,600000.0,14634.146341463415,11764.70588235294,0.40540540540540543,3.4339872044851463,4.302628565664591,-0.8686413611794448
extreme graphics,2002.314453125,480.0,40.0,1250.0,50.0,29.0,150.0,154.0,600000.0,14634.146341463415,11764.70588235294,0.1870967741935484,3.4011973816621555,4.304644574257836,-0.9034471925956802
i830mg graphics,2002.26953125,480.0,40.0,166.0,50.0,29.0,150.0,154.0,79680.0,1943.4146341463415,1562.3529411764705,0.1870967741935484,3.4011973816621555,4.30666058285108,-0.9054632011889248
millennium g450 x2 mms,2002.224609375,480.0,2.656,1250.0,50.0,10.0,180.0,154.0,600000.0,164113.78555798688,11764.70588235294,0.06451612903225806,2.3978952727983707,4.308676591444311,-1.91078131864594
millennium g450 x4 mms,2002.1796875,480.0,2.656,1250.0,50.0,10.0,180.0,154.0,600000.0,164113.78555798688,11764.70588235294,0.06451612903225806,2.3978952727983707,4.310692600037555,-1.9127973272391845
parhelia 128 mb,2002.134765625,480.0,16.0,1250.0,50.0,80.0,150.0,174.0,600000.0,35294.117647058825,11764.70588235294,0.45714285714285713,4.394449154672439,4.3127086086307855,0.0817405460416536
parhelia 128 mb,2002.08984375,480.0,17.6,1250.0,50.0,80.0,150.0,174.0,600000.0,32258.06451612903,11764.70588235294,0.45714285714285713,4.394449154672439,4.31472461722403,0.07972453744840902
parhelia 256 mb,2002.044921875,480.0,16.0,1250.0,50.0,80.0,150.0,174.0,600000.0,35294.117647058825,11764.70588235294,0.45714285714285713,4.394449154672439,4.316740625817275,0.07770852885516444
xabre 200,2002.0,480.0,6.4,1250.0,50.0,24.0,150.0,154.0,600000.0,81081.08108108108,11764.70588235294,0.15483870967741936,3.2188758248682006,4.318756634410505,-1.0998808095423045
xabre 400,2002.0,480.0,6.4,1250.0,50.0,24.0,150.0,154.0,600000.0,81081.08108108108,11764.70588235294,0.15483870967741936,3.2188758248682006,4.318756634410505,-1.0998808095423045
xabre 600,2002.0,480.0,9.6,1250.0,50.0,24.0,130.0,154.0,600000.0,56603.77358490566,11764.70588235294,0.15483870967741936,3.2188758248682006,4.318756634410505,-1.0998808095423045
xabre 80,2002.0,480.0,5.312,1250.0,50.0,24.0,150.0,154.0,600000.0,95057.03422053231,11764.70588235294,0.15483870967741936,3.2188758248682006,4.318756634410505,-1.0998808095423045
extreme graphics 2,2002.1094527363184,480.0,40.0,266.0,50.0,29.0,130.0,154.0,127680.0,3114.1463414634145,2503.529411764706,0.1870967741935484,3.4011973816621555,4.313844603090104,-0.9126472214279482
extreme graphics 2,2002.2189054726368,480.0,40.0,266.0,50.0,29.0,130.0,154.0,127680.0,3114.1463414634145,2503.529411764706,0.1870967741935484,3.4011973816621555,4.308932571769688,-0.9077351901075326
i852gm graphics,2002.3283582089557,480.0,40.0,266.0,50.0,29.0,130.0,154.0,127680.0,3114.1463414634145,2503.529411764706,0.1870967741935484,3.4011973816621555,4.304020540449258,-0.9028231587871027
gma 900,2002.4378109452737,480.0,40.0,1250.0,50.0,29.0,130.0,154.0,600000.0,14634.146341463415,11764.70588235294,0.1870967741935484,3.4011973816621555,4.299108509128871,-0.8979111274667155
gma 900,2002.547263681592,480.0,40.0,1250.0,50.0,29.0,130.0,154.0,600000.0,14634.146341463415,11764.70588235294,0.1870967741935484,3.4011973816621555,4.29419647780847,-0.8929990961463141
gma 950,2002.6567164179105,480.0,40.0,1250.0,7.0,29.0,90.0,154.0,600000.0,14634.146341463415,75000.0,0.1870967741935484,3.4011973816621555,4.289284446488054,-0.8880870648258985
gma 950,2002.766169154229,480.0,40.0,400.0,7.0,29.0,90.0,154.0,192000.0,4682.926829268293,24000.0,0.1870967741935484,3.4011973816621555,4.2843724151676525,-0.8831750335054971
gma 3000,2002.8756218905476,480.0,40.0,1250.0,13.0,29.0,90.0,154.0,600000.0,14634.146341463415,42857.142857142855,0.1870967741935484,3.4011973816621555,4.279460383847237,-0.8782630021850815
gma 3000,2002.9850746268655,480.0,40.0,1250.0,13.0,29.0,90.0,154.0,600000.0,14634.146341463415,42857.142857142855,0.1870967741935484,3.4011973816621555,4.27454835252685,-0.8733509708646943
gma 3000,2003.094527363184,480.0,40.0,1250.0,13.0,29.0,90.0,154.0,600000.0,14634.146341463415,42857.142857142855,0.1870967741935484,3.4011973816621555,4.269636321206434,-0.8684389395442786
gma 3000,2003.2039800995024,480.0,40.0,1250.0,13.0,29.0,90.0,154.0,600000.0,14634.146341463415,42857.142857142855,0.1870967741935484,3.4011973816621555,4.264724289886033,-0.8635269082238772
gma 950,2003.313432835821,480.0,40.0,1250.0,7.0,29.0,90.0,154.0,600000.0,14634.146341463415,75000.0,0.1870967741935484,3.4011973816621555,4.259812258565617,-0.8586148769034616
gma x3000,2003.4228855721392,480.0,40.0,1250.0,13.0,29.0,90.0,154.0,600000.0,14634.146341463415,42857.142857142855,0.1870967741935484,3.4011973816621555,4.254900227245216,-0.8537028455830602
gma x3000,2003.5323383084576,480.0,40.0,1250.0,13.0,29.0,90.0,154.0,600000.0,14634.146341463415,42857.142857142855,0.1870967741935484,3.4011973816621555,4.2499881959248,-0.8487908142626446
gma 3100,2003.641791044776,480.0,40.0,1250.0,13.0,29.0,90.0,154.0,600000.0,14634.146341463415,42857.142857142855,0.1870967741935484,3.4011973816621555,4.245076164604399,-0.8438787829422432
gma 3100,2003.7512437810944,480.0,40.0,1250.0,13.0,29.0,90.0,154.0,600000.0,14634.146341463415,42857.142857142855,0.1870967741935484,3.4011973816621555,4.240164133283983,-0.8389667516218275
gma 3100,2003.8606965174129,480.0,40.0,1250.0,13.0,29.0,90.0,154.0,600000.0,14634.146341463415,42857.142857142855,0.1870967741935484,3.4011973816621555,4.235252101963582,-0.8340547203014261
gma 3150,2003.9701492537315,16.0,40.0,1250.0,13.0,123.0,45.0,66.0,20000.0,487.8048780487805,1428.5714285714287,1.835820895522388,4.820281565605037,4.230340070643166,0.5899414949618711
gma 3150,2004.0796019900497,16.0,40.0,1250.0,13.0,123.0,45.0,66.0,20000.0,487.8048780487805,1428.5714285714287,1.835820895522388,4.820281565605037,4.225428039322765,0.5948535262822725
gma x3100,2004.189054726368,480.0,40.0,1250.0,13.0,29.0,90.0,154.0,600000.0,14634.146341463415,42857.142857142855,0.1870967741935484,3.4011973816621555,4.220516008002363,-0.8193186263402077
gma x3100,2004.2985074626863,480.0,40.0,1250.0,13.0,29.0,90.0,154.0,600000.0,14634.146341463415,42857.142857142855,0.1870967741935484,3.4011973816621555,4.215603976681962,-0.8144065950198063
gma x3500,2004.407960199005,480.0,40.0,1250.0,13.0,29.0,90.0,154.0,600000.0,14634.146341463415,42857.142857142855,0.1870967741935484,3.4011973816621555,4.210691945361546,-0.8094945636993907
gma 3600,2004.5174129353236,32.0,40.0,1250.0,13.0,29.0,65.0,154.0,40000.0,975.609756097561,2857.1428571428573,0.1870967741935484,3.4011973816621555,4.205779914041116,-0.8045825323789608
gma 3650,2004.6268656716416,32.0,40.0,1250.0,13.0,29.0,65.0,154.0,40000.0,975.609756097561,2857.1428571428573,0.1870967741935484,3.4011973816621555,4.200867882720729,-0.7996705010585736
gma 500,2004.73631840796,32.0,40.0,1250.0,50.0,29.0,130.0,154.0,40000.0,975.609756097561,784.3137254901961,0.1870967741935484,3.4011973816621555,4.195955851400328,-0.7947584697381722
gma x4500,2004.8457711442784,80.0,40.0,1250.0,13.0,29.0,65.0,154.0,100000.0,2439.0243902439024,7142.857142857143,0.1870967741935484,3.4011973816621555,4.191043820079912,-0.7898464384177566
gma x4500m,2004.955223880597,80.0,40.0,1250.0,13.0,29.0,65.0,154.0,100000.0,2439.0243902439024,7142.857142857143,0.1870967741935484,3.4011973816621555,4.186131788759496,-0.784934407097341
gma x4500mhd,2005.0646766169157,80.0,40.0,1250.0,13.0,29.0,65.0,154.0,100000.0,2439.0243902439024,7142.857142857143,0.1870967741935484,3.4011973816621555,4.181219757439081,-0.7800223757769253
gma x4700mhd,2005.1741293532336,80.0,40.0,1250.0,13.0,29.0,65.0,154.0,100000.0,2439.0243902439024,7142.857142857143,0.1870967741935484,3.4011973816621555,4.176307726118694,-0.7751103444565381
aubrey isle,2005.2835820895525,512.0,153.6,1250.0,300.0,2.0,45.0,684.0,640000.0,4139.715394566624,2126.2458471760797,0.00291970802919708,1.0986122886681098,4.171395694798264,-3.0727834061301538
gma,2005.3930348258707,480.0,40.0,1250.0,50.0,29.0,32.0,154.0,600000.0,14634.146341463415,11764.70588235294,0.1870967741935484,3.4011973816621555,4.166483663477862,-0.7652862818157069
gma 600,2005.502487562189,32.0,40.0,1250.0,50.0,140.0,45.0,62.0,40000.0,975.609756097561,784.3137254901961,2.2222222222222223,4.948759890378168,4.161571632157475,0.7871882582206933
hd graphics 12eu,2005.6119402985075,96.0,40.0,1250.0,35.0,177.0,45.0,114.0,120000.0,2926.829268292683,3333.3333333333335,1.5391304347826087,5.181783550292085,4.156659600837045,1.0251239494550397
hd graphics 16eu mobile,2005.721393034826,96.0,40.0,500.0,35.0,177.0,45.0,114.0,48000.0,1170.7317073170732,1333.3333333333333,1.5391304347826087,5.181783550292085,4.151747569516644,1.0300359807754411
hd graphics 2000,2005.8308457711444,48.0,40.0,1000.0,50.0,504.0,32.0,131.0,48000.0,1170.7317073170732,941.1764705882352,3.8181818181818183,6.22455842927536,4.146835538196228,2.077722891079132
hd graphics 3000,2005.9402985074628,96.0,40.0,1350.0,50.0,1.0,32.0,216.0,129600.0,3160.9756097560976,2541.176470588235,0.004608294930875576,0.6931471805599453,4.141923506875827,-3.4487763263158815
hd graphics 3000,2006.0497512437807,96.0,40.0,1100.0,50.0,624.0,32.0,149.0,105600.0,2575.609756097561,2070.5882352941176,4.16,6.437751649736401,4.13701147555544,2.3007401741809614
hd graphics 3000 mobile,2006.1592039800996,96.0,40.0,1000.0,50.0,624.0,32.0,149.0,96000.0,2341.4634146341464,1882.3529411764705,4.16,6.437751649736401,4.13209944423501,2.3056522055013913
hd graphics 3000 mobile,2006.2686567164176,96.0,40.0,1300.0,50.0,1.0,32.0,216.0,124800.0,3043.9024390243903,2447.0588235294117,0.004608294930875576,0.6931471805599453,4.127187412914623,-3.4340402323546773
hd graphics 6eu mobile,2006.378109452736,48.0,40.0,800.0,50.0,504.0,32.0,131.0,38400.0,936.5853658536586,752.9411764705883,3.8181818181818183,6.22455842927536,4.122275381594221,2.102283047681139
hd graphics p3000,2006.4875621890544,96.0,40.0,1350.0,50.0,624.0,32.0,149.0,129600.0,3160.9756097560976,2541.176470588235,4.16,6.437751649736401,4.117363350273806,2.3203882994625955
hd graphics 4000,2006.597014925373,128.0,40.0,1050.0,50.0,1.0,22.0,133.0,134400.0,3278.048780487805,2635.294117647059,0.007462686567164179,0.6931471805599453,4.11245131895339,-3.4193041383934446
hd graphics 4000 mobile,2006.7064676616917,128.0,40.0,1000.0,45.0,1.0,22.0,133.0,128000.0,3121.951219512195,2782.608695652174,0.007462686567164179,0.6931471805599453,4.107539287632974,-3.414392107073029
hd graphics 6eu,2006.81592039801,48.0,40.0,1050.0,50.0,392.0,22.0,94.0,50400.0,1229.2682926829268,988.2352941176471,4.126315789473685,5.973809611869261,4.102627256312573,1.8711823555566882
hd graphics 6eu mobile,2006.9253731343283,48.0,40.0,1000.0,45.0,392.0,22.0,94.0,48000.0,1170.7317073170732,1043.4782608695652,4.126315789473685,5.973809611869261,4.097715224992157,1.8760943868771038
hd graphics p4000,2007.0348258706467,128.0,40.0,1250.0,45.0,1.0,22.0,133.0,160000.0,3902.439024390244,3478.2608695652175,0.007462686567164179,0.6931471805599453,4.092803193671756,-3.3996560131118105
xeon phi 3120a,2007.1442786069647,912.0,240.0,1250.0,300.0,5.0,22.0,720.0,1140000.0,4730.290456431535,3787.375415282392,0.006934812760055479,1.791759469228055,4.087891162351369,-2.2961316931233138
xeon phi 5110p,2007.253731343284,960.0,320.0,1250.0,225.0,5.0,22.0,720.0,1200000.0,3738.3177570093458,5309.734513274337,0.006934812760055479,1.791759469228055,4.082979131030925,-2.2912196618028697
xeon phi se10x,2007.363184079602,976.0,352.0,1250.0,300.0,5.0,22.0,720.0,1220000.0,3456.0906515580737,4053.156146179402,0.006934812760055479,1.791759469228055,4.0780670997105375,-2.2863076304824825
hd graphics 10eu,2007.4726368159204,80.0,40.0,1000.0,45.0,29.0,22.0,154.0,80000.0,1951.219512195122,1739.1304347826087,0.1870967741935484,3.4011973816621555,4.073155068390122,-0.6719576867279664
hd graphics 10eu mobile,2007.5820895522388,80.0,40.0,850.0,45.0,29.0,22.0,154.0,68000.0,1658.5365853658536,1478.2608695652175,0.1870967741935484,3.4011973816621555,4.0682430370697205,-0.667045655407565
hd graphics 32eu mobile,2007.6915422885568,32.0,40.0,646.0,4.0,29.0,22.0,154.0,20672.0,504.1951219512195,4134.4,0.1870967741935484,3.4011973816621555,4.063331005749333,-0.6621336240871778
hd graphics 4200 mobile,2007.800995024876,160.0,40.0,850.0,4.0,29.0,22.0,154.0,136000.0,3317.0731707317073,27200.0,0.1870967741935484,3.4011973816621555,4.058418974428875,-0.6572215927667195
hd graphics 4400,2007.910447761194,160.0,40.0,1150.0,20.0,29.0,22.0,154.0,184000.0,4487.804878048781,8761.904761904761,0.1870967741935484,3.4011973816621555,4.053506943108488,-0.6523095614463323
hd graphics 4400 mobile,2008.0199004975125,160.0,40.0,950.0,20.0,29.0,22.0,154.0,152000.0,3707.317073170732,7238.0952380952385,0.1870967741935484,3.4011973816621555,4.048594911788086,-0.6473975301259309
hd graphics 4600,2008.129353233831,160.0,40.0,1100.0,45.0,29.0,22.0,154.0,176000.0,4292.682926829269,3826.086956521739,0.1870967741935484,3.4011973816621555,4.043682880467671,-0.6424854988055153
hd graphics 4600 mobile,2008.238805970149,160.0,40.0,1100.0,20.0,29.0,22.0,154.0,176000.0,4292.682926829269,8380.952380952382,0.1870967741935484,3.4011973816621555,4.038770849147284,-0.6375734674851281
hd graphics 5000 mobile,2008.348258706468,320.0,40.0,1000.0,30.0,1.0,22.0,181.0,320000.0,7804.878048780488,10322.58064516129,0.005494505494505495,0.6931471805599453,4.033858817826854,-3.3407116372669083
hd graphics p4600,2008.457711442786,160.0,40.0,1200.0,84.0,29.0,22.0,154.0,192000.0,4682.926829268293,2258.823529411765,0.1870967741935484,3.4011973816621555,4.0289467865064665,-0.6277494048443111
hd graphics p4700,2008.5671641791048,160.0,40.0,1300.0,86.0,29.0,22.0,154.0,208000.0,5073.170731707317,2390.8045977011493,0.1870967741935484,3.4011973816621555,4.024034755186037,-0.6228373735238812
iris graphics 5100 mobile,2008.676616915423,320.0,40.0,1100.0,30.0,1.0,22.0,181.0,352000.0,8585.365853658537,11354.838709677419,0.005494505494505495,0.6931471805599453,4.019122723865635,-3.32597554330569
iris pro graphics 5200,2008.7860696517412,320.0,40.0,1150.0,45.0,29.0,22.0,154.0,368000.0,8975.609756097561,8000.0,0.1870967741935484,3.4011973816621555,4.014210692545234,-0.6130133108830784
iris pro graphics 5200 mobile,2008.89552238806,320.0,40.0,1200.0,30.0,29.0,22.0,154.0,384000.0,9365.853658536585,12387.09677419355,0.1870967741935484,3.4011973816621555,4.009298661224804,-0.6081012795626486
xeon phi 5120d,2009.004975124378,960.0,320.0,1250.0,245.0,5.0,22.0,720.0,1200000.0,3738.3177570093458,4878.048780487805,0.006934812760055479,1.791759469228055,4.004386629904417,-2.212627160676362
xeon phi 7120p,2009.1144278606964,976.0,352.0,1333.0,300.0,5.0,22.0,720.0,1301008.0,3685.5750708215296,4322.285714285715,0.006934812760055479,1.791759469228055,3.9994745985840154,-2.2077151293559605
xeon phi 7120x,2009.2238805970148,976.0,352.0,1333.0,300.0,5.0,22.0,720.0,1301008.0,3685.5750708215296,4322.285714285715,0.006934812760055479,1.791759469228055,3.9945625672636,-2.202803098035545
hd graphics 5300 mobile,2009.3333333333333,192.0,40.0,800.0,15.0,29.0,14.0,154.0,153600.0,3746.3414634146343,9600.0,0.1870967741935484,3.4011973816621555,3.9896505359431984,-0.588453154281043
hd graphics 5500 mobile,2009.442786069652,192.0,40.0,850.0,15.0,29.0,14.0,154.0,163200.0,3980.487804878049,10200.0,0.1870967741935484,3.4011973816621555,3.984738504622783,-0.5835411229606273
hd graphics 5600 mobile,2009.55223880597,192.0,40.0,1050.0,15.0,29.0,14.0,154.0,201600.0,4917.073170731707,12600.0,0.1870967741935484,3.4011973816621555,3.9798264733023814,-0.5786290916402259
hd graphics 6000 mobile,2009.6616915422885,384.0,40.0,950.0,15.0,29.0,14.0,133.0,364800.0,8897.560975609756,22800.0,0.21641791044776118,3.4011973816621555,3.9749144419819658,-0.5737170603198103
hd graphics p5700,2009.771144278607,192.0,40.0,1000.0,15.0,29.0,14.0,154.0,192000.0,4682.926829268293,12000.0,0.1870967741935484,3.4011973816621555,3.9700024106615643,-0.5688050289994089
iris graphics 6100 mobile,2009.8805970149251,384.0,40.0,1000.0,15.0,29.0,14.0,133.0,384000.0,9365.853658536585,24000.0,0.21641791044776118,3.4011973816621555,3.965090379341163,-0.5638929976790075
iris pro graphics 6200,2009.990049751244,384.0,40.0,1100.0,15.0,29.0,14.0,154.0,422400.0,10302.439024390244,26400.0,0.1870967741935484,3.4011973816621555,3.960178348020733,-0.5589809663585776
iris pro graphics 6200 mobile,2010.0995024875624,384.0,40.0,1100.0,15.0,29.0,14.0,154.0,422400.0,10302.439024390244,26400.0,0.1870967741935484,3.4011973816621555,3.9552663167003317,-0.5540689350381762
iris pro graphics p6300,2010.2089552238808,384.0,40.0,800.0,15.0,29.0,14.0,154.0,307200.0,7492.682926829269,19200.0,0.1870967741935484,3.4011973816621555,3.950354285379916,-0.5491569037177606
hd graphics 12eu mobile,2010.318407960199,96.0,40.0,1250.0,6.0,29.0,14.0,154.0,120000.0,2926.829268292683,17142.85714285714,0.1870967741935484,3.4011973816621555,3.945442254059529,-0.5442448723973734
hd graphics 12eu mobile,2010.4278606965172,96.0,40.0,800.0,6.0,29.0,14.0,82.0,76800.0,1873.1707317073171,10971.42857142857,0.3493975903614458,3.4011973816621555,3.9405302227391275,-0.539332841076972
hd graphics 400 mobile,2010.537313432836,96.0,40.0,600.0,6.0,29.0,14.0,154.0,57600.0,1404.878048780488,8228.57142857143,0.1870967741935484,3.4011973816621555,3.9356181914186976,-0.5344208097565422
hd graphics 405 mobile,2010.6467661691545,128.0,40.0,600.0,6.0,29.0,14.0,154.0,76800.0,1873.1707317073171,10971.42857142857,0.1870967741935484,3.4011973816621555,3.930706160098282,-0.5295087784361265
hd graphics 500 mobile,2010.756218905473,96.0,40.0,650.0,6.0,29.0,14.0,154.0,62400.0,1521.9512195121952,8914.285714285714,0.1870967741935484,3.4011973816621555,3.9257941287778806,-0.5245967471157251
hd graphics 510,2010.865671641791,96.0,40.0,950.0,15.0,29.0,14.0,154.0,91200.0,2224.390243902439,5700.0,0.1870967741935484,3.4011973816621555,3.920882097457479,-0.5196847157953237
hd graphics 510 mobile,2010.9751243781093,96.0,40.0,900.0,15.0,29.0,14.0,154.0,86400.0,2107.317073170732,5400.0,0.1870967741935484,3.4011973816621555,3.915970066137092,-0.5147726844749365
hd graphics 515 mobile,2011.084577114428,192.0,40.0,800.0,15.0,29.0,14.0,123.0,153600.0,3746.3414634146343,9600.0,0.23387096774193547,3.4011973816621555,3.911058034816662,-0.5098606531545067
hd graphics 520 mobile,2011.1940298507463,192.0,40.0,900.0,15.0,29.0,14.0,123.0,172800.0,4214.634146341464,10800.0,0.23387096774193547,3.4011973816621555,3.9061460034962607,-0.5049486218341053
hd graphics 530,2011.3034825870648,192.0,40.0,950.0,15.0,29.0,14.0,123.0,182400.0,4448.780487804878,11400.0,0.23387096774193547,3.4011973816621555,3.901233972175845,-0.5000365905136896
hd graphics 530 mobile,2011.4129353233832,192.0,40.0,950.0,15.0,29.0,14.0,123.0,182400.0,4448.780487804878,11400.0,0.23387096774193547,3.4011973816621555,3.8963219408554437,-0.49512455919328824
hd graphics p530,2011.5223880597016,192.0,40.0,1000.0,15.0,29.0,14.0,123.0,192000.0,4682.926829268293,12000.0,0.23387096774193547,3.4011973816621555,3.891409909535028,-0.4902125278728726
iris graphics 540 mobile,2011.63184079602,384.0,40.0,1000.0,15.0,29.0,14.0,154.0,384000.0,9365.853658536585,24000.0,0.1870967741935484,3.4011973816621555,3.8864978782146267,-0.4853004965524712
iris graphics 550 mobile,2011.7412935323384,384.0,40.0,1000.0,15.0,29.0,14.0,154.0,384000.0,9365.853658536585,24000.0,0.1870967741935484,3.4011973816621555,3.881585846894211,-0.4803884652320556
iris pro graphics 580 mobile,2011.8507462686568,576.0,40.0,950.0,15.0,29.0,14.0,154.0,547200.0,13346.341463414634,34200.0,0.1870967741935484,3.4011973816621555,3.8766738155738096,-0.4754764339116542
iris pro graphics p555,2011.960199004975,384.0,40.0,1000.0,15.0,29.0,14.0,154.0,384000.0,9365.853658536585,24000.0,0.1870967741935484,3.4011973816621555,3.8717617842534082,-0.47056440259125276
iris pro graphics p580,2012.0696517412932,576.0,40.0,1000.0,15.0,29.0,14.0,154.0,576000.0,14048.780487804877,36000.0,0.1870967741935484,3.4011973816621555,3.866849752933021,-0.46565237127086556
iris pro graphics p580 mobile,2012.179104477612,576.0,40.0,1050.0,15.0,29.0,14.0,154.0,604800.0,14751.219512195123,37800.0,0.1870967741935484,3.4011973816621555,3.861937721612591,-0.46074033995043573
hd graphics 505 mobile,2012.2885572139303,144.0,40.0,650.0,6.0,29.0,14.0,154.0,93600.0,2282.9268292682927,13371.42857142857,0.1870967741935484,3.4011973816621555,3.85702569029219,-0.4558283086300343
hd graphics 610,2012.3980099502487,96.0,40.0,1050.0,5.0,29.0,14.0,154.0,100800.0,2458.5365853658536,16800.0,0.1870967741935484,3.4011973816621555,3.852113658971774,-0.4509162773096187
hd graphics 610 mobile,2012.5074626865671,96.0,40.0,900.0,5.0,29.0,14.0,154.0,86400.0,2107.317073170732,14400.0,0.1870967741935484,3.4011973816621555,3.8472016276513727,-0.4460042459892173
hd graphics 615 mobile,2012.6169154228853,192.0,40.0,850.0,5.0,29.0,14.0,154.0,163200.0,3980.487804878049,27200.0,0.1870967741935484,3.4011973816621555,3.8422895963309713,-0.4410922146688159
hd graphics 620 mobile,2012.726368159204,192.0,40.0,1000.0,15.0,29.0,14.0,154.0,192000.0,4682.926829268293,12000.0,0.1870967741935484,3.4011973816621555,3.8373775650105557,-0.43618018334840025
hd graphics 630,2012.8358208955224,192.0,40.0,1000.0,15.0,29.0,14.0,154.0,192000.0,4682.926829268293,12000.0,0.1870967741935484,3.4011973816621555,3.8324655336901543,-0.43126815202799884
hd graphics 630 mobile,2012.9452736318408,192.0,40.0,1000.0,15.0,29.0,14.0,154.0,192000.0,4682.926829268293,12000.0,0.1870967741935484,3.4011973816621555,3.8275535023697387,-0.4263561207075832
hd graphics p630 mobile,2013.0547263681592,192.0,40.0,1100.0,15.0,29.0,14.0,154.0,211200.0,5151.219512195122,13200.0,0.1870967741935484,3.4011973816621555,3.8226414710493373,-0.4214440893871818
iris plus graphics 640 mobile,2013.1641791044776,384.0,40.0,1100.0,15.0,29.0,14.0,154.0,422400.0,10302.439024390244,26400.0,0.1870967741935484,3.4011973816621555,3.8177294397289216,-0.4165320580667662
iris plus graphics 650 mobile,2013.273631840796,384.0,40.0,1150.0,15.0,29.0,14.0,154.0,441600.0,10770.731707317073,27600.0,0.1870967741935484,3.4011973816621555,3.8128174084085202,-0.4116200267463648
uhd graphics 600 mobile,2013.3830845771145,96.0,40.0,650.0,5.0,29.0,14.0,154.0,62400.0,1521.9512195121952,10400.0,0.1870967741935484,3.4011973816621555,3.8079053770881046,-0.40670799542594915
uhd graphics 605 mobile,2013.4925373134329,144.0,40.0,750.0,5.0,29.0,14.0,154.0,108000.0,2634.1463414634145,18000.0,0.1870967741935484,3.4011973816621555,3.802993345767703,-0.40179596410554774
uhd graphics 620 mobile,2013.6019900497515,192.0,40.0,1000.0,15.0,29.0,14.0,154.0,192000.0,4682.926829268293,12000.0,0.1870967741935484,3.4011973816621555,3.7980813144472734,-0.3968839327851179
uhd graphics 630,2013.7114427860697,184.0,40.0,1050.0,15.0,29.0,14.0,154.0,193200.0,4712.195121951219,12075.0,0.1870967741935484,3.4011973816621555,3.793169283126886,-0.3919719014647307
uhd graphics 630,2013.820895522388,192.0,40.0,1050.0,15.0,29.0,14.0,154.0,201600.0,4917.073170731707,12600.0,0.1870967741935484,3.4011973816621555,3.7882572518064848,-0.3870598701443293
iris plus graphics 655 mobile,2013.9303482587063,384.0,40.0,1050.0,15.0,29.0,14.0,154.0,403200.0,9834.146341463415,25200.0,0.1870967741935484,3.4011973816621555,3.7833452204860833,-0.3821478388239279
uhd graphics 610,2014.039800995025,96.0,40.0,1050.0,15.0,29.0,14.0,154.0,100800.0,2458.5365853658536,6300.0,0.1870967741935484,3.4011973816621555,3.7784331891656535,-0.37723580750349806
uhd graphics 610 mobile,2014.1492537313436,96.0,40.0,900.0,15.0,29.0,14.0,154.0,86400.0,2107.317073170732,5400.0,0.1870967741935484,3.4011973816621555,3.773521157845238,-0.37232377618308243
uhd graphics 615 mobile,2014.2587064676616,192.0,40.0,900.0,15.0,29.0,14.0,154.0,172800.0,4214.634146341464,10800.0,0.1870967741935484,3.4011973816621555,3.7686091265248507,-0.36741174486269523
uhd graphics 617 mobile,2014.36815920398,192.0,40.0,1050.0,15.0,29.0,14.0,154.0,201600.0,4917.073170731707,12600.0,0.1870967741935484,3.4011973816621555,3.7636970952044493,-0.3624997135422938
uhd graphics 620 mobile,2014.4776119402984,192.0,40.0,1000.0,15.0,29.0,14.0,154.0,192000.0,4682.926829268293,12000.0,0.1870967741935484,3.4011973816621555,3.7587850638840337,-0.3575876822218782
uhd graphics 630 mobile,2014.5870646766168,192.0,40.0,1000.0,15.0,29.0,14.0,154.0,192000.0,4682.926829268293,12000.0,0.1870967741935484,3.4011973816621555,3.7538730325636323,-0.3526756509014768
uhd graphics p630,2014.6965174129352,192.0,40.0,1100.0,15.0,29.0,14.0,154.0,211200.0,5151.219512195122,13200.0,0.1870967741935484,3.4011973816621555,3.7489610012432166,-0.34776361958106117
uhd graphics p630 mobile,2014.8059701492537,192.0,40.0,1200.0,15.0,29.0,14.0,154.0,230400.0,5619.512195121952,14400.0,0.1870967741935484,3.4011973816621555,3.744048969922815,-0.34285158826065976
iris plus graphics 645 mobile,2014.915422885572,384.0,40.0,1050.0,15.0,29.0,14.0,154.0,403200.0,9834.146341463415,25200.0,0.1870967741935484,3.4011973816621555,3.7391369386023996,-0.33793955694024413
iris plus graphics g4 48eu mobile,2015.0248756218905,384.0,40.0,1050.0,15.0,29.0,10.0,154.0,403200.0,9834.146341463415,25200.0,0.1870967741935484,3.4011973816621555,3.734224907281998,-0.3330275256198427
uhd graphics 24eu mobile,2015.134328358209,192.0,40.0,1050.0,15.0,29.0,14.0,154.0,201600.0,4917.073170731707,12600.0,0.1870967741935484,3.4011973816621555,3.7293128759615826,-0.3281154942994271
uhd graphics 24eu mobile,2015.2437810945275,192.0,40.0,1000.0,15.0,29.0,14.0,154.0,192000.0,4682.926829268293,12000.0,0.1870967741935484,3.4011973816621555,3.724400844641167,-0.3232034629790115
uhd graphics 24eu mobile,2015.3532338308455,192.0,40.0,900.0,15.0,29.0,14.0,154.0,172800.0,4214.634146341464,10800.0,0.1870967741935484,3.4011973816621555,3.7194888133207797,-0.3182914316586243
uhd graphics g1 32eu mobile,2015.462686567164,256.0,40.0,900.0,15.0,29.0,10.0,154.0,230400.0,5619.512195121952,14400.0,0.1870967741935484,3.4011973816621555,3.7145767820003783,-0.31337940033822287
h3c xg310,2015.5721393034823,768.0,68.26,1100.0,300.0,29.0,10.0,95.0,844800.0,12197.51660410049,2806.644518272425,0.3020833333333333,3.4011973816621555,3.7096647506799627,-0.30846736901780725
iris plus graphics g7 64eu mobile,2015.681592039801,512.0,40.0,1050.0,15.0,29.0,10.0,154.0,537600.0,13112.19512195122,33600.0,0.1870967741935484,3.4011973816621555,3.704752719359547,-0.3035553376973916
iris xe graphics g4 48eu mobile,2015.7910447761196,384.0,40.0,1100.0,15.0,29.0,10.0,146.0,422400.0,10302.439024390244,26400.0,0.19727891156462585,3.4011973816621555,3.6998406880391315,-0.298643306376976
iris xe graphics g7 80eu mobile,2015.9004975124376,640.0,40.0,1100.0,15.0,29.0,10.0,146.0,704000.0,17170.731707317074,44000.0,0.19727891156462585,3.4011973816621555,3.6949286567187443,-0.2937312750565888
iris xe graphics g7 96eu mobile,2016.009950248756,768.0,40.0,1100.0,15.0,29.0,10.0,146.0,844800.0,20604.878048780487,52800.0,0.19727891156462585,3.4011973816621555,3.6900166253983286,-0.2888192437361732
iris xe max graphics,2016.1194029850749,768.0,68.26,1650.0,25.0,29.0,10.0,95.0,1267200.0,18296.274906150735,48738.46153846154,0.3020833333333333,3.4011973816621555,3.685104594077899,-0.28390721241574335
uhd graphics 16eu mobile,2016.228855721393,128.0,40.0,750.0,9.0,29.0,10.0,154.0,96000.0,2341.4634146341464,9600.0,0.1870967741935484,3.4011973816621555,3.6801925627575116,-0.27899518109535615
uhd graphics 32eu mobile,2016.3383084577115,256.0,40.0,750.0,9.0,29.0,10.0,154.0,192000.0,4682.926829268293,19200.0,0.1870967741935484,3.4011973816621555,3.675280531437096,-0.2740831497749405
uhd graphics 610,2016.44776119403,96.0,40.0,1050.0,15.0,29.0,14.0,154.0,100800.0,2458.5365853658536,6300.0,0.1870967741935484,3.4011973816621555,3.6703685001166946,-0.2691711184545391
uhd graphics 630,2016.5572139303483,192.0,40.0,1200.0,15.0,29.0,14.0,154.0,230400.0,5619.512195121952,14400.0,0.1870967741935484,3.4011973816621555,3.665456468796279,-0.2642590871341235
uhd graphics 630,2016.6666666666667,184.0,40.0,1150.0,15.0,29.0,14.0,154.0,211600.0,5160.975609756098,13225.0,0.1870967741935484,3.4011973816621555,3.6605444374758775,-0.2593470558137221
uhd graphics g4 48eu mobile,2016.7761194029847,384.0,40.0,500.0,15.0,29.0,10.0,154.0,192000.0,4682.926829268293,12000.0,0.1870967741935484,3.4011973816621555,3.6556324061554903,-0.2544350244933349
uhd graphics g7 64eu mobile,2016.885572139304,512.0,40.0,500.0,15.0,29.0,10.0,154.0,256000.0,6243.90243902439,16000.0,0.1870967741935484,3.4011973816621555,3.650720374835032,-0.24952299317287663
uhd graphics p630,2016.995024875622,192.0,40.0,1200.0,15.0,29.0,14.0,154.0,230400.0,5619.512195121952,14400.0,0.1870967741935484,3.4011973816621555,3.645808343514645,-0.24461096185248943
uhd graphics p630 mobile,2017.1044776119404,192.0,40.0,1250.0,15.0,29.0,14.0,154.0,240000.0,5853.658536585366,15000.0,0.1870967741935484,3.4011973816621555,3.6408963121942435,-0.23969893053208802
xe dg1,2017.2139303482584,640.0,68.26,1550.0,30.0,29.0,10.0,95.0,992000.0,14322.841466936181,32000.0,0.3020833333333333,3.4011973816621555,3.6359842808738563,-0.23478689921170082
arctic sound 1t,2017.323383084577,6144.0,1.23,1250.0,350.0,8.0,10.0,190.0,7680000.0,3443946.1883408073,21880.34188034188,0.041884816753926704,2.1972245773362196,3.6310722495534407,-1.433847672217221
arctic sound 2t,2017.4328358208957,7680.0,1.23,1250.0,500.0,8.0,10.0,190.0,9600000.0,4304932.735426009,19161.676646706586,0.041884816753926704,2.1972245773362196,3.626160218233011,-1.4289356408967913
uhd graphics 16eu,2017.5422885572136,128.0,40.0,900.0,15.0,29.0,14.0,154.0,115200.0,2809.756097560976,7200.0,0.1870967741935484,3.4011973816621555,3.6212481869126236,-0.22005080525046816
uhd graphics 16eu mobile,2017.6517412935325,128.0,40.0,750.0,10.0,29.0,10.0,154.0,96000.0,2341.4634146341464,8727.272727272728,0.1870967741935484,3.4011973816621555,3.616336155592208,-0.21513877393005254
uhd graphics 16eu mobile,2017.761194029851,128.0,40.0,1450.0,15.0,29.0,10.0,154.0,185600.0,4526.829268292683,11600.0,0.1870967741935484,3.4011973816621555,3.6114241242717924,-0.21022674260963692
uhd graphics 24eu mobile,2017.870646766169,192.0,40.0,800.0,10.0,29.0,10.0,154.0,153600.0,3746.3414634146343,13963.636363636364,0.1870967741935484,3.4011973816621555,3.606512092951391,-0.2053147112892355
uhd graphics 32eu mobile,2017.9800995024875,256.0,40.0,1350.0,15.0,29.0,10.0,154.0,345600.0,8429.268292682927,21600.0,0.1870967741935484,3.4011973816621555,3.6016000616309896,-0.2004026799688341
uhd graphics 32eu mobile,2018.089552238806,256.0,40.0,850.0,10.0,29.0,10.0,154.0,217600.0,5307.317073170731,19781.81818181818,0.1870967741935484,3.4011973816621555,3.596688030310574,-0.19549064864841847
uhd graphics 730,2018.1990049751244,192.0,40.0,1300.0,15.0,29.0,14.0,154.0,249600.0,6087.804878048781,15600.0,0.1870967741935484,3.4011973816621555,3.5917759989901725,-0.19057861732801706
uhd graphics 750,2018.3084577114428,256.0,40.0,1300.0,15.0,29.0,14.0,154.0,332800.0,8117.073170731707,20800.0,0.1870967741935484,3.4011973816621555,3.586863967669757,-0.18566658600760144
uhd graphics 770,2018.4179104477607,256.0,40.0,1450.0,15.0,29.0,10.0,154.0,371200.0,9053.658536585366,23200.0,0.1870967741935484,3.4011973816621555,3.5819519363493697,-0.18075455468721424
uhd graphics p750,2018.52736318408,256.0,40.0,1300.0,15.0,29.0,14.0,154.0,332800.0,8117.073170731707,20800.0,0.1870967741935484,3.4011973816621555,3.5770399050289257,-0.1758425233667702
arc a310,2018.636815920398,768.0,124.0,1750.0,30.0,7.0,6.0,157.0,1344000.0,10752.0,43354.83870967742,0.04430379746835443,2.0794415416798357,3.5721278737085385,-1.4926863320287027
arc a350,2018.7462686567164,768.0,124.0,2000.0,25.0,7.0,6.0,157.0,1536000.0,12288.0,59076.92307692308,0.04430379746835443,2.0794415416798357,3.567215842388137,-1.4877743007083013
arc a350m,2018.8557213930349,768.0,112.0,2200.0,25.0,7.0,6.0,157.0,1689600.0,14952.212389380531,64984.61538461538,0.04430379746835443,2.0794415416798357,3.5623038110677214,-1.4828622693878857
arc a370m,2018.9651741293533,1024.0,112.0,2050.0,35.0,7.0,6.0,157.0,2099200.0,18576.991150442478,58311.11111111111,0.04430379746835443,2.0794415416798357,3.55739177974732,-1.4779502380674843
arc a380,2019.074626865672,1024.0,186.0,2050.0,75.0,7.0,6.0,157.0,2099200.0,11225.668449197861,27621.052631578947,0.04430379746835443,2.0794415416798357,3.55247974842689,-1.4730382067470544
arc a550m,2019.18407960199,2048.0,224.0,2050.0,60.0,21.0,6.0,406.0,4198400.0,18659.555555555555,68826.22950819672,0.051597051597051594,3.091042453358316,3.547567717106503,-0.4565252637481869
arc a730m,2019.2935323383083,3072.0,336.0,2050.0,80.0,21.0,6.0,406.0,6297600.0,18687.240356083086,77748.14814814815,0.051597051597051594,3.091042453358316,3.5426556857861016,-0.4516132324277855
arc a750,2019.402985074627,3584.0,512.0,2400.0,225.0,21.0,6.0,406.0,8601600.0,16767.251461988304,38060.176991150445,0.051597051597051594,3.091042453358316,3.537743654465686,-0.4467012011073699
arc a770,2019.5124378109451,4096.0,512.0,2400.0,225.0,21.0,6.0,406.0,9830400.0,19162.573099415204,43497.345132743365,0.051597051597051594,3.091042453358316,3.5328316231452845,-0.44178916978696847
arc a770m,2019.621890547264,4096.0,512.0,2050.0,120.0,21.0,6.0,406.0,8396800.0,16368.03118908382,69395.04132231405,0.051597051597051594,3.091042453358316,3.5279195918248547,-0.43687713846653864
arc pro a30m,2019.7313432835824,1024.0,128.0,2000.0,50.0,7.0,6.0,157.0,2048000.0,15875.968992248061,40156.86274509804,0.04430379746835443,2.0794415416798357,3.5230075605044533,-1.4435660188246175
arc pro a40,2019.8407960199008,1024.0,192.0,1700.0,50.0,7.0,6.0,157.0,1740800.0,9019.689119170984,34133.333333333336,0.04430379746835443,2.0794415416798357,3.5180955291840377,-1.438653987504202
arc pro a50,2019.9502487562188,1024.0,192.0,2350.0,75.0,7.0,6.0,157.0,2406400.0,12468.39378238342,31663.157894736843,0.04430379746835443,2.0794415416798357,3.5131834978636505,-1.4337419561838147
arctic sound m,2020.0597014925368,8192.0,1.23,1250.0,500.0,8.0,10.0,190.0,10240000.0,4591928.251121076,20439.121756487028,0.041884816753926704,2.1972245773362196,3.5082714665432633,-1.3110468892070437
data center gpu flex 140,2020.169154228856,1024.0,186.0,1950.0,75.0,7.0,6.0,157.0,1996800.0,10678.07486631016,26273.684210526317,0.04430379746835443,2.0794415416798357,3.5033594352228192,-1.4239178935429835
data center gpu flex 170,2020.278606965174,4096.0,512.0,2050.0,150.0,21.0,6.0,406.0,8396800.0,16368.03118908382,55607.94701986755,0.051597051597051594,3.091042453358316,3.498447403902432,-0.40740495054411596
iris xe graphics 80eu mobile,2020.3880597014925,640.0,40.0,1200.0,45.0,29.0,10.0,154.0,768000.0,18731.70731707317,16695.652173913044,0.1870967741935484,3.4011973816621555,3.4935353725820164,-0.09233799091986095
iris xe graphics 96eu mobile,2020.4975124378109,768.0,40.0,1400.0,45.0,29.0,10.0,154.0,1075200.0,26224.39024390244,23373.91304347826,0.1870967741935484,3.4011973816621555,3.488623341261615,-0.08742595959945954
uhd graphics 16eu mobile,2020.6069651741293,128.0,40.0,1200.0,15.0,29.0,10.0,154.0,153600.0,3746.3414634146343,9600.0,0.1870967741935484,3.4011973816621555,3.4837113099411994,-0.08251392827904391
uhd graphics 24eu mobile,2020.716417910448,192.0,40.0,1200.0,15.0,29.0,10.0,154.0,230400.0,5619.512195121952,14400.0,0.1870967741935484,3.4011973816621555,3.4787992786207838,-0.07760189695862829
uhd graphics 48eu mobile,2020.825870646766,384.0,40.0,1150.0,45.0,29.0,10.0,154.0,441600.0,10770.731707317073,9600.0,0.1870967741935484,3.4011973816621555,3.4738872473003966,-0.07268986563824109
uhd graphics 64eu mobile,2020.9353233830848,512.0,40.0,1400.0,45.0,29.0,10.0,154.0,716800.0,17482.926829268294,15582.608695652174,0.1870967741935484,3.4011973816621555,3.4689752159799667,-0.06777783431781126
uhd graphics 710,2021.044776119403,128.0,40.0,1300.0,15.0,29.0,10.0,154.0,166400.0,4058.5365853658536,10400.0,0.1870967741935484,3.4011973816621555,3.4640631846595653,-0.06286580299740985
uhd graphics 730,2021.1542288557212,192.0,40.0,1400.0,15.0,29.0,10.0,154.0,268800.0,6556.09756097561,16800.0,0.1870967741935484,3.4011973816621555,3.459151153339178,-0.05795377167702265
uhd graphics 770,2021.26368159204,256.0,40.0,1550.0,15.0,29.0,10.0,154.0,396800.0,9678.048780487805,24800.0,0.1870967741935484,3.4011973816621555,3.4542391220187483,-0.053041740356592815
uhd graphics 770 mobile,2021.3731343283584,256.0,40.0,1500.0,45.0,29.0,10.0,154.0,384000.0,9365.853658536585,8347.826086956522,0.1870967741935484,3.4011973816621555,3.4493270906983327,-0.04812970903617719
arc a380m,2021.4825870646769,1024.0,186.0,2000.0,35.0,7.0,6.0,157.0,2048000.0,10951.87165775401,56888.88888888889,0.04430379746835443,2.0794415416798357,3.4444150593779312,-1.3649735176980955
arc a530m,2021.592039800995,1536.0,224.0,1300.0,65.0,11.0,6.0,269.0,1996800.0,8874.666666666666,30254.545454545456,0.040740740740740744,2.4849066497880004,3.43950302805753,-0.9545963782695295
arc a570m,2021.7014925373132,2048.0,224.0,1300.0,75.0,11.0,6.0,269.0,2662400.0,11832.888888888889,35031.57894736842,0.040740740740740744,2.4849066497880004,3.4345909967371284,-0.9496843469491281
arc a580,2021.810945273632,3072.0,512.0,2000.0,175.0,21.0,6.0,406.0,6144000.0,11976.608187134503,34909.09090909091,0.051597051597051594,3.091042453358316,3.429678965416713,-0.33863651205839673
arc graphics 112eu mobile,2021.9203980099503,896.0,40.0,2200.0,65.0,29.0,10.0,154.0,1971200.0,48078.04878048781,29866.666666666668,0.1870967741935484,3.4011973816621555,3.4247669340963114,-0.023569552434155927
arc graphics 128eu mobile,2022.0298507462687,1024.0,40.0,2250.0,28.0,29.0,10.0,154.0,2304000.0,56195.12195121951,79448.27586206897,0.1870967741935484,3.4011973816621555,3.4198549027758958,-0.018657521113740305
arc graphics 48eu mobile,2022.1393034825871,384.0,40.0,1800.0,28.0,29.0,10.0,154.0,691200.0,16858.536585365855,23834.48275862069,0.1870967741935484,3.4011973816621555,3.4149428714554944,-0.013745489793338894
arc graphics 64eu mobile,2022.2487562189056,512.0,40.0,1750.0,65.0,29.0,10.0,154.0,896000.0,21853.658536585364,13575.757575757576,0.1870967741935484,3.4011973816621555,3.4100308401350787,-0.008833458472923272
arc pro a60,2022.358208955224,2048.0,384.0,2050.0,130.0,11.0,6.0,269.0,4198400.0,10904.935064935065,32048.85496183206,0.040740740740740744,2.4849066497880004,3.4051188088146773,-0.920212159026677
arc pro a60m,2022.4676616915424,2048.0,256.0,1300.0,95.0,11.0,6.0,269.0,2662400.0,10359.53307392996,27733.333333333332,0.040740740740740744,2.4849066497880004,3.4002067774942617,-0.9153001277062613
data center gpu max 1100,2022.5771144278608,7168.0,1.23,1550.0,300.0,100.0,10.0,1280.0,11110400.0,4982242.152466368,36911.62790697674,0.078064012490242,4.61512051684126,3.3952947461738603,1.2198257706673994
data center gpu max 1350,2022.686567164179,14336.0,2.46,1550.0,450.0,100.0,10.0,1280.0,22220800.0,6422196.531791908,49270.06651884701,0.078064012490242,4.61512051684126,3.390382714853459,1.2247378019878008
data center gpu max 1550,2022.7960199004972,16384.0,3.28,1600.0,600.0,100.0,10.0,1280.0,26214400.0,6124859.813084113,43617.9700499168,0.078064012490242,4.61512051684126,3.3854706835330575,1.2296498333082022
data center gpu max subsystem,2022.905472636816,16384.0,3.21,1600.0,2400.0,100.0,10.0,1280.0,26214400.0,6226698.337292162,10918.117451062057,0.078064012490242,4.61512051684126,3.3805586522126276,1.234561864628632
iris xe graphics 80eu mobile,2023.0149253731345,640.0,40.0,1450.0,15.0,29.0,10.0,154.0,928000.0,22634.146341463416,58000.0,0.1870967741935484,3.4011973816621555,3.3756466208922262,0.025550760769929237
iris xe graphics 96eu mobile,2023.124378109453,768.0,40.0,1300.0,15.0,29.0,10.0,154.0,998400.0,24351.219512195123,62400.0,0.1870967741935484,3.4011973816621555,3.3707345895718106,0.03046279209034486
uhd graphics 64eu mobile,2023.233830845771,512.0,40.0,1250.0,15.0,29.0,10.0,154.0,640000.0,15609.756097560976,40000.0,0.1870967741935484,3.4011973816621555,3.3658225582514234,0.03537482341073206
uhd graphics 710 mobile,2023.3432835820893,128.0,40.0,1200.0,15.0,29.0,10.0,154.0,153600.0,3746.3414634146343,9600.0,0.1870967741935484,3.4011973816621555,3.360910526931022,0.04028685473113347
uhd graphics 710 mobile,2023.452736318408,128.0,40.0,1450.0,15.0,29.0,10.0,154.0,185600.0,4526.829268292683,11600.0,0.1870967741935484,3.4011973816621555,3.3559984956106064,0.04519888605154909
uhd graphics 730,2023.5621890547263,192.0,40.0,1550.0,15.0,29.0,10.0,154.0,297600.0,7258.536585365854,18600.0,0.1870967741935484,3.4011973816621555,3.3510864642901907,0.050110917371964714
uhd graphics 770 mobile,2023.6716417910447,256.0,40.0,1600.0,15.0,29.0,10.0,154.0,409600.0,9990.243902439024,25600.0,0.1870967741935484,3.4011973816621555,3.3461744329697893,0.055022948692366125
arc 130v mobile,2023.7810945273632,896.0,40.0,1850.0,37.0,29.0,3.0,172.0,1657600.0,40429.26829268293,43621.05263157895,0.1676300578034682,3.4011973816621555,3.3412624016493737,0.05993498001278175
arc 140v mobile,2023.8905472636816,1024.0,40.0,1950.0,37.0,29.0,3.0,172.0,1996800.0,48702.439024390245,52547.36842105263,0.1676300578034682,3.4011973816621555,3.3363503703289723,0.06484701133318316
arc b580,2024.0,2560.0,456.0,2670.0,190.0,19.0,5.0,272.0,6835200.0,14956.673960612692,35786.38743455497,0.0695970695970696,2.995732273553991,3.3314383390085567,-0.3357060654545658
arc graphics 24eu,2024.0,192.0,40.0,2000.0,65.0,17.0,3.0,243.0,384000.0,9365.853658536585,5818.181818181818,0.06967213114754098,2.8903717578961645,3.3314383390085567,-0.44106658111239216
arc graphics 32eu,2024.0,256.0,40.0,1950.0,65.0,17.0,3.0,243.0,499200.0,12175.609756097561,7563.636363636364,0.06967213114754098,2.8903717578961645,3.3314383390085567,-0.44106658111239216
arc graphics 64eu,2024.0,512.0,40.0,1900.0,65.0,17.0,3.0,243.0,972800.0,23726.829268292684,14739.39393939394,0.06967213114754098,2.8903717578961645,3.3314383390085567,-0.44106658111239216
arc 130t mobile,2024.0,896.0,40.0,2200.0,35.0,29.0,5.0,154.0,1971200.0,48078.04878048781,54755.555555555555,0.1870967741935484,3.4011973816621555,3.3314383390085567,0.06975904265359878
arc 140t mobile,2024.0,1024.0,40.0,2350.0,35.0,29.0,5.0,154.0,2406400.0,58692.68292682927,66844.44444444444,0.1870967741935484,3.4011973816621555,3.3314383390085567,0.06975904265359878
arc b570,2024.0,2304.0,380.0,2500.0,150.0,19.0,5.0,272.0,5760000.0,15118.110236220473,38145.69536423841,0.0695970695970696,2.995732273553991,3.3314383390085567,-0.3357060654545658
arc pro b50,2024.0,2048.0,224.0,2600.0,70.0,19.0,5.0,272.0,5324800.0,23665.777777777777,74997.18309859154,0.0695970695970696,2.995732273553991,3.3314383390085567,-0.3357060654545658
arc pro b60,2024.0,2560.0,456.0,2400.0,200.0,19.0,5.0,272.0,6144000.0,13444.201312910285,30567.16417910448,0.0695970695970696,2.995732273553991,3.3314383390085567,-0.3357060654545658
graphics 24eu mobile,2024.0,192.0,40.0,1000.0,6.0,29.0,10.0,154.0,192000.0,4682.926829268293,27428.571428571428,0.1870967741935484,3.4011973816621555,3.3314383390085567,0.06975904265359878
millenium p650,2024.0,480.0,7.36,1250.0,50.0,80.0,150.0,130.0,600000.0,71770.33492822967,11764.70588235294,0.6106870229007634,4.394449154672439,3.3314383390085567,1.0630108156638824
millenium p650 lp mdd pcie,2024.0,480.0,8.64,1250.0,50.0,80.0,150.0,130.0,600000.0,62240.66390041493,11764.70588235294,0.6106870229007634,4.394449154672439,3.3314383390085567,1.0630108156638824
millenium p650 pcie,2024.0,480.0,8.8,1250.0,50.0,80.0,150.0,130.0,600000.0,61224.489795918365,11764.70588235294,0.6106870229007634,4.394449154672439,3.3314383390085567,1.0630108156638824
millenium p750,2024.0,480.0,8.0,1250.0,50.0,80.0,150.0,130.0,600000.0,66666.66666666667,11764.70588235294,0.6106870229007634,4.394449154672439,3.3314383390085567,1.0630108156638824
parhelia dl256,2024.0,480.0,4.0,1250.0,50.0,80.0,150.0,174.0,600000.0,120000.0,11764.70588235294,0.45714285714285713,4.394449154672439,3.3314383390085567,1.0630108156638824
parhelia hr256,2024.0,480.0,4.0,1250.0,50.0,80.0,150.0,174.0,600000.0,120000.0,11764.70588235294,0.45714285714285713,4.394449154672439,3.3314383390085567,1.0630108156638824
parhelia pci,2024.0,480.0,4.0,1250.0,50.0,80.0,150.0,174.0,600000.0,120000.0,11764.70588235294,0.45714285714285713,4.394449154672439,3.3314383390085567,1.0630108156638824
parhelia precision sdt,2024.0,480.0,4.0,1250.0,50.0,80.0,150.0,174.0,600000.0,120000.0,11764.70588235294,0.45714285714285713,4.394449154672439,3.3314383390085567,1.0630108156638824
parhelia precision sgt,2024.0,480.0,4.0,1250.0,50.0,80.0,150.0,174.0,600000.0,120000.0,11764.70588235294,0.45714285714285713,4.394449154672439,3.3314383390085567,1.0630108156638824
parhelia 128 mb,2024.0,480.0,19.2,1250.0,50.0,80.0,150.0,174.0,600000.0,29702.970297029704,11764.70588235294,0.45714285714285713,4.394449154672439,3.3314383390085567,1.0630108156638824
parhelia 256 mb,2024.0,480.0,20.8,1250.0,50.0,80.0,150.0,174.0,600000.0,27522.93577981651,11764.70588235294,0.45714285714285713,4.394449154672439,3.3314383390085567,1.0630108156638824
qid,2024.0,480.0,9.6,1250.0,50.0,29.0,40.0,154.0,600000.0,56603.77358490566,11764.70588235294,0.1870967741935484,3.4011973816621555,3.3314383390085567,0.06975904265359878
qid lp pci,2024.0,480.0,4.8,1250.0,50.0,29.0,40.0,154.0,600000.0,103448.27586206897,11764.70588235294,0.1870967741935484,3.4011973816621555,3.3314383390085567,0.06975904265359878
qid lp pcie,2024.0,480.0,9.6,1250.0,50.0,29.0,40.0,154.0,600000.0,56603.77358490566,11764.70588235294,0.1870967741935484,3.4011973816621555,3.3314383390085567,0.06975904265359878
qid pro,2024.0,480.0,4.8,1250.0,50.0,29.0,40.0,154.0,600000.0,103448.27586206897,11764.70588235294,0.1870967741935484,3.4011973816621555,3.3314383390085567,0.06975904265359878
parhelia apve,2024.0,480.0,8.0,1250.0,50.0,80.0,150.0,174.0,600000.0,66666.66666666667,11764.70588235294,0.45714285714285713,4.394449154672439,3.3314383390085567,1.0630108156638824
4 410 go,2024.0,480.0,3.2,1250.0,50.0,29.0,150.0,65.0,600000.0,142857.14285714284,11764.70588235294,0.4393939393939394,3.4011973816621555,3.3314383390085567,0.06975904265359878
4 420 go,2024.0,480.0,3.2,1250.0,50.0,29.0,150.0,65.0,600000.0,142857.14285714284,11764.70588235294,0.4393939393939394,3.4011973816621555,3.3314383390085567,0.06975904265359878
4 440 go,2024.0,480.0,7.04,1250.0,50.0,29.0,150.0,65.0,600000.0,74626.8656716418,11764.70588235294,0.4393939393939394,3.4011973816621555,3.3314383390085567,0.06975904265359878
4 448 go,2024.0,480.0,6.4,1250.0,50.0,29.0,150.0,65.0,600000.0,81081.08108108108,11764.70588235294,0.4393939393939394,3.4011973816621555,3.3314383390085567,0.06975904265359878
4 460 go,2024.0,480.0,8.0,1250.0,50.0,29.0,150.0,65.0,600000.0,66666.66666666667,11764.70588235294,0.4393939393939394,3.4011973816621555,3.3314383390085567,0.06975904265359878
4 488 go,2024.0,480.0,8.8,1250.0,50.0,29.0,150.0,65.0,600000.0,61224.489795918365,11764.70588235294,0.4393939393939394,3.4011973816621555,3.3314383390085567,0.06975904265359878
4 go 4200,2024.0,480.0,3.2,1250.0,50.0,63.0,150.0,142.0,600000.0,142857.14285714284,11764.70588235294,0.4405594405594406,4.1588830833596715,3.3314383390085567,0.8274447443511148
4 mx nforce2,2024.0,480.0,40.0,1250.0,50.0,29.0,150.0,65.0,600000.0,14634.146341463415,11764.70588235294,0.4393939393939394,3.4011973816621555,3.3314383390085567,0.06975904265359878
4 mx 420,2024.0,480.0,2.656,1250.0,50.0,29.0,150.0,65.0,600000.0,164113.78555798688,11764.70588235294,0.4393939393939394,3.4011973816621555,3.3314383390085567,0.06975904265359878
4 mx 420 pci,2024.0,480.0,1.328,1250.0,50.0,29.0,150.0,65.0,600000.0,257731.95876288656,11764.70588235294,0.4393939393939394,3.4011973816621555,3.3314383390085567,0.06975904265359878
4 mx 440,2024.0,480.0,6.4,1250.0,50.0,29.0,150.0,65.0,600000.0,81081.08108108108,11764.70588235294,0.4393939393939394,3.4011973816621555,3.3314383390085567,0.06975904265359878
4 mx 440 mac edition,2024.0,480.0,6.4,1250.0,50.0,29.0,150.0,65.0,600000.0,81081.08108108108,11764.70588235294,0.4393939393939394,3.4011973816621555,3.3314383390085567,0.06975904265359878
4 mx 440 8x,2024.0,480.0,8.0,1250.0,50.0,29.0,150.0,65.0,600000.0,66666.66666666667,11764.70588235294,0.4393939393939394,3.4011973816621555,3.3314383390085567,0.06975904265359878
4 mx 440 8x,2024.0,480.0,2.0,1250.0,50.0,29.0,150.0,65.0,600000.0,200000.0,11764.70588235294,0.4393939393939394,3.4011973816621555,3.3314383390085567,0.06975904265359878
4 mx 440 se,2024.0,480.0,3.2,1250.0,50.0,29.0,150.0,65.0,600000.0,142857.14285714284,11764.70588235294,0.4393939393939394,3.4011973816621555,3.3314383390085567,0.06975904265359878
4 mx 440 se,2024.0,480.0,5.312,1250.0,50.0,29.0,150.0,65.0,600000.0,95057.03422053231,11764.70588235294,0.4393939393939394,3.4011973816621555,3.3314383390085567,0.06975904265359878
4 mx 440 se,2024.0,480.0,5.312,1250.0,50.0,29.0,150.0,65.0,600000.0,95057.03422053231,11764.70588235294,0.4393939393939394,3.4011973816621555,3.3314383390085567,0.06975904265359878
4 mx 460,2024.0,480.0,7.2,1250.0,50.0,29.0,150.0,65.0,600000.0,73170.73170731709,11764.70588235294,0.4393939393939394,3.4011973816621555,3.3314383390085567,0.06975904265359878
4 ti 4200,2024.0,480.0,8.0,1250.0,50.0,63.0,150.0,142.0,600000.0,66666.66666666667,11764.70588235294,0.4405594405594406,4.1588830833596715,3.3314383390085567,0.8274447443511148
4 ti 4200,2024.0,480.0,4.0,1250.0,50.0,63.0,150.0,142.0,600000.0,120000.0,11764.70588235294,0.4405594405594406,4.1588830833596715,3.3314383390085567,0.8274447443511148
4 ti 4200 8x,2024.0,480.0,4.0,1250.0,50.0,63.0,150.0,142.0,600000.0,120000.0,11764.70588235294,0.4405594405594406,4.1588830833596715,3.3314383390085567,0.8274447443511148
4 ti 4200 8x,2024.0,480.0,4.0,1250.0,50.0,63.0,150.0,142.0,600000.0,120000.0,11764.70588235294,0.4405594405594406,4.1588830833596715,3.3314383390085567,0.8274447443511148
4 ti 4400,2024.0,480.0,8.8,1250.0,50.0,63.0,150.0,142.0,600000.0,61224.489795918365,11764.70588235294,0.4405594405594406,4.1588830833596715,3.3314383390085567,0.8274447443511148
4 ti 4600,2024.0,480.0,10.37,1250.0,50.0,63.0,150.0,142.0,600000.0,52770.44854881267,11764.70588235294,0.4405594405594406,4.1588830833596715,3.3314383390085567,0.8274447443511148
quadro4 380 xgl,2024.0,480.0,8.192,1250.0,50.0,29.0,150.0,65.0,600000.0,65274.15143603133,11764.70588235294,0.4393939393939394,3.4011973816621555,3.3314383390085567,0.06975904265359878
quadro4 500 go gl,2024.0,480.0,3.52,1250.0,50.0,29.0,150.0,65.0,600000.0,132743.36283185842,11764.70588235294,0.4393939393939394,3.4011973816621555,3.3314383390085567,0.06975904265359878
quadro4 500 xgl,2024.0,480.0,2.656,1250.0,50.0,29.0,150.0,65.0,600000.0,164113.78555798688,11764.70588235294,0.4393939393939394,3.4011973816621555,3.3314383390085567,0.06975904265359878
quadro4 550 xgl,2024.0,480.0,6.4,1250.0,50.0,29.0,150.0,65.0,600000.0,81081.08108108108,11764.70588235294,0.4393939393939394,3.4011973816621555,3.3314383390085567,0.06975904265359878
quadro4 580 xgl,2024.0,480.0,6.4,1250.0,50.0,29.0,150.0,65.0,600000.0,81081.08108108108,11764.70588235294,0.4393939393939394,3.4011973816621555,3.3314383390085567,0.06975904265359878
quadro4 700 xgl,2024.0,480.0,7.2,1250.0,50.0,63.0,150.0,142.0,600000.0,73170.73170731709,11764.70588235294,0.4405594405594406,4.1588830833596715,3.3314383390085567,0.8274447443511148
quadro4 750 xgl,2024.0,480.0,7.2,1250.0,50.0,63.0,150.0,142.0,600000.0,73170.73170731709,11764.70588235294,0.4405594405594406,4.1588830833596715,3.3314383390085567,0.8274447443511148
quadro4 900 xgl,2024.0,480.0,10.4,1250.0,50.0,63.0,150.0,142.0,600000.0,52631.57894736842,11764.70588235294,0.4405594405594406,4.1588830833596715,3.3314383390085567,0.8274447443511148
quadro4 980 xgl,2024.0,480.0,10.4,1250.0,50.0,63.0,150.0,142.0,600000.0,52631.57894736842,11764.70588235294,0.4405594405594406,4.1588830833596715,3.3314383390085567,0.8274447443511148
6200 agp,2024.0,480.0,1.056,1250.0,50.0,29.0,150.0,65.0,600000.0,291828.79377431906,11764.70588235294,0.4393939393939394,3.4011973816621555,3.3314383390085567,0.06975904265359878
fx 5100,2024.0,480.0,2.656,1250.0,50.0,45.0,150.0,124.0,600000.0,164113.78555798688,11764.70588235294,0.36,3.828641396489095,3.3314383390085567,0.4972030574805384
fx 5200,2024.0,480.0,6.4,1250.0,50.0,29.0,150.0,65.0,600000.0,81081.08108108108,11764.70588235294,0.4393939393939394,3.4011973816621555,3.3314383390085567,0.06975904265359878
fx 5200,2024.0,480.0,6.4,1250.0,50.0,45.0,150.0,124.0,600000.0,81081.08108108108,11764.70588235294,0.36,3.828641396489095,3.3314383390085567,0.4972030574805384
fx 5200 le,2024.0,480.0,2.656,1250.0,50.0,45.0,150.0,124.0,600000.0,164113.78555798688,11764.70588235294,0.36,3.828641396489095,3.3314383390085567,0.4972030574805384
fx 5200 pci,2024.0,480.0,6.4,1250.0,50.0,45.0,150.0,91.0,600000.0,81081.08108108108,11764.70588235294,0.4891304347826087,3.828641396489095,3.3314383390085567,0.4972030574805384
fx 5200 rev 2,2024.0,480.0,3.2,1250.0,50.0,45.0,150.0,91.0,600000.0,142857.14285714284,11764.70588235294,0.4891304347826087,3.828641396489095,3.3314383390085567,0.4972030574805384
fx 5200 ultra,2024.0,480.0,10.4,1250.0,50.0,45.0,150.0,124.0,600000.0,52631.57894736842,11764.70588235294,0.36,3.828641396489095,3.3314383390085567,0.4972030574805384
fx 5200 ultra mac edition,2024.0,480.0,10.4,1250.0,50.0,45.0,150.0,124.0,600000.0,52631.57894736842,11764.70588235294,0.36,3.828641396489095,3.3314383390085567,0.4972030574805384
fx 5600,2024.0,480.0,8.0,1250.0,37.0,80.0,130.0,121.0,600000.0,66666.66666666667,15789.473684210527,0.6557377049180327,4.394449154672439,3.3314383390085567,1.0630108156638824
fx 5600 ultra,2024.0,480.0,12.8,1250.0,50.0,80.0,130.0,121.0,600000.0,43478.260869565216,11764.70588235294,0.6557377049180327,4.394449154672439,3.3314383390085567,1.0630108156638824
fx 5600 xt,2024.0,480.0,6.4,1250.0,50.0,80.0,130.0,121.0,600000.0,81081.08108108108,11764.70588235294,0.6557377049180327,4.394449154672439,3.3314383390085567,1.0630108156638824
fx 5600 xt pci,2024.0,480.0,6.4,1250.0,50.0,80.0,130.0,121.0,600000.0,81081.08108108108,11764.70588235294,0.6557377049180327,4.394449154672439,3.3314383390085567,1.0630108156638824
fx 5700,2024.0,480.0,8.0,1250.0,25.0,82.0,130.0,133.0,600000.0,66666.66666666667,23076.923076923078,0.6119402985074627,4.418840607796598,3.3314383390085567,1.0874022687880416
fx 5700 engineering sample,2024.0,480.0,8.0,1250.0,25.0,82.0,130.0,133.0,600000.0,66666.66666666667,23076.923076923078,0.6119402985074627,4.418840607796598,3.3314383390085567,1.0874022687880416
fx 5700 ultra,2024.0,480.0,14.5,1250.0,46.0,82.0,130.0,133.0,600000.0,38709.67741935484,12765.95744680851,0.6119402985074627,4.418840607796598,3.3314383390085567,1.0874022687880416
fx 5800,2024.0,480.0,12.8,1250.0,44.0,125.0,130.0,199.0,600000.0,43478.260869565216,13333.333333333334,0.625,4.836281906951478,3.3314383390085567,1.5048435679429213
fx 5800 ultra,2024.0,480.0,16.0,1250.0,50.0,125.0,130.0,199.0,600000.0,35294.117647058825,11764.70588235294,0.625,4.836281906951478,3.3314383390085567,1.5048435679429213
fx 5900,2024.0,480.0,27.2,1250.0,50.0,135.0,130.0,207.0,600000.0,21276.595744680853,11764.70588235294,0.6490384615384616,4.912654885736052,3.3314383390085567,1.5812165467274957
fx 5900 ultra,2024.0,480.0,27.2,1250.0,59.0,135.0,130.0,207.0,600000.0,21276.595744680853,10000.0,0.6490384615384616,4.912654885736052,3.3314383390085567,1.5812165467274957
fx 5900 xt,2024.0,480.0,22.4,1250.0,35.0,135.0,130.0,207.0,600000.0,25641.025641025644,16666.666666666668,0.6490384615384616,4.912654885736052,3.3314383390085567,1.5812165467274957
fx 5900 zt,2024.0,480.0,22.4,1250.0,50.0,135.0,130.0,207.0,600000.0,25641.025641025644,11764.70588235294,0.6490384615384616,4.912654885736052,3.3314383390085567,1.5812165467274957
fx 5950 ultra,2024.0,480.0,30.4,1250.0,74.0,135.0,130.0,207.0,600000.0,19108.28025477707,8000.0,0.6490384615384616,4.912654885736052,3.3314383390085567,1.5812165467274957
fx go5100,2024.0,480.0,3.2,1250.0,50.0,45.0,150.0,124.0,600000.0,142857.14285714284,11764.70588235294,0.36,3.828641396489095,3.3314383390085567,0.4972030574805384
fx go5200,2024.0,480.0,6.4,1250.0,50.0,45.0,150.0,124.0,600000.0,81081.08108108108,11764.70588235294,0.36,3.828641396489095,3.3314383390085567,0.4972030574805384
fx go5200,2024.0,480.0,6.4,1250.0,50.0,45.0,150.0,91.0,600000.0,81081.08108108108,11764.70588235294,0.4891304347826087,3.828641396489095,3.3314383390085567,0.4972030574805384
fx go5200 32m,2024.0,480.0,3.2,1250.0,50.0,45.0,150.0,124.0,600000.0,142857.14285714284,11764.70588235294,0.36,3.828641396489095,3.3314383390085567,0.4972030574805384
fx go5200 64m,2024.0,480.0,8.0,1250.0,50.0,45.0,150.0,91.0,600000.0,66666.66666666667,11764.70588235294,0.4891304347826087,3.828641396489095,3.3314383390085567,0.4972030574805384
fx go5200 npb 32m,2024.0,480.0,3.2,1250.0,50.0,45.0,150.0,91.0,600000.0,142857.14285714284,11764.70588235294,0.4891304347826087,3.828641396489095,3.3314383390085567,0.4972030574805384
fx go5200 npb 64m,2024.0,480.0,8.0,1250.0,50.0,45.0,150.0,91.0,600000.0,66666.66666666667,11764.70588235294,0.4891304347826087,3.828641396489095,3.3314383390085567,0.4972030574805384
fx go5250,2024.0,480.0,8.0,1250.0,50.0,45.0,150.0,124.0,600000.0,66666.66666666667,11764.70588235294,0.36,3.828641396489095,3.3314383390085567,0.4972030574805384
fx go5300,2024.0,480.0,8.0,1250.0,50.0,45.0,150.0,124.0,600000.0,66666.66666666667,11764.70588235294,0.36,3.828641396489095,3.3314383390085567,0.4972030574805384
fx go5350,2024.0,480.0,8.8,1250.0,50.0,45.0,150.0,124.0,600000.0,61224.489795918365,11764.70588235294,0.36,3.828641396489095,3.3314383390085567,0.4972030574805384
fx go5600,2024.0,480.0,8.0,1250.0,50.0,80.0,130.0,121.0,600000.0,66666.66666666667,11764.70588235294,0.6557377049180327,4.394449154672439,3.3314383390085567,1.0630108156638824
fx go5650,2024.0,480.0,9.44,1250.0,50.0,80.0,130.0,121.0,600000.0,57471.2643678161,11764.70588235294,0.6557377049180327,4.394449154672439,3.3314383390085567,1.0630108156638824
pcx 5900,2024.0,480.0,17.6,1250.0,50.0,135.0,130.0,207.0,600000.0,32258.06451612903,11764.70588235294,0.6490384615384616,4.912654885736052,3.3314383390085567,1.5812165467274957
4 mx 4000,2024.0,480.0,2.656,1250.0,50.0,29.0,150.0,65.0,600000.0,164113.78555798688,11764.70588235294,0.4393939393939394,3.4011973816621555,3.3314383390085567,0.06975904265359878
4 mx 4000 pci,2024.0,480.0,2.656,1250.0,50.0,29.0,150.0,65.0,600000.0,164113.78555798688,11764.70588235294,0.4393939393939394,3.4011973816621555,3.3314383390085567,0.06975904265359878
4 mx 4000 rev 2,2024.0,480.0,2.656,1250.0,50.0,29.0,150.0,65.0,600000.0,164113.78555798688,11764.70588235294,0.4393939393939394,3.4011973816621555,3.3314383390085567,0.06975904265359878
4 ti 4800,2024.0,480.0,10.4,1250.0,50.0,63.0,150.0,142.0,600000.0,52631.57894736842,11764.70588235294,0.4405594405594406,4.1588830833596715,3.3314383390085567,0.8274447443511148
4 ti 4800,2024.0,480.0,10.4,1250.0,50.0,63.0,150.0,142.0,600000.0,52631.57894736842,11764.70588235294,0.4405594405594406,4.1588830833596715,3.3314383390085567,0.8274447443511148
4 ti 4800 se,2024.0,480.0,8.8,1250.0,50.0,63.0,150.0,142.0,600000.0,61224.489795918365,11764.70588235294,0.4405594405594406,4.1588830833596715,3.3314383390085567,0.8274447443511148
quadro fx 1000,2024.0,480.0,9.6,1250.0,50.0,125.0,130.0,199.0,600000.0,56603.77358490566,11764.70588235294,0.625,4.836281906951478,3.3314383390085567,1.5048435679429213
quadro fx 2000,2024.0,480.0,12.8,1250.0,50.0,125.0,130.0,199.0,600000.0,43478.260869565216,11764.70588235294,0.625,4.836281906951478,3.3314383390085567,1.5048435679429213
quadro fx 3000,2024.0,480.0,27.2,1250.0,50.0,135.0,130.0,207.0,600000.0,21276.595744680853,11764.70588235294,0.6490384615384616,4.912654885736052,3.3314383390085567,1.5812165467274957
quadro fx 3000g,2024.0,480.0,27.2,1250.0,50.0,135.0,130.0,207.0,600000.0,21276.595744680853,11764.70588235294,0.6490384615384616,4.912654885736052,3.3314383390085567,1.5812165467274957
quadro fx 500,2024.0,480.0,7.68,1250.0,50.0,45.0,150.0,124.0,600000.0,69124.42396313364,11764.70588235294,0.36,3.828641396489095,3.3314383390085567,0.4972030574805384
quadro fx go700,2024.0,480.0,9.44,1250.0,50.0,80.0,130.0,121.0,600000.0,57471.2643678161,11764.70588235294,0.6557377049180327,4.394449154672439,3.3314383390085567,1.0630108156638824
quadro nvs 210s,2024.0,480.0,40.0,1250.0,11.0,29.0,90.0,154.0,600000.0,14634.146341463415,50000.0,0.1870967741935484,3.4011973816621555,3.3314383390085567,0.06975904265359878
quadro nvs 280 pci,2024.0,480.0,4.0,1250.0,13.0,45.0,150.0,91.0,600000.0,120000.0,42857.142857142855,0.4891304347826087,3.828641396489095,3.3314383390085567,0.4972030574805384
quadro4 100 nvs,2024.0,480.0,5.312,1250.0,10.0,29.0,150.0,65.0,600000.0,95057.03422053231,54545.454545454544,0.4393939393939394,3.4011973816621555,3.3314383390085567,0.06975904265359878
quadro4 100 nvs pci,2024.0,480.0,5.312,1250.0,10.0,29.0,150.0,65.0,600000.0,95057.03422053231,54545.454545454544,0.4393939393939394,3.4011973816621555,3.3314383390085567,0.06975904265359878
quadro4 200 nvs,2024.0,480.0,8.0,1250.0,11.0,29.0,150.0,65.0,600000.0,66666.66666666667,50000.0,0.4393939393939394,3.4011973816621555,3.3314383390085567,0.06975904265359878
quadro4 700 go gl,2024.0,480.0,7.136,1250.0,50.0,63.0,150.0,142.0,600000.0,73746.3126843658,11764.70588235294,0.4405594405594406,4.1588830833596715,3.3314383390085567,0.8274447443511148
6100,2024.0,480.0,40.0,1250.0,50.0,29.0,90.0,154.0,600000.0,14634.146341463415,11764.70588235294,0.1870967741935484,3.4011973816621555,3.3314383390085567,0.06975904265359878
6100 nforce 400,2024.0,480.0,40.0,1250.0,50.0,29.0,90.0,154.0,600000.0,14634.146341463415,11764.70588235294,0.1870967741935484,3.4011973816621555,3.3314383390085567,0.06975904265359878
6100 nforce 405,2024.0,480.0,40.0,1250.0,50.0,29.0,90.0,154.0,600000.0,14634.146341463415,11764.70588235294,0.1870967741935484,3.4011973816621555,3.3314383390085567,0.06975904265359878
6100 nforce 420,2024.0,480.0,40.0,1250.0,50.0,29.0,90.0,154.0,600000.0,14634.146341463415,11764.70588235294,0.1870967741935484,3.4011973816621555,3.3314383390085567,0.06975904265359878
6100 nforce 430,2024.0,480.0,40.0,1250.0,50.0,29.0,90.0,154.0,600000.0,14634.146341463415,11764.70588235294,0.1870967741935484,3.4011973816621555,3.3314383390085567,0.06975904265359878
6150,2024.0,480.0,40.0,1250.0,50.0,29.0,90.0,154.0,600000.0,14634.146341463415,11764.70588235294,0.1870967741935484,3.4011973816621555,3.3314383390085567,0.06975904265359878
6150 le,2024.0,480.0,40.0,1250.0,50.0,29.0,90.0,154.0,600000.0,14634.146341463415,11764.70588235294,0.1870967741935484,3.4011973816621555,3.3314383390085567,0.06975904265359878
6150 se nforce 430,2024.0,480.0,40.0,1250.0,50.0,29.0,90.0,154.0,600000.0,14634.146341463415,11764.70588235294,0.1870967741935484,3.4011973816621555,3.3314383390085567,0.06975904265359878
6200,2024.0,480.0,8.8,1250.0,50.0,146.0,110.0,154.0,600000.0,61224.489795918365,11764.70588235294,0.9419354838709677,4.990432586778736,3.3314383390085567,1.6589942477701793
6200 le agp 512 mb,2024.0,480.0,8.8,1250.0,50.0,75.0,110.0,110.0,600000.0,61224.489795918365,11764.70588235294,0.6756756756756757,4.330733340286331,3.3314383390085567,0.9992950012777744
6200 le pci,2024.0,480.0,4.256,1250.0,50.0,146.0,110.0,154.0,600000.0,114155.25114155251,11764.70588235294,0.9419354838709677,4.990432586778736,3.3314383390085567,1.6589942477701793
6200 se turbocache,2024.0,480.0,2.0,1250.0,50.0,75.0,110.0,110.0,600000.0,200000.0,11764.70588235294,0.6756756756756757,4.330733340286331,3.3314383390085567,0.9992950012777744
6200 turbocache,2024.0,480.0,4.0,1250.0,50.0,75.0,110.0,110.0,600000.0,120000.0,11764.70588235294,0.6756756756756757,4.330733340286331,3.3314383390085567,0.9992950012777744
6600,2024.0,480.0,8.0,1250.0,50.0,146.0,110.0,154.0,600000.0,66666.66666666667,11764.70588235294,0.9419354838709677,4.990432586778736,3.3314383390085567,1.6589942477701793
6600 agp,2024.0,480.0,8.0,1250.0,50.0,146.0,110.0,154.0,600000.0,66666.66666666667,11764.70588235294,0.9419354838709677,4.990432586778736,3.3314383390085567,1.6589942477701793
6600 gt,2024.0,480.0,16.0,1250.0,50.0,146.0,110.0,154.0,600000.0,35294.117647058825,11764.70588235294,0.9419354838709677,4.990432586778736,3.3314383390085567,1.6589942477701793
6600 gt agp,2024.0,480.0,15.2,1250.0,47.0,146.0,110.0,154.0,600000.0,37037.03703703704,12500.0,0.9419354838709677,4.990432586778736,3.3314383390085567,1.6589942477701793
6600 gt dual,2024.0,480.0,17.92,1250.0,50.0,146.0,110.0,154.0,600000.0,31712.473572938685,11764.70588235294,0.9419354838709677,4.990432586778736,3.3314383390085567,1.6589942477701793
6610 xl,2024.0,480.0,12.8,1250.0,50.0,146.0,110.0,154.0,600000.0,43478.260869565216,11764.70588235294,0.9419354838709677,4.990432586778736,3.3314383390085567,1.6589942477701793
6700 xl,2024.0,480.0,17.6,1250.0,50.0,146.0,110.0,154.0,600000.0,32258.06451612903,11764.70588235294,0.9419354838709677,4.990432586778736,3.3314383390085567,1.6589942477701793
6800,2024.0,480.0,22.4,1250.0,50.0,222.0,110.0,287.0,600000.0,25641.025641025644,11764.70588235294,0.7708333333333334,5.407171771460119,3.3314383390085567,2.075733432451562
6800,2024.0,480.0,19.2,1250.0,50.0,190.0,130.0,225.0,600000.0,29702.970297029704,11764.70588235294,0.8407079646017699,5.25227342804663,3.3314383390085567,1.9208350890380732
6800,2024.0,480.0,22.4,1250.0,50.0,222.0,130.0,287.0,600000.0,25641.025641025644,11764.70588235294,0.7708333333333334,5.407171771460119,3.3314383390085567,2.075733432451562
6800 gt,2024.0,480.0,16.0,1250.0,50.0,222.0,130.0,287.0,600000.0,35294.117647058825,11764.70588235294,0.7708333333333334,5.407171771460119,3.3314383390085567,2.075733432451562
6800 gt,2024.0,480.0,32.0,1250.0,67.0,222.0,130.0,287.0,600000.0,18181.81818181818,8823.529411764706,0.7708333333333334,5.407171771460119,3.3314383390085567,2.075733432451562
6800 gt,2024.0,480.0,32.0,1250.0,50.0,222.0,110.0,287.0,600000.0,18181.81818181818,11764.70588235294,0.7708333333333334,5.407171771460119,3.3314383390085567,2.075733432451562
6800 gt ddl,2024.0,480.0,32.0,1250.0,80.0,222.0,130.0,287.0,600000.0,18181.81818181818,7407.407407407408,0.7708333333333334,5.407171771460119,3.3314383390085567,2.075733432451562
6800 gt dual,2024.0,480.0,32.0,1250.0,50.0,222.0,130.0,287.0,600000.0,18181.81818181818,11764.70588235294,0.7708333333333334,5.407171771460119,3.3314383390085567,2.075733432451562
6800 gto,2024.0,480.0,32.0,1250.0,50.0,222.0,130.0,287.0,600000.0,18181.81818181818,11764.70588235294,0.7708333333333334,5.407171771460119,3.3314383390085567,2.075733432451562
6800 le,2024.0,480.0,22.4,1250.0,50.0,222.0,130.0,287.0,600000.0,25641.025641025644,11764.70588235294,0.7708333333333334,5.407171771460119,3.3314383390085567,2.075733432451562
6800 ultra,2024.0,480.0,35.2,1250.0,81.0,222.0,130.0,287.0,600000.0,16574.585635359115,7317.073170731707,0.7708333333333334,5.407171771460119,3.3314383390085567,2.075733432451562
6800 ultra,2024.0,480.0,35.2,1250.0,50.0,222.0,130.0,287.0,600000.0,16574.585635359115,11764.70588235294,0.7708333333333334,5.407171771460119,3.3314383390085567,2.075733432451562
6800 ultra ddl,2024.0,480.0,35.2,1250.0,100.0,222.0,130.0,287.0,600000.0,16574.585635359115,5940.59405940594,0.7708333333333334,5.407171771460119,3.3314383390085567,2.075733432451562
fx 5500,2024.0,480.0,5.312,1250.0,50.0,45.0,150.0,91.0,600000.0,95057.03422053231,11764.70588235294,0.4891304347826087,3.828641396489095,3.3314383390085567,0.4972030574805384
fx 5500 pci,2024.0,480.0,6.4,1250.0,50.0,45.0,150.0,91.0,600000.0,81081.08108108108,11764.70588235294,0.4891304347826087,3.828641396489095,3.3314383390085567,0.4972030574805384
fx 5700 ep,2024.0,480.0,3.2,1250.0,50.0,82.0,130.0,133.0,600000.0,142857.14285714284,11764.70588235294,0.6119402985074627,4.418840607796598,3.3314383390085567,1.0874022687880416
fx 5700 le,2024.0,480.0,3.2,1250.0,50.0,82.0,130.0,133.0,600000.0,142857.14285714284,11764.70588235294,0.6119402985074627,4.418840607796598,3.3314383390085567,1.0874022687880416
fx 5700 ve,2024.0,480.0,6.4,1250.0,50.0,82.0,130.0,133.0,600000.0,81081.08108108108,11764.70588235294,0.6119402985074627,4.418840607796598,3.3314383390085567,1.0874022687880416
go 6800,2024.0,480.0,35.2,1250.0,45.0,190.0,130.0,225.0,600000.0,16574.585635359115,13043.478260869566,0.8407079646017699,5.25227342804663,3.3314383390085567,1.9208350890380732
pcx 4300,2024.0,480.0,2.656,1250.0,50.0,29.0,150.0,65.0,600000.0,164113.78555798688,11764.70588235294,0.4393939393939394,3.4011973816621555,3.3314383390085567,0.06975904265359878
pcx 5300,2024.0,480.0,6.4,1250.0,50.0,45.0,150.0,91.0,600000.0,81081.08108108108,11764.70588235294,0.4891304347826087,3.828641396489095,3.3314383390085567,0.4972030574805384
pcx 5750,2024.0,480.0,8.8,1250.0,50.0,82.0,130.0,125.0,600000.0,61224.489795918365,11764.70588235294,0.6507936507936508,4.418840607796598,3.3314383390085567,1.0874022687880416
pcx 5950,2024.0,480.0,27.2,1250.0,57.0,135.0,130.0,207.0,600000.0,21276.595744680853,10344.827586206897,0.6490384615384616,4.912654885736052,3.3314383390085567,1.5812165467274957
quadro fx 1100,2024.0,480.0,10.4,1250.0,50.0,82.0,130.0,133.0,600000.0,52631.57894736842,11764.70588235294,0.6119402985074627,4.418840607796598,3.3314383390085567,1.0874022687880416
quadro fx 1300,2024.0,480.0,17.6,1250.0,55.0,135.0,130.0,207.0,600000.0,32258.06451612903,10714.285714285714,0.6490384615384616,4.912654885736052,3.3314383390085567,1.5812165467274957
quadro fx 1400,2024.0,480.0,19.2,1250.0,55.0,190.0,130.0,225.0,600000.0,29702.970297029704,10714.285714285714,0.8407079646017699,5.25227342804663,3.3314383390085567,1.9208350890380732
quadro fx 330,2024.0,480.0,3.2,1250.0,21.0,45.0,150.0,91.0,600000.0,142857.14285714284,27272.727272727272,0.4891304347826087,3.828641396489095,3.3314383390085567,0.4972030574805384
quadro fx 3400,2024.0,480.0,28.8,1250.0,101.0,222.0,130.0,287.0,600000.0,20134.228187919463,5882.35294117647,0.7708333333333334,5.407171771460119,3.3314383390085567,2.075733432451562
quadro fx 4000,2024.0,480.0,32.0,1250.0,142.0,222.0,130.0,287.0,600000.0,18181.81818181818,4195.804195804196,0.7708333333333334,5.407171771460119,3.3314383390085567,2.075733432451562
quadro fx 4000 sdi,2024.0,480.0,32.0,1250.0,150.0,190.0,130.0,225.0,600000.0,18181.81818181818,3973.5099337748343,0.8407079646017699,5.25227342804663,3.3314383390085567,1.9208350890380732
quadro fx 540,2024.0,480.0,8.0,1250.0,25.0,146.0,110.0,154.0,600000.0,66666.66666666667,23076.923076923078,0.9419354838709677,4.990432586778736,3.3314383390085567,1.6589942477701793
quadro fx 600 pci,2024.0,480.0,7.68,1250.0,50.0,45.0,150.0,124.0,600000.0,69124.42396313364,11764.70588235294,0.36,3.828641396489095,3.3314383390085567,0.4972030574805384
quadro fx 700,2024.0,480.0,8.8,1250.0,50.0,135.0,130.0,207.0,600000.0,61224.489795918365,11764.70588235294,0.6490384615384616,4.912654885736052,3.3314383390085567,1.5812165467274957
quadro fx go1000,2024.0,480.0,9.12,1250.0,50.0,82.0,130.0,133.0,600000.0,59288.53754940712,11764.70588235294,0.6119402985074627,4.418840607796598,3.3314383390085567,1.0874022687880416
quadro fx go540,2024.0,480.0,7.2,1250.0,25.0,146.0,110.0,154.0,600000.0,73170.73170731709,23076.923076923078,0.9419354838709677,4.990432586778736,3.3314383390085567,1.6589942477701793
quadro nvs 280 agp,2024.0,480.0,8.0,1250.0,13.0,45.0,150.0,124.0,600000.0,66666.66666666667,42857.142857142855,0.36,3.828641396489095,3.3314383390085567,0.4972030574805384
quadro nvs 280 pcie,2024.0,480.0,8.0,1250.0,13.0,45.0,150.0,91.0,600000.0,66666.66666666667,42857.142857142855,0.4891304347826087,3.828641396489095,3.3314383390085567,0.4972030574805384
quadro4 400 nvs pci,2024.0,480.0,5.312,1250.0,18.0,29.0,150.0,65.0,600000.0,95057.03422053231,31578.947368421053,0.4393939393939394,3.4011973816621555,3.3314383390085567,0.06975904265359878
6200 agp,2024.0,480.0,4.0,1250.0,50.0,75.0,110.0,110.0,600000.0,120000.0,11764.70588235294,0.6756756756756757,4.330733340286331,3.3314383390085567,0.9992950012777744
6200 agp,2024.0,480.0,4.256,1250.0,50.0,75.0,110.0,110.0,600000.0,114155.25114155251,11764.70588235294,0.6756756756756757,4.330733340286331,3.3314383390085567,0.9992950012777744
6200 le,2024.0,480.0,4.256,1250.0,50.0,75.0,110.0,110.0,600000.0,114155.25114155251,11764.70588235294,0.6756756756756757,4.330733340286331,3.3314383390085567,0.9992950012777744
6200 le,2024.0,480.0,2.128,1250.0,50.0,75.0,110.0,110.0,600000.0,191815.8567774936,11764.70588235294,0.6756756756756757,4.330733340286331,3.3314383390085567,0.9992950012777744
6200 le agp,2024.0,480.0,4.256,1250.0,50.0,75.0,110.0,110.0,600000.0,114155.25114155251,11764.70588235294,0.6756756756756757,4.330733340286331,3.3314383390085567,0.9992950012777744
6500,2024.0,480.0,8.512,1250.0,50.0,75.0,110.0,110.0,600000.0,63078.21698906644,11764.70588235294,0.6756756756756757,4.330733340286331,3.3314383390085567,0.9992950012777744
6600 le,2024.0,480.0,8.0,1250.0,50.0,146.0,110.0,154.0,600000.0,66666.66666666667,11764.70588235294,0.9419354838709677,4.990432586778736,3.3314383390085567,1.6589942477701793
6600 le agp,2024.0,480.0,6.4,1250.0,50.0,146.0,110.0,154.0,600000.0,81081.08108108108,11764.70588235294,0.9419354838709677,4.990432586778736,3.3314383390085567,1.6589942477701793
6600 ve,2024.0,480.0,6.4,1250.0,50.0,146.0,110.0,154.0,600000.0,81081.08108108108,11764.70588235294,0.9419354838709677,4.990432586778736,3.3314383390085567,1.6589942477701793
6800 gs,2024.0,480.0,32.0,1250.0,50.0,190.0,130.0,225.0,600000.0,18181.81818181818,11764.70588235294,0.8407079646017699,5.25227342804663,3.3314383390085567,1.9208350890380732
6800 gs,2024.0,480.0,32.0,1250.0,50.0,222.0,130.0,287.0,600000.0,18181.81818181818,11764.70588235294,0.7708333333333334,5.407171771460119,3.3314383390085567,2.075733432451562
6800 le,2024.0,480.0,19.2,1250.0,50.0,190.0,130.0,225.0,600000.0,29702.970297029704,11764.70588235294,0.8407079646017699,5.25227342804663,3.3314383390085567,1.9208350890380732
6800 xe,2024.0,480.0,8.512,1250.0,50.0,222.0,130.0,287.0,600000.0,63078.21698906644,11764.70588235294,0.7708333333333334,5.407171771460119,3.3314383390085567,2.075733432451562
6800 xt,2024.0,480.0,8.512,1250.0,50.0,222.0,110.0,287.0,600000.0,63078.21698906644,11764.70588235294,0.7708333333333334,5.407171771460119,3.3314383390085567,2.075733432451562
6800 xt,2024.0,480.0,22.4,1250.0,50.0,222.0,130.0,287.0,600000.0,25641.025641025644,11764.70588235294,0.7708333333333334,5.407171771460119,3.3314383390085567,2.075733432451562
6800 xt,2024.0,480.0,32.0,1250.0,50.0,190.0,130.0,225.0,600000.0,18181.81818181818,11764.70588235294,0.8407079646017699,5.25227342804663,3.3314383390085567,1.9208350890380732
6800 xt,2024.0,480.0,38.4,1250.0,50.0,202.0,110.0,222.0,600000.0,15228.426395939086,11764.70588235294,0.905829596412556,5.313205979041787,3.3314383390085567,1.9817676400332305
7800 gt,2024.0,480.0,32.0,1250.0,65.0,302.0,110.0,333.0,600000.0,18181.81818181818,9090.90909090909,0.9041916167664671,5.713732805509369,3.3314383390085567,2.382294466500812
7800 gt dual,2024.0,480.0,32.0,1250.0,120.0,302.0,110.0,333.0,600000.0,18181.81818181818,4958.677685950413,0.9041916167664671,5.713732805509369,3.3314383390085567,2.382294466500812
7800 gtx,2024.0,480.0,38.4,1250.0,86.0,302.0,110.0,333.0,600000.0,15228.426395939086,6896.551724137931,0.9041916167664671,5.713732805509369,3.3314383390085567,2.382294466500812
7800 gtx 512,2024.0,480.0,51.2,1250.0,108.0,302.0,110.0,333.0,600000.0,11494.252873563219,5504.587155963302,0.9041916167664671,5.713732805509369,3.3314383390085567,2.382294466500812
fx go5700,2024.0,480.0,8.8,1250.0,50.0,82.0,130.0,133.0,600000.0,61224.489795918365,11764.70588235294,0.6119402985074627,4.418840607796598,3.3314383390085567,1.0874022687880416
go 6200 te,2024.0,480.0,4.8,1250.0,50.0,146.0,110.0,154.0,600000.0,103448.27586206897,11764.70588235294,0.9419354838709677,4.990432586778736,3.3314383390085567,1.6589942477701793
go 6600,2024.0,480.0,11.2,1250.0,50.0,146.0,110.0,154.0,600000.0,49180.32786885246,11764.70588235294,0.9419354838709677,4.990432586778736,3.3314383390085567,1.6589942477701793
go 6600 npb 128m,2024.0,480.0,9.6,1250.0,50.0,146.0,110.0,154.0,600000.0,56603.77358490566,11764.70588235294,0.9419354838709677,4.990432586778736,3.3314383390085567,1.6589942477701793
go 6600 te,2024.0,480.0,6.4,1250.0,50.0,146.0,110.0,154.0,600000.0,81081.08108108108,11764.70588235294,0.9419354838709677,4.990432586778736,3.3314383390085567,1.6589942477701793
go 6800 ultra,2024.0,480.0,38.4,1250.0,89.0,190.0,130.0,225.0,600000.0,15228.426395939086,6666.666666666667,0.8407079646017699,5.25227342804663,3.3314383390085567,1.9208350890380732
go 7800 gtx,2024.0,480.0,35.2,1250.0,65.0,302.0,110.0,333.0,600000.0,16574.585635359115,9090.90909090909,0.9041916167664671,5.713732805509369,3.3314383390085567,2.382294466500812
quadro fx 2500m,2024.0,480.0,38.4,1250.0,45.0,278.0,90.0,196.0,600000.0,15228.426395939086,13043.478260869566,1.4111675126903553,5.631211781821365,3.3314383390085567,2.2997734428128087
quadro fx 3450,2024.0,480.0,32.0,1250.0,83.0,190.0,130.0,225.0,600000.0,18181.81818181818,7142.857142857143,0.8407079646017699,5.25227342804663,3.3314383390085567,1.9208350890380732
quadro fx 4400,2024.0,480.0,33.6,1250.0,83.0,222.0,130.0,287.0,600000.0,17341.040462427743,7142.857142857143,0.7708333333333334,5.407171771460119,3.3314383390085567,2.075733432451562
quadro fx 4400g,2024.0,480.0,33.6,1250.0,83.0,222.0,130.0,287.0,600000.0,17341.040462427743,7142.857142857143,0.7708333333333334,5.407171771460119,3.3314383390085567,2.075733432451562
quadro fx 4500,2024.0,480.0,33.6,1250.0,109.0,302.0,110.0,333.0,600000.0,17341.040462427743,5454.545454545455,0.9041916167664671,5.713732805509369,3.3314383390085567,2.382294466500812
quadro fx go1400,2024.0,480.0,18.88,1250.0,50.0,190.0,130.0,225.0,600000.0,30181.08651911469,11764.70588235294,0.8407079646017699,5.25227342804663,3.3314383390085567,1.9208350890380732
quadro nvs 280 sd,2024.0,480.0,3.2,1250.0,10.0,29.0,150.0,65.0,600000.0,142857.14285714284,54545.454545454544,0.4393939393939394,3.4011973816621555,3.3314383390085567,0.06975904265359878
quadro nvs 50 pci,2024.0,480.0,3.2,1250.0,10.0,29.0,150.0,65.0,600000.0,142857.14285714284,54545.454545454544,0.4393939393939394,3.4011973816621555,3.3314383390085567,0.06975904265359878
quadro nvs 55 pci,2024.0,480.0,3.2,1250.0,10.0,45.0,150.0,91.0,600000.0,142857.14285714284,54545.454545454544,0.4891304347826087,3.828641396489095,3.3314383390085567,0.4972030574805384
7000m nforce 610m,2024.0,480.0,40.0,1250.0,50.0,112.0,90.0,81.0,600000.0,14634.146341463415,11764.70588235294,1.3658536585365855,4.727387818712341,3.3314383390085567,1.3959494797037841
7025 nforce 630a,2024.0,480.0,40.0,1250.0,50.0,29.0,90.0,154.0,600000.0,14634.146341463415,11764.70588235294,0.1870967741935484,3.4011973816621555,3.3314383390085567,0.06975904265359878
7025 nforce 630a,2024.0,480.0,40.0,1250.0,50.0,112.0,90.0,81.0,600000.0,14634.146341463415,11764.70588235294,1.3658536585365855,4.727387818712341,3.3314383390085567,1.3959494797037841
7025 nforce 630a,2024.0,480.0,40.0,1250.0,50.0,112.0,90.0,81.0,600000.0,14634.146341463415,11764.70588235294,1.3658536585365855,4.727387818712341,3.3314383390085567,1.3959494797037841
7050 nforce 630a,2024.0,480.0,40.0,1250.0,50.0,29.0,90.0,154.0,600000.0,14634.146341463415,11764.70588235294,0.1870967741935484,3.4011973816621555,3.3314383390085567,0.06975904265359878
7050 pv nforce 630a,2024.0,480.0,40.0,1250.0,50.0,112.0,90.0,81.0,600000.0,14634.146341463415,11764.70588235294,1.3658536585365855,4.727387818712341,3.3314383390085567,1.3959494797037841
7050 se nforce 630a,2024.0,480.0,40.0,1250.0,50.0,112.0,90.0,81.0,600000.0,14634.146341463415,11764.70588235294,1.3658536585365855,4.727387818712341,3.3314383390085567,1.3959494797037841
7100 gs,2024.0,480.0,4.256,1250.0,50.0,75.0,110.0,110.0,600000.0,114155.25114155251,11764.70588235294,0.6756756756756757,4.330733340286331,3.3314383390085567,0.9992950012777744
7200 gs,2024.0,480.0,5.344,1250.0,50.0,112.0,90.0,81.0,600000.0,94577.55359394703,11764.70588235294,1.3658536585365855,4.727387818712341,3.3314383390085567,1.3959494797037841
7300 gs,2024.0,480.0,4.256,1250.0,23.0,112.0,90.0,81.0,600000.0,114155.25114155251,25000.0,1.3658536585365855,4.727387818712341,3.3314383390085567,1.3959494797037841
7300 gs low profile,2024.0,480.0,4.256,1250.0,23.0,112.0,90.0,81.0,600000.0,114155.25114155251,25000.0,1.3658536585365855,4.727387818712341,3.3314383390085567,1.3959494797037841
7300 gt,2024.0,480.0,10.4,1250.0,24.0,177.0,90.0,125.0,600000.0,52631.57894736842,24000.0,1.4047619047619047,5.181783550292085,3.3314383390085567,1.8503452112835284
7300 gt,2024.0,480.0,10.4,1250.0,24.0,177.0,80.0,100.0,600000.0,52631.57894736842,24000.0,1.7524752475247525,5.181783550292085,3.3314383390085567,1.8503452112835284
7300 gt agp,2024.0,480.0,10.4,1250.0,24.0,177.0,80.0,100.0,600000.0,52631.57894736842,24000.0,1.7524752475247525,5.181783550292085,3.3314383390085567,1.8503452112835284
7300 gt mac edition,2024.0,480.0,16.0,1250.0,24.0,177.0,90.0,125.0,600000.0,35294.117647058825,24000.0,1.4047619047619047,5.181783550292085,3.3314383390085567,1.8503452112835284
7300 le,2024.0,480.0,5.184,1250.0,50.0,112.0,90.0,81.0,600000.0,97024.57956015524,11764.70588235294,1.3658536585365855,4.727387818712341,3.3314383390085567,1.3959494797037841
7300 se,2024.0,480.0,4.256,1250.0,50.0,112.0,90.0,81.0,600000.0,114155.25114155251,11764.70588235294,1.3658536585365855,4.727387818712341,3.3314383390085567,1.3959494797037841
7350 le,2024.0,480.0,6.4,1250.0,50.0,112.0,90.0,81.0,600000.0,81081.08108108108,11764.70588235294,1.3658536585365855,4.727387818712341,3.3314383390085567,1.3959494797037841
7500 le,2024.0,480.0,6.48,1250.0,50.0,112.0,90.0,81.0,600000.0,80213.9037433155,11764.70588235294,1.3658536585365855,4.727387818712341,3.3314383390085567,1.3959494797037841
7600 gs,2024.0,480.0,12.8,1250.0,27.0,177.0,80.0,100.0,600000.0,43478.260869565216,21428.571428571428,1.7524752475247525,5.181783550292085,3.3314383390085567,1.8503452112835284
7600 gs agp,2024.0,480.0,23.2,1250.0,27.0,278.0,90.0,196.0,600000.0,24793.388429752067,21428.571428571428,1.4111675126903553,5.631211781821365,3.3314383390085567,2.2997734428128087
7600 gs agp,2024.0,480.0,12.8,1250.0,27.0,177.0,80.0,100.0,600000.0,43478.260869565216,21428.571428571428,1.7524752475247525,5.181783550292085,3.3314383390085567,1.8503452112835284
7600 gt,2024.0,480.0,22.4,1250.0,40.0,177.0,80.0,100.0,600000.0,25641.025641025644,14634.146341463415,1.7524752475247525,5.181783550292085,3.3314383390085567,1.8503452112835284
7600 gt mac edition,2024.0,480.0,22.4,1250.0,40.0,177.0,90.0,125.0,600000.0,25641.025641025644,14634.146341463415,1.4047619047619047,5.181783550292085,3.3314383390085567,1.8503452112835284
7600 gt mac edition,2024.0,480.0,22.4,1250.0,40.0,177.0,80.0,100.0,600000.0,25641.025641025644,14634.146341463415,1.7524752475247525,5.181783550292085,3.3314383390085567,1.8503452112835284
7600 le,2024.0,480.0,12.8,1250.0,50.0,177.0,80.0,100.0,600000.0,43478.260869565216,11764.70588235294,1.7524752475247525,5.181783550292085,3.3314383390085567,1.8503452112835284
7650 gs,2024.0,480.0,12.8,1250.0,50.0,177.0,80.0,100.0,600000.0,43478.260869565216,11764.70588235294,1.7524752475247525,5.181783550292085,3.3314383390085567,1.8503452112835284
7800 gs 20pipes agp,2024.0,480.0,40.0,1250.0,75.0,302.0,110.0,333.0,600000.0,14634.146341463415,7894.736842105263,0.9041916167664671,5.713732805509369,3.3314383390085567,2.382294466500812
7800 gs 20pipes agp,2024.0,480.0,40.0,1250.0,75.0,278.0,90.0,196.0,600000.0,14634.146341463415,7894.736842105263,1.4111675126903553,5.631211781821365,3.3314383390085567,2.2997734428128087
7800 gs 24pipes agp,2024.0,480.0,40.0,1250.0,75.0,302.0,110.0,333.0,600000.0,14634.146341463415,7894.736842105263,0.9041916167664671,5.713732805509369,3.3314383390085567,2.382294466500812
7800 gs 24pipes agp,2024.0,480.0,40.0,1250.0,75.0,278.0,90.0,196.0,600000.0,14634.146341463415,7894.736842105263,1.4111675126903553,5.631211781821365,3.3314383390085567,2.2997734428128087
7800 gs agp,2024.0,480.0,38.4,1250.0,75.0,302.0,110.0,333.0,600000.0,15228.426395939086,7894.736842105263,0.9041916167664671,5.713732805509369,3.3314383390085567,2.382294466500812
7800 gs agp,2024.0,480.0,38.4,1250.0,75.0,278.0,90.0,196.0,600000.0,15228.426395939086,7894.736842105263,1.4111675126903553,5.631211781821365,3.3314383390085567,2.2997734428128087
7900 gs,2024.0,480.0,42.24,1250.0,49.0,278.0,90.0,196.0,600000.0,13876.040703052728,12000.0,1.4111675126903553,5.631211781821365,3.3314383390085567,2.2997734428128087
7900 gs agp,2024.0,480.0,42.24,1250.0,65.0,278.0,90.0,196.0,600000.0,13876.040703052728,9090.90909090909,1.4111675126903553,5.631211781821365,3.3314383390085567,2.2997734428128087
7900 gt,2024.0,480.0,42.24,1250.0,48.0,278.0,90.0,196.0,600000.0,13876.040703052728,12244.897959183674,1.4111675126903553,5.631211781821365,3.3314383390085567,2.2997734428128087
7900 gto,2024.0,480.0,42.24,1250.0,81.0,278.0,90.0,196.0,600000.0,13876.040703052728,7317.073170731707,1.4111675126903553,5.631211781821365,3.3314383390085567,2.2997734428128087
7900 gtx,2024.0,480.0,51.2,1250.0,84.0,278.0,90.0,196.0,600000.0,11494.252873563219,7058.823529411765,1.4111675126903553,5.631211781821365,3.3314383390085567,2.2997734428128087
7900 gx2,2024.0,480.0,38.4,1250.0,110.0,278.0,90.0,196.0,600000.0,15228.426395939086,5405.405405405405,1.4111675126903553,5.631211781821365,3.3314383390085567,2.2997734428128087
7950 gt,2024.0,480.0,44.8,1250.0,65.0,278.0,90.0,196.0,600000.0,13100.436681222709,9090.90909090909,1.4111675126903553,5.631211781821365,3.3314383390085567,2.2997734428128087
7950 gx2,2024.0,480.0,38.4,1250.0,110.0,278.0,90.0,196.0,600000.0,15228.426395939086,5405.405405405405,1.4111675126903553,5.631211781821365,3.3314383390085567,2.2997734428128087
8800 gts 640,2024.0,96.0,63.36,1250.0,143.0,681.0,90.0,484.0,120000.0,1864.5121193287757,833.3333333333334,1.404123711340206,6.525029657843462,3.3314383390085567,3.1935913188349057
8800 gtx,2024.0,128.0,86.4,1250.0,155.0,681.0,90.0,484.0,160000.0,1830.6636155606407,1025.6410256410256,1.404123711340206,6.525029657843462,3.3314383390085567,3.1935913188349057
go 6100 nforce go 430,2024.0,480.0,40.0,1250.0,50.0,29.0,90.0,154.0,600000.0,14634.146341463415,11764.70588235294,0.1870967741935484,3.4011973816621555,3.3314383390085567,0.06975904265359878
go 6150 nforce go 430,2024.0,480.0,40.0,1250.0,50.0,29.0,90.0,154.0,600000.0,14634.146341463415,11764.70588235294,0.1870967741935484,3.4011973816621555,3.3314383390085567,0.06975904265359878
go 6200,2024.0,480.0,4.8,1250.0,16.0,75.0,110.0,110.0,600000.0,103448.27586206897,35294.117647058825,0.6756756756756757,4.330733340286331,3.3314383390085567,0.9992950012777744
go 6250,2024.0,480.0,5.6,1250.0,10.0,75.0,110.0,110.0,600000.0,90909.09090909091,54545.454545454544,0.6756756756756757,4.330733340286331,3.3314383390085567,0.9992950012777744
go 6400,2024.0,480.0,5.6,1250.0,50.0,75.0,110.0,110.0,600000.0,90909.09090909091,11764.70588235294,0.6756756756756757,4.330733340286331,3.3314383390085567,0.9992950012777744
go 7200,2024.0,480.0,2.8,1250.0,50.0,112.0,90.0,81.0,600000.0,157894.73684210528,11764.70588235294,1.3658536585365855,4.727387818712341,3.3314383390085567,1.3959494797037841
go 7300,2024.0,480.0,5.6,1250.0,50.0,112.0,90.0,81.0,600000.0,90909.09090909091,11764.70588235294,1.3658536585365855,4.727387818712341,3.3314383390085567,1.3959494797037841
go 7300t,2024.0,480.0,5.6,1250.0,50.0,112.0,90.0,81.0,600000.0,90909.09090909091,11764.70588235294,1.3658536585365855,4.727387818712341,3.3314383390085567,1.3959494797037841
go 7400,2024.0,480.0,3.6,1250.0,50.0,112.0,90.0,81.0,600000.0,130434.78260869566,11764.70588235294,1.3658536585365855,4.727387818712341,3.3314383390085567,1.3959494797037841
go 7400,2024.0,480.0,7.2,1250.0,50.0,112.0,90.0,81.0,600000.0,73170.73170731709,11764.70588235294,1.3658536585365855,4.727387818712341,3.3314383390085567,1.3959494797037841
go 7400t,2024.0,480.0,7.2,1250.0,50.0,112.0,90.0,81.0,600000.0,73170.73170731709,11764.70588235294,1.3658536585365855,4.727387818712341,3.3314383390085567,1.3959494797037841
go 7450,2024.0,480.0,12.8,1250.0,50.0,112.0,90.0,81.0,600000.0,43478.260869565216,11764.70588235294,1.3658536585365855,4.727387818712341,3.3314383390085567,1.3959494797037841
go 7600,2024.0,480.0,11.2,1250.0,50.0,177.0,90.0,125.0,600000.0,49180.32786885246,11764.70588235294,1.4047619047619047,5.181783550292085,3.3314383390085567,1.8503452112835284
go 7600 gt,2024.0,480.0,19.2,1250.0,50.0,177.0,80.0,100.0,600000.0,29702.970297029704,11764.70588235294,1.7524752475247525,5.181783550292085,3.3314383390085567,1.8503452112835284
go 7700,2024.0,480.0,16.0,1250.0,50.0,177.0,80.0,100.0,600000.0,35294.117647058825,11764.70588235294,1.7524752475247525,5.181783550292085,3.3314383390085567,1.8503452112835284
go 7800,2024.0,480.0,35.2,1250.0,35.0,302.0,110.0,333.0,600000.0,16574.585635359115,16666.666666666668,0.9041916167664671,5.713732805509369,3.3314383390085567,2.382294466500812
go 7900 gs,2024.0,480.0,32.0,1250.0,20.0,278.0,90.0,196.0,600000.0,18181.81818181818,28571.428571428572,1.4111675126903553,5.631211781821365,3.3314383390085567,2.2997734428128087
go 7900 gtx,2024.0,480.0,38.4,1250.0,45.0,278.0,90.0,196.0,600000.0,15228.426395939086,13043.478260869566,1.4111675126903553,5.631211781821365,3.3314383390085567,2.2997734428128087
go 7900 se,2024.0,480.0,21.31,1250.0,20.0,177.0,90.0,125.0,600000.0,26893.76961004034,28571.428571428572,1.4047619047619047,5.181783550292085,3.3314383390085567,1.8503452112835284
go 7950 gtx,2024.0,480.0,44.8,1250.0,45.0,278.0,90.0,196.0,600000.0,13100.436681222709,13043.478260869566,1.4111675126903553,5.631211781821365,3.3314383390085567,2.2997734428128087
go 7950 gtx mxm iv,2024.0,480.0,44.8,1250.0,45.0,278.0,90.0,196.0,600000.0,13100.436681222709,13043.478260869566,1.4111675126903553,5.631211781821365,3.3314383390085567,2.2997734428128087
playstation 3 gpu 90nm,2024.0,480.0,20.8,1250.0,80.0,300.0,90.0,258.0,600000.0,27522.93577981651,7407.407407407408,1.1583011583011582,5.707110264748875,3.3314383390085567,2.3756719257403187
quadro fx 1500,2024.0,480.0,40.0,1250.0,65.0,278.0,90.0,196.0,600000.0,14634.146341463415,9090.90909090909,1.4111675126903553,5.631211781821365,3.3314383390085567,2.2997734428128087
quadro fx 1500m,2024.0,480.0,32.0,1250.0,45.0,278.0,90.0,196.0,600000.0,18181.81818181818,13043.478260869566,1.4111675126903553,5.631211781821365,3.3314383390085567,2.2997734428128087
quadro fx 350,2024.0,480.0,6.48,1250.0,21.0,112.0,90.0,81.0,600000.0,80213.9037433155,27272.727272727272,1.3658536585365855,4.727387818712341,3.3314383390085567,1.3959494797037841
quadro fx 3500,2024.0,480.0,42.24,1250.0,80.0,278.0,90.0,196.0,600000.0,13876.040703052728,7407.407407407408,1.4111675126903553,5.631211781821365,3.3314383390085567,2.2997734428128087
quadro fx 350m,2024.0,480.0,14.4,1250.0,15.0,112.0,90.0,81.0,600000.0,38961.03896103896,37500.0,1.3658536585365855,4.727387818712341,3.3314383390085567,1.3959494797037841
quadro fx 4500 sdi,2024.0,480.0,33.6,1250.0,116.0,302.0,110.0,333.0,600000.0,17341.040462427743,5128.205128205128,0.9041916167664671,5.713732805509369,3.3314383390085567,2.382294466500812
quadro fx 4500 x2,2024.0,480.0,38.72,1250.0,145.0,278.0,90.0,196.0,600000.0,15105.740181268882,4109.58904109589,1.4111675126903553,5.631211781821365,3.3314383390085567,2.2997734428128087
quadro fx 550,2024.0,480.0,12.8,1250.0,30.0,146.0,110.0,154.0,600000.0,43478.260869565216,19354.83870967742,0.9419354838709677,4.990432586778736,3.3314383390085567,1.6589942477701793
quadro fx 5500,2024.0,480.0,32.32,1250.0,96.0,278.0,90.0,196.0,600000.0,18007.20288115246,6185.567010309278,1.4111675126903553,5.631211781821365,3.3314383390085567,2.2997734428128087
quadro fx 5500 sdi,2024.0,480.0,32.32,1250.0,104.0,278.0,90.0,196.0,600000.0,18007.20288115246,5714.285714285715,1.4111675126903553,5.631211781821365,3.3314383390085567,2.2997734428128087
quadro fx 550m,2024.0,480.0,16.0,1250.0,35.0,177.0,90.0,125.0,600000.0,35294.117647058825,16666.666666666668,1.4047619047619047,5.181783550292085,3.3314383390085567,1.8503452112835284
quadro fx 560,2024.0,480.0,19.2,1250.0,30.0,177.0,90.0,125.0,600000.0,29702.970297029704,19354.83870967742,1.4047619047619047,5.181783550292085,3.3314383390085567,1.8503452112835284
quadro nvs 110m,2024.0,480.0,4.8,1250.0,10.0,112.0,90.0,81.0,600000.0,103448.27586206897,54545.454545454544,1.3658536585365855,4.727387818712341,3.3314383390085567,1.3959494797037841
quadro nvs 120m,2024.0,480.0,11.2,1250.0,10.0,112.0,90.0,81.0,600000.0,49180.32786885246,54545.454545454544,1.3658536585365855,4.727387818712341,3.3314383390085567,1.3959494797037841
quadro nvs 285,2024.0,480.0,4.8,1250.0,18.0,75.0,110.0,110.0,600000.0,103448.27586206897,31578.947368421053,0.6756756756756757,4.330733340286331,3.3314383390085567,0.9992950012777744
quadro nvs 300m,2024.0,480.0,22.4,1250.0,16.0,177.0,90.0,125.0,600000.0,25641.025641025644,35294.117647058825,1.4047619047619047,5.181783550292085,3.3314383390085567,1.8503452112835284
quadro nvs 440 pcie x1,2024.0,480.0,8.0,1250.0,31.0,146.0,110.0,154.0,600000.0,66666.66666666667,18750.0,0.9419354838709677,4.990432586778736,3.3314383390085567,1.6589942477701793
quadro nvs 440 pcie x16,2024.0,480.0,8.0,1250.0,31.0,146.0,110.0,154.0,600000.0,66666.66666666667,18750.0,0.9419354838709677,4.990432586778736,3.3314383390085567,1.6589942477701793
quadro nvs 510m,2024.0,480.0,19.2,1250.0,35.0,278.0,90.0,196.0,600000.0,29702.970297029704,16666.666666666668,1.4111675126903553,5.631211781821365,3.3314383390085567,2.2997734428128087
7050 nforce 620i,2024.0,480.0,40.0,630.0,50.0,112.0,90.0,81.0,302400.0,7375.609756097561,5929.411764705882,1.3658536585365855,4.727387818712341,3.3314383390085567,1.3959494797037841
7050 nforce 630i,2024.0,480.0,40.0,630.0,50.0,112.0,90.0,81.0,302400.0,7375.609756097561,5929.411764705882,1.3658536585365855,4.727387818712341,3.3314383390085567,1.3959494797037841
7100 nforce 630i,2024.0,480.0,40.0,1250.0,50.0,112.0,90.0,81.0,600000.0,14634.146341463415,11764.70588235294,1.3658536585365855,4.727387818712341,3.3314383390085567,1.3959494797037841
7150 nforce 630i,2024.0,480.0,40.0,1250.0,50.0,112.0,90.0,81.0,600000.0,14634.146341463415,11764.70588235294,1.3658536585365855,4.727387818712341,3.3314383390085567,1.3959494797037841
7150m nforce 630m,2024.0,480.0,40.0,1250.0,50.0,112.0,90.0,81.0,600000.0,14634.146341463415,11764.70588235294,1.3658536585365855,4.727387818712341,3.3314383390085567,1.3959494797037841
7600 gt agp,2024.0,480.0,22.4,1250.0,40.0,177.0,80.0,100.0,600000.0,25641.025641025644,14634.146341463415,1.7524752475247525,5.181783550292085,3.3314383390085567,1.8503452112835284
7950 gt agp,2024.0,480.0,38.4,1250.0,65.0,278.0,90.0,196.0,600000.0,15228.426395939086,9090.90909090909,1.4111675126903553,5.631211781821365,3.3314383390085567,2.2997734428128087
8300 gs,2024.0,8.0,6.4,1250.0,40.0,210.0,80.0,127.0,10000.0,1351.3513513513512,243.90243902439025,1.640625,5.351858133476067,3.3314383390085567,2.02041979446751
8400,2024.0,8.0,8.0,1250.0,25.0,210.0,65.0,86.0,10000.0,1111.111111111111,384.61538461538464,2.413793103448276,5.351858133476067,3.3314383390085567,2.02041979446751
8400 gs,2024.0,16.0,6.4,1250.0,40.0,210.0,80.0,127.0,20000.0,2702.7027027027025,487.8048780487805,1.640625,5.351858133476067,3.3314383390085567,2.02041979446751
8400 gs pci,2024.0,8.0,5.328,1250.0,25.0,210.0,65.0,86.0,10000.0,1580.2781289506952,384.61538461538464,2.413793103448276,5.351858133476067,3.3314383390085567,2.02041979446751
8400 gs pci rev 2,2024.0,16.0,8.0,1250.0,40.0,260.0,40.0,57.0,20000.0,2222.222222222222,487.8048780487805,4.482758620689655,5.564520407322694,3.3314383390085567,2.233082068314137
8400 gs rev 2,2024.0,8.0,6.4,1250.0,25.0,210.0,65.0,86.0,10000.0,1351.3513513513512,384.61538461538464,2.413793103448276,5.351858133476067,3.3314383390085567,2.02041979446751
8400m g,2024.0,8.0,6.4,1250.0,10.0,210.0,80.0,127.0,10000.0,1351.3513513513512,909.0909090909091,1.640625,5.351858133476067,3.3314383390085567,2.02041979446751
8400m gs,2024.0,16.0,6.4,1250.0,11.0,210.0,80.0,127.0,20000.0,2702.7027027027025,1666.6666666666667,1.640625,5.351858133476067,3.3314383390085567,2.02041979446751
8400m gt,2024.0,16.0,19.26,1250.0,14.0,210.0,80.0,127.0,20000.0,987.1668311944718,1333.3333333333333,1.640625,5.351858133476067,3.3314383390085567,2.02041979446751
8500 gt,2024.0,16.0,12.8,1250.0,30.0,210.0,80.0,127.0,20000.0,1449.2753623188405,645.1612903225806,1.640625,5.351858133476067,3.3314383390085567,2.02041979446751
8600 gs,2024.0,16.0,12.8,1250.0,47.0,289.0,80.0,169.0,20000.0,1449.2753623188405,416.6666666666667,1.7,5.66988092298052,3.3314383390085567,2.338442583971963
8600 gt,2024.0,32.0,22.4,1250.0,47.0,289.0,80.0,169.0,40000.0,1709.4017094017095,833.3333333333334,1.7,5.66988092298052,3.3314383390085567,2.338442583971963
8600 gt mac edition,2024.0,32.0,24.0,1250.0,47.0,289.0,80.0,169.0,40000.0,1600.0,833.3333333333334,1.7,5.66988092298052,3.3314383390085567,2.338442583971963
8600 gts,2024.0,32.0,32.0,1250.0,60.0,289.0,80.0,169.0,40000.0,1212.121212121212,655.7377049180328,1.7,5.66988092298052,3.3314383390085567,2.338442583971963
8600 gts mac edition,2024.0,32.0,32.26,1250.0,75.0,289.0,80.0,169.0,40000.0,1202.6458208057727,526.3157894736842,1.7,5.66988092298052,3.3314383390085567,2.338442583971963
8600m gs,2024.0,16.0,12.8,1250.0,20.0,210.0,80.0,127.0,20000.0,1449.2753623188405,952.3809523809524,1.640625,5.351858133476067,3.3314383390085567,2.02041979446751
8600m gt,2024.0,32.0,12.8,1250.0,20.0,289.0,80.0,169.0,40000.0,2898.550724637681,1904.7619047619048,1.7,5.66988092298052,3.3314383390085567,2.338442583971963
8600m gt,2024.0,32.0,22.4,1250.0,20.0,289.0,80.0,169.0,40000.0,1709.4017094017095,1904.7619047619048,1.7,5.66988092298052,3.3314383390085567,2.338442583971963
8600m gt mac edition,2024.0,32.0,20.32,1250.0,20.0,289.0,80.0,169.0,40000.0,1876.172607879925,1904.7619047619048,1.7,5.66988092298052,3.3314383390085567,2.338442583971963
8700m gt,2024.0,32.0,25.6,1250.0,29.0,289.0,80.0,169.0,40000.0,1503.7593984962405,1333.3333333333333,1.7,5.66988092298052,3.3314383390085567,2.338442583971963
8800 gt,2024.0,112.0,57.6,1250.0,125.0,754.0,65.0,324.0,140000.0,2389.078498293515,1111.111111111111,2.32,6.626717749249025,3.3314383390085567,3.295279410240468
8800 gts 320,2024.0,96.0,63.36,1250.0,143.0,681.0,90.0,484.0,120000.0,1864.5121193287757,833.3333333333334,1.404123711340206,6.525029657843462,3.3314383390085567,3.1935913188349057
8800 gts 512,2024.0,128.0,52.48,1250.0,135.0,754.0,65.0,324.0,160000.0,2991.7726252804787,1176.4705882352941,2.32,6.626717749249025,3.3314383390085567,3.295279410240468
8800 gts core 112,2024.0,112.0,64.0,1250.0,150.0,681.0,90.0,484.0,140000.0,2153.846153846154,927.1523178807947,1.404123711340206,6.525029657843462,3.3314383390085567,3.1935913188349057
8800 ultra,2024.0,128.0,103.7,1250.0,171.0,681.0,90.0,484.0,160000.0,1528.175740210124,930.2325581395348,1.404123711340206,6.525029657843462,3.3314383390085567,3.1935913188349057
8800m gts,2024.0,64.0,51.2,1250.0,50.0,754.0,65.0,324.0,80000.0,1532.5670498084291,1568.6274509803923,2.32,6.626717749249025,3.3314383390085567,3.295279410240468
8800m gtx,2024.0,96.0,51.2,1250.0,65.0,754.0,65.0,324.0,120000.0,2298.8505747126437,1818.1818181818182,2.32,6.626717749249025,3.3314383390085567,3.295279410240468
quadro fx 1600m,2024.0,32.0,25.6,1250.0,50.0,289.0,80.0,169.0,40000.0,1503.7593984962405,784.3137254901961,1.7,5.66988092298052,3.3314383390085567,2.338442583971963
quadro fx 1700,2024.0,32.0,25.6,1250.0,42.0,289.0,80.0,169.0,40000.0,1503.7593984962405,930.2325581395348,1.7,5.66988092298052,3.3314383390085567,2.338442583971963
quadro fx 3500m,2024.0,480.0,38.4,1250.0,45.0,278.0,90.0,196.0,600000.0,15228.426395939086,13043.478260869566,1.4111675126903553,5.631211781821365,3.3314383390085567,2.2997734428128087
quadro fx 360m,2024.0,16.0,6.4,1250.0,17.0,210.0,80.0,127.0,20000.0,2702.7027027027025,1111.111111111111,1.640625,5.351858133476067,3.3314383390085567,2.02041979446751
quadro fx 370,2024.0,16.0,8.0,1250.0,35.0,289.0,80.0,169.0,20000.0,2222.222222222222,555.5555555555555,1.7,5.66988092298052,3.3314383390085567,2.338442583971963
quadro fx 4600,2024.0,96.0,67.2,1250.0,134.0,681.0,90.0,484.0,120000.0,1759.5307917888563,888.8888888888889,1.404123711340206,6.525029657843462,3.3314383390085567,3.1935913188349057
quadro fx 4600 sdi,2024.0,96.0,67.2,1250.0,154.0,681.0,90.0,484.0,120000.0,1759.5307917888563,774.1935483870968,1.404123711340206,6.525029657843462,3.3314383390085567,3.1935913188349057
quadro fx 5600,2024.0,128.0,76.8,1250.0,171.0,681.0,90.0,484.0,160000.0,2056.5552699228792,930.2325581395348,1.404123711340206,6.525029657843462,3.3314383390085567,3.1935913188349057
quadro fx 5600 mac edition,2024.0,128.0,76.8,1250.0,171.0,681.0,90.0,484.0,160000.0,2056.5552699228792,930.2325581395348,1.404123711340206,6.525029657843462,3.3314383390085567,3.1935913188349057
quadro fx 570,2024.0,16.0,12.8,1250.0,38.0,289.0,80.0,169.0,20000.0,1449.2753623188405,512.8205128205128,1.7,5.66988092298052,3.3314383390085567,2.338442583971963
quadro fx 570m,2024.0,32.0,22.46,1250.0,45.0,289.0,80.0,169.0,40000.0,1705.0298380221652,869.5652173913044,1.7,5.66988092298052,3.3314383390085567,2.338442583971963
quadro nvs 130m,2024.0,8.0,11.2,1250.0,10.0,210.0,80.0,127.0,10000.0,819.672131147541,909.0909090909091,1.640625,5.351858133476067,3.3314383390085567,2.02041979446751
quadro nvs 135m,2024.0,16.0,9.504,1250.0,10.0,210.0,80.0,127.0,20000.0,1904.036557501904,1818.1818181818182,1.640625,5.351858133476067,3.3314383390085567,2.02041979446751
quadro nvs 140m,2024.0,16.0,9.6,1250.0,10.0,210.0,80.0,127.0,20000.0,1886.7924528301887,1818.1818181818182,1.640625,5.351858133476067,3.3314383390085567,2.02041979446751
quadro nvs 290,2024.0,16.0,6.4,1250.0,21.0,210.0,80.0,127.0,20000.0,2702.7027027027025,909.0909090909091,1.640625,5.351858133476067,3.3314383390085567,2.02041979446751
quadro nvs 320m,2024.0,32.0,22.4,1250.0,20.0,289.0,80.0,169.0,40000.0,1709.4017094017095,1904.7619047619048,1.7,5.66988092298052,3.3314383390085567,2.338442583971963
tesla c870,2024.0,128.0,76.8,1250.0,171.0,681.0,90.0,484.0,160000.0,2056.5552699228792,930.2325581395348,1.404123711340206,6.525029657843462,3.3314383390085567,3.1935913188349057
tesla d870,2024.0,128.0,76.8,1250.0,520.0,681.0,90.0,484.0,160000.0,2056.5552699228792,307.1017274472169,1.404123711340206,6.525029657843462,3.3314383390085567,3.1935913188349057
tesla s870,2024.0,128.0,76.8,1250.0,800.0,681.0,90.0,484.0,160000.0,2056.5552699228792,199.75031210986268,1.404123711340206,6.525029657843462,3.3314383390085567,3.1935913188349057
8100 nforce 720a,2024.0,16.0,40.0,1250.0,40.0,210.0,80.0,127.0,20000.0,487.8048780487805,487.8048780487805,1.640625,5.351858133476067,3.3314383390085567,2.02041979446751
8200,2024.0,16.0,40.0,1250.0,40.0,210.0,80.0,127.0,20000.0,487.8048780487805,487.8048780487805,1.640625,5.351858133476067,3.3314383390085567,2.02041979446751
8200m g mgpu,2024.0,16.0,40.0,1250.0,12.0,210.0,80.0,127.0,20000.0,487.8048780487805,1538.4615384615386,1.640625,5.351858133476067,3.3314383390085567,2.02041979446751
8200m g mgpu intel,2024.0,16.0,40.0,1250.0,12.0,314.0,65.0,144.0,20000.0,487.8048780487805,1538.4615384615386,2.1655172413793102,5.752572638825633,3.3314383390085567,2.4211342998170764
8300,2024.0,16.0,40.0,1250.0,40.0,210.0,80.0,127.0,20000.0,487.8048780487805,487.8048780487805,1.640625,5.351858133476067,3.3314383390085567,2.02041979446751
8400 se,2024.0,16.0,6.4,1250.0,50.0,210.0,80.0,127.0,20000.0,2702.7027027027025,392.15686274509807,1.640625,5.351858133476067,3.3314383390085567,2.02041979446751
8800 gs,2024.0,96.0,38.4,1250.0,105.0,754.0,65.0,324.0,120000.0,3045.6852791878173,1132.0754716981132,2.32,6.626717749249025,3.3314383390085567,3.295279410240468
8800 gs mac edition,2024.0,64.0,51.14,1250.0,105.0,754.0,65.0,324.0,80000.0,1534.3306482546989,754.7169811320755,2.32,6.626717749249025,3.3314383390085567,3.295279410240468
8800 gt mac edition,2024.0,112.0,57.6,1250.0,125.0,754.0,65.0,324.0,140000.0,2389.078498293515,1111.111111111111,2.32,6.626717749249025,3.3314383390085567,3.295279410240468
9100,2024.0,16.0,40.0,1250.0,40.0,210.0,80.0,127.0,20000.0,487.8048780487805,487.8048780487805,1.640625,5.351858133476067,3.3314383390085567,2.02041979446751
9100m g mgpu,2024.0,16.0,40.0,1250.0,12.0,210.0,80.0,127.0,20000.0,487.8048780487805,1538.4615384615386,1.640625,5.351858133476067,3.3314383390085567,2.02041979446751
9100m g mgpu intel,2024.0,8.0,40.0,1250.0,12.0,314.0,65.0,144.0,10000.0,243.90243902439025,769.2307692307693,2.1655172413793102,5.752572638825633,3.3314383390085567,2.4211342998170764
9200,2024.0,16.0,40.0,1250.0,40.0,314.0,65.0,144.0,20000.0,487.8048780487805,487.8048780487805,2.1655172413793102,5.752572638825633,3.3314383390085567,2.4211342998170764
9200,2024.0,16.0,40.0,1250.0,40.0,210.0,80.0,127.0,20000.0,487.8048780487805,487.8048780487805,1.640625,5.351858133476067,3.3314383390085567,2.02041979446751
9200m,2024.0,16.0,40.0,1250.0,12.0,314.0,65.0,144.0,20000.0,487.8048780487805,1538.4615384615386,2.1655172413793102,5.752572638825633,3.3314383390085567,2.4211342998170764
9200m gs,2024.0,8.0,6.4,1250.0,13.0,210.0,65.0,86.0,10000.0,1351.3513513513512,714.2857142857143,2.413793103448276,5.351858133476067,3.3314383390085567,2.02041979446751
9200m gs gddr3,2024.0,8.0,11.23,1250.0,13.0,210.0,55.0,80.0,10000.0,817.6614881439084,714.2857142857143,2.5925925925925926,5.351858133476067,3.3314383390085567,2.02041979446751
9300 nforce 730i,2024.0,16.0,40.0,1250.0,40.0,314.0,65.0,144.0,20000.0,487.8048780487805,487.8048780487805,2.1655172413793102,5.752572638825633,3.3314383390085567,2.4211342998170764
9300 ge,2024.0,8.0,6.4,1250.0,50.0,210.0,55.0,80.0,10000.0,1351.3513513513512,196.07843137254903,2.5925925925925926,5.351858133476067,3.3314383390085567,2.02041979446751
9300 gs,2024.0,8.0,5.328,1250.0,50.0,210.0,65.0,86.0,10000.0,1580.2781289506952,196.07843137254903,2.413793103448276,5.351858133476067,3.3314383390085567,2.02041979446751
9300 se,2024.0,8.0,6.4,1250.0,50.0,210.0,65.0,86.0,10000.0,1351.3513513513512,196.07843137254903,2.413793103448276,5.351858133476067,3.3314383390085567,2.02041979446751
9300m g,2024.0,16.0,6.4,1250.0,13.0,210.0,80.0,127.0,20000.0,2702.7027027027025,1428.5714285714287,1.640625,5.351858133476067,3.3314383390085567,2.02041979446751
9300m gs,2024.0,8.0,6.4,1250.0,13.0,210.0,65.0,86.0,10000.0,1351.3513513513512,714.2857142857143,2.413793103448276,5.351858133476067,3.3314383390085567,2.02041979446751
9300m gs gddr3,2024.0,8.0,11.23,1250.0,13.0,210.0,55.0,80.0,10000.0,817.6614881439084,714.2857142857143,2.5925925925925926,5.351858133476067,3.3314383390085567,2.02041979446751
9400,2024.0,16.0,40.0,1250.0,40.0,314.0,65.0,144.0,20000.0,487.8048780487805,487.8048780487805,2.1655172413793102,5.752572638825633,3.3314383390085567,2.4211342998170764
9400,2024.0,16.0,40.0,1250.0,40.0,314.0,65.0,144.0,20000.0,487.8048780487805,487.8048780487805,2.1655172413793102,5.752572638825633,3.3314383390085567,2.4211342998170764
9400,2024.0,16.0,40.0,1250.0,40.0,210.0,80.0,127.0,20000.0,487.8048780487805,487.8048780487805,1.640625,5.351858133476067,3.3314383390085567,2.02041979446751
9400 gt,2024.0,16.0,9.6,1250.0,50.0,210.0,80.0,127.0,20000.0,1886.7924528301887,392.15686274509807,1.640625,5.351858133476067,3.3314383390085567,2.02041979446751
9400 gt,2024.0,16.0,12.8,1250.0,50.0,314.0,55.0,121.0,20000.0,1449.2753623188405,392.15686274509807,2.5737704918032787,5.752572638825633,3.3314383390085567,2.4211342998170764
9400 gt pci,2024.0,16.0,12.8,1250.0,50.0,314.0,55.0,121.0,20000.0,1449.2753623188405,392.15686274509807,2.5737704918032787,5.752572638825633,3.3314383390085567,2.4211342998170764
9400 gt rev 2,2024.0,16.0,12.8,1250.0,50.0,314.0,55.0,121.0,20000.0,1449.2753623188405,392.15686274509807,2.5737704918032787,5.752572638825633,3.3314383390085567,2.4211342998170764
9400m,2024.0,16.0,40.0,1250.0,12.0,314.0,65.0,144.0,20000.0,487.8048780487805,1538.4615384615386,2.1655172413793102,5.752572638825633,3.3314383390085567,2.4211342998170764
9400m,2024.0,16.0,40.0,1250.0,12.0,314.0,65.0,144.0,20000.0,487.8048780487805,1538.4615384615386,2.1655172413793102,5.752572638825633,3.3314383390085567,2.4211342998170764
9400m g,2024.0,16.0,40.0,1250.0,12.0,314.0,65.0,144.0,20000.0,487.8048780487805,1538.4615384615386,2.1655172413793102,5.752572638825633,3.3314383390085567,2.4211342998170764
9500 gs,2024.0,32.0,16.13,1250.0,40.0,314.0,65.0,144.0,40000.0,2335.0846468184473,975.609756097561,2.1655172413793102,5.752572638825633,3.3314383390085567,2.4211342998170764
9500 gs rev 2,2024.0,32.0,16.0,1250.0,40.0,314.0,55.0,121.0,40000.0,2352.9411764705883,975.609756097561,2.5737704918032787,5.752572638825633,3.3314383390085567,2.4211342998170764
9500 gt,2024.0,32.0,32.0,1250.0,50.0,314.0,65.0,144.0,40000.0,1212.121212121212,784.3137254901961,2.1655172413793102,5.752572638825633,3.3314383390085567,2.4211342998170764
9500 gt rev 2,2024.0,32.0,28.8,1250.0,50.0,314.0,55.0,121.0,40000.0,1342.2818791946308,784.3137254901961,2.5737704918032787,5.752572638825633,3.3314383390085567,2.4211342998170764
9500 gt rev 3,2024.0,32.0,25.6,1250.0,50.0,314.0,55.0,121.0,40000.0,1503.7593984962405,784.3137254901961,2.5737704918032787,5.752572638825633,3.3314383390085567,2.4211342998170764
9500m g,2024.0,16.0,25.6,1250.0,20.0,314.0,65.0,144.0,20000.0,751.8796992481202,952.3809523809524,2.1655172413793102,5.752572638825633,3.3314383390085567,2.4211342998170764
9500m gs,2024.0,32.0,22.4,1250.0,20.0,289.0,80.0,169.0,40000.0,1709.4017094017095,1904.7619047619048,1.7,5.66988092298052,3.3314383390085567,2.338442583971963
9600 gs oem,2024.0,48.0,48.0,1250.0,50.0,505.0,65.0,240.0,60000.0,1224.4897959183672,1176.4705882352941,2.095435684647303,6.226536669287466,3.3314383390085567,2.895098330278909
9600 gso,2024.0,96.0,38.4,1250.0,84.0,754.0,65.0,324.0,120000.0,3045.6852791878173,1411.764705882353,2.32,6.626717749249025,3.3314383390085567,3.295279410240468
9600 gso 512,2024.0,48.0,57.6,1250.0,90.0,505.0,65.0,240.0,60000.0,1023.8907849829351,659.3406593406594,2.095435684647303,6.226536669287466,3.3314383390085567,2.895098330278909
9600 gt,2024.0,64.0,57.6,1250.0,95.0,505.0,65.0,240.0,80000.0,1365.1877133105802,833.3333333333334,2.095435684647303,6.226536669287466,3.3314383390085567,2.895098330278909
9600 gt green edition,2024.0,64.0,44.8,1250.0,95.0,505.0,65.0,240.0,80000.0,1746.7248908296945,833.3333333333334,2.095435684647303,6.226536669287466,3.3314383390085567,2.895098330278909
9600 gt mac edition,2024.0,64.0,17.02,1250.0,95.0,505.0,65.0,240.0,80000.0,4439.511653718091,833.3333333333334,2.095435684647303,6.226536669287466,3.3314383390085567,2.895098330278909
9600 gt rev 2,2024.0,64.0,57.6,1250.0,95.0,505.0,55.0,196.0,80000.0,1365.1877133105802,833.3333333333334,2.563451776649746,6.226536669287466,3.3314383390085567,2.895098330278909
9600m gs,2024.0,32.0,25.6,1250.0,20.0,314.0,55.0,121.0,40000.0,1503.7593984962405,1904.7619047619048,2.5737704918032787,5.752572638825633,3.3314383390085567,2.4211342998170764
9600m gt,2024.0,32.0,25.34,1250.0,23.0,314.0,55.0,121.0,40000.0,1518.6028853454823,1666.6666666666667,2.5737704918032787,5.752572638825633,3.3314383390085567,2.4211342998170764
9600m gt mac edition,2024.0,32.0,25.34,1250.0,23.0,314.0,55.0,121.0,40000.0,1518.6028853454823,1666.6666666666667,2.5737704918032787,5.752572638825633,3.3314383390085567,2.4211342998170764
9650m gs,2024.0,32.0,25.6,1250.0,29.0,289.0,80.0,169.0,40000.0,1503.7593984962405,1333.3333333333333,1.7,5.66988092298052,3.3314383390085567,2.338442583971963
9650m gt,2024.0,32.0,25.6,1250.0,23.0,314.0,55.0,121.0,40000.0,1503.7593984962405,1666.6666666666667,2.5737704918032787,5.752572638825633,3.3314383390085567,2.4211342998170764
9700m gt,2024.0,32.0,25.6,1250.0,45.0,314.0,65.0,144.0,40000.0,1503.7593984962405,869.5652173913044,2.1655172413793102,5.752572638825633,3.3314383390085567,2.4211342998170764
9700m gts,2024.0,48.0,51.2,1250.0,60.0,505.0,65.0,240.0,60000.0,1149.4252873563219,983.6065573770492,2.095435684647303,6.226536669287466,3.3314383390085567,2.895098330278909
9800 gt,2024.0,112.0,57.6,1250.0,125.0,754.0,65.0,324.0,140000.0,2389.078498293515,1111.111111111111,2.32,6.626717749249025,3.3314383390085567,3.295279410240468
9800 gt,2024.0,112.0,57.6,1250.0,125.0,754.0,55.0,260.0,140000.0,2389.078498293515,1111.111111111111,2.888888888888889,6.626717749249025,3.3314383390085567,3.295279410240468
9800 gt rebrand,2024.0,128.0,64.0,1250.0,125.0,754.0,65.0,324.0,160000.0,2461.5384615384614,1269.8412698412699,2.32,6.626717749249025,3.3314383390085567,3.295279410240468
9800 gtx,2024.0,128.0,70.4,1250.0,140.0,754.0,65.0,324.0,160000.0,2240.896358543417,1134.7517730496454,2.32,6.626717749249025,3.3314383390085567,3.295279410240468
9800 gx2,2024.0,128.0,64.0,1250.0,197.0,754.0,65.0,324.0,160000.0,2461.5384615384614,808.0808080808081,2.32,6.626717749249025,3.3314383390085567,3.295279410240468
9800m gs,2024.0,64.0,51.2,1250.0,60.0,505.0,65.0,240.0,80000.0,1532.5670498084291,1311.4754098360656,2.095435684647303,6.226536669287466,3.3314383390085567,2.895098330278909
9800m gt,2024.0,96.0,51.2,1250.0,65.0,754.0,65.0,324.0,120000.0,2298.8505747126437,1818.1818181818182,2.32,6.626717749249025,3.3314383390085567,3.295279410240468
9800m gts,2024.0,64.0,51.2,1250.0,75.0,505.0,65.0,240.0,80000.0,1532.5670498084291,1052.6315789473683,2.095435684647303,6.226536669287466,3.3314383390085567,2.895098330278909
9800m gts,2024.0,64.0,51.2,1250.0,75.0,505.0,65.0,240.0,80000.0,1532.5670498084291,1052.6315789473683,2.095435684647303,6.226536669287466,3.3314383390085567,2.895098330278909
9800m gtx,2024.0,112.0,51.2,1250.0,75.0,754.0,65.0,324.0,140000.0,2681.992337164751,1842.1052631578948,2.32,6.626717749249025,3.3314383390085567,3.295279410240468
9800s,2024.0,64.0,51.14,1250.0,75.0,505.0,65.0,240.0,80000.0,1534.3306482546989,1052.6315789473683,2.095435684647303,6.226536669287466,3.3314383390085567,2.895098330278909
gt 120m mac edition,2024.0,32.0,25.34,1250.0,14.0,314.0,55.0,121.0,40000.0,1518.6028853454823,2666.6666666666665,2.5737704918032787,5.752572638825633,3.3314383390085567,2.4211342998170764
gt 130 mac edition,2024.0,48.0,38.02,1250.0,75.0,505.0,55.0,196.0,60000.0,1537.6729882111736,789.4736842105264,2.563451776649746,6.226536669287466,3.3314383390085567,2.895098330278909
ion,2024.0,16.0,40.0,1250.0,20.0,282.0,65.0,162.0,20000.0,487.8048780487805,952.3809523809524,1.7300613496932515,5.645446897643238,3.3314383390085567,2.314008558634681
ion,2024.0,16.0,40.0,1250.0,20.0,314.0,65.0,144.0,20000.0,487.8048780487805,952.3809523809524,2.1655172413793102,5.752572638825633,3.3314383390085567,2.4211342998170764
ion,2024.0,16.0,40.0,1250.0,20.0,282.0,65.0,162.0,20000.0,487.8048780487805,952.3809523809524,1.7300613496932515,5.645446897643238,3.3314383390085567,2.314008558634681
ion,2024.0,16.0,40.0,1250.0,20.0,282.0,65.0,162.0,20000.0,487.8048780487805,952.3809523809524,1.7300613496932515,5.645446897643238,3.3314383390085567,2.314008558634681
ion hx,2024.0,16.0,40.0,1250.0,20.0,282.0,65.0,162.0,20000.0,487.8048780487805,952.3809523809524,1.7300613496932515,5.645446897643238,3.3314383390085567,2.314008558634681
ion le,2024.0,16.0,40.0,1250.0,20.0,282.0,65.0,162.0,20000.0,487.8048780487805,952.3809523809524,1.7300613496932515,5.645446897643238,3.3314383390085567,2.314008558634681
quadro fx 1700 mac edition,2024.0,32.0,20.8,1250.0,42.0,289.0,80.0,169.0,40000.0,1834.8623853211009,930.2325581395348,1.7,5.66988092298052,3.3314383390085567,2.338442583971963
quadro fx 1700m,2024.0,32.0,25.6,1250.0,50.0,314.0,65.0,144.0,40000.0,1503.7593984962405,784.3137254901961,2.1655172413793102,5.752572638825633,3.3314383390085567,2.4211342998170764
quadro fx 2700m,2024.0,48.0,51.14,1250.0,65.0,505.0,65.0,240.0,60000.0,1150.7479861910242,909.0909090909091,2.095435684647303,6.226536669287466,3.3314383390085567,2.895098330278909
quadro fx 3600m,2024.0,64.0,51.14,1250.0,70.0,754.0,65.0,324.0,80000.0,1534.3306482546989,1126.7605633802816,2.32,6.626717749249025,3.3314383390085567,3.295279410240468
quadro fx 3600m,2024.0,96.0,51.2,1250.0,70.0,754.0,65.0,324.0,120000.0,2298.8505747126437,1690.1408450704225,2.32,6.626717749249025,3.3314383390085567,3.295279410240468
quadro fx 370 lp,2024.0,8.0,8.0,1250.0,25.0,210.0,65.0,86.0,10000.0,1111.111111111111,384.61538461538464,2.413793103448276,5.351858133476067,3.3314383390085567,2.02041979446751
quadro fx 3700,2024.0,112.0,51.2,1250.0,78.0,754.0,65.0,324.0,140000.0,2681.992337164751,1772.1518987341772,2.32,6.626717749249025,3.3314383390085567,3.295279410240468
quadro fx 3700m,2024.0,128.0,51.2,1250.0,75.0,754.0,65.0,324.0,160000.0,3065.1340996168583,2105.2631578947367,2.32,6.626717749249025,3.3314383390085567,3.295279410240468
quadro fx 370m,2024.0,8.0,6.4,1250.0,20.0,210.0,65.0,86.0,10000.0,1351.3513513513512,476.1904761904762,2.413793103448276,5.351858133476067,3.3314383390085567,2.02041979446751
quadro fx 3800m,2024.0,128.0,64.0,1250.0,100.0,754.0,55.0,260.0,160000.0,2461.5384615384614,1584.1584158415842,2.888888888888889,6.626717749249025,3.3314383390085567,3.295279410240468
quadro fx 470 mgpu,2024.0,16.0,40.0,1250.0,38.0,314.0,65.0,144.0,20000.0,487.8048780487805,512.8205128205128,2.1655172413793102,5.752572638825633,3.3314383390085567,2.4211342998170764
quadro fx 4700 x2,2024.0,128.0,51.2,1250.0,226.0,754.0,65.0,324.0,160000.0,3065.1340996168583,704.8458149779735,2.32,6.626717749249025,3.3314383390085567,3.295279410240468
quadro fx 770m,2024.0,32.0,25.6,1250.0,35.0,314.0,65.0,144.0,40000.0,1503.7593984962405,1111.111111111111,2.1655172413793102,5.752572638825633,3.3314383390085567,2.4211342998170764
quadro nvs 150m,2024.0,8.0,11.2,1250.0,10.0,210.0,65.0,86.0,10000.0,819.672131147541,909.0909090909091,2.413793103448276,5.351858133476067,3.3314383390085567,2.02041979446751
quadro nvs 160m,2024.0,8.0,11.2,1250.0,12.0,210.0,65.0,86.0,10000.0,819.672131147541,769.2307692307693,2.413793103448276,5.351858133476067,3.3314383390085567,2.02041979446751
quadro nvs 450,2024.0,8.0,11.2,1250.0,35.0,210.0,55.0,80.0,10000.0,819.672131147541,277.77777777777777,2.5925925925925926,5.351858133476067,3.3314383390085567,2.02041979446751
quadro plex 1000 model iv,2024.0,128.0,76.8,1250.0,320.0,681.0,90.0,484.0,160000.0,2056.5552699228792,498.44236760124613,1.404123711340206,6.525029657843462,3.3314383390085567,3.1935913188349057
quadro plex 2100 d4,2024.0,128.0,51.2,1250.0,640.0,754.0,65.0,324.0,160000.0,3065.1340996168583,249.60998439937597,2.32,6.626717749249025,3.3314383390085567,3.295279410240468
quadro plex 2100 s4,2024.0,128.0,76.8,1250.0,640.0,681.0,90.0,484.0,160000.0,2056.5552699228792,249.60998439937597,1.404123711340206,6.525029657843462,3.3314383390085567,3.1935913188349057
quadro vx 200,2024.0,112.0,51.2,1250.0,75.0,754.0,65.0,324.0,140000.0,2681.992337164751,1842.1052631578948,2.32,6.626717749249025,3.3314383390085567,3.295279410240468
gtx 260,2024.0,192.0,111.9,1250.0,182.0,1.0,65.0,576.0,240000.0,2125.77502214349,1311.4754098360656,0.0017331022530329288,0.6931471805599453,3.3314383390085567,-2.6382911584486113
gtx 260 core 216,2024.0,216.0,111.9,1250.0,182.0,1.0,65.0,576.0,270000.0,2391.4968999114258,1475.4098360655737,0.0017331022530329288,0.6931471805599453,3.3314383390085567,-2.6382911584486113
gtx 260 core 216 rev 2,2024.0,216.0,111.9,1250.0,171.0,1.0,55.0,470.0,270000.0,2391.4968999114258,1569.7674418604652,0.0021231422505307855,0.6931471805599453,3.3314383390085567,-2.6382911584486113
gtx 260 rev 2,2024.0,192.0,111.9,1250.0,182.0,1.0,55.0,470.0,240000.0,2125.77502214349,1311.4754098360656,0.0021231422505307855,0.6931471805599453,3.3314383390085567,-2.6382911584486113
gtx 280,2024.0,240.0,141.7,1250.0,236.0,1.0,65.0,576.0,300000.0,2102.312543798178,1265.8227848101267,0.0017331022530329288,0.6931471805599453,3.3314383390085567,-2.6382911584486113
gtx 285,2024.0,240.0,159.0,1250.0,204.0,1.0,55.0,470.0,300000.0,1875.0,1463.4146341463415,0.0021231422505307855,0.6931471805599453,3.3314383390085567,-2.6382911584486113
ion,2024.0,16.0,40.0,1250.0,20.0,260.0,40.0,57.0,20000.0,487.8048780487805,952.3809523809524,4.482758620689655,5.564520407322694,3.3314383390085567,2.233082068314137
ion 2,2024.0,16.0,40.0,1250.0,20.0,260.0,40.0,57.0,20000.0,487.8048780487805,952.3809523809524,4.482758620689655,5.564520407322694,3.3314383390085567,2.233082068314137
quadro cx,2024.0,192.0,76.8,1250.0,150.0,1.0,55.0,470.0,240000.0,3084.832904884319,1589.4039735099338,0.0021231422505307855,0.6931471805599453,3.3314383390085567,-2.6382911584486113
quadro fx 4800,2024.0,192.0,76.8,1250.0,150.0,1.0,55.0,470.0,240000.0,3084.832904884319,1589.4039735099338,0.0021231422505307855,0.6931471805599453,3.3314383390085567,-2.6382911584486113
quadro fx 4800 mac edition,2024.0,192.0,76.8,1250.0,150.0,1.0,55.0,470.0,240000.0,3084.832904884319,1589.4039735099338,0.0021231422505307855,0.6931471805599453,3.3314383390085567,-2.6382911584486113
quadro fx 5800,2024.0,240.0,102.4,1250.0,189.0,1.0,55.0,470.0,300000.0,2901.3539651837523,1578.9473684210527,0.0021231422505307855,0.6931471805599453,3.3314383390085567,-2.6382911584486113
quadro plex 2200 d2,2024.0,240.0,102.4,1250.0,640.0,1.0,55.0,470.0,300000.0,2901.3539651837523,468.01872074882994,0.0021231422505307855,0.6931471805599453,3.3314383390085567,-2.6382911584486113
quadro plex 2200 s4,2024.0,240.0,102.4,1250.0,600.0,1.0,55.0,470.0,300000.0,2901.3539651837523,499.16805324459233,0.0021231422505307855,0.6931471805599453,3.3314383390085567,-2.6382911584486113
tesla m1060,2024.0,240.0,102.4,1250.0,188.0,1.0,55.0,470.0,300000.0,2901.3539651837523,1587.3015873015872,0.0021231422505307855,0.6931471805599453,3.3314383390085567,-2.6382911584486113
tesla s1070,2024.0,240.0,102.4,1250.0,800.0,1.0,55.0,470.0,300000.0,2901.3539651837523,374.53183520599254,0.0021231422505307855,0.6931471805599453,3.3314383390085567,-2.6382911584486113
tesla s1075,2024.0,240.0,102.4,1250.0,800.0,1.0,55.0,470.0,300000.0,2901.3539651837523,374.53183520599254,0.0021231422505307855,0.6931471805599453,3.3314383390085567,-2.6382911584486113
6200 pci,2024.0,480.0,3.2,1250.0,50.0,75.0,110.0,110.0,600000.0,142857.14285714284,11764.70588235294,0.6756756756756757,4.330733340286331,3.3314383390085567,0.9992950012777744
6200 x2 pci,2024.0,480.0,3.2,1250.0,50.0,75.0,110.0,110.0,600000.0,142857.14285714284,11764.70588235294,0.6756756756756757,4.330733340286331,3.3314383390085567,0.9992950012777744
7050 nforce 610i,2024.0,480.0,40.0,1250.0,50.0,112.0,90.0,81.0,600000.0,14634.146341463415,11764.70588235294,1.3658536585365855,4.727387818712341,3.3314383390085567,1.3959494797037841
playstation 3 gpu 65nm,2024.0,480.0,20.8,1250.0,58.0,300.0,65.0,186.0,600000.0,27522.93577981651,10169.49152542373,1.6042780748663101,5.707110264748875,3.3314383390085567,2.3756719257403187
quadro plex 1000 model ii,2024.0,480.0,33.6,1250.0,640.0,302.0,110.0,333.0,600000.0,17341.040462427743,936.0374414976599,0.9041916167664671,5.713732805509369,3.3314383390085567,2.382294466500812
205 oem,2024.0,16.0,6.4,1250.0,31.0,260.0,40.0,57.0,20000.0,2702.7027027027025,625.0,4.482758620689655,5.564520407322694,3.3314383390085567,2.233082068314137
210,2024.0,16.0,6.4,1250.0,31.0,260.0,40.0,57.0,20000.0,2702.7027027027025,625.0,4.482758620689655,5.564520407322694,3.3314383390085567,2.233082068314137
210 oem,2024.0,16.0,6.4,1250.0,31.0,486.0,40.0,100.0,20000.0,2702.7027027027025,625.0,4.811881188118812,6.18826412308259,3.3314383390085567,2.856825784074033
210 pci,2024.0,16.0,6.4,1250.0,31.0,486.0,40.0,100.0,20000.0,2702.7027027027025,625.0,4.811881188118812,6.18826412308259,3.3314383390085567,2.856825784074033
210 rev 2,2024.0,16.0,6.4,1250.0,31.0,260.0,40.0,57.0,20000.0,2702.7027027027025,625.0,4.482758620689655,5.564520407322694,3.3314383390085567,2.233082068314137
310 oem,2024.0,16.0,5.328,1250.0,31.0,260.0,40.0,57.0,20000.0,3160.5562579013904,625.0,4.482758620689655,5.564520407322694,3.3314383390085567,2.233082068314137
9600 gtx,2024.0,96.0,44.8,1250.0,140.0,754.0,65.0,324.0,120000.0,2620.087336244542,851.063829787234,2.32,6.626717749249025,3.3314383390085567,3.295279410240468
9800 gtx,2024.0,128.0,70.4,1250.0,141.0,754.0,55.0,260.0,160000.0,2240.896358543417,1126.7605633802816,2.888888888888889,6.626717749249025,3.3314383390085567,3.295279410240468
g100 oem,2024.0,8.0,6.4,1250.0,35.0,210.0,65.0,86.0,10000.0,1351.3513513513512,277.77777777777777,2.413793103448276,5.351858133476067,3.3314383390085567,2.02041979446751
g102m,2024.0,16.0,40.0,1250.0,14.0,314.0,65.0,144.0,20000.0,487.8048780487805,1333.3333333333333,2.1655172413793102,5.752572638825633,3.3314383390085567,2.4211342998170764
g103m,2024.0,8.0,8.0,1250.0,14.0,210.0,65.0,86.0,10000.0,1111.111111111111,666.6666666666666,2.413793103448276,5.351858133476067,3.3314383390085567,2.02041979446751
g105m,2024.0,16.0,11.2,1250.0,14.0,260.0,40.0,57.0,20000.0,1639.344262295082,1333.3333333333333,4.482758620689655,5.564520407322694,3.3314383390085567,2.233082068314137
g105m,2024.0,16.0,12.64,1250.0,14.0,260.0,40.0,57.0,20000.0,1466.275659824047,1333.3333333333333,4.482758620689655,5.564520407322694,3.3314383390085567,2.233082068314137
g105m,2024.0,8.0,11.2,1250.0,14.0,210.0,65.0,86.0,10000.0,819.672131147541,666.6666666666666,2.413793103448276,5.351858133476067,3.3314383390085567,2.02041979446751
g110m,2024.0,16.0,11.2,1250.0,14.0,314.0,55.0,121.0,20000.0,1639.344262295082,1333.3333333333333,2.5737704918032787,5.752572638825633,3.3314383390085567,2.4211342998170764
g205m,2024.0,16.0,40.0,1250.0,14.0,314.0,65.0,144.0,20000.0,487.8048780487805,1333.3333333333333,2.1655172413793102,5.752572638825633,3.3314383390085567,2.4211342998170764
g210 oem,2024.0,16.0,8.064,1250.0,31.0,314.0,55.0,121.0,20000.0,2206.531332744925,625.0,2.5737704918032787,5.752572638825633,3.3314383390085567,2.4211342998170764
g210 oem rev 2,2024.0,16.0,6.4,1250.0,31.0,260.0,40.0,57.0,20000.0,2702.7027027027025,625.0,4.482758620689655,5.564520407322694,3.3314383390085567,2.233082068314137
g210m,2024.0,16.0,12.64,1250.0,14.0,260.0,40.0,57.0,20000.0,1466.275659824047,1333.3333333333333,4.482758620689655,5.564520407322694,3.3314383390085567,2.233082068314137
gt 120 mac edition,2024.0,32.0,25.6,1250.0,50.0,314.0,55.0,121.0,40000.0,1503.7593984962405,784.3137254901961,2.5737704918032787,5.752572638825633,3.3314383390085567,2.4211342998170764
gt 120 oem,2024.0,32.0,16.13,1250.0,50.0,314.0,55.0,121.0,40000.0,2335.0846468184473,784.3137254901961,2.5737704918032787,5.752572638825633,3.3314383390085567,2.4211342998170764
gt 120m,2024.0,32.0,16.0,1250.0,14.0,314.0,55.0,121.0,40000.0,2352.9411764705883,2666.6666666666665,2.5737704918032787,5.752572638825633,3.3314383390085567,2.4211342998170764
gt 130 oem,2024.0,48.0,24.0,1250.0,75.0,505.0,55.0,196.0,60000.0,2400.0,789.4736842105264,2.563451776649746,6.226536669287466,3.3314383390085567,2.895098330278909
gt 130m,2024.0,32.0,25.6,1250.0,23.0,314.0,55.0,121.0,40000.0,1503.7593984962405,1666.6666666666667,2.5737704918032787,5.752572638825633,3.3314383390085567,2.4211342998170764
gt 140 oem,2024.0,64.0,57.6,1250.0,105.0,505.0,55.0,196.0,80000.0,1365.1877133105802,754.7169811320755,2.563451776649746,6.226536669287466,3.3314383390085567,2.895098330278909
gt 220,2024.0,48.0,12.8,1250.0,58.0,486.0,40.0,100.0,60000.0,4347.826086956521,1016.9491525423729,4.811881188118812,6.18826412308259,3.3314383390085567,2.856825784074033
gt 220 oem,2024.0,48.0,22.4,1250.0,58.0,727.0,40.0,144.0,60000.0,2564.1025641025644,1016.9491525423729,5.0137931034482754,6.590301048196686,3.3314383390085567,3.2588627091881293
gt 220m,2024.0,32.0,16.0,1250.0,14.0,314.0,55.0,121.0,40000.0,2352.9411764705883,2666.6666666666665,2.5737704918032787,5.752572638825633,3.3314383390085567,2.4211342998170764
gt 230,2024.0,48.0,57.6,1250.0,75.0,505.0,55.0,196.0,60000.0,1023.8907849829351,789.4736842105264,2.563451776649746,6.226536669287466,3.3314383390085567,2.895098330278909
gt 230 oem,2024.0,96.0,24.0,1250.0,75.0,754.0,55.0,260.0,120000.0,4800.0,1578.9473684210527,2.888888888888889,6.626717749249025,3.3314383390085567,3.295279410240468
gt 230m,2024.0,48.0,25.28,1250.0,23.0,486.0,40.0,100.0,60000.0,2283.10502283105,2500.0,4.811881188118812,6.18826412308259,3.3314383390085567,2.856825784074033
gt 240,2024.0,96.0,54.4,1250.0,69.0,727.0,40.0,144.0,120000.0,2166.0649819494583,1714.2857142857142,5.0137931034482754,6.590301048196686,3.3314383390085567,3.2588627091881293
gt 240m,2024.0,48.0,25.28,1250.0,23.0,486.0,40.0,100.0,60000.0,2283.10502283105,2500.0,4.811881188118812,6.18826412308259,3.3314383390085567,2.856825784074033
gt 320m,2024.0,32.0,16.0,1250.0,14.0,314.0,55.0,121.0,40000.0,2352.9411764705883,2666.6666666666665,2.5737704918032787,5.752572638825633,3.3314383390085567,2.4211342998170764
gts 150 oem,2024.0,128.0,64.0,1250.0,141.0,754.0,65.0,324.0,160000.0,2461.5384615384614,1126.7605633802816,2.32,6.626717749249025,3.3314383390085567,3.295279410240468
gts 150m,2024.0,64.0,51.2,1250.0,45.0,505.0,65.0,240.0,80000.0,1532.5670498084291,1739.1304347826087,2.095435684647303,6.226536669287466,3.3314383390085567,2.895098330278909
gts 160m,2024.0,64.0,51.2,1250.0,60.0,505.0,65.0,240.0,80000.0,1532.5670498084291,1311.4754098360656,2.095435684647303,6.226536669287466,3.3314383390085567,2.895098330278909
gts 240 oem,2024.0,112.0,70.4,1250.0,120.0,754.0,55.0,260.0,140000.0,1960.78431372549,1157.0247933884298,2.888888888888889,6.626717749249025,3.3314383390085567,3.295279410240468
gts 250,2024.0,128.0,64.51,1250.0,150.0,754.0,55.0,260.0,160000.0,2442.3752098916193,1059.6026490066224,2.888888888888889,6.626717749249025,3.3314383390085567,3.295279410240468
gts 250,2024.0,128.0,64.0,1250.0,150.0,754.0,55.0,260.0,160000.0,2461.5384615384614,1059.6026490066224,2.888888888888889,6.626717749249025,3.3314383390085567,3.295279410240468
gts 250m,2024.0,96.0,50.56,1250.0,28.0,727.0,40.0,144.0,120000.0,2327.3855702094647,4137.931034482759,5.0137931034482754,6.590301048196686,3.3314383390085567,3.2588627091881293
gts 260m,2024.0,96.0,54.4,1250.0,38.0,727.0,40.0,144.0,120000.0,2166.0649819494583,3076.923076923077,5.0137931034482754,6.590301048196686,3.3314383390085567,3.2588627091881293
gtx 260 oem,2024.0,192.0,112.9,1250.0,150.0,1.0,65.0,576.0,240000.0,2107.1115013169447,1589.4039735099338,0.0017331022530329288,0.6931471805599453,3.3314383390085567,-2.6382911584486113
gtx 260m,2024.0,112.0,60.8,1250.0,65.0,754.0,65.0,324.0,140000.0,2265.37216828479,2121.212121212121,2.32,6.626717749249025,3.3314383390085567,3.295279410240468
gtx 275,2024.0,240.0,127.0,1250.0,219.0,1.0,55.0,470.0,300000.0,2343.75,1363.6363636363637,0.0021231422505307855,0.6931471805599453,3.3314383390085567,-2.6382911584486113
gtx 280m,2024.0,128.0,60.8,1250.0,75.0,754.0,55.0,260.0,160000.0,2588.9967637540453,2105.2631578947367,2.888888888888889,6.626717749249025,3.3314383390085567,3.295279410240468
gtx 285 mac edition,2024.0,240.0,159.0,1250.0,204.0,1.0,55.0,470.0,300000.0,1875.0,1463.4146341463415,0.0021231422505307855,0.6931471805599453,3.3314383390085567,-2.6382911584486113
gtx 285 x2,2024.0,240.0,147.5,1250.0,315.0,1.0,55.0,470.0,300000.0,2020.20202020202,949.367088607595,0.0021231422505307855,0.6931471805599453,3.3314383390085567,-2.6382911584486113
gtx 295,2024.0,240.0,111.9,1250.0,289.0,1.0,55.0,470.0,300000.0,2657.218777679362,1034.4827586206898,0.0021231422505307855,0.6931471805599453,3.3314383390085567,-2.6382911584486113
gtx 295 single pcb,2024.0,240.0,112.9,1250.0,289.0,1.0,55.0,470.0,300000.0,2633.8893766461806,1034.4827586206898,0.0021231422505307855,0.6931471805599453,3.3314383390085567,-2.6382911584486113
quadro fx 1800,2024.0,64.0,38.4,1250.0,59.0,505.0,65.0,240.0,80000.0,2030.4568527918782,1333.3333333333333,2.095435684647303,6.226536669287466,3.3314383390085567,2.895098330278909
quadro fx 1800m,2024.0,72.0,25.28,1250.0,45.0,727.0,40.0,144.0,90000.0,3424.6575342465753,1956.5217391304348,5.0137931034482754,6.590301048196686,3.3314383390085567,3.2588627091881293
quadro fx 2800m,2024.0,96.0,64.0,1250.0,75.0,754.0,55.0,260.0,120000.0,1846.1538461538462,1578.9473684210527,2.888888888888889,6.626717749249025,3.3314383390085567,3.295279410240468
quadro fx 380,2024.0,16.0,22.4,1250.0,34.0,314.0,65.0,144.0,20000.0,854.7008547008547,571.4285714285714,2.1655172413793102,5.752572638825633,3.3314383390085567,2.4211342998170764
quadro fx 380 lp,2024.0,16.0,12.8,1250.0,28.0,260.0,40.0,57.0,20000.0,1449.2753623188405,689.6551724137931,4.482758620689655,5.564520407322694,3.3314383390085567,2.233082068314137
quadro fx 3800,2024.0,192.0,51.2,1250.0,108.0,1.0,55.0,470.0,240000.0,4597.701149425287,2201.8348623853212,0.0021231422505307855,0.6931471805599453,3.3314383390085567,-2.6382911584486113
quadro fx 580,2024.0,32.0,25.6,1250.0,40.0,314.0,55.0,121.0,40000.0,1503.7593984962405,975.609756097561,2.5737704918032787,5.752572638825633,3.3314383390085567,2.4211342998170764
quadro nvs 295,2024.0,8.0,11.12,1250.0,23.0,210.0,65.0,86.0,10000.0,825.0825082508252,416.6666666666667,2.413793103448276,5.351858133476067,3.3314383390085567,2.02041979446751
quadro nvs 420,2024.0,8.0,11.2,1250.0,40.0,210.0,65.0,86.0,10000.0,819.672131147541,243.90243902439025,2.413793103448276,5.351858133476067,3.3314383390085567,2.02041979446751
tesla c1060,2024.0,240.0,102.4,1250.0,188.0,1.0,55.0,470.0,300000.0,2901.3539651837523,1587.3015873015872,0.0021231422505307855,0.6931471805599453,3.3314383390085567,-2.6382911584486113
tesla c1080,2024.0,240.0,102.4,1250.0,188.0,1.0,55.0,470.0,300000.0,2901.3539651837523,1587.3015873015872,0.0021231422505307855,0.6931471805599453,3.3314383390085567,-2.6382911584486113
305m,2024.0,16.0,11.2,1250.0,14.0,260.0,40.0,57.0,20000.0,1639.344262295082,1333.3333333333333,4.482758620689655,5.564520407322694,3.3314383390085567,2.233082068314137
310m,2024.0,16.0,12.64,1250.0,14.0,260.0,40.0,57.0,20000.0,1466.275659824047,1333.3333333333333,4.482758620689655,5.564520407322694,3.3314383390085567,2.233082068314137
310m,2024.0,16.0,10.67,1250.0,14.0,260.0,40.0,57.0,20000.0,1713.796058269066,1333.3333333333333,4.482758620689655,5.564520407322694,3.3314383390085567,2.233082068314137
310m,2024.0,16.0,12.64,1250.0,14.0,260.0,40.0,57.0,20000.0,1466.275659824047,1333.3333333333333,4.482758620689655,5.564520407322694,3.3314383390085567,2.233082068314137
315 oem,2024.0,48.0,12.64,1250.0,33.0,486.0,40.0,100.0,60000.0,4398.826979472141,1764.7058823529412,4.811881188118812,6.18826412308259,3.3314383390085567,2.856825784074033
320m mac edition,2024.0,48.0,40.0,1250.0,23.0,486.0,40.0,100.0,60000.0,1463.4146341463415,2500.0,4.811881188118812,6.18826412308259,3.3314383390085567,2.856825784074033
405 oem,2024.0,16.0,12.64,1250.0,25.0,260.0,40.0,57.0,20000.0,1466.275659824047,769.2307692307693,4.482758620689655,5.564520407322694,3.3314383390085567,2.233082068314137
405 oem,2024.0,48.0,12.8,1250.0,25.0,486.0,40.0,100.0,60000.0,4347.826086956521,2307.6923076923076,4.811881188118812,6.18826412308259,3.3314383390085567,2.856825784074033
405 oem,2024.0,24.0,12.8,1250.0,25.0,486.0,40.0,100.0,30000.0,2173.9130434782605,1153.8461538461538,4.811881188118812,6.18826412308259,3.3314383390085567,2.856825784074033
8400 gs rev 3,2024.0,8.0,6.4,1250.0,25.0,260.0,40.0,57.0,10000.0,1351.3513513513512,384.61538461538464,4.482758620689655,5.564520407322694,3.3314383390085567,2.233082068314137
9500 gt mac edition,2024.0,32.0,25.6,1250.0,50.0,314.0,55.0,121.0,40000.0,1503.7593984962405,784.3137254901961,2.5737704918032787,5.752572638825633,3.3314383390085567,2.4211342998170764
gt 220,2024.0,48.0,22.4,1250.0,58.0,505.0,65.0,240.0,60000.0,2564.1025641025644,1016.9491525423729,2.095435684647303,6.226536669287466,3.3314383390085567,2.895098330278909
gt 240m le,2024.0,32.0,25.6,1250.0,23.0,314.0,55.0,121.0,40000.0,1503.7593984962405,1666.6666666666667,2.5737704918032787,5.752572638825633,3.3314383390085567,2.4211342998170764
gt 320 oem,2024.0,72.0,25.28,1250.0,43.0,727.0,40.0,144.0,90000.0,3424.6575342465753,2045.4545454545455,5.0137931034482754,6.590301048196686,3.3314383390085567,3.2588627091881293
gt 320m,2024.0,24.0,25.28,1250.0,23.0,486.0,40.0,100.0,30000.0,1141.552511415525,1250.0,4.811881188118812,6.18826412308259,3.3314383390085567,2.856825784074033
gt 325m,2024.0,48.0,22.4,1250.0,23.0,486.0,40.0,100.0,60000.0,2564.1025641025644,2500.0,4.811881188118812,6.18826412308259,3.3314383390085567,2.856825784074033
gt 330 oem,2024.0,96.0,16.32,1250.0,75.0,754.0,55.0,260.0,120000.0,6928.406466512702,1578.9473684210527,2.888888888888889,6.626717749249025,3.3314383390085567,3.295279410240468
gt 330 oem,2024.0,96.0,25.28,1250.0,75.0,727.0,40.0,144.0,120000.0,4566.2100456621,1578.9473684210527,5.0137931034482754,6.590301048196686,3.3314383390085567,3.2588627091881293
gt 330 oem,2024.0,96.0,32.0,1250.0,75.0,727.0,40.0,144.0,120000.0,3636.3636363636365,1578.9473684210527,5.0137931034482754,6.590301048196686,3.3314383390085567,3.2588627091881293
gt 330 oem,2024.0,96.0,51.2,1250.0,75.0,754.0,65.0,324.0,120000.0,2298.8505747126437,1578.9473684210527,2.32,6.626717749249025,3.3314383390085567,3.295279410240468
gt 330m,2024.0,24.0,25.28,1250.0,23.0,486.0,40.0,100.0,30000.0,1141.552511415525,1250.0,4.811881188118812,6.18826412308259,3.3314383390085567,2.856825784074033
gt 330m,2024.0,48.0,25.28,1250.0,23.0,486.0,40.0,100.0,60000.0,2283.10502283105,2500.0,4.811881188118812,6.18826412308259,3.3314383390085567,2.856825784074033
gt 330m,2024.0,48.0,22.4,1250.0,23.0,486.0,40.0,100.0,60000.0,2564.1025641025644,2500.0,4.811881188118812,6.18826412308259,3.3314383390085567,2.856825784074033
gt 330m mac edition,2024.0,48.0,25.28,1250.0,23.0,486.0,40.0,100.0,60000.0,2283.10502283105,2500.0,4.811881188118812,6.18826412308259,3.3314383390085567,2.856825784074033
gt 335m,2024.0,72.0,25.28,1250.0,28.0,727.0,40.0,144.0,90000.0,3424.6575342465753,3103.448275862069,5.0137931034482754,6.590301048196686,3.3314383390085567,3.2588627091881293
gt 340 oem,2024.0,96.0,27.2,1250.0,69.0,727.0,40.0,144.0,120000.0,4255.319148936171,1714.2857142857142,5.0137931034482754,6.590301048196686,3.3314383390085567,3.2588627091881293
gt 415 oem,2024.0,48.0,10.66,1250.0,32.0,486.0,40.0,100.0,60000.0,5145.797598627787,1818.1818181818182,4.811881188118812,6.18826412308259,3.3314383390085567,2.856825784074033
gt 415m,2024.0,48.0,25.6,1250.0,12.0,585.0,40.0,116.0,60000.0,2255.6390977443607,4615.384615384615,5.0,6.373319789577012,3.3314383390085567,3.0418814505684555
gt 420 oem,2024.0,48.0,28.8,1250.0,50.0,585.0,40.0,116.0,60000.0,2013.4228187919462,1176.4705882352941,5.0,6.373319789577012,3.3314383390085567,3.0418814505684555
gt 420m,2024.0,96.0,25.6,1250.0,23.0,585.0,40.0,116.0,120000.0,4511.278195488721,5000.0,5.0,6.373319789577012,3.3314383390085567,3.0418814505684555
gt 425m,2024.0,96.0,25.6,1250.0,23.0,585.0,40.0,116.0,120000.0,4511.278195488721,5000.0,5.0,6.373319789577012,3.3314383390085567,3.0418814505684555
gt 430,2024.0,96.0,12.8,1250.0,49.0,585.0,40.0,116.0,120000.0,8695.652173913042,2400.0,5.0,6.373319789577012,3.3314383390085567,3.0418814505684555
gt 430 oem,2024.0,96.0,25.6,1250.0,49.0,585.0,40.0,116.0,120000.0,4511.278195488721,2400.0,5.0,6.373319789577012,3.3314383390085567,3.0418814505684555
gt 430 pci,2024.0,96.0,9.6,1250.0,49.0,585.0,40.0,116.0,120000.0,11320.754716981133,2400.0,5.0,6.373319789577012,3.3314383390085567,3.0418814505684555
gt 435m,2024.0,96.0,25.6,1250.0,35.0,585.0,40.0,116.0,120000.0,4511.278195488721,3333.3333333333335,5.0,6.373319789577012,3.3314383390085567,3.0418814505684555
gt 440 oem,2024.0,144.0,43.2,1250.0,65.0,1.0,40.0,238.0,180000.0,4072.3981900452486,2727.2727272727275,0.0041841004184100415,0.6931471805599453,3.3314383390085567,-2.6382911584486113
gt 445m,2024.0,144.0,38.4,1250.0,35.0,1.0,40.0,238.0,180000.0,4568.527918781726,5000.0,0.0041841004184100415,0.6931471805599453,3.3314383390085567,-2.6382911584486113
gt 445m,2024.0,144.0,40.0,1250.0,35.0,1.0,40.0,238.0,180000.0,4390.243902439024,5000.0,0.0041841004184100415,0.6931471805599453,3.3314383390085567,-2.6382911584486113
gts 350m,2024.0,96.0,50.56,1250.0,28.0,727.0,40.0,144.0,120000.0,2327.3855702094647,4137.931034482759,5.0137931034482754,6.590301048196686,3.3314383390085567,3.2588627091881293
gts 360m,2024.0,96.0,57.6,1250.0,38.0,727.0,40.0,144.0,120000.0,2047.7815699658702,3076.923076923077,5.0137931034482754,6.590301048196686,3.3314383390085567,3.2588627091881293
gts 450,2024.0,192.0,57.73,1250.0,106.0,1.0,40.0,238.0,240000.0,4086.4975310744085,2242.9906542056074,0.0041841004184100415,0.6931471805599453,3.3314383390085567,-2.6382911584486113
gts 450 oem,2024.0,144.0,57.73,1250.0,106.0,1.0,40.0,238.0,180000.0,3064.8731483058064,1682.2429906542056,0.0041841004184100415,0.6931471805599453,3.3314383390085567,-2.6382911584486113
gts 450 oem,2024.0,144.0,96.0,1250.0,106.0,1.0,40.0,238.0,180000.0,1855.6701030927834,1682.2429906542056,0.0041841004184100415,0.6931471805599453,3.3314383390085567,-2.6382911584486113
gtx 275 physx edition,2024.0,240.0,127.0,1250.0,219.0,1.0,55.0,470.0,300000.0,2343.75,1363.6363636363637,0.0021231422505307855,0.6931471805599453,3.3314383390085567,-2.6382911584486113
gtx 285m,2024.0,128.0,64.0,1250.0,75.0,754.0,55.0,260.0,160000.0,2461.5384615384614,2105.2631578947367,2.888888888888889,6.626717749249025,3.3314383390085567,3.295279410240468
gtx 460,2024.0,336.0,115.2,1250.0,160.0,1.0,40.0,332.0,420000.0,3614.457831325301,2608.695652173913,0.003003003003003003,0.6931471805599453,3.3314383390085567,-2.6382911584486113
gtx 460,2024.0,336.0,86.4,1250.0,160.0,1.0,40.0,332.0,420000.0,4805.491990846682,2608.695652173913,0.003003003003003003,0.6931471805599453,3.3314383390085567,-2.6382911584486113
gtx 460 oem,2024.0,336.0,108.8,1250.0,150.0,1.0,40.0,332.0,420000.0,3825.136612021858,2781.456953642384,0.003003003003003003,0.6931471805599453,3.3314383390085567,-2.6382911584486113
gtx 460 se,2024.0,288.0,108.8,1250.0,150.0,1.0,40.0,332.0,360000.0,3278.688524590164,2384.1059602649007,0.003003003003003003,0.6931471805599453,3.3314383390085567,-2.6382911584486113
gtx 460 se v2,2024.0,288.0,81.6,1250.0,150.0,1.0,40.0,332.0,360000.0,4358.353510895884,2384.1059602649007,0.003003003003003003,0.6931471805599453,3.3314383390085567,-2.6382911584486113
gtx 460m,2024.0,192.0,60.0,1250.0,50.0,1.0,40.0,238.0,240000.0,3934.4262295081967,4705.882352941177,0.0041841004184100415,0.6931471805599453,3.3314383390085567,-2.6382911584486113
gtx 465,2024.0,352.0,102.7,1250.0,200.0,3.0,40.0,529.0,440000.0,4243.008678881389,2189.054726368159,0.005660377358490566,1.3862943611198906,3.3314383390085567,-1.945143977888666
gtx 470,2024.0,448.0,133.9,1250.0,215.0,3.0,40.0,529.0,560000.0,4151.223128243143,2592.5925925925926,0.005660377358490566,1.3862943611198906,3.3314383390085567,-1.945143977888666
gtx 470m,2024.0,288.0,72.0,1250.0,75.0,1.0,40.0,332.0,360000.0,4931.506849315068,4736.8421052631575,0.003003003003003003,0.6931471805599453,3.3314383390085567,-2.6382911584486113
gtx 480,2024.0,480.0,177.4,1250.0,250.0,3.0,40.0,529.0,600000.0,3363.228699551569,2390.438247011952,0.005660377358490566,1.3862943611198906,3.3314383390085567,-1.945143977888666
gtx 480m,2024.0,352.0,76.8,1250.0,100.0,3.0,40.0,529.0,440000.0,5655.526992287918,4356.435643564357,0.005660377358490566,1.3862943611198906,3.3314383390085567,-1.945143977888666
gtx 570,2024.0,480.0,152.0,1250.0,219.0,3.0,40.0,520.0,600000.0,3921.5686274509803,2727.2727272727275,0.005758157389635317,1.3862943611198906,3.3314383390085567,-1.945143977888666
gtx 570 rev 2,2024.0,480.0,152.0,1250.0,219.0,3.0,40.0,520.0,600000.0,3921.5686274509803,2727.2727272727275,0.005758157389635317,1.3862943611198906,3.3314383390085567,-1.945143977888666
gtx 580,2024.0,512.0,192.4,1250.0,244.0,3.0,40.0,520.0,640000.0,3309.203722854188,2612.2448979591836,0.005758157389635317,1.3862943611198906,3.3314383390085567,-1.945143977888666
nvs 2100m,2024.0,16.0,12.64,1250.0,11.0,260.0,40.0,57.0,20000.0,1466.275659824047,1666.6666666666667,4.482758620689655,5.564520407322694,3.3314383390085567,2.233082068314137
nvs 3100m,2024.0,16.0,12.64,1250.0,14.0,260.0,40.0,57.0,20000.0,1466.275659824047,1333.3333333333333,4.482758620689655,5.564520407322694,3.3314383390085567,2.233082068314137
nvs 5100m,2024.0,48.0,25.6,1250.0,35.0,486.0,40.0,100.0,60000.0,2255.6390977443607,1666.6666666666667,4.811881188118812,6.18826412308259,3.3314383390085567,2.856825784074033
quadro 2000,2024.0,192.0,41.6,1250.0,62.0,1.0,40.0,238.0,240000.0,5633.802816901408,3809.5238095238096,0.0041841004184100415,0.6931471805599453,3.3314383390085567,-2.6382911584486113
quadro 4000,2024.0,256.0,89.86,1250.0,142.0,3.0,40.0,529.0,320000.0,3521.901826986573,2237.762237762238,0.005660377358490566,1.3862943611198906,3.3314383390085567,-1.945143977888666
quadro 5000m,2024.0,320.0,76.8,1250.0,100.0,3.0,40.0,529.0,400000.0,5141.388174807198,3960.3960396039606,0.005660377358490566,1.3862943611198906,3.3314383390085567,-1.945143977888666
quadro 600,2024.0,96.0,25.6,1250.0,40.0,585.0,40.0,116.0,120000.0,4511.278195488721,2926.829268292683,5.0,6.373319789577012,3.3314383390085567,3.0418814505684555
quadro 6000,2024.0,448.0,143.4,1250.0,204.0,3.0,40.0,529.0,560000.0,3878.1163434903046,2731.7073170731705,0.005660377358490566,1.3862943611198906,3.3314383390085567,-1.945143977888666
quadro fx 380m,2024.0,16.0,12.64,1250.0,25.0,260.0,40.0,57.0,20000.0,1466.275659824047,769.2307692307693,4.482758620689655,5.564520407322694,3.3314383390085567,2.233082068314137
quadro fx 880m,2024.0,48.0,25.28,1250.0,35.0,486.0,40.0,100.0,60000.0,2283.10502283105,1666.6666666666667,4.811881188118812,6.18826412308259,3.3314383390085567,2.856825784074033
tegra 2 gpu,2024.0,480.0,2.664,400.0,20.0,29.0,40.0,154.0,192000.0,52401.74672489083,9142.857142857143,0.1870967741935484,3.4011973816621555,3.3314383390085567,0.06975904265359878
315 oem,2024.0,48.0,5.6,1250.0,33.0,727.0,40.0,144.0,60000.0,9090.909090909092,1764.7058823529412,5.0137931034482754,6.590301048196686,3.3314383390085567,3.2588627091881293
315 oem,2024.0,16.0,9.6,1250.0,33.0,260.0,40.0,57.0,20000.0,1886.7924528301887,588.2352941176471,4.482758620689655,5.564520407322694,3.3314383390085567,2.233082068314137
315m,2024.0,16.0,12.64,1250.0,14.0,260.0,40.0,57.0,20000.0,1466.275659824047,1333.3333333333333,4.482758620689655,5.564520407322694,3.3314383390085567,2.233082068314137
405m,2024.0,16.0,12.64,1250.0,14.0,260.0,40.0,57.0,20000.0,1466.275659824047,1333.3333333333333,4.482758620689655,5.564520407322694,3.3314383390085567,2.233082068314137
410m,2024.0,48.0,12.8,1250.0,12.0,292.0,40.0,79.0,60000.0,4347.826086956521,4615.384615384615,3.65,5.680172609017068,3.3314383390085567,2.348734270008511
510 oem,2024.0,48.0,14.37,1250.0,25.0,292.0,40.0,79.0,60000.0,3903.7085230969424,2307.6923076923076,3.65,5.680172609017068,3.3314383390085567,2.348734270008511
610,2024.0,48.0,14.4,1250.0,12.0,292.0,40.0,79.0,60000.0,3896.103896103896,4615.384615384615,3.65,5.680172609017068,3.3314383390085567,2.348734270008511
610m,2024.0,48.0,12.8,1250.0,12.0,292.0,40.0,79.0,60000.0,4347.826086956521,4615.384615384615,3.65,5.680172609017068,3.3314383390085567,2.348734270008511
610m,2024.0,48.0,14.4,1250.0,12.0,585.0,28.0,116.0,60000.0,3896.103896103896,4615.384615384615,5.0,6.373319789577012,3.3314383390085567,3.0418814505684555
610m,2024.0,48.0,12.8,1250.0,12.0,585.0,40.0,116.0,60000.0,4347.826086956521,4615.384615384615,5.0,6.373319789577012,3.3314383390085567,3.0418814505684555
9300 gs rev 2,2024.0,16.0,5.328,1250.0,50.0,260.0,40.0,57.0,20000.0,3160.5562579013904,392.15686274509807,4.482758620689655,5.564520407322694,3.3314383390085567,2.233082068314137
gt 435m,2024.0,96.0,25.6,1250.0,35.0,1.0,40.0,238.0,120000.0,4511.278195488721,3333.3333333333335,0.0041841004184100415,0.6931471805599453,3.3314383390085567,-2.6382911584486113
gt 440,2024.0,96.0,28.8,1250.0,65.0,585.0,40.0,116.0,120000.0,4026.8456375838923,1818.1818181818182,5.0,6.373319789577012,3.3314383390085567,3.0418814505684555
gt 440 mac edition,2024.0,96.0,21.34,1250.0,65.0,585.0,40.0,116.0,120000.0,5371.530886302597,1818.1818181818182,5.0,6.373319789577012,3.3314383390085567,3.0418814505684555
gt 520,2024.0,48.0,14.4,1250.0,29.0,292.0,40.0,79.0,60000.0,3896.103896103896,2000.0,3.65,5.680172609017068,3.3314383390085567,2.348734270008511
gt 520 pci,2024.0,48.0,14.4,1250.0,29.0,292.0,40.0,79.0,60000.0,3896.103896103896,2000.0,3.65,5.680172609017068,3.3314383390085567,2.348734270008511
gt 520 pcie x1,2024.0,48.0,14.4,1250.0,29.0,292.0,40.0,79.0,60000.0,3896.103896103896,2000.0,3.65,5.680172609017068,3.3314383390085567,2.348734270008511
gt 520m,2024.0,48.0,14.4,1250.0,12.0,585.0,40.0,116.0,60000.0,3896.103896103896,4615.384615384615,5.0,6.373319789577012,3.3314383390085567,3.0418814505684555
gt 520m,2024.0,48.0,12.8,1250.0,12.0,585.0,40.0,116.0,60000.0,4347.826086956521,4615.384615384615,5.0,6.373319789577012,3.3314383390085567,3.0418814505684555
gt 520m,2024.0,48.0,12.8,1250.0,12.0,292.0,40.0,79.0,60000.0,4347.826086956521,4615.384615384615,3.65,5.680172609017068,3.3314383390085567,2.348734270008511
gt 520mx,2024.0,48.0,14.4,1250.0,20.0,292.0,40.0,79.0,60000.0,3896.103896103896,2857.1428571428573,3.65,5.680172609017068,3.3314383390085567,2.348734270008511
gt 525m,2024.0,96.0,28.8,1250.0,23.0,585.0,40.0,116.0,120000.0,4026.8456375838923,5000.0,5.0,6.373319789577012,3.3314383390085567,3.0418814505684555
gt 525m,2024.0,96.0,28.8,1250.0,23.0,585.0,40.0,116.0,120000.0,4026.8456375838923,5000.0,5.0,6.373319789577012,3.3314383390085567,3.0418814505684555
gt 530 oem,2024.0,96.0,28.8,1250.0,50.0,585.0,40.0,116.0,120000.0,4026.8456375838923,2352.9411764705883,5.0,6.373319789577012,3.3314383390085567,3.0418814505684555
gt 540m,2024.0,96.0,28.8,1250.0,35.0,585.0,40.0,116.0,120000.0,4026.8456375838923,3333.3333333333335,5.0,6.373319789577012,3.3314383390085567,3.0418814505684555
gt 545,2024.0,144.0,38.4,1250.0,70.0,1.0,40.0,238.0,180000.0,4568.527918781726,2535.211267605634,0.0041841004184100415,0.6931471805599453,3.3314383390085567,-2.6382911584486113
gt 545 oem,2024.0,144.0,64.0,1250.0,105.0,1.0,40.0,238.0,180000.0,2769.230769230769,1698.1132075471698,0.0041841004184100415,0.6931471805599453,3.3314383390085567,-2.6382911584486113
gt 550m,2024.0,96.0,28.8,1250.0,35.0,585.0,40.0,116.0,120000.0,4026.8456375838923,3333.3333333333335,5.0,6.373319789577012,3.3314383390085567,3.0418814505684555
gt 550m,2024.0,96.0,28.8,1250.0,35.0,585.0,40.0,116.0,120000.0,4026.8456375838923,3333.3333333333335,5.0,6.373319789577012,3.3314383390085567,3.0418814505684555
gt 555m,2024.0,96.0,50.24,1250.0,35.0,585.0,40.0,116.0,120000.0,2341.9203747072597,3333.3333333333335,5.0,6.373319789577012,3.3314383390085567,3.0418814505684555
gt 555m,2024.0,144.0,28.8,1250.0,35.0,1.0,40.0,238.0,180000.0,6040.2684563758385,5000.0,0.0041841004184100415,0.6931471805599453,3.3314383390085567,-2.6382911584486113
gt 555m,2024.0,144.0,28.8,1250.0,35.0,1.0,40.0,238.0,180000.0,6040.2684563758385,5000.0,0.0041841004184100415,0.6931471805599453,3.3314383390085567,-2.6382911584486113
gt 555m 3 gb,2024.0,144.0,43.2,1250.0,35.0,1.0,40.0,238.0,180000.0,4072.3981900452486,5000.0,0.0041841004184100415,0.6931471805599453,3.3314383390085567,-2.6382911584486113
gts 450 rev 2,2024.0,192.0,57.73,1250.0,106.0,1.0,40.0,238.0,240000.0,4086.4975310744085,2242.9906542056074,0.0041841004184100415,0.6931471805599453,3.3314383390085567,-2.6382911584486113
gtx 460 v2,2024.0,336.0,96.19,1250.0,160.0,1.0,40.0,332.0,420000.0,4321.432246115855,2608.695652173913,0.003003003003003003,0.6931471805599453,3.3314383390085567,-2.6382911584486113
gtx 460 v2 es,2024.0,336.0,128.3,1250.0,160.0,1.0,40.0,332.0,420000.0,3248.2598607888626,2608.695652173913,0.003003003003003003,0.6931471805599453,3.3314383390085567,-2.6382911584486113
gtx 460 x2,2024.0,336.0,115.2,1250.0,160.0,1.0,40.0,332.0,420000.0,3614.457831325301,2608.695652173913,0.003003003003003003,0.6931471805599453,3.3314383390085567,-2.6382911584486113
gtx 485m,2024.0,384.0,96.0,1250.0,100.0,1.0,40.0,332.0,480000.0,4948.453608247422,4752.475247524752,0.003003003003003003,0.6931471805599453,3.3314383390085567,-2.6382911584486113
gtx 550 ti,2024.0,192.0,98.5,1250.0,116.0,1.0,40.0,238.0,240000.0,2412.0603015075376,2051.2820512820513,0.0041841004184100415,0.6931471805599453,3.3314383390085567,-2.6382911584486113
gtx 555 oem,2024.0,288.0,91.87,1250.0,150.0,1.0,40.0,332.0,360000.0,3876.386346505868,2384.1059602649007,0.003003003003003003,0.6931471805599453,3.3314383390085567,-2.6382911584486113
gtx 560,2024.0,336.0,128.0,1250.0,150.0,1.0,40.0,332.0,420000.0,3255.813953488372,2781.456953642384,0.003003003003003003,0.6931471805599453,3.3314383390085567,-2.6382911584486113
gtx 560 oem,2024.0,384.0,128.3,1250.0,150.0,3.0,40.0,520.0,480000.0,3712.2969837587,3178.8079470198677,0.005758157389635317,1.3862943611198906,3.3314383390085567,-1.945143977888666
gtx 560 ti,2024.0,384.0,128.3,1250.0,170.0,1.0,40.0,332.0,480000.0,3712.2969837587,2807.0175438596493,0.003003003003003003,0.6931471805599453,3.3314383390085567,-2.6382911584486113
gtx 560 ti 448,2024.0,448.0,152.0,1250.0,210.0,3.0,40.0,520.0,560000.0,3660.1307189542486,2654.0284360189576,0.005758157389635317,1.3862943611198906,3.3314383390085567,-1.945143977888666
gtx 560 ti oem,2024.0,384.0,128.3,1250.0,170.0,1.0,40.0,332.0,480000.0,3712.2969837587,2807.0175438596493,0.003003003003003003,0.6931471805599453,3.3314383390085567,-2.6382911584486113
gtx 560 ti oem,2024.0,352.0,121.6,1250.0,210.0,3.0,40.0,520.0,440000.0,3588.9070146818926,2085.308056872038,0.005758157389635317,1.3862943611198906,3.3314383390085567,-1.945143977888666
gtx 560 ti x2,2024.0,384.0,128.3,1250.0,170.0,1.0,40.0,332.0,480000.0,3712.2969837587,2807.0175438596493,0.003003003003003003,0.6931471805599453,3.3314383390085567,-2.6382911584486113
gtx 560m,2024.0,192.0,60.0,1250.0,75.0,1.0,40.0,238.0,240000.0,3934.4262295081967,3157.8947368421054,0.0041841004184100415,0.6931471805599453,3.3314383390085567,-2.6382911584486113
gtx 570m,2024.0,336.0,72.0,1250.0,75.0,1.0,40.0,332.0,420000.0,5753.424657534247,5526.315789473684,0.003003003003003003,0.6931471805599453,3.3314383390085567,-2.6382911584486113
gtx 580 rev 2,2024.0,512.0,192.4,1250.0,244.0,3.0,40.0,520.0,640000.0,3309.203722854188,2612.2448979591836,0.005758157389635317,1.3862943611198906,3.3314383390085567,-1.945143977888666
gtx 580m,2024.0,384.0,96.0,1250.0,100.0,1.0,40.0,332.0,480000.0,4948.453608247422,4752.475247524752,0.003003003003003003,0.6931471805599453,3.3314383390085567,-2.6382911584486113
gtx 590,2024.0,512.0,164.0,1250.0,365.0,3.0,40.0,520.0,640000.0,3878.787878787879,1748.6338797814208,0.005758157389635317,1.3862943611198906,3.3314383390085567,-1.945143977888666
nvs 300,2024.0,16.0,12.64,1250.0,18.0,260.0,40.0,57.0,20000.0,1466.275659824047,1052.6315789473683,4.482758620689655,5.564520407322694,3.3314383390085567,2.233082068314137
nvs 4200m,2024.0,48.0,12.8,1250.0,25.0,292.0,40.0,79.0,60000.0,4347.826086956521,2307.6923076923076,3.65,5.680172609017068,3.3314383390085567,2.348734270008511
quadro 1000m,2024.0,96.0,28.8,1250.0,45.0,585.0,40.0,116.0,120000.0,4026.8456375838923,2608.695652173913,5.0,6.373319789577012,3.3314383390085567,3.0418814505684555
quadro 2000d,2024.0,192.0,41.6,1250.0,62.0,1.0,40.0,238.0,240000.0,5633.802816901408,3809.5238095238096,0.0041841004184100415,0.6931471805599453,3.3314383390085567,-2.6382911584486113
quadro 2000m,2024.0,192.0,28.8,1250.0,55.0,1.0,40.0,238.0,240000.0,8053.691275167785,4285.714285714285,0.0041841004184100415,0.6931471805599453,3.3314383390085567,-2.6382911584486113
quadro 3000m,2024.0,240.0,80.0,1250.0,75.0,1.0,40.0,332.0,300000.0,3703.703703703704,3947.3684210526317,0.003003003003003003,0.6931471805599453,3.3314383390085567,-2.6382911584486113
quadro 3000m x2,2024.0,240.0,80.0,1250.0,150.0,1.0,40.0,332.0,300000.0,3703.703703703704,1986.7549668874171,0.003003003003003003,0.6931471805599453,3.3314383390085567,-2.6382911584486113
quadro 400,2024.0,48.0,12.32,1250.0,32.0,486.0,40.0,100.0,60000.0,4504.504504504504,1818.1818181818182,4.811881188118812,6.18826412308259,3.3314383390085567,2.856825784074033
quadro 4000 mac edition,2024.0,256.0,89.86,1250.0,142.0,3.0,40.0,529.0,320000.0,3521.901826986573,2237.762237762238,0.005660377358490566,1.3862943611198906,3.3314383390085567,-1.945143977888666
quadro 4000m,2024.0,336.0,80.0,1250.0,100.0,1.0,40.0,332.0,420000.0,5185.185185185185,4158.415841584158,0.003003003003003003,0.6931471805599453,3.3314383390085567,-2.6382911584486113
quadro 5000,2024.0,352.0,120.0,1250.0,152.0,3.0,40.0,529.0,440000.0,3636.3636363636365,2875.8169934640523,0.005660377358490566,1.3862943611198906,3.3314383390085567,-1.945143977888666
quadro 5000 sdi,2024.0,352.0,120.0,1250.0,172.0,3.0,40.0,529.0,440000.0,3636.3636363636365,2543.3526011560693,0.005660377358490566,1.3862943611198906,3.3314383390085567,-1.945143977888666
quadro 500m,2024.0,96.0,25.6,1250.0,35.0,585.0,40.0,116.0,120000.0,4511.278195488721,3333.3333333333335,5.0,6.373319789577012,3.3314383390085567,3.0418814505684555
quadro 5010m,2024.0,384.0,83.2,1250.0,100.0,3.0,40.0,520.0,480000.0,5700.712589073634,4752.475247524752,0.005758157389635317,1.3862943611198906,3.3314383390085567,-1.945143977888666
quadro 6000 sdi,2024.0,448.0,143.4,1250.0,231.0,3.0,40.0,529.0,560000.0,3878.1163434903046,2413.793103448276,0.005660377358490566,1.3862943611198906,3.3314383390085567,-1.945143977888666
quadro plex 7000,2024.0,512.0,144.0,1250.0,600.0,3.0,40.0,520.0,640000.0,4413.793103448276,1064.891846921797,0.005758157389635317,1.3862943611198906,3.3314383390085567,-1.945143977888666
tegra 3 gpu,2024.0,480.0,5.336,520.0,20.0,10.0,40.0,80.0,249600.0,39393.93939393939,11885.714285714286,0.12345679012345678,2.3978952727983707,3.3314383390085567,-0.933543066210186
tesla c2050,2024.0,448.0,144.0,1250.0,238.0,3.0,40.0,529.0,560000.0,3862.0689655172414,2343.0962343096235,0.005660377358490566,1.3862943611198906,3.3314383390085567,-1.945143977888666
tesla c2070,2024.0,448.0,143.4,1250.0,238.0,3.0,40.0,529.0,560000.0,3878.1163434903046,2343.0962343096235,0.005660377358490566,1.3862943611198906,3.3314383390085567,-1.945143977888666
tesla c2075,2024.0,448.0,150.3,1250.0,247.0,3.0,40.0,520.0,560000.0,3701.255783212161,2258.064516129032,0.005758157389635317,1.3862943611198906,3.3314383390085567,-1.945143977888666
tesla c2090,2024.0,512.0,177.4,1250.0,250.0,3.0,40.0,520.0,640000.0,3587.4439461883408,2549.800796812749,0.005758157389635317,1.3862943611198906,3.3314383390085567,-1.945143977888666
tesla m2050,2024.0,448.0,148.4,1250.0,225.0,3.0,40.0,529.0,560000.0,3748.326639892905,2477.8761061946902,0.005660377358490566,1.3862943611198906,3.3314383390085567,-1.945143977888666
tesla m2070,2024.0,448.0,150.3,1250.0,225.0,3.0,40.0,529.0,560000.0,3701.255783212161,2477.8761061946902,0.005660377358490566,1.3862943611198906,3.3314383390085567,-1.945143977888666
tesla m2070 q,2024.0,448.0,150.3,1250.0,225.0,3.0,40.0,529.0,560000.0,3701.255783212161,2477.8761061946902,0.005660377358490566,1.3862943611198906,3.3314383390085567,-1.945143977888666
tesla m2075,2024.0,448.0,150.3,1250.0,225.0,3.0,40.0,520.0,560000.0,3701.255783212161,2477.8761061946902,0.005758157389635317,1.3862943611198906,3.3314383390085567,-1.945143977888666
tesla m2090,2024.0,512.0,177.4,1250.0,250.0,3.0,40.0,520.0,640000.0,3587.4439461883408,2549.800796812749,0.005758157389635317,1.3862943611198906,3.3314383390085567,-1.945143977888666
tesla s2050,2024.0,448.0,148.4,1250.0,900.0,3.0,40.0,529.0,560000.0,3748.326639892905,621.5316315205328,0.005660377358490566,1.3862943611198906,3.3314383390085567,-1.945143977888666
tesla x2070,2024.0,448.0,177.4,1250.0,225.0,3.0,40.0,529.0,560000.0,3139.013452914798,2477.8761061946902,0.005660377358490566,1.3862943611198906,3.3314383390085567,-1.945143977888666
tesla x2090,2024.0,512.0,177.4,1250.0,225.0,3.0,40.0,520.0,640000.0,3587.4439461883408,2831.858407079646,0.005758157389635317,1.3862943611198906,3.3314383390085567,-1.945143977888666
605 oem,2024.0,48.0,14.35,1250.0,25.0,292.0,40.0,79.0,60000.0,3908.7947882736157,2307.6923076923076,3.65,5.680172609017068,3.3314383390085567,2.348734270008511
615 oem,2024.0,48.0,28.8,1250.0,49.0,585.0,40.0,116.0,60000.0,2013.4228187919462,1200.0,5.0,6.373319789577012,3.3314383390085567,3.0418814505684555
620m,2024.0,96.0,14.4,1250.0,15.0,585.0,28.0,116.0,120000.0,7792.207792207792,7500.0,5.0,6.373319789577012,3.3314383390085567,3.0418814505684555
9400 gt rev 3,2024.0,16.0,9.6,1250.0,50.0,260.0,40.0,57.0,20000.0,1886.7924528301887,392.15686274509807,4.482758620689655,5.564520407322694,3.3314383390085567,2.233082068314137
gt 520 oem,2024.0,48.0,8.0,1250.0,29.0,292.0,40.0,79.0,60000.0,6666.666666666667,2000.0,3.65,5.680172609017068,3.3314383390085567,2.348734270008511
gt 520 oem,2024.0,48.0,10.67,1250.0,29.0,585.0,40.0,116.0,60000.0,5141.388174807198,2000.0,5.0,6.373319789577012,3.3314383390085567,3.0418814505684555
gt 550m,2024.0,144.0,28.8,1250.0,35.0,1.0,40.0,238.0,180000.0,6040.2684563758385,5000.0,0.0041841004184100415,0.6931471805599453,3.3314383390085567,-2.6382911584486113
gt 555m 2 gb,2024.0,144.0,28.8,1250.0,35.0,1.0,40.0,238.0,180000.0,6040.2684563758385,5000.0,0.0041841004184100415,0.6931471805599453,3.3314383390085567,-2.6382911584486113
gt 555m 3 gb,2024.0,144.0,43.2,1250.0,35.0,1.0,40.0,238.0,180000.0,4072.3981900452486,5000.0,0.0041841004184100415,0.6931471805599453,3.3314383390085567,-2.6382911584486113
gt 610,2024.0,48.0,14.37,1250.0,29.0,292.0,40.0,79.0,60000.0,3903.7085230969424,2000.0,3.65,5.680172609017068,3.3314383390085567,2.348734270008511
gt 610 oem,2024.0,48.0,8.0,1250.0,29.0,292.0,40.0,79.0,60000.0,6666.666666666667,2000.0,3.65,5.680172609017068,3.3314383390085567,2.348734270008511
gt 610 pci,2024.0,48.0,10.67,1250.0,29.0,292.0,40.0,79.0,60000.0,5141.388174807198,2000.0,3.65,5.680172609017068,3.3314383390085567,2.348734270008511
gt 610 pcie x1,2024.0,48.0,8.0,1250.0,29.0,292.0,40.0,79.0,60000.0,6666.666666666667,2000.0,3.65,5.680172609017068,3.3314383390085567,2.348734270008511
gt 620,2024.0,96.0,14.4,1250.0,49.0,585.0,40.0,116.0,120000.0,7792.207792207792,2400.0,5.0,6.373319789577012,3.3314383390085567,3.0418814505684555
gt 620 oem,2024.0,48.0,14.37,1250.0,30.0,292.0,40.0,79.0,60000.0,3903.7085230969424,1935.483870967742,3.65,5.680172609017068,3.3314383390085567,2.348734270008511
gt 620m,2024.0,96.0,14.4,1250.0,15.0,585.0,28.0,116.0,120000.0,7792.207792207792,7500.0,5.0,6.373319789577012,3.3314383390085567,3.0418814505684555
gt 620m,2024.0,96.0,28.8,1250.0,15.0,585.0,40.0,116.0,120000.0,4026.8456375838923,7500.0,5.0,6.373319789577012,3.3314383390085567,3.0418814505684555
gt 625m,2024.0,96.0,12.8,1250.0,15.0,585.0,28.0,116.0,120000.0,8695.652173913042,7500.0,5.0,6.373319789577012,3.3314383390085567,3.0418814505684555
gt 630,2024.0,96.0,28.8,1250.0,65.0,585.0,40.0,116.0,120000.0,4026.8456375838923,1818.1818181818182,5.0,6.373319789577012,3.3314383390085567,3.0418814505684555
gt 630 oem,2024.0,192.0,28.51,1250.0,50.0,1.0,28.0,118.0,240000.0,8132.836326668926,4705.882352941177,0.008403361344537815,0.6931471805599453,3.3314383390085567,-2.6382911584486113
gt 630m,2024.0,96.0,64.0,1250.0,33.0,585.0,28.0,116.0,120000.0,1846.1538461538462,3529.4117647058824,5.0,6.373319789577012,3.3314383390085567,3.0418814505684555
gt 630m,2024.0,96.0,14.4,1250.0,33.0,585.0,40.0,116.0,120000.0,7792.207792207792,3529.4117647058824,5.0,6.373319789577012,3.3314383390085567,3.0418814505684555
gt 630m,2024.0,96.0,14.4,1250.0,33.0,585.0,40.0,116.0,120000.0,7792.207792207792,3529.4117647058824,5.0,6.373319789577012,3.3314383390085567,3.0418814505684555
gt 635m,2024.0,144.0,28.8,1250.0,35.0,1.0,40.0,238.0,180000.0,6040.2684563758385,5000.0,0.0041841004184100415,0.6931471805599453,3.3314383390085567,-2.6382911584486113
gt 635m,2024.0,144.0,28.8,1250.0,35.0,1.0,40.0,238.0,180000.0,6040.2684563758385,5000.0,0.0041841004184100415,0.6931471805599453,3.3314383390085567,-2.6382911584486113
gt 635m,2024.0,96.0,28.8,1250.0,35.0,585.0,40.0,116.0,120000.0,4026.8456375838923,3333.3333333333335,5.0,6.373319789577012,3.3314383390085567,3.0418814505684555
gt 635m,2024.0,96.0,28.8,1250.0,33.0,585.0,40.0,116.0,120000.0,4026.8456375838923,3529.4117647058824,5.0,6.373319789577012,3.3314383390085567,3.0418814505684555
gt 640,2024.0,384.0,28.51,1250.0,65.0,1.0,28.0,118.0,480000.0,16265.672653337851,7272.727272727273,0.008403361344537815,0.6931471805599453,3.3314383390085567,-2.6382911584486113
gt 640 oem,2024.0,384.0,28.51,1250.0,50.0,1.0,28.0,118.0,480000.0,16265.672653337851,9411.764705882353,0.008403361344537815,0.6931471805599453,3.3314383390085567,-2.6382911584486113
gt 640 oem rebrand,2024.0,144.0,38.4,1250.0,75.0,1.0,40.0,238.0,180000.0,4568.527918781726,2368.4210526315787,0.0041841004184100415,0.6931471805599453,3.3314383390085567,-2.6382911584486113
gt 640m,2024.0,384.0,28.8,709.0,32.0,1.0,28.0,118.0,272256.0,9136.107382550335,8250.181818181818,0.008403361344537815,0.6931471805599453,3.3314383390085567,-2.6382911584486113
gt 640m le,2024.0,384.0,28.8,570.0,20.0,1.0,28.0,118.0,218880.0,7344.96644295302,10422.857142857143,0.008403361344537815,0.6931471805599453,3.3314383390085567,-2.6382911584486113
gt 640m le,2024.0,96.0,50.24,1250.0,32.0,585.0,40.0,116.0,120000.0,2341.9203747072597,3636.3636363636365,5.0,6.373319789577012,3.3314383390085567,3.0418814505684555
gt 645 oem,2024.0,288.0,91.87,1250.0,102.0,1.0,40.0,332.0,360000.0,3876.386346505868,3495.145631067961,0.003003003003003003,0.6931471805599453,3.3314383390085567,-2.6382911584486113
gt 645m,2024.0,384.0,28.8,780.0,32.0,1.0,28.0,118.0,299520.0,10051.006711409396,9076.363636363636,0.008403361344537815,0.6931471805599453,3.3314383390085567,-2.6382911584486113
gt 650m,2024.0,384.0,28.8,950.0,45.0,1.0,28.0,118.0,364800.0,12241.610738255033,7930.434782608696,0.008403361344537815,0.6931471805599453,3.3314383390085567,-2.6382911584486113
gt 650m mac edition,2024.0,384.0,80.26,900.0,45.0,1.0,28.0,118.0,345600.0,4253.015013536795,7513.04347826087,0.008403361344537815,0.6931471805599453,3.3314383390085567,-2.6382911584486113
gts 450 rev 3,2024.0,144.0,22.4,1250.0,106.0,1.0,40.0,238.0,180000.0,7692.307692307692,1682.2429906542056,0.0041841004184100415,0.6931471805599453,3.3314383390085567,-2.6382911584486113
gtx 560 se,2024.0,288.0,91.87,1250.0,150.0,1.0,40.0,332.0,360000.0,3876.386346505868,2384.1059602649007,0.003003003003003003,0.6931471805599453,3.3314383390085567,-2.6382911584486113
gtx 650,2024.0,384.0,80.0,1250.0,65.0,1.0,28.0,118.0,480000.0,5925.925925925926,7272.727272727273,0.008403361344537815,0.6931471805599453,3.3314383390085567,-2.6382911584486113
gtx 650 ti,2024.0,768.0,86.4,1250.0,110.0,2.0,28.0,221.0,960000.0,10983.981693363843,8648.648648648648,0.009009009009009009,1.0986122886681098,3.3314383390085567,-2.2328260503404467
gtx 660,2024.0,960.0,144.2,1032.0,140.0,2.0,28.0,221.0,990720.0,6823.1404958677695,7026.382978723404,0.009009009009009009,1.0986122886681098,3.3314383390085567,-2.2328260503404467
gtx 660 oem,2024.0,1152.0,179.2,888.0,130.0,3.0,28.0,294.0,1022976.0,5676.892341842397,7808.977099236641,0.010169491525423728,1.3862943611198906,3.3314383390085567,-1.945143977888666
gtx 660 oem,2024.0,1152.0,134.4,888.0,130.0,3.0,28.0,294.0,1022976.0,7555.2141802067945,7808.977099236641,0.010169491525423728,1.3862943611198906,3.3314383390085567,-1.945143977888666
gtx 660 ti,2024.0,1344.0,144.2,980.0,150.0,3.0,28.0,294.0,1317120.0,9071.07438016529,8722.649006622516,0.010169491525423728,1.3862943611198906,3.3314383390085567,-1.945143977888666
gtx 660m,2024.0,384.0,80.0,950.0,50.0,1.0,28.0,118.0,364800.0,4503.7037037037035,7152.941176470588,0.008403361344537815,0.6931471805599453,3.3314383390085567,-2.6382911584486113
gtx 670,2024.0,1344.0,192.3,980.0,170.0,3.0,28.0,294.0,1317120.0,6813.86445938955,7702.456140350877,0.010169491525423728,1.3862943611198906,3.3314383390085567,-1.945143977888666
gtx 670m,2024.0,336.0,72.0,1250.0,75.0,1.0,40.0,332.0,420000.0,5753.424657534247,5526.315789473684,0.003003003003003003,0.6931471805599453,3.3314383390085567,-2.6382911584486113
gtx 670mx,2024.0,960.0,67.2,601.0,75.0,3.0,28.0,294.0,576960.0,8459.824046920821,7591.578947368421,0.010169491525423728,1.3862943611198906,3.3314383390085567,-1.945143977888666
gtx 675m,2024.0,384.0,96.0,1250.0,100.0,1.0,40.0,332.0,480000.0,4948.453608247422,4752.475247524752,0.003003003003003003,0.6931471805599453,3.3314383390085567,-2.6382911584486113
gtx 675mx,2024.0,960.0,115.2,1250.0,100.0,3.0,28.0,294.0,1200000.0,10327.022375215147,11881.18811881188,0.010169491525423728,1.3862943611198906,3.3314383390085567,-1.945143977888666
gtx 680,2024.0,1536.0,192.3,1058.0,195.0,3.0,28.0,294.0,1625088.0,8407.07708225556,8291.265306122448,0.010169491525423728,1.3862943611198906,3.3314383390085567,-1.945143977888666
gtx 680m,2024.0,1344.0,115.2,758.0,100.0,3.0,28.0,294.0,1018752.0,8767.22891566265,10086.653465346535,0.010169491525423728,1.3862943611198906,3.3314383390085567,-1.945143977888666
gtx 680mx mac edition,2024.0,1536.0,160.0,719.0,122.0,3.0,28.0,294.0,1104384.0,6859.527950310559,8978.731707317073,0.010169491525423728,1.3862943611198906,3.3314383390085567,-1.945143977888666
gtx 690,2024.0,1536.0,192.3,1019.0,300.0,3.0,28.0,294.0,1565184.0,8097.175375064666,5199.946843853821,0.010169491525423728,1.3862943611198906,3.3314383390085567,-1.945143977888666
nvs 310,2024.0,48.0,14.0,1250.0,20.0,292.0,40.0,79.0,60000.0,4000.0,2857.1428571428573,3.65,5.680172609017068,3.3314383390085567,2.348734270008511
nvs 510,2024.0,192.0,28.51,1250.0,35.0,1.0,28.0,118.0,240000.0,8132.836326668926,6666.666666666667,0.008403361344537815,0.6931471805599453,3.3314383390085567,-2.6382911584486113
nvs 5200m,2024.0,96.0,25.12,1250.0,25.0,585.0,40.0,116.0,120000.0,4594.180704441042,4615.384615384615,5.0,6.373319789577012,3.3314383390085567,3.0418814505684555
nvs 5200m,2024.0,96.0,14.4,1250.0,25.0,585.0,28.0,116.0,120000.0,7792.207792207792,4615.384615384615,5.0,6.373319789577012,3.3314383390085567,3.0418814505684555
nvs 5400m,2024.0,96.0,28.8,1250.0,35.0,585.0,40.0,116.0,120000.0,4026.8456375838923,3333.3333333333335,5.0,6.373319789577012,3.3314383390085567,3.0418814505684555
playstation 3 gpu 40nm,2024.0,480.0,20.8,1250.0,35.0,302.0,40.0,114.0,600000.0,27522.93577981651,16666.666666666668,2.626086956521739,5.713732805509369,3.3314383390085567,2.382294466500812
quadro 410,2024.0,192.0,14.26,1250.0,38.0,1.0,28.0,118.0,240000.0,15727.391874180865,6153.846153846154,0.008403361344537815,0.6931471805599453,3.3314383390085567,-2.6382911584486113
quadro 7000,2024.0,512.0,163.4,1250.0,204.0,3.0,40.0,520.0,640000.0,3892.9440389294405,3121.951219512195,0.005758157389635317,1.3862943611198906,3.3314383390085567,-1.945143977888666
quadro k1000m,2024.0,192.0,28.8,1250.0,45.0,1.0,28.0,118.0,240000.0,8053.691275167785,5217.391304347826,0.008403361344537815,0.6931471805599453,3.3314383390085567,-2.6382911584486113
quadro k2000m,2024.0,384.0,28.8,745.0,55.0,1.0,28.0,118.0,286080.0,9600.0,5108.571428571428,0.008403361344537815,0.6931471805599453,3.3314383390085567,-2.6382911584486113
quadro k2000m embedded,2024.0,384.0,57.6,1058.0,45.0,1.0,28.0,118.0,406272.0,6932.96928327645,8832.0,0.008403361344537815,0.6931471805599453,3.3314383390085567,-2.6382911584486113
quadro k3000m,2024.0,576.0,89.6,654.0,75.0,3.0,28.0,294.0,376704.0,4157.880794701987,4956.631578947368,0.010169491525423728,1.3862943611198906,3.3314383390085567,-1.945143977888666
quadro k4000m,2024.0,960.0,89.6,601.0,100.0,3.0,28.0,294.0,576960.0,6368.211920529801,5712.475247524752,0.010169491525423728,1.3862943611198906,3.3314383390085567,-1.945143977888666
quadro k5000,2024.0,1536.0,172.8,706.0,122.0,3.0,28.0,294.0,1084416.0,6239.447640966628,8816.390243902439,0.010169491525423728,1.3862943611198906,3.3314383390085567,-1.945143977888666
quadro k5000 mac edition,2024.0,1536.0,172.8,706.0,122.0,3.0,28.0,294.0,1084416.0,6239.447640966628,8816.390243902439,0.010169491525423728,1.3862943611198906,3.3314383390085567,-1.945143977888666
quadro k5000m,2024.0,1344.0,96.0,601.0,100.0,3.0,28.0,294.0,807744.0,8327.257731958764,7997.465346534654,0.010169491525423728,1.3862943611198906,3.3314383390085567,-1.945143977888666
quadro k500m,2024.0,192.0,12.8,709.0,35.0,1.0,28.0,118.0,136128.0,9864.347826086956,3781.3333333333335,0.008403361344537815,0.6931471805599453,3.3314383390085567,-2.6382911584486113
tesla k10,2024.0,1536.0,160.0,1250.0,225.0,3.0,28.0,294.0,1920000.0,11925.465838509317,8495.575221238938,0.010169491525423728,1.3862943611198906,3.3314383390085567,-1.945143977888666
tesla k20c,2024.0,2496.0,208.0,1250.0,225.0,7.0,28.0,561.0,3120000.0,14928.22966507177,13805.309734513274,0.012455516014234875,2.0794415416798357,3.3314383390085567,-1.251996797328721
tesla k20x,2024.0,2688.0,249.6,1250.0,235.0,7.0,28.0,561.0,3360000.0,13407.82122905028,14237.28813559322,0.012455516014234875,2.0794415416798357,3.3314383390085567,-1.251996797328721
tesla k20xm,2024.0,2688.0,249.6,1250.0,235.0,7.0,28.0,561.0,3360000.0,13407.82122905028,14237.28813559322,0.012455516014234875,2.0794415416798357,3.3314383390085567,-1.251996797328721
505 oem,2024.0,24.0,22.4,1250.0,25.0,486.0,40.0,100.0,30000.0,1282.0512820512822,1153.8461538461538,4.811881188118812,6.18826412308259,3.3314383390085567,2.856825784074033
505 oem,2024.0,16.0,9.6,1250.0,25.0,260.0,40.0,57.0,20000.0,1886.7924528301887,769.2307692307693,4.482758620689655,5.564520407322694,3.3314383390085567,2.233082068314137
705a,2024.0,48.0,14.4,1250.0,15.0,292.0,40.0,79.0,60000.0,3896.103896103896,3750.0,3.65,5.680172609017068,3.3314383390085567,2.348734270008511
705m,2024.0,48.0,14.4,1250.0,15.0,585.0,28.0,116.0,60000.0,3896.103896103896,3750.0,5.0,6.373319789577012,3.3314383390085567,3.0418814505684555
710a,2024.0,96.0,14.4,1250.0,33.0,585.0,28.0,116.0,120000.0,7792.207792207792,3529.4117647058824,5.0,6.373319789577012,3.3314383390085567,3.0418814505684555
710m,2024.0,192.0,14.4,758.0,15.0,1.0,28.0,87.0,145536.0,9450.38961038961,9096.0,0.011363636363636364,0.6931471805599453,3.3314383390085567,-2.6382911584486113
710m,2024.0,96.0,14.4,1250.0,15.0,585.0,28.0,116.0,120000.0,7792.207792207792,7500.0,5.0,6.373319789577012,3.3314383390085567,3.0418814505684555
820m,2024.0,96.0,14.4,1250.0,15.0,585.0,28.0,116.0,120000.0,7792.207792207792,7500.0,5.0,6.373319789577012,3.3314383390085567,3.0418814505684555
gt 625 oem,2024.0,48.0,13.2,1250.0,29.0,292.0,40.0,79.0,60000.0,4225.352112676057,2000.0,3.65,5.680172609017068,3.3314383390085567,2.348734270008511
gt 630 rev 2,2024.0,384.0,14.4,1250.0,25.0,1.0,28.0,87.0,480000.0,31168.83116883117,18461.53846153846,0.011363636363636364,0.6931471805599453,3.3314383390085567,-2.6382911584486113
gt 630 rev 2 pcie x8,2024.0,384.0,14.4,1250.0,25.0,1.0,28.0,87.0,480000.0,31168.83116883117,18461.53846153846,0.011363636363636364,0.6931471805599453,3.3314383390085567,-2.6382911584486113
gt 635 oem,2024.0,384.0,14.4,1250.0,35.0,1.0,28.0,87.0,480000.0,31168.83116883117,13333.333333333334,0.011363636363636364,0.6931471805599453,3.3314383390085567,-2.6382911584486113
gt 640 rev 2,2024.0,384.0,40.06,1250.0,49.0,1.0,28.0,87.0,480000.0,11690.209449585971,9600.0,0.011363636363636364,0.6931471805599453,3.3314383390085567,-2.6382911584486113
gt 640m mac edition,2024.0,384.0,40.0,745.0,32.0,1.0,28.0,118.0,286080.0,6977.5609756097565,8669.09090909091,0.008403361344537815,0.6931471805599453,3.3314383390085567,-2.6382911584486113
gt 710m,2024.0,96.0,14.4,1250.0,15.0,585.0,28.0,116.0,120000.0,7792.207792207792,7500.0,5.0,6.373319789577012,3.3314383390085567,3.0418814505684555
gt 720m,2024.0,192.0,12.8,758.0,33.0,1.0,28.0,87.0,145536.0,10546.086956521738,4280.470588235294,0.011363636363636364,0.6931471805599453,3.3314383390085567,-2.6382911584486113
gt 720m,2024.0,96.0,12.8,1250.0,33.0,585.0,28.0,116.0,120000.0,8695.652173913042,3529.4117647058824,5.0,6.373319789577012,3.3314383390085567,3.0418814505684555
gt 730m,2024.0,384.0,28.8,725.0,33.0,1.0,28.0,118.0,278400.0,9342.28187919463,8188.235294117647,0.008403361344537815,0.6931471805599453,3.3314383390085567,-2.6382911584486113
gt 735m,2024.0,384.0,14.4,628.0,33.0,1.0,28.0,87.0,241152.0,15659.22077922078,7092.705882352941,0.011363636363636364,0.6931471805599453,3.3314383390085567,-2.6382911584486113
gt 740a,2024.0,384.0,14.4,1033.0,33.0,1.0,28.0,87.0,396672.0,25757.922077922078,11666.823529411764,0.011363636363636364,0.6931471805599453,3.3314383390085567,-2.6382911584486113
gt 740m,2024.0,384.0,28.83,895.0,45.0,1.0,28.0,118.0,343680.0,11521.287294669795,7471.304347826087,0.008403361344537815,0.6931471805599453,3.3314383390085567,-2.6382911584486113
gt 740m,2024.0,384.0,14.4,1033.0,33.0,1.0,28.0,87.0,396672.0,25757.922077922078,11666.823529411764,0.011363636363636364,0.6931471805599453,3.3314383390085567,-2.6382911584486113
gt 745a,2024.0,384.0,28.8,915.0,33.0,1.0,28.0,118.0,351360.0,11790.604026845638,10334.117647058823,0.008403361344537815,0.6931471805599453,3.3314383390085567,-2.6382911584486113
gt 745m,2024.0,384.0,64.0,1250.0,45.0,1.0,28.0,118.0,480000.0,7384.615384615385,10434.782608695652,0.008403361344537815,0.6931471805599453,3.3314383390085567,-2.6382911584486113
gt 745m,2024.0,384.0,28.8,915.0,45.0,1.0,28.0,118.0,351360.0,11790.604026845638,7638.260869565217,0.008403361344537815,0.6931471805599453,3.3314383390085567,-2.6382911584486113
gt 750m,2024.0,384.0,64.19,967.0,50.0,1.0,28.0,118.0,371328.0,5696.088357109987,7280.941176470588,0.008403361344537815,0.6931471805599453,3.3314383390085567,-2.6382911584486113
gt 750m mac edition,2024.0,384.0,80.26,926.0,50.0,1.0,28.0,118.0,355584.0,4375.879891705636,6972.235294117647,0.008403361344537815,0.6931471805599453,3.3314383390085567,-2.6382911584486113
gt 755m,2024.0,384.0,86.4,1020.0,50.0,1.0,28.0,118.0,391680.0,4481.464530892448,7680.0,0.008403361344537815,0.6931471805599453,3.3314383390085567,-2.6382911584486113
gt 755m mac edition,2024.0,384.0,80.0,1085.0,50.0,1.0,28.0,118.0,416640.0,5143.7037037037035,8169.411764705882,0.008403361344537815,0.6931471805599453,3.3314383390085567,-2.6382911584486113
gtx 645 oem,2024.0,576.0,64.0,1250.0,65.0,2.0,28.0,221.0,720000.0,11076.923076923076,10909.09090909091,0.009009009009009009,1.0986122886681098,3.3314383390085567,-2.2328260503404467
gtx 650,2024.0,384.0,80.0,1250.0,65.0,2.0,28.0,221.0,480000.0,5925.925925925926,7272.727272727273,0.009009009009009009,1.0986122886681098,3.3314383390085567,-2.2328260503404467
gtx 650 ti boost,2024.0,768.0,144.2,1032.0,134.0,2.0,28.0,221.0,792576.0,5458.512396694216,5870.933333333333,0.009009009009009009,1.0986122886681098,3.3314383390085567,-2.2328260503404467
gtx 650 ti oem,2024.0,768.0,86.4,1250.0,110.0,2.0,28.0,221.0,960000.0,10983.981693363843,8648.648648648648,0.009009009009009009,1.0986122886681098,3.3314383390085567,-2.2328260503404467
gtx 660m mac edition,2024.0,384.0,80.0,950.0,50.0,1.0,28.0,118.0,364800.0,4503.7037037037035,7152.941176470588,0.008403361344537815,0.6931471805599453,3.3314383390085567,-2.6382911584486113
gtx 675mx mac edition,2024.0,1344.0,160.0,719.0,100.0,3.0,28.0,294.0,966336.0,6002.086956521739,9567.683168316831,0.010169491525423728,1.3862943611198906,3.3314383390085567,-1.945143977888666
gtx 680 mac edition,2024.0,1536.0,192.3,1058.0,195.0,3.0,28.0,294.0,1625088.0,8407.07708225556,8291.265306122448,0.010169491525423728,1.3862943611198906,3.3314383390085567,-1.945143977888666
gtx 760,2024.0,1152.0,192.3,1032.0,170.0,3.0,28.0,294.0,1188864.0,6150.356958096223,6952.421052631579,0.010169491525423728,1.3862943611198906,3.3314383390085567,-1.945143977888666
gtx 760 oem,2024.0,1152.0,134.4,888.0,130.0,3.0,28.0,294.0,1022976.0,7555.2141802067945,7808.977099236641,0.010169491525423728,1.3862943611198906,3.3314383390085567,-1.945143977888666
gtx 760 oem rebrand,2024.0,1152.0,179.2,888.0,130.0,3.0,28.0,294.0,1022976.0,5676.892341842397,7808.977099236641,0.010169491525423728,1.3862943611198906,3.3314383390085567,-1.945143977888666
gtx 760 ti oem,2024.0,1344.0,192.3,980.0,170.0,3.0,28.0,294.0,1317120.0,6813.86445938955,7702.456140350877,0.010169491525423728,1.3862943611198906,3.3314383390085567,-1.945143977888666
gtx 760 ti oem rebrand,2024.0,1344.0,192.3,980.0,170.0,3.0,28.0,294.0,1317120.0,6813.86445938955,7702.456140350877,0.010169491525423728,1.3862943611198906,3.3314383390085567,-1.945143977888666
gtx 760 x2,2024.0,1152.0,192.3,1072.0,250.0,3.0,28.0,294.0,1234944.0,6388.742886704604,4920.095617529881,0.010169491525423728,1.3862943611198906,3.3314383390085567,-1.945143977888666
gtx 760m,2024.0,768.0,64.13,719.0,55.0,2.0,28.0,221.0,552192.0,8478.30492860433,9860.57142857143,0.009009009009009009,1.0986122886681098,3.3314383390085567,-2.2328260503404467
gtx 765m,2024.0,768.0,64.13,863.0,75.0,2.0,28.0,221.0,662784.0,10176.324274527868,8720.842105263158,0.009009009009009009,1.0986122886681098,3.3314383390085567,-2.2328260503404467
gtx 770,2024.0,1536.0,224.4,1085.0,230.0,3.0,28.0,294.0,1666560.0,7393.788819875776,7214.545454545455,0.010169491525423728,1.3862943611198906,3.3314383390085567,-1.945143977888666
gtx 770m,2024.0,960.0,96.19,797.0,75.0,2.0,28.0,221.0,765120.0,7872.414857495627,10067.368421052632,0.009009009009009009,1.0986122886681098,3.3314383390085567,-2.2328260503404467
gtx 775m mac edition,2024.0,1344.0,160.0,797.0,100.0,3.0,28.0,294.0,1071168.0,6653.217391304348,10605.623762376237,0.010169491525423728,1.3862943611198906,3.3314383390085567,-1.945143977888666
gtx 780,2024.0,2304.0,288.4,902.0,250.0,7.0,28.0,561.0,2078208.0,7181.09191430546,8279.713147410359,0.012455516014234875,2.0794415416798357,3.3314383390085567,-1.251996797328721
gtx 780 6 gb,2024.0,2304.0,288.4,902.0,250.0,7.0,28.0,561.0,2078208.0,7181.09191430546,8279.713147410359,0.012455516014234875,2.0794415416798357,3.3314383390085567,-1.251996797328721
gtx 780 rev 2,2024.0,2304.0,288.4,902.0,250.0,7.0,28.0,561.0,2078208.0,7181.09191430546,8279.713147410359,0.012455516014234875,2.0794415416798357,3.3314383390085567,-1.251996797328721
gtx 780 ti,2024.0,2880.0,336.6,928.0,250.0,7.0,28.0,561.0,2672640.0,7916.587677725118,10647.96812749004,0.012455516014234875,2.0794415416798357,3.3314383390085567,-1.251996797328721
gtx 780m,2024.0,1536.0,160.0,797.0,122.0,3.0,28.0,294.0,1224192.0,7603.677018633541,9952.780487804877,0.010169491525423728,1.3862943611198906,3.3314383390085567,-1.945143977888666
gtx 780m mac edition,2024.0,1536.0,160.0,784.0,122.0,3.0,28.0,294.0,1204224.0,7479.652173913043,9790.439024390244,0.010169491525423728,1.3862943611198906,3.3314383390085567,-1.945143977888666
gtx titan,2024.0,2688.0,288.4,876.0,250.0,7.0,28.0,561.0,2354688.0,8136.44782308224,9381.227091633466,0.012455516014234875,2.0794415416798357,3.3314383390085567,-1.251996797328721
grid k1,2024.0,192.0,28.51,1250.0,130.0,1.0,28.0,118.0,240000.0,8132.836326668926,1832.0610687022902,0.008403361344537815,0.6931471805599453,3.3314383390085567,-2.6382911584486113
grid k100,2024.0,192.0,28.51,1250.0,130.0,1.0,28.0,118.0,240000.0,8132.836326668926,1832.0610687022902,0.008403361344537815,0.6931471805599453,3.3314383390085567,-2.6382911584486113
grid k140q,2024.0,192.0,28.51,1250.0,130.0,1.0,28.0,118.0,240000.0,8132.836326668926,1832.0610687022902,0.008403361344537815,0.6931471805599453,3.3314383390085567,-2.6382911584486113
grid k160q,2024.0,192.0,28.51,1250.0,130.0,1.0,28.0,118.0,240000.0,8132.836326668926,1832.0610687022902,0.008403361344537815,0.6931471805599453,3.3314383390085567,-2.6382911584486113
grid k180q,2024.0,192.0,28.51,1250.0,130.0,1.0,28.0,118.0,240000.0,8132.836326668926,1832.0610687022902,0.008403361344537815,0.6931471805599453,3.3314383390085567,-2.6382911584486113
grid k2,2024.0,1536.0,160.0,1250.0,225.0,3.0,28.0,294.0,1920000.0,11925.465838509317,8495.575221238938,0.010169491525423728,1.3862943611198906,3.3314383390085567,-1.945143977888666
grid k200,2024.0,1536.0,160.0,1250.0,225.0,3.0,28.0,294.0,1920000.0,11925.465838509317,8495.575221238938,0.010169491525423728,1.3862943611198906,3.3314383390085567,-1.945143977888666
grid k240q,2024.0,1536.0,160.0,1250.0,225.0,3.0,28.0,294.0,1920000.0,11925.465838509317,8495.575221238938,0.010169491525423728,1.3862943611198906,3.3314383390085567,-1.945143977888666
grid k260q,2024.0,1536.0,160.0,1250.0,225.0,3.0,28.0,294.0,1920000.0,11925.465838509317,8495.575221238938,0.010169491525423728,1.3862943611198906,3.3314383390085567,-1.945143977888666
grid k280q,2024.0,1536.0,160.0,1250.0,225.0,3.0,28.0,294.0,1920000.0,11925.465838509317,8495.575221238938,0.010169491525423728,1.3862943611198906,3.3314383390085567,-1.945143977888666
grid k340,2024.0,384.0,80.0,1250.0,225.0,1.0,28.0,118.0,480000.0,5925.925925925926,2123.8938053097345,0.008403361344537815,0.6931471805599453,3.3314383390085567,-2.6382911584486113
grid k520,2024.0,1536.0,160.0,1250.0,225.0,3.0,28.0,294.0,1920000.0,11925.465838509317,8495.575221238938,0.010169491525423728,1.3862943611198906,3.3314383390085567,-1.945143977888666
nvs 315,2024.0,48.0,14.0,1250.0,19.0,292.0,40.0,79.0,60000.0,4000.0,3000.0,3.65,5.680172609017068,3.3314383390085567,2.348734270008511
playstation 3 gpu 28nm,2024.0,480.0,20.8,1250.0,21.0,302.0,28.0,68.0,600000.0,27522.93577981651,27272.727272727272,4.3768115942028984,5.713732805509369,3.3314383390085567,2.382294466500812
quadro k1100m,2024.0,384.0,44.8,706.0,45.0,1.0,28.0,118.0,271104.0,5919.301310043668,5893.565217391304,0.008403361344537815,0.6931471805599453,3.3314383390085567,-2.6382911584486113
quadro k2000,2024.0,384.0,64.0,1250.0,51.0,1.0,28.0,118.0,480000.0,7384.615384615385,9230.76923076923,0.008403361344537815,0.6931471805599453,3.3314383390085567,-2.6382911584486113
quadro k2000d,2024.0,384.0,64.0,1250.0,51.0,1.0,28.0,118.0,480000.0,7384.615384615385,9230.76923076923,0.008403361344537815,0.6931471805599453,3.3314383390085567,-2.6382911584486113
quadro k2100m,2024.0,576.0,48.13,667.0,55.0,2.0,28.0,221.0,384192.0,7819.906370852839,6860.571428571428,0.009009009009009009,1.0986122886681098,3.3314383390085567,-2.2328260503404467
quadro k3100m,2024.0,768.0,102.4,706.0,75.0,3.0,28.0,294.0,542208.0,5243.791102514507,7134.315789473684,0.010169491525423728,1.3862943611198906,3.3314383390085567,-1.945143977888666
quadro k4000,2024.0,768.0,134.8,1250.0,80.0,2.0,28.0,221.0,960000.0,7069.21944035346,11851.851851851852,0.009009009009009009,1.0986122886681098,3.3314383390085567,-2.2328260503404467
quadro k4100m,2024.0,1152.0,102.4,706.0,100.0,3.0,28.0,294.0,813312.0,7865.68665377176,8052.59405940594,0.010169491525423728,1.3862943611198906,3.3314383390085567,-1.945143977888666
quadro k5000 sync,2024.0,1536.0,172.8,1250.0,122.0,3.0,28.0,294.0,1920000.0,11047.180667433831,15609.756097560976,0.010169491525423728,1.3862943611198906,3.3314383390085567,-1.945143977888666
quadro k5100m,2024.0,1536.0,115.2,771.0,100.0,3.0,28.0,294.0,1184256.0,10191.531841652324,11725.30693069307,0.010169491525423728,1.3862943611198906,3.3314383390085567,-1.945143977888666
quadro k510m,2024.0,192.0,19.2,889.0,30.0,1.0,28.0,87.0,170688.0,8449.90099009901,5506.064516129032,0.011363636363636364,0.6931471805599453,3.3314383390085567,-2.6382911584486113
quadro k600,2024.0,192.0,28.51,1250.0,41.0,1.0,28.0,118.0,240000.0,8132.836326668926,5714.285714285715,0.008403361344537815,0.6931471805599453,3.3314383390085567,-2.6382911584486113
quadro k6000,2024.0,2880.0,288.4,902.0,225.0,7.0,28.0,561.0,2597760.0,8976.364892881826,11494.513274336283,0.012455516014234875,2.0794415416798357,3.3314383390085567,-1.251996797328721
quadro k6000 sdi,2024.0,2880.0,288.4,1250.0,239.0,7.0,28.0,561.0,3600000.0,12439.530062197651,15000.0,0.012455516014234875,2.0794415416798357,3.3314383390085567,-1.251996797328721
quadro k610m,2024.0,192.0,20.8,954.0,30.0,1.0,28.0,87.0,183168.0,8402.201834862384,5908.645161290323,0.011363636363636364,0.6931471805599453,3.3314383390085567,-2.6382911584486113
tegra 4 gpu,2024.0,480.0,7.464,1250.0,20.0,11.0,28.0,85.0,600000.0,70888.46880907372,28571.428571428572,0.12790697674418605,2.4849066497880004,3.3314383390085567,-0.8465316892205563
tegra 4i gpu,2024.0,480.0,7.464,1250.0,20.0,11.0,28.0,85.0,600000.0,70888.46880907372,28571.428571428572,0.12790697674418605,2.4849066497880004,3.3314383390085567,-0.8465316892205563
tesla k20m,2024.0,2496.0,208.0,1250.0,225.0,7.0,28.0,561.0,3120000.0,14928.22966507177,13805.309734513274,0.012455516014234875,2.0794415416798357,3.3314383390085567,-1.251996797328721
tesla k20s,2024.0,2496.0,208.0,1250.0,225.0,7.0,28.0,561.0,3120000.0,14928.22966507177,13805.309734513274,0.012455516014234875,2.0794415416798357,3.3314383390085567,-1.251996797328721
tesla k40c,2024.0,2880.0,288.4,876.0,245.0,7.0,28.0,561.0,2522880.0,8717.622667588113,10255.609756097561,0.012455516014234875,2.0794415416798357,3.3314383390085567,-1.251996797328721
tesla k40d,2024.0,2880.0,288.4,876.0,245.0,7.0,28.0,561.0,2522880.0,8717.622667588113,10255.609756097561,0.012455516014234875,2.0794415416798357,3.3314383390085567,-1.251996797328721
tesla k40m,2024.0,2880.0,288.4,876.0,245.0,7.0,28.0,561.0,2522880.0,8717.622667588113,10255.609756097561,0.012455516014234875,2.0794415416798357,3.3314383390085567,-1.251996797328721
tesla k40s,2024.0,2880.0,288.4,876.0,245.0,7.0,28.0,561.0,2522880.0,8717.622667588113,10255.609756097561,0.012455516014234875,2.0794415416798357,3.3314383390085567,-1.251996797328721
tesla k40st,2024.0,2880.0,288.4,1250.0,245.0,7.0,28.0,561.0,3600000.0,12439.530062197651,14634.146341463415,0.012455516014234875,2.0794415416798357,3.3314383390085567,-1.251996797328721
tesla k40t,2024.0,2880.0,288.4,876.0,245.0,7.0,28.0,561.0,2522880.0,8717.622667588113,10255.609756097561,0.012455516014234875,2.0794415416798357,3.3314383390085567,-1.251996797328721
705a,2024.0,48.0,14.4,1250.0,15.0,292.0,40.0,79.0,60000.0,3896.103896103896,3750.0,3.65,5.680172609017068,3.3314383390085567,2.348734270008511
710a,2024.0,192.0,16.02,758.0,15.0,1.0,28.0,87.0,145536.0,8550.881316098708,9096.0,0.011363636363636364,0.6931471805599453,3.3314383390085567,-2.6382911584486113
720a,2024.0,96.0,16.02,1250.0,33.0,585.0,28.0,116.0,120000.0,7050.5287896592245,3529.4117647058824,5.0,6.373319789577012,3.3314383390085567,3.0418814505684555
800a,2024.0,48.0,14.4,1250.0,15.0,292.0,40.0,79.0,60000.0,3896.103896103896,3750.0,3.65,5.680172609017068,3.3314383390085567,2.348734270008511
800a,2024.0,48.0,14.4,1250.0,15.0,292.0,40.0,79.0,60000.0,3896.103896103896,3750.0,3.65,5.680172609017068,3.3314383390085567,2.348734270008511
800m,2024.0,48.0,14.4,1250.0,15.0,585.0,28.0,116.0,60000.0,3896.103896103896,3750.0,5.0,6.373319789577012,3.3314383390085567,3.0418814505684555
805a,2024.0,192.0,16.02,758.0,15.0,1.0,28.0,87.0,145536.0,8550.881316098708,9096.0,0.011363636363636364,0.6931471805599453,3.3314383390085567,-2.6382911584486113
810a,2024.0,192.0,14.4,758.0,15.0,1.0,28.0,87.0,145536.0,9450.38961038961,9096.0,0.011363636363636364,0.6931471805599453,3.3314383390085567,-2.6382911584486113
810m,2024.0,48.0,14.4,888.0,15.0,585.0,28.0,116.0,42624.0,2767.7922077922076,2664.0,5.0,6.373319789577012,3.3314383390085567,3.0418814505684555
820a,2024.0,96.0,16.02,1250.0,15.0,585.0,28.0,116.0,120000.0,7050.5287896592245,7500.0,5.0,6.373319789577012,3.3314383390085567,3.0418814505684555
825m,2024.0,384.0,14.4,941.0,33.0,1.0,28.0,87.0,361344.0,23463.896103896102,10627.764705882353,0.011363636363636364,0.6931471805599453,3.3314383390085567,-2.6382911584486113
830a,2024.0,256.0,16.02,1150.0,33.0,1.0,28.0,77.0,294400.0,17297.297297297297,8658.823529411764,0.01282051282051282,0.6931471805599453,3.3314383390085567,-2.6382911584486113
830m,2024.0,256.0,14.4,1150.0,33.0,1.0,28.0,77.0,294400.0,19116.883116883117,8658.823529411764,0.01282051282051282,0.6931471805599453,3.3314383390085567,-2.6382911584486113
840a,2024.0,384.0,16.02,1124.0,33.0,1.0,28.0,77.0,431616.0,25359.3419506463,12694.588235294117,0.01282051282051282,0.6931471805599453,3.3314383390085567,-2.6382911584486113
840m,2024.0,384.0,16.02,1124.0,33.0,1.0,28.0,77.0,431616.0,25359.3419506463,12694.588235294117,0.01282051282051282,0.6931471805599453,3.3314383390085567,-2.6382911584486113
gt 705 oem,2024.0,48.0,13.2,1250.0,29.0,292.0,40.0,79.0,60000.0,4225.352112676057,2000.0,3.65,5.680172609017068,3.3314383390085567,2.348734270008511
gt 710,2024.0,192.0,14.4,1250.0,19.0,1.0,28.0,87.0,240000.0,15584.415584415585,12000.0,0.011363636363636364,0.6931471805599453,3.3314383390085567,-2.6382911584486113
gt 710,2024.0,192.0,14.4,1250.0,19.0,1.0,28.0,87.0,240000.0,15584.415584415585,12000.0,0.011363636363636364,0.6931471805599453,3.3314383390085567,-2.6382911584486113
gt 710 pcie x1,2024.0,192.0,12.8,1250.0,19.0,1.0,28.0,87.0,240000.0,17391.304347826084,12000.0,0.011363636363636364,0.6931471805599453,3.3314383390085567,-2.6382911584486113
gt 720,2024.0,384.0,14.4,1250.0,19.0,1.0,28.0,87.0,480000.0,31168.83116883117,24000.0,0.011363636363636364,0.6931471805599453,3.3314383390085567,-2.6382911584486113
gt 720,2024.0,192.0,12.8,1250.0,19.0,1.0,28.0,87.0,240000.0,17391.304347826084,12000.0,0.011363636363636364,0.6931471805599453,3.3314383390085567,-2.6382911584486113
gt 720a,2024.0,96.0,16.02,1250.0,33.0,585.0,28.0,116.0,120000.0,7050.5287896592245,3529.4117647058824,5.0,6.373319789577012,3.3314383390085567,3.0418814505684555
gt 730,2024.0,96.0,28.8,1250.0,49.0,585.0,40.0,116.0,120000.0,4026.8456375838923,2400.0,5.0,6.373319789577012,3.3314383390085567,3.0418814505684555
gt 730,2024.0,384.0,40.1,1250.0,38.0,1.0,28.0,87.0,480000.0,11678.83211678832,12307.692307692309,0.011363636363636364,0.6931471805599453,3.3314383390085567,-2.6382911584486113
gt 730,2024.0,96.0,25.6,1250.0,49.0,585.0,40.0,116.0,120000.0,4511.278195488721,2400.0,5.0,6.373319789577012,3.3314383390085567,3.0418814505684555
gt 730a,2024.0,384.0,16.02,758.0,33.0,1.0,28.0,87.0,291072.0,17101.762632197417,8560.941176470587,0.011363636363636364,0.6931471805599453,3.3314383390085567,-2.6382911584486113
gt 730m,2024.0,384.0,14.4,758.0,33.0,1.0,28.0,87.0,291072.0,18900.77922077922,8560.941176470587,0.011363636363636364,0.6931471805599453,3.3314383390085567,-2.6382911584486113
gt 740,2024.0,384.0,80.19,1250.0,64.0,1.0,28.0,118.0,480000.0,5912.05813523833,7384.615384615385,0.008403361344537815,0.6931471805599453,3.3314383390085567,-2.6382911584486113
gtx 660 rev 2,2024.0,960.0,144.2,1032.0,140.0,3.0,28.0,294.0,990720.0,6823.1404958677695,7026.382978723404,0.010169491525423728,1.3862943611198906,3.3314383390085567,-1.945143977888666
gtx 745 oem,2024.0,384.0,28.8,1250.0,55.0,1.0,28.0,148.0,480000.0,16107.38255033557,8571.42857142857,0.006711409395973154,0.6931471805599453,3.3314383390085567,-2.6382911584486113
gtx 750,2024.0,512.0,80.19,1085.0,55.0,1.0,28.0,148.0,555520.0,6842.2219485158275,9920.0,0.006711409395973154,0.6931471805599453,3.3314383390085567,-2.6382911584486113
gtx 750 ti,2024.0,640.0,86.4,1085.0,60.0,1.0,28.0,148.0,694400.0,7945.08009153318,11383.606557377048,0.006711409395973154,0.6931471805599453,3.3314383390085567,-2.6382911584486113
gtx 760a,2024.0,768.0,64.13,719.0,55.0,2.0,28.0,221.0,552192.0,8478.30492860433,9860.57142857143,0.009009009009009009,1.0986122886681098,3.3314383390085567,-2.2328260503404467
gtx 850a,2024.0,640.0,28.8,902.0,45.0,1.0,28.0,148.0,577280.0,19371.81208053691,12549.565217391304,0.006711409395973154,0.6931471805599453,3.3314383390085567,-2.6382911584486113
gtx 850m,2024.0,640.0,32.03,1250.0,45.0,1.0,28.0,148.0,800000.0,24220.40569179534,17391.304347826088,0.006711409395973154,0.6931471805599453,3.3314383390085567,-2.6382911584486113
gtx 860m,2024.0,640.0,80.19,1020.0,75.0,1.0,28.0,148.0,652800.0,8040.399063924129,8589.473684210527,0.006711409395973154,0.6931471805599453,3.3314383390085567,-2.6382911584486113
gtx 860m,2024.0,1152.0,80.0,915.0,75.0,3.0,28.0,294.0,1054080.0,13013.333333333334,13869.473684210527,0.010169491525423728,1.3862943611198906,3.3314383390085567,-1.945143977888666
gtx 870m,2024.0,1344.0,120.0,967.0,100.0,3.0,28.0,294.0,1299648.0,10740.892561983472,12867.801980198019,0.010169491525423728,1.3862943611198906,3.3314383390085567,-1.945143977888666
gtx 880m,2024.0,1536.0,160.0,993.0,122.0,3.0,28.0,294.0,1525248.0,9473.590062111802,12400.390243902439,0.010169491525423728,1.3862943611198906,3.3314383390085567,-1.945143977888666
gtx 970,2024.0,1664.0,224.4,1178.0,148.0,5.0,28.0,398.0,1960192.0,8696.503992901507,13155.651006711409,0.012531328320802004,1.791759469228055,3.3314383390085567,-1.5396788697805017
gtx 970m,2024.0,1280.0,120.3,1038.0,50.0,5.0,28.0,398.0,1328640.0,10953.338829348722,26051.764705882353,0.012531328320802004,1.791759469228055,3.3314383390085567,-1.5396788697805017
gtx 970m,2024.0,1280.0,120.3,1038.0,50.0,5.0,28.0,398.0,1328640.0,10953.338829348722,26051.764705882353,0.012531328320802004,1.791759469228055,3.3314383390085567,-1.5396788697805017
gtx 980,2024.0,2048.0,224.4,1216.0,165.0,5.0,28.0,398.0,2490368.0,11048.66015971606,15002.216867469879,0.012531328320802004,1.791759469228055,3.3314383390085567,-1.5396788697805017
gtx 980m,2024.0,1536.0,160.4,1127.0,50.0,5.0,28.0,398.0,1731072.0,10725.3531598513,33942.58823529412,0.012531328320802004,1.791759469228055,3.3314383390085567,-1.5396788697805017
gtx 980m,2024.0,1536.0,160.4,1127.0,50.0,5.0,28.0,398.0,1731072.0,10725.3531598513,33942.58823529412,0.012531328320802004,1.791759469228055,3.3314383390085567,-1.5396788697805017
gtx titan black,2024.0,2880.0,336.0,980.0,250.0,7.0,28.0,561.0,2822400.0,8375.074183976261,11244.621513944223,0.012455516014234875,2.0794415416798357,3.3314383390085567,-1.251996797328721
gtx titan z,2024.0,2880.0,336.0,876.0,375.0,7.0,28.0,561.0,2522880.0,7486.290801186944,6709.787234042553,0.012455516014234875,2.0794415416798357,3.3314383390085567,-1.251996797328721
grid k120q,2024.0,192.0,28.51,1250.0,130.0,1.0,28.0,118.0,240000.0,8132.836326668926,1832.0610687022902,0.008403361344537815,0.6931471805599453,3.3314383390085567,-2.6382911584486113
grid k220q,2024.0,1536.0,160.0,1250.0,225.0,3.0,28.0,294.0,1920000.0,11925.465838509317,8495.575221238938,0.010169491525423728,1.3862943611198906,3.3314383390085567,-1.945143977888666
grid k500,2024.0,1536.0,160.0,1250.0,225.0,3.0,28.0,294.0,1920000.0,11925.465838509317,8495.575221238938,0.010169491525423728,1.3862943611198906,3.3314383390085567,-1.945143977888666
grid k520q,2024.0,1536.0,160.0,1250.0,225.0,3.0,28.0,294.0,1920000.0,11925.465838509317,8495.575221238938,0.010169491525423728,1.3862943611198906,3.3314383390085567,-1.945143977888666
grid k540q,2024.0,1536.0,160.0,1250.0,225.0,3.0,28.0,294.0,1920000.0,11925.465838509317,8495.575221238938,0.010169491525423728,1.3862943611198906,3.3314383390085567,-1.945143977888666
grid k560q,2024.0,1536.0,160.0,1250.0,225.0,3.0,28.0,294.0,1920000.0,11925.465838509317,8495.575221238938,0.010169491525423728,1.3862943611198906,3.3314383390085567,-1.945143977888666
jetson tk1,2024.0,192.0,7.472,951.0,8.0,29.0,28.0,154.0,182592.0,21552.407932011327,20288.0,0.1870967741935484,3.4011973816621555,3.3314383390085567,0.06975904265359878
quadro k100m,2024.0,192.0,14.4,851.0,35.0,1.0,28.0,118.0,163392.0,10609.870129870129,4538.666666666667,0.008403361344537815,0.6931471805599453,3.3314383390085567,-2.6382911584486113
quadro k200m,2024.0,192.0,14.4,745.0,35.0,1.0,28.0,118.0,143040.0,9288.311688311687,3973.3333333333335,0.008403361344537815,0.6931471805599453,3.3314383390085567,-2.6382911584486113
quadro k2200,2024.0,640.0,80.19,1124.0,68.0,1.0,28.0,148.0,719360.0,8860.204458677177,10425.507246376812,0.006711409395973154,0.6931471805599453,3.3314383390085567,-2.6382911584486113
quadro k2200m,2024.0,640.0,80.19,1150.0,65.0,1.0,28.0,148.0,736000.0,9065.15580736544,11151.515151515152,0.006711409395973154,0.6931471805599453,3.3314383390085567,-2.6382911584486113
quadro k420,2024.0,192.0,28.51,1250.0,41.0,1.0,28.0,118.0,240000.0,8132.836326668926,5714.285714285715,0.008403361344537815,0.6931471805599453,3.3314383390085567,-2.6382911584486113
quadro k4200,2024.0,1344.0,172.8,784.0,108.0,3.0,28.0,294.0,1053696.0,6062.692750287687,9666.935779816513,0.010169491525423728,1.3862943611198906,3.3314383390085567,-1.945143977888666
quadro k5200,2024.0,2304.0,192.3,771.0,150.0,7.0,28.0,561.0,1776384.0,9189.777547853078,11764.132450331126,0.012455516014234875,2.0794415416798357,3.3314383390085567,-1.251996797328721
quadro k620,2024.0,384.0,28.8,1124.0,45.0,1.0,28.0,148.0,431616.0,14483.758389261744,9382.95652173913,0.006711409395973154,0.6931471805599453,3.3314383390085567,-2.6382911584486113
tesla k8,2024.0,1536.0,160.0,811.0,100.0,3.0,28.0,294.0,1245696.0,7737.242236024845,12333.623762376237,0.010169491525423728,1.3862943611198906,3.3314383390085567,-1.945143977888666
tesla k80,2024.0,2496.0,240.6,824.0,300.0,7.0,28.0,561.0,2056704.0,8512.847682119205,6832.90365448505,0.012455516014234875,2.0794415416798357,3.3314383390085567,-1.251996797328721
810m,2024.0,384.0,14.4,950.0,45.0,1.0,28.0,118.0,364800.0,23688.31168831169,7930.434782608696,0.008403361344537815,0.6931471805599453,3.3314383390085567,-2.6382911584486113
820m,2024.0,384.0,28.83,1250.0,45.0,1.0,28.0,118.0,480000.0,16091.18337244385,10434.782608695652,0.008403361344537815,0.6931471805599453,3.3314383390085567,-2.6382911584486113
845m,2024.0,512.0,16.02,863.0,45.0,1.0,28.0,148.0,441856.0,25960.987074030552,9605.565217391304,0.006711409395973154,0.6931471805599453,3.3314383390085567,-2.6382911584486113
845m,2024.0,384.0,40.1,1150.0,33.0,1.0,28.0,77.0,441600.0,10744.525547445255,12988.235294117647,0.01282051282051282,0.6931471805599453,3.3314383390085567,-2.6382911584486113
910m,2024.0,384.0,16.02,641.0,33.0,1.0,28.0,87.0,246144.0,14462.044653349001,7239.529411764706,0.011363636363636364,0.6931471805599453,3.3314383390085567,-2.6382911584486113
920a,2024.0,384.0,16.02,954.0,33.0,1.0,28.0,87.0,366336.0,21523.85428907168,10774.588235294117,0.011363636363636364,0.6931471805599453,3.3314383390085567,-2.6382911584486113
920m,2024.0,384.0,14.4,954.0,33.0,1.0,28.0,87.0,366336.0,23788.051948051947,10774.588235294117,0.011363636363636364,0.6931471805599453,3.3314383390085567,-2.6382911584486113
930a,2024.0,384.0,16.02,941.0,33.0,1.0,28.0,77.0,361344.0,21230.552291421856,10627.764705882353,0.01282051282051282,0.6931471805599453,3.3314383390085567,-2.6382911584486113
930m,2024.0,384.0,12.8,549.0,33.0,1.0,28.0,77.0,210816.0,15276.521739130434,6200.470588235294,0.01282051282051282,0.6931471805599453,3.3314383390085567,-2.6382911584486113
930m,2024.0,384.0,14.4,941.0,33.0,1.0,28.0,77.0,361344.0,23463.896103896102,10627.764705882353,0.01282051282051282,0.6931471805599453,3.3314383390085567,-2.6382911584486113
940a,2024.0,384.0,16.02,1176.0,33.0,1.0,28.0,77.0,451584.0,26532.549941245594,13281.882352941177,0.01282051282051282,0.6931471805599453,3.3314383390085567,-2.6382911584486113
940a,2024.0,384.0,16.02,1124.0,33.0,1.0,28.0,77.0,431616.0,25359.3419506463,12694.588235294117,0.01282051282051282,0.6931471805599453,3.3314383390085567,-2.6382911584486113
940m,2024.0,384.0,14.4,1176.0,33.0,1.0,28.0,77.0,451584.0,29323.636363636364,13281.882352941177,0.01282051282051282,0.6931471805599453,3.3314383390085567,-2.6382911584486113
940m,2024.0,512.0,14.4,1098.0,75.0,1.0,28.0,148.0,562176.0,36504.93506493507,7397.0526315789475,0.006711409395973154,0.6931471805599453,3.3314383390085567,-2.6382911584486113
945a,2024.0,384.0,40.1,1189.0,33.0,1.0,28.0,77.0,456576.0,11108.905109489051,13428.70588235294,0.01282051282051282,0.6931471805599453,3.3314383390085567,-2.6382911584486113
945m,2024.0,640.0,28.8,1020.0,75.0,1.0,28.0,148.0,652800.0,21906.040268456374,8589.473684210527,0.006711409395973154,0.6931471805599453,3.3314383390085567,-2.6382911584486113
gt 710 oem,2024.0,192.0,14.4,1250.0,50.0,1.0,28.0,87.0,240000.0,15584.415584415585,4705.882352941177,0.011363636363636364,0.6931471805599453,3.3314383390085567,-2.6382911584486113
gt 730 oem,2024.0,384.0,40.1,1250.0,64.0,1.0,28.0,118.0,480000.0,11678.83211678832,7384.615384615385,0.008403361344537815,0.6931471805599453,3.3314383390085567,-2.6382911584486113
gt 740 oem,2024.0,384.0,80.19,1033.0,65.0,2.0,28.0,221.0,396672.0,4885.724842960956,6010.181818181818,0.009009009009009009,1.0986122886681098,3.3314383390085567,-2.2328260503404467
gt 740 oem,2024.0,384.0,80.19,1250.0,65.0,2.0,28.0,221.0,480000.0,5912.05813523833,7272.727272727273,0.009009009009009009,1.0986122886681098,3.3314383390085567,-2.2328260503404467
gtx 750 gm206,2024.0,512.0,80.19,1239.0,60.0,2.0,28.0,228.0,634368.0,7813.376031530977,10399.475409836066,0.008733624454148471,1.0986122886681098,3.3314383390085567,-2.2328260503404467
gtx 860m oem,2024.0,640.0,80.19,1176.0,75.0,1.0,28.0,148.0,752640.0,9270.107156053702,9903.157894736842,0.006711409395973154,0.6931471805599453,3.3314383390085567,-2.6382911584486113
gtx 950,2024.0,768.0,105.8,1188.0,90.0,2.0,28.0,228.0,912384.0,8542.921348314607,10026.197802197803,0.008733624454148471,1.0986122886681098,3.3314383390085567,-2.2328260503404467
gtx 950a,2024.0,640.0,32.03,1124.0,75.0,1.0,28.0,148.0,719360.0,21778.988798062368,9465.263157894737,0.006711409395973154,0.6931471805599453,3.3314383390085567,-2.6382911584486113
gtx 950m,2024.0,640.0,28.8,1124.0,75.0,1.0,28.0,148.0,719360.0,24139.59731543624,9465.263157894737,0.006711409395973154,0.6931471805599453,3.3314383390085567,-2.6382911584486113
gtx 950m mac edition,2024.0,640.0,28.8,1124.0,75.0,1.0,28.0,148.0,719360.0,24139.59731543624,9465.263157894737,0.006711409395973154,0.6931471805599453,3.3314383390085567,-2.6382911584486113
gtx 960,2024.0,1024.0,112.2,1178.0,120.0,2.0,28.0,228.0,1206272.0,10656.113074204946,9969.190082644629,0.008733624454148471,1.0986122886681098,3.3314383390085567,-2.2328260503404467
gtx 960 oem,2024.0,1024.0,112.2,1201.0,50.0,2.0,28.0,228.0,1229824.0,10864.16961130742,24114.196078431374,0.008733624454148471,1.0986122886681098,3.3314383390085567,-2.2328260503404467
gtx 960 oem,2024.0,1280.0,120.3,1038.0,50.0,5.0,28.0,398.0,1328640.0,10953.338829348722,26051.764705882353,0.012531328320802004,1.791759469228055,3.3314383390085567,-1.5396788697805017
gtx 960a,2024.0,640.0,80.19,1176.0,75.0,1.0,28.0,148.0,752640.0,9270.107156053702,9903.157894736842,0.006711409395973154,0.6931471805599453,3.3314383390085567,-2.6382911584486113
gtx 960m,2024.0,640.0,80.19,1176.0,75.0,1.0,28.0,148.0,752640.0,9270.107156053702,9903.157894736842,0.006711409395973154,0.6931471805599453,3.3314383390085567,-2.6382911584486113
gtx 965m,2024.0,1024.0,80.19,950.0,50.0,5.0,28.0,398.0,972800.0,11981.771154083015,19074.50980392157,0.012531328320802004,1.791759469228055,3.3314383390085567,-1.5396788697805017
gtx 965m,2024.0,1024.0,80.19,950.0,50.0,5.0,28.0,398.0,972800.0,11981.771154083015,19074.50980392157,0.012531328320802004,1.791759469228055,3.3314383390085567,-1.5396788697805017
gtx 965m 4 gb,2024.0,1024.0,80.19,1150.0,50.0,5.0,28.0,398.0,1177600.0,14504.249291784703,23090.196078431374,0.012531328320802004,1.791759469228055,3.3314383390085567,-1.5396788697805017
gtx 980 mobile,2024.0,2048.0,224.4,1140.0,50.0,5.0,28.0,398.0,2334720.0,10358.118899733807,45778.82352941176,0.012531328320802004,1.791759469228055,3.3314383390085567,-1.5396788697805017
gtx 980 ti,2024.0,2816.0,336.6,1076.0,250.0,8.0,28.0,601.0,3030016.0,8975.165876777251,12071.776892430278,0.013289036544850499,2.1972245773362196,3.3314383390085567,-1.1342137616723371
gtx titan x,2024.0,3072.0,336.6,1089.0,250.0,8.0,28.0,601.0,3345408.0,9909.383886255924,13328.318725099602,0.013289036544850499,2.1972245773362196,3.3314383390085567,-1.1342137616723371
grid m60 1q,2024.0,2048.0,160.4,1178.0,225.0,5.0,28.0,398.0,2412544.0,14947.608426270135,10674.973451327434,0.012531328320802004,1.791759469228055,3.3314383390085567,-1.5396788697805017
grid m60 2q,2024.0,2048.0,160.4,1178.0,225.0,5.0,28.0,398.0,2412544.0,14947.608426270135,10674.973451327434,0.012531328320802004,1.791759469228055,3.3314383390085567,-1.5396788697805017
grid m60 4a,2024.0,2048.0,160.4,1178.0,225.0,5.0,28.0,398.0,2412544.0,14947.608426270135,10674.973451327434,0.012531328320802004,1.791759469228055,3.3314383390085567,-1.5396788697805017
grid m60 8q,2024.0,2048.0,160.4,1178.0,225.0,5.0,28.0,398.0,2412544.0,14947.608426270135,10674.973451327434,0.012531328320802004,1.791759469228055,3.3314383390085567,-1.5396788697805017
grid m6 8q,2024.0,1536.0,160.4,1250.0,100.0,5.0,28.0,398.0,1920000.0,11895.910780669145,19009.90099009901,0.012531328320802004,1.791759469228055,3.3314383390085567,-1.5396788697805017
jetson tx1,2024.0,256.0,9.6,1250.0,6.0,2.0,20.0,118.0,320000.0,30188.67924528302,45714.28571428572,0.01680672268907563,1.0986122886681098,3.3314383390085567,-2.2328260503404467
nvs 810,2024.0,512.0,14.4,1033.0,68.0,1.0,28.0,148.0,528896.0,34343.896103896106,7665.159420289855,0.006711409395973154,0.6931471805599453,3.3314383390085567,-2.6382911584486113
quadro k1200,2024.0,512.0,80.19,1033.0,45.0,1.0,28.0,148.0,528896.0,6514.299790614607,11497.739130434782,0.006711409395973154,0.6931471805599453,3.3314383390085567,-2.6382911584486113
quadro k620m,2024.0,384.0,16.02,1124.0,30.0,1.0,28.0,77.0,431616.0,25359.3419506463,13923.09677419355,0.01282051282051282,0.6931471805599453,3.3314383390085567,-2.6382911584486113
quadro m1000m,2024.0,512.0,80.19,1072.0,40.0,1.0,28.0,148.0,548864.0,6760.241409040523,13386.926829268292,0.006711409395973154,0.6931471805599453,3.3314383390085567,-2.6382911584486113
quadro m2000m,2024.0,640.0,80.19,1137.0,55.0,1.0,28.0,148.0,727680.0,8962.680133021307,12994.285714285714,0.006711409395973154,0.6931471805599453,3.3314383390085567,-2.6382911584486113
quadro m3000m,2024.0,1024.0,160.4,924.0,75.0,5.0,28.0,398.0,946176.0,5862.304832713755,12449.684210526315,0.012531328320802004,1.791759469228055,3.3314383390085567,-1.5396788697805017
quadro m4000,2024.0,1664.0,192.3,1250.0,120.0,5.0,28.0,398.0,2080000.0,10760.475944128297,17190.0826446281,0.012531328320802004,1.791759469228055,3.3314383390085567,-1.5396788697805017
quadro m4000m,2024.0,1280.0,160.4,1013.0,100.0,5.0,28.0,398.0,1296640.0,8033.705080545229,12838.019801980197,0.012531328320802004,1.791759469228055,3.3314383390085567,-1.5396788697805017
quadro m5000,2024.0,2048.0,211.6,1038.0,150.0,5.0,28.0,398.0,2125824.0,9999.172154280339,14078.30463576159,0.012531328320802004,1.791759469228055,3.3314383390085567,-1.5396788697805017
quadro m5000m,2024.0,1536.0,160.4,1051.0,100.0,5.0,28.0,398.0,1614336.0,10002.081784386617,15983.524752475247,0.012531328320802004,1.791759469228055,3.3314383390085567,-1.5396788697805017
quadro m6000,2024.0,3072.0,317.4,1114.0,250.0,8.0,28.0,601.0,3422208.0,10748.140703517589,13634.294820717132,0.013289036544850499,2.1972245773362196,3.3314383390085567,-1.1342137616723371
quadro m600m,2024.0,384.0,80.19,876.0,30.0,1.0,28.0,148.0,336384.0,4143.170341175021,10851.09677419355,0.006711409395973154,0.6931471805599453,3.3314383390085567,-2.6382911584486113
tesla m4,2024.0,1024.0,88.0,1072.0,50.0,2.0,28.0,228.0,1097728.0,12334.022471910112,21524.07843137255,0.008733624454148471,1.0986122886681098,3.3314383390085567,-2.2328260503404467
tesla m40,2024.0,3072.0,288.4,1112.0,250.0,8.0,28.0,601.0,3416064.0,11803.953006219766,13609.81673306773,0.013289036544850499,2.1972245773362196,3.3314383390085567,-1.1342137616723371
tesla m40 24 gb,2024.0,3072.0,288.4,1112.0,250.0,8.0,28.0,601.0,3416064.0,11803.953006219766,13609.81673306773,0.013289036544850499,2.1972245773362196,3.3314383390085567,-1.1342137616723371
tesla m6 mobile,2024.0,1536.0,160.4,1180.0,100.0,5.0,28.0,398.0,1812480.0,11229.739776951672,17945.346534653465,0.012531328320802004,1.791759469228055,3.3314383390085567,-1.5396788697805017
tesla m6 x2 mobile,2024.0,1536.0,160.4,1180.0,100.0,5.0,28.0,398.0,1812480.0,11229.739776951672,17945.346534653465,0.012531328320802004,1.791759469228055,3.3314383390085567,-1.5396788697805017
tesla m60,2024.0,2048.0,160.4,1178.0,300.0,5.0,28.0,398.0,2412544.0,14947.608426270135,8015.09634551495,0.012531328320802004,1.791759469228055,3.3314383390085567,-1.5396788697805017
920mx,2024.0,256.0,14.4,993.0,16.0,1.0,28.0,77.0,254208.0,16507.012987012986,14953.411764705883,0.01282051282051282,0.6931471805599453,3.3314383390085567,-2.6382911584486113
930mx,2024.0,384.0,14.4,1020.0,17.0,1.0,28.0,77.0,391680.0,25433.766233766233,21760.0,0.01282051282051282,0.6931471805599453,3.3314383390085567,-2.6382911584486113
940mx,2024.0,512.0,40.1,861.0,23.0,1.0,28.0,148.0,440832.0,10725.839416058394,18368.0,0.006711409395973154,0.6931471805599453,3.3314383390085567,-2.6382911584486113
940mx,2024.0,384.0,40.1,993.0,23.0,1.0,28.0,77.0,381312.0,9277.664233576643,15888.0,0.01282051282051282,0.6931471805599453,3.3314383390085567,-2.6382911584486113
940mx,2024.0,384.0,16.02,1242.0,23.0,1.0,28.0,77.0,476928.0,28021.621621621623,19872.0,0.01282051282051282,0.6931471805599453,3.3314383390085567,-2.6382911584486113
945m,2024.0,384.0,16.02,1189.0,23.0,1.0,28.0,77.0,456576.0,26825.85193889542,19024.0,0.01282051282051282,0.6931471805599453,3.3314383390085567,-2.6382911584486113
gt 610 oem,2024.0,48.0,8.0,1250.0,29.0,585.0,40.0,116.0,60000.0,6666.666666666667,2000.0,5.0,6.373319789577012,3.3314383390085567,3.0418814505684555
gt 710,2024.0,48.0,14.37,1250.0,29.0,292.0,40.0,79.0,60000.0,3903.7085230969424,2000.0,3.65,5.680172609017068,3.3314383390085567,2.348734270008511
gtx 1050,2024.0,640.0,112.1,1455.0,75.0,3.0,14.0,132.0,931200.0,8233.42175066313,12252.631578947368,0.022556390977443608,1.3862943611198906,3.3314383390085567,-1.945143977888666
gtx 1050 ti,2024.0,768.0,112.1,1392.0,75.0,3.0,14.0,132.0,1069056.0,9452.307692307693,14066.526315789473,0.022556390977443608,1.3862943611198906,3.3314383390085567,-1.945143977888666
gtx 1060 3 gb,2024.0,1152.0,192.2,1708.0,120.0,4.0,16.0,200.0,1967616.0,10184.347826086958,16261.289256198346,0.01990049751243781,1.6094379124341003,3.3314383390085567,-1.7220004265744564
gtx 1060 3 gb gp104,2024.0,1152.0,192.2,1708.0,120.0,7.0,16.0,314.0,1967616.0,10184.347826086958,16261.289256198346,0.022222222222222223,2.0794415416798357,3.3314383390085567,-1.251996797328721
gtx 1060 6 gb,2024.0,1280.0,192.2,1709.0,120.0,4.0,16.0,200.0,2187520.0,11322.56728778468,18078.677685950413,0.01990049751243781,1.6094379124341003,3.3314383390085567,-1.7220004265744564
gtx 1060 mobile,2024.0,1280.0,192.2,1671.0,80.0,4.0,16.0,200.0,2138880.0,11070.80745341615,26405.925925925927,0.01990049751243781,1.6094379124341003,3.3314383390085567,-1.7220004265744564
gtx 1070,2024.0,1920.0,256.3,1683.0,150.0,7.0,16.0,314.0,3231360.0,12558.725223474543,21399.735099337748,0.022222222222222223,2.0794415416798357,3.3314383390085567,-1.251996797328721
gtx 1070 mobile,2024.0,2048.0,256.3,1645.0,120.0,7.0,16.0,314.0,3368960.0,13093.509521958802,27842.644628099173,0.022222222222222223,2.0794415416798357,3.3314383390085567,-1.251996797328721
gtx 1080,2024.0,2560.0,320.3,1733.0,180.0,7.0,16.0,314.0,4436480.0,13807.905384375972,24510.93922651934,0.022222222222222223,2.0794415416798357,3.3314383390085567,-1.251996797328721
gtx 1080 mobile,2024.0,2560.0,320.3,1734.0,150.0,7.0,16.0,314.0,4439040.0,13815.873015873016,29397.615894039736,0.022222222222222223,2.0794415416798357,3.3314383390085567,-1.251996797328721
gtx 760 oem,2024.0,1344.0,211.2,1046.0,170.0,3.0,28.0,294.0,1405824.0,6624.995287464656,8221.192982456141,0.010169491525423728,1.3862943611198906,3.3314383390085567,-1.945143977888666
gtx 950 low power,2024.0,768.0,105.8,1190.0,75.0,2.0,28.0,228.0,913920.0,8557.303370786518,12025.263157894737,0.008733624454148471,1.0986122886681098,3.3314383390085567,-2.2328260503404467
gtx 950 oem,2024.0,1024.0,80.19,1203.0,50.0,2.0,28.0,228.0,1231872.0,15172.705998275651,24154.352941176472,0.008733624454148471,1.0986122886681098,3.3314383390085567,-2.2328260503404467
gtx 965m,2024.0,1024.0,80.19,1150.0,50.0,2.0,28.0,228.0,1177600.0,14504.249291784703,23090.196078431374,0.008733624454148471,1.0986122886681098,3.3314383390085567,-2.2328260503404467
gtx 980mx,2024.0,1664.0,192.0,1178.0,148.0,5.0,28.0,398.0,1960192.0,10156.435233160622,13155.651006711409,0.012531328320802004,1.791759469228055,3.3314383390085567,-1.5396788697805017
grid m10 8q,2024.0,640.0,83.2,1306.0,225.0,1.0,28.0,148.0,835840.0,9926.840855106888,3698.407079646018,0.006711409395973154,0.6931471805599453,3.3314383390085567,-2.6382911584486113
grid m3 3020,2024.0,640.0,83.2,1306.0,50.0,1.0,28.0,148.0,835840.0,9926.840855106888,16389.019607843136,0.006711409395973154,0.6931471805599453,3.3314383390085567,-2.6382911584486113
grid m40,2024.0,384.0,83.2,1250.0,50.0,1.0,28.0,148.0,480000.0,5700.712589073634,9411.764705882353,0.006711409395973154,0.6931471805599453,3.3314383390085567,-2.6382911584486113
jetson tx2,2024.0,256.0,59.71,1250.0,15.0,29.0,16.0,154.0,320000.0,5270.960303080217,20000.0,0.1870967741935484,3.4011973816621555,3.3314383390085567,0.06975904265359878
quadro gp100,2024.0,3584.0,732.2,1443.0,235.0,15.0,16.0,610.0,5171712.0,7053.617021276596,21914.033898305086,0.024549918166939442,2.772588722239781,3.3314383390085567,-0.5588496167687755
quadro m2000,2024.0,768.0,105.8,1163.0,75.0,2.0,28.0,228.0,893184.0,8363.14606741573,11752.421052631578,0.008733624454148471,1.0986122886681098,3.3314383390085567,-2.2328260503404467
quadro m3000 se,2024.0,1024.0,160.4,924.0,75.0,5.0,28.0,398.0,946176.0,5862.304832713755,12449.684210526315,0.012531328320802004,1.791759469228055,3.3314383390085567,-1.5396788697805017
quadro m500m,2024.0,384.0,14.4,1124.0,30.0,1.0,28.0,77.0,431616.0,28027.012987012986,13923.09677419355,0.01282051282051282,0.6931471805599453,3.3314383390085567,-2.6382911584486113
quadro m5500 mobile,2024.0,2048.0,224.4,1165.0,150.0,5.0,28.0,398.0,2385920.0,10585.270629991126,15800.794701986755,0.012531328320802004,1.791759469228055,3.3314383390085567,-1.5396788697805017
quadro m6000 24 gb,2024.0,3072.0,317.4,1114.0,250.0,8.0,28.0,601.0,3422208.0,10748.140703517589,13634.294820717132,0.013289036544850499,2.1972245773362196,3.3314383390085567,-1.1342137616723371
quadro p5000,2024.0,2560.0,288.5,1733.0,180.0,7.0,16.0,314.0,4436480.0,15324.628670120897,24510.93922651934,0.022222222222222223,2.0794415416798357,3.3314383390085567,-1.251996797328721
quadro p6000,2024.0,3840.0,432.8,1645.0,250.0,11.0,16.0,471.0,6316800.0,14561.549100968188,25166.533864541834,0.023305084745762712,2.4849066497880004,3.3314383390085567,-0.8465316892205563
tesla m10,2024.0,640.0,83.2,1306.0,225.0,1.0,28.0,148.0,835840.0,9926.840855106888,3698.407079646018,0.006711409395973154,0.6931471805599453,3.3314383390085567,-2.6382911584486113
tesla p10,2024.0,3840.0,694.3,1493.0,150.0,11.0,16.0,471.0,5733120.0,8245.534301740257,37967.682119205296,0.023305084745762712,2.4849066497880004,3.3314383390085567,-0.8465316892205563
tesla p100 dgxs,2024.0,3584.0,732.2,1480.0,300.0,15.0,16.0,610.0,5304320.0,7234.478996181123,17622.325581395347,0.024549918166939442,2.772588722239781,3.3314383390085567,-0.5588496167687755
tesla p100 pcie 12 gb,2024.0,3584.0,549.1,1329.0,250.0,15.0,16.0,610.0,4763136.0,8658.672968551173,18976.637450199203,0.024549918166939442,2.772588722239781,3.3314383390085567,-0.5588496167687755
tesla p100 pcie 16 gb,2024.0,3584.0,732.2,1329.0,250.0,15.0,16.0,610.0,4763136.0,6496.366612111293,18976.637450199203,0.024549918166939442,2.772588722239781,3.3314383390085567,-0.5588496167687755
tesla p100 sxm2,2024.0,3584.0,732.2,1480.0,300.0,15.0,16.0,610.0,5304320.0,7234.478996181123,17622.325581395347,0.024549918166939442,2.772588722239781,3.3314383390085567,-0.5588496167687755
tesla p4,2024.0,2560.0,192.3,1114.0,75.0,7.0,16.0,314.0,2851840.0,14753.440248318675,37524.21052631579,0.022222222222222223,2.0794415416798357,3.3314383390085567,-1.251996797328721
tesla p40,2024.0,3840.0,347.1,1531.0,250.0,11.0,16.0,471.0,5879040.0,16888.93995978167,23422.470119521913,0.023305084745762712,2.4849066497880004,3.3314383390085567,-0.8465316892205563
titan x pascal,2024.0,3584.0,480.4,1531.0,250.0,11.0,16.0,471.0,5487104.0,11398.221852928958,21860.972111553783,0.023305084745762712,2.4849066497880004,3.3314383390085567,-0.8465316892205563
gt 1030,2024.0,384.0,48.06,1468.0,30.0,1.0,14.0,74.0,563712.0,11490.25682837342,18184.25806451613,0.013333333333333334,0.6931471805599453,3.3314383390085567,-2.6382911584486113
gt 720 oem,2024.0,192.0,28.51,1250.0,50.0,1.0,28.0,118.0,240000.0,8132.836326668926,4705.882352941177,0.008403361344537815,0.6931471805599453,3.3314383390085567,-2.6382911584486113
gtx 1050 mobile,2024.0,640.0,112.1,1493.0,75.0,3.0,14.0,132.0,955520.0,8448.45269672856,12572.631578947368,0.022556390977443608,1.3862943611198906,3.3314383390085567,-1.945143977888666
gtx 1050 mobile,2024.0,640.0,112.1,1493.0,75.0,3.0,14.0,132.0,955520.0,8448.45269672856,12572.631578947368,0.022556390977443608,1.3862943611198906,3.3314383390085567,-1.945143977888666
gtx 1050 ti mobile,2024.0,768.0,112.1,1620.0,75.0,3.0,14.0,132.0,1244160.0,11000.53050397878,16370.526315789473,0.022556390977443608,1.3862943611198906,3.3314383390085567,-1.945143977888666
gtx 1050 ti mobile,2024.0,768.0,112.1,1620.0,75.0,4.0,16.0,200.0,1244160.0,11000.53050397878,16370.526315789473,0.01990049751243781,1.6094379124341003,3.3314383390085567,-1.7220004265744564
gtx 1060 5 gb,2024.0,1280.0,160.2,1709.0,120.0,4.0,16.0,200.0,2187520.0,13570.223325062036,18078.677685950413,0.01990049751243781,1.6094379124341003,3.3314383390085567,-1.7220004265744564
gtx 1060 6 gb 9gbps,2024.0,1280.0,216.7,1709.0,120.0,4.0,16.0,200.0,2187520.0,10048.323380799266,18078.677685950413,0.01990049751243781,1.6094379124341003,3.3314383390085567,-1.7220004265744564
gtx 1060 max q,2024.0,1280.0,192.2,1480.0,80.0,4.0,16.0,200.0,1894400.0,9805.383022774327,23387.654320987655,0.01990049751243781,1.6094379124341003,3.3314383390085567,-1.7220004265744564
gtx 1070 max q,2024.0,2048.0,256.3,1379.0,115.0,7.0,16.0,314.0,2824192.0,10976.261173727165,24346.48275862069,0.022222222222222223,2.0794415416798357,3.3314383390085567,-1.251996797328721
gtx 1070 ti,2024.0,2432.0,256.3,1683.0,180.0,7.0,16.0,314.0,4093056.0,15907.718616401087,22613.56906077348,0.022222222222222223,2.0794415416798357,3.3314383390085567,-1.251996797328721
gtx 1080 11gbps,2024.0,2560.0,352.3,1733.0,180.0,7.0,16.0,314.0,4436480.0,12557.26011887914,24510.93922651934,0.022222222222222223,2.0794415416798357,3.3314383390085567,-1.251996797328721
gtx 1080 max q,2024.0,2560.0,320.3,1366.0,150.0,7.0,16.0,314.0,3496960.0,10883.784624961096,23158.675496688742,0.022222222222222223,2.0794415416798357,3.3314383390085567,-1.251996797328721
gtx 1080 ti,2024.0,3584.0,484.4,1582.0,250.0,11.0,16.0,471.0,5669888.0,11680.857025133912,22589.195219123507,0.023305084745762712,2.4849066497880004,3.3314383390085567,-0.8465316892205563
mx110,2024.0,256.0,40.1,1006.0,30.0,1.0,28.0,77.0,257536.0,6266.082725060827,8307.612903225807,0.01282051282051282,0.6931471805599453,3.3314383390085567,-2.6382911584486113
mx130,2024.0,384.0,40.1,1189.0,30.0,1.0,28.0,77.0,456576.0,11108.905109489051,14728.258064516129,0.01282051282051282,0.6931471805599453,3.3314383390085567,-2.6382911584486113
mx150,2024.0,384.0,48.06,1532.0,25.0,1.0,14.0,74.0,588288.0,11991.194455768446,22626.46153846154,0.013333333333333334,0.6931471805599453,3.3314383390085567,-2.6382911584486113
mx150,2024.0,384.0,40.1,1038.0,10.0,1.0,14.0,74.0,398592.0,9698.102189781022,36235.63636363636,0.013333333333333334,0.6931471805599453,3.3314383390085567,-2.6382911584486113
p104 100,2024.0,1920.0,320.3,1733.0,50.0,7.0,16.0,314.0,3327360.0,10355.92903828198,65242.35294117647,0.022222222222222223,2.0794415416798357,3.3314383390085567,-1.251996797328721
p106 090,2024.0,768.0,192.2,1531.0,75.0,4.0,16.0,200.0,1175808.0,6085.962732919255,15471.157894736842,0.01990049751243781,1.6094379124341003,3.3314383390085567,-1.7220004265744564
p106 100,2024.0,1280.0,192.2,1709.0,120.0,4.0,16.0,200.0,2187520.0,11322.56728778468,18078.677685950413,0.01990049751243781,1.6094379124341003,3.3314383390085567,-1.7220004265744564
quadro m1200 mobile,2024.0,640.0,80.19,1148.0,45.0,1.0,28.0,148.0,734720.0,9049.390319004804,15972.173913043478,0.006711409395973154,0.6931471805599453,3.3314383390085567,-2.6382911584486113
quadro m2200 mobile,2024.0,1024.0,88.13,1036.0,55.0,2.0,28.0,228.0,1060864.0,11902.434646022664,18944.0,0.008733624454148471,1.0986122886681098,3.3314383390085567,-2.2328260503404467
quadro m520 mobile,2024.0,384.0,40.1,1176.0,25.0,1.0,28.0,77.0,451584.0,10987.445255474453,17368.615384615383,0.01282051282051282,0.6931471805599453,3.3314383390085567,-2.6382911584486113
quadro m620 mobile,2024.0,512.0,80.19,1018.0,30.0,1.0,28.0,148.0,521216.0,6419.706860450795,16813.41935483871,0.006711409395973154,0.6931471805599453,3.3314383390085567,-2.6382911584486113
quadro p1000,2024.0,512.0,96.13,1392.0,47.0,3.0,14.0,132.0,712704.0,7337.629980438588,14848.0,0.022556390977443608,1.3862943611198906,3.3314383390085567,-1.945143977888666
quadro p1000,2024.0,640.0,80.19,1480.0,47.0,3.0,14.0,132.0,947200.0,11666.461386870305,19733.333333333332,0.022556390977443608,1.3862943611198906,3.3314383390085567,-1.945143977888666
quadro p1000 mobile,2024.0,512.0,96.13,1519.0,40.0,3.0,14.0,132.0,777728.0,8007.083290435499,18968.975609756097,0.022556390977443608,1.3862943611198906,3.3314383390085567,-1.945143977888666
quadro p2000,2024.0,1024.0,140.2,1480.0,75.0,4.0,16.0,200.0,1515520.0,10733.14447592068,19941.052631578947,0.01990049751243781,1.6094379124341003,3.3314383390085567,-1.7220004265744564
quadro p2000 mobile,2024.0,768.0,96.13,1607.0,50.0,3.0,14.0,132.0,1234176.0,12706.434675177597,24199.529411764706,0.022556390977443608,1.3862943611198906,3.3314383390085567,-1.945143977888666
quadro p3000 mobile,2024.0,1280.0,168.2,1215.0,75.0,7.0,16.0,314.0,1555200.0,9191.489361702128,20463.157894736843,0.022222222222222223,2.0794415416798357,3.3314383390085567,-1.251996797328721
quadro p400,2024.0,256.0,32.06,1252.0,30.0,3.0,14.0,132.0,320512.0,9694.857834240775,10339.09677419355,0.022556390977443608,1.3862943611198906,3.3314383390085567,-1.945143977888666
quadro p4000,2024.0,1792.0,243.3,1480.0,105.0,7.0,16.0,314.0,2652160.0,10856.160458452721,25020.377358490565,0.022222222222222223,2.0794415416798357,3.3314383390085567,-1.251996797328721
quadro p4000 max q,2024.0,1792.0,192.3,1228.0,100.0,7.0,16.0,314.0,2200576.0,11384.252457320226,21787.881188118812,0.022222222222222223,2.0794415416798357,3.3314383390085567,-1.251996797328721
quadro p4000 mobile,2024.0,1792.0,192.0,1228.0,100.0,7.0,16.0,314.0,2200576.0,11401.948186528498,21787.881188118812,0.022222222222222223,2.0794415416798357,3.3314383390085567,-1.251996797328721
quadro p5000 mobile,2024.0,2048.0,192.0,1506.0,100.0,7.0,16.0,314.0,3084288.0,15980.766839378239,30537.50495049505,0.022222222222222223,2.0794415416798357,3.3314383390085567,-1.251996797328721
quadro p5000 x2 mobile,2024.0,2048.0,192.0,1506.0,200.0,7.0,16.0,314.0,3084288.0,15980.766839378239,15344.716417910447,0.022222222222222223,2.0794415416798357,3.3314383390085567,-1.251996797328721
quadro p600,2024.0,384.0,64.13,1557.0,40.0,3.0,14.0,132.0,597888.0,9179.917088899125,14582.634146341463,0.022556390977443608,1.3862943611198906,3.3314383390085567,-1.945143977888666
quadro p600 mobile,2024.0,384.0,80.13,1620.0,40.0,3.0,14.0,132.0,622080.0,7667.693824725749,15172.682926829268,0.022556390977443608,1.3862943611198906,3.3314383390085567,-1.945143977888666
switch gpu 20nm,2024.0,256.0,25.6,768.0,15.0,2.0,20.0,118.0,196608.0,7391.278195488721,12288.0,0.01680672268907563,1.0986122886681098,3.3314383390085567,-2.2328260503404467
tesla p6 mobile,2024.0,2048.0,192.3,1506.0,90.0,7.0,16.0,314.0,3084288.0,15955.96482152095,33893.27472527473,0.022222222222222223,2.0794415416798357,3.3314383390085567,-1.251996797328721
tesla v100 pcie 16 gb,2024.0,5120.0,897.0,1380.0,300.0,21.0,12.0,815.0,7065600.0,7868.15144766147,23473.75415282392,0.025735294117647058,3.091042453358316,3.3314383390085567,-0.24039588565024061
tesla v100 sxm2 16 gb,2024.0,5120.0,897.0,1530.0,250.0,21.0,12.0,815.0,7833600.0,8723.385300668151,31209.561752988047,0.025735294117647058,3.091042453358316,3.3314383390085567,-0.24039588565024061
titan v,2024.0,5120.0,651.3,1455.0,250.0,21.0,12.0,815.0,7449600.0,11420.512034340029,29679.6812749004,0.025735294117647058,3.091042453358316,3.3314383390085567,-0.24039588565024061
titan xp,2024.0,3840.0,547.6,1582.0,250.0,11.0,16.0,471.0,6074880.0,11073.423259205249,24202.709163346615,0.023305084745762712,2.4849066497880004,3.3314383390085567,-0.8465316892205563
gt 1030 ddr4,2024.0,384.0,16.8,1379.0,20.0,1.0,14.0,74.0,529536.0,29749.213483146068,25216.0,0.013333333333333334,0.6931471805599453,3.3314383390085567,-2.6382911584486113
gt 1030 gk107,2024.0,384.0,80.0,1250.0,65.0,1.0,28.0,118.0,480000.0,5925.925925925926,7272.727272727273,0.008403361344537815,0.6931471805599453,3.3314383390085567,-2.6382911584486113
gtx 1050 3 gb,2024.0,768.0,84.1,1518.0,75.0,3.0,14.0,132.0,1165824.0,13699.45945945946,15339.78947368421,0.022556390977443608,1.3862943611198906,3.3314383390085567,-1.945143977888666
gtx 1050 max q,2024.0,640.0,112.1,1139.0,75.0,3.0,14.0,132.0,728960.0,6445.26967285588,9591.578947368422,0.022556390977443608,1.3862943611198906,3.3314383390085567,-1.945143977888666
gtx 1050 ti max q,2024.0,768.0,112.1,1291.0,75.0,3.0,14.0,132.0,991488.0,8766.472148541114,13045.894736842105,0.022556390977443608,1.3862943611198906,3.3314383390085567,-1.945143977888666
gtx 1060 6 gb gddr5x,2024.0,1280.0,192.2,1709.0,120.0,7.0,16.0,314.0,2187520.0,11322.56728778468,18078.677685950413,0.022222222222222223,2.0794415416798357,3.3314383390085567,-1.251996797328721
gtx 1060 6 gb gp104,2024.0,1280.0,192.2,1708.0,120.0,7.0,16.0,314.0,2186240.0,11315.942028985508,18068.099173553717,0.022222222222222223,2.0794415416798357,3.3314383390085567,-1.251996797328721
gtx 1060 6 gb rev 2,2024.0,1280.0,192.2,1709.0,120.0,4.0,16.0,200.0,2187520.0,11322.56728778468,18078.677685950413,0.01990049751243781,1.6094379124341003,3.3314383390085567,-1.7220004265744564
gtx 1070 gddr5x,2024.0,1920.0,256.3,1683.0,150.0,7.0,16.0,314.0,3231360.0,12558.725223474543,21399.735099337748,0.022222222222222223,2.0794415416798357,3.3314383390085567,-1.251996797328721
rtx 2070,2024.0,2304.0,448.0,1620.0,175.0,10.0,12.0,445.0,3732480.0,8312.873051224944,21207.272727272728,0.02242152466367713,2.3978952727983707,3.3314383390085567,-0.933543066210186
rtx 2080,2024.0,2944.0,448.0,1710.0,215.0,13.0,12.0,545.0,5034240.0,11212.115812917595,23306.666666666668,0.023809523809523808,2.6390573296152584,3.3314383390085567,-0.6923810093932983
rtx 2080 ti,2024.0,4352.0,616.0,1545.0,250.0,18.0,12.0,754.0,6723840.0,10897.633711507293,26788.20717131474,0.02384105960264901,2.9444389791664403,3.3314383390085567,-0.3869993598421164
jetson agx xavier 16 gb,2024.0,512.0,136.5,1377.0,30.0,9.0,12.0,350.0,705024.0,5127.447272727272,22742.709677419356,0.02564102564102564,2.302585092994046,3.3314383390085567,-1.0288532460145108
jetson agx xavier 32 gb,2024.0,512.0,136.5,1377.0,30.0,9.0,12.0,350.0,705024.0,5127.447272727272,22742.709677419356,0.02564102564102564,2.302585092994046,3.3314383390085567,-1.0288532460145108
p102 100,2024.0,3200.0,440.3,1683.0,250.0,11.0,16.0,471.0,5385600.0,12203.942895989123,21456.573705179282,0.023305084745762712,2.4849066497880004,3.3314383390085567,-0.8465316892205563
p102 101,2024.0,3200.0,320.3,1670.0,250.0,11.0,16.0,471.0,5344000.0,16632.43075007781,21290.836653386454,0.023305084745762712,2.4849066497880004,3.3314383390085567,-0.8465316892205563
p104 101,2024.0,2560.0,256.3,1683.0,50.0,7.0,16.0,314.0,4308480.0,16744.966964632724,84480.0,0.022222222222222223,2.0794415416798357,3.3314383390085567,-1.251996797328721
quadro gv100,2024.0,5120.0,868.4,1627.0,250.0,21.0,12.0,815.0,8330240.0,9581.596503335633,33188.20717131474,0.025735294117647058,3.091042453358316,3.3314383390085567,-0.24039588565024061
quadro p3200 max q,2024.0,1792.0,168.3,1404.0,75.0,7.0,16.0,314.0,2515968.0,14861.00413467218,33104.84210526316,0.022222222222222223,2.0794415416798357,3.3314383390085567,-1.251996797328721
quadro p3200 mobile,2024.0,1792.0,168.2,1543.0,75.0,7.0,16.0,314.0,2765056.0,16341.938534278961,36382.31578947369,0.022222222222222223,2.0794415416798357,3.3314383390085567,-1.251996797328721
quadro p4200 max q,2024.0,2304.0,224.4,1480.0,100.0,7.0,16.0,314.0,3409920.0,15128.305235137534,33761.58415841584,0.022222222222222223,2.0794415416798357,3.3314383390085567,-1.251996797328721
quadro p4200 mobile,2024.0,2304.0,224.4,1594.0,100.0,7.0,16.0,314.0,3672576.0,16293.593611357586,36362.13861386139,0.022222222222222223,2.0794415416798357,3.3314383390085567,-1.251996797328721
quadro p500 mobile,2024.0,256.0,40.1,1519.0,18.0,1.0,14.0,74.0,388864.0,9461.411192214111,20466.526315789473,0.013333333333333334,0.6931471805599453,3.3314383390085567,-2.6382911584486113
quadro p5200 max q,2024.0,2560.0,230.9,1569.0,100.0,7.0,16.0,314.0,4016640.0,17320.569210866754,39768.71287128713,0.022222222222222223,2.0794415416798357,3.3314383390085567,-1.251996797328721
quadro p5200 mobile,2024.0,2560.0,230.9,1759.0,100.0,7.0,16.0,314.0,4503040.0,19418.025010780508,44584.55445544554,0.022222222222222223,2.0794415416798357,3.3314383390085567,-1.251996797328721
quadro p620,2024.0,512.0,80.13,1354.0,40.0,3.0,14.0,132.0,693248.0,8544.903241710836,16908.48780487805,0.022556390977443608,1.3862943611198906,3.3314383390085567,-1.945143977888666
quadro p620 mobile,2024.0,512.0,96.13,1443.0,40.0,3.0,14.0,132.0,738816.0,7606.46556161845,18019.90243902439,0.022556390977443608,1.3862943611198906,3.3314383390085567,-1.945143977888666
quadro rtx 4000,2024.0,2304.0,416.0,1545.0,160.0,13.0,12.0,545.0,3559680.0,8536.402877697841,22109.813664596273,0.023809523809523808,2.6390573296152584,3.3314383390085567,-0.6923810093932983
quadro rtx 5000,2024.0,3072.0,448.0,1815.0,230.0,13.0,12.0,545.0,5575680.0,12417.995545657015,24137.14285714286,0.023809523809523808,2.6390573296152584,3.3314383390085567,-0.6923810093932983
quadro rtx 6000,2024.0,4608.0,672.0,1770.0,260.0,18.0,12.0,754.0,8156160.0,12119.108469539377,31249.655172413793,0.02384105960264901,2.9444389791664403,3.3314383390085567,-0.3869993598421164
quadro rtx 6000 passive,2024.0,4608.0,624.0,1620.0,260.0,18.0,12.0,754.0,7464960.0,11943.936,28601.379310344826,0.02384105960264901,2.9444389791664403,3.3314383390085567,-0.3869993598421164
quadro rtx 8000,2024.0,4608.0,672.0,1770.0,260.0,18.0,12.0,754.0,8156160.0,12119.108469539377,31249.655172413793,0.02384105960264901,2.9444389791664403,3.3314383390085567,-0.3869993598421164
quadro rtx 8000 passive,2024.0,4608.0,624.0,1620.0,260.0,18.0,12.0,754.0,7464960.0,11943.936,28601.379310344826,0.02384105960264901,2.9444389791664403,3.3314383390085567,-0.3869993598421164
tesla t4,2024.0,2560.0,320.0,1590.0,70.0,13.0,12.0,545.0,4070400.0,12680.373831775702,57329.57746478873,0.023809523809523808,2.6390573296152584,3.3314383390085567,-0.6923810093932983
tesla t4g,2024.0,2560.0,320.0,1590.0,70.0,13.0,12.0,545.0,4070400.0,12680.373831775702,57329.57746478873,0.023809523809523808,2.6390573296152584,3.3314383390085567,-0.6923810093932983
tesla v100 dgxs 16 gb,2024.0,5120.0,897.0,1582.0,250.0,21.0,12.0,815.0,8099840.0,9019.866369710468,32270.27888446215,0.025735294117647058,3.091042453358316,3.3314383390085567,-0.24039588565024061
tesla v100 dgxs 32 gb,2024.0,5120.0,897.0,1530.0,250.0,21.0,12.0,815.0,7833600.0,8723.385300668151,31209.561752988047,0.025735294117647058,3.091042453358316,3.3314383390085567,-0.24039588565024061
tesla v100 fhhl,2024.0,5120.0,827.4,1290.0,250.0,21.0,12.0,815.0,6604800.0,7972.959922742637,26313.94422310757,0.025735294117647058,3.091042453358316,3.3314383390085567,-0.24039588565024061
tesla v100 pcie 32 gb,2024.0,5120.0,897.0,1380.0,250.0,21.0,12.0,815.0,7065600.0,7868.15144766147,28149.80079681275,0.025735294117647058,3.091042453358316,3.3314383390085567,-0.24039588565024061
tesla v100 sxm2 32 gb,2024.0,5120.0,898.0,1530.0,250.0,21.0,12.0,815.0,7833600.0,8713.681868743048,31209.561752988047,0.025735294117647058,3.091042453358316,3.3314383390085567,-0.24039588565024061
tesla v100 sxm3 32 gb,2024.0,5120.0,981.0,1597.0,250.0,21.0,12.0,815.0,8176640.0,8326.51731160896,32576.25498007968,0.025735294117647058,3.091042453358316,3.3314383390085567,-0.24039588565024061
titan rtx,2024.0,4608.0,672.0,1770.0,280.0,18.0,12.0,754.0,8156160.0,12119.108469539377,29025.480427046263,0.02384105960264901,2.9444389791664403,3.3314383390085567,-0.3869993598421164
titan v ceo edition,2024.0,5120.0,868.4,1455.0,250.0,21.0,12.0,815.0,7449600.0,8568.668046928917,29679.6812749004,0.025735294117647058,3.091042453358316,3.3314383390085567,-0.24039588565024061
gtx 1050 mobile 3 gb,2024.0,768.0,84.1,1442.0,75.0,3.0,14.0,132.0,1107456.0,13013.584018801412,14571.78947368421,0.022556390977443608,1.3862943611198906,3.3314383390085567,-1.945143977888666
gtx 1650,2024.0,896.0,128.1,1665.0,75.0,4.0,12.0,200.0,1491840.0,11555.693261037955,19629.473684210527,0.01990049751243781,1.6094379124341003,3.3314383390085567,-1.7220004265744564
gtx 1650 max q,2024.0,1024.0,112.1,1245.0,50.0,4.0,12.0,200.0,1274880.0,11272.148541114058,24997.647058823528,0.01990049751243781,1.6094379124341003,3.3314383390085567,-1.7220004265744564
gtx 1650 mobile,2024.0,1024.0,128.1,1560.0,50.0,4.0,12.0,200.0,1597440.0,12373.663826491093,31322.352941176472,0.01990049751243781,1.6094379124341003,3.3314383390085567,-1.7220004265744564
gtx 1650 super,2024.0,1280.0,192.0,1725.0,100.0,6.0,12.0,284.0,2208000.0,11440.41450777202,21861.38613861386,0.021052631578947368,1.9459101490553132,3.3314383390085567,-1.3855281899532434
gtx 1660,2024.0,1408.0,192.1,1785.0,120.0,6.0,12.0,284.0,2513280.0,13015.432418436043,20770.909090909092,0.021052631578947368,1.9459101490553132,3.3314383390085567,-1.3855281899532434
gtx 1660 super,2024.0,1408.0,336.0,1785.0,125.0,6.0,12.0,284.0,2513280.0,7457.80415430267,19946.666666666668,0.021052631578947368,1.9459101490553132,3.3314383390085567,-1.3855281899532434
gtx 1660 ti,2024.0,1536.0,288.0,1770.0,120.0,6.0,12.0,284.0,2718720.0,9407.335640138408,22468.760330578512,0.021052631578947368,1.9459101490553132,3.3314383390085567,-1.3855281899532434
gtx 1660 ti max q,2024.0,1536.0,288.0,1335.0,50.0,6.0,12.0,284.0,2050560.0,7095.363321799308,40207.05882352941,0.021052631578947368,1.9459101490553132,3.3314383390085567,-1.3855281899532434
gtx 1660 ti mobile,2024.0,1536.0,288.0,1590.0,50.0,6.0,12.0,284.0,2442240.0,8450.657439446366,47887.05882352941,0.021052631578947368,1.9459101490553132,3.3314383390085567,-1.3855281899532434
mx150 gp107,2024.0,384.0,48.06,1532.0,25.0,3.0,14.0,132.0,588288.0,11991.194455768446,22626.46153846154,0.022556390977443608,1.3862943611198906,3.3314383390085567,-1.945143977888666
mx230,2024.0,256.0,48.06,1531.0,10.0,1.0,14.0,74.0,391936.0,7988.911536893599,35630.545454545456,0.013333333333333334,0.6931471805599453,3.3314383390085567,-2.6382911584486113
mx250,2024.0,384.0,48.06,1038.0,10.0,1.0,14.0,74.0,398592.0,8124.582144313085,36235.63636363636,0.013333333333333334,0.6931471805599453,3.3314383390085567,-2.6382911584486113
mx250,2024.0,384.0,48.06,1582.0,25.0,1.0,14.0,74.0,607488.0,12382.551977170811,23364.923076923078,0.013333333333333334,0.6931471805599453,3.3314383390085567,-2.6382911584486113
rtx 2060,2024.0,1920.0,336.0,1680.0,160.0,10.0,12.0,445.0,3225600.0,9571.513353115726,20034.782608695652,0.02242152466367713,2.3978952727983707,3.3314383390085567,-0.933543066210186
rtx 2060 max q refresh,2024.0,1920.0,259.8,1200.0,115.0,10.0,12.0,445.0,2304000.0,8834.355828220858,19862.068965517243,0.02242152466367713,2.3978952727983707,3.3314383390085567,-0.933543066210186
rtx 2060 mobile,2024.0,1920.0,336.0,1200.0,115.0,10.0,12.0,445.0,2304000.0,6836.795252225519,19862.068965517243,0.02242152466367713,2.3978952727983707,3.3314383390085567,-0.933543066210186
rtx 2060 mobile refresh,2024.0,1920.0,264.0,1560.0,65.0,10.0,12.0,445.0,2995200.0,11302.641509433963,45381.818181818184,0.02242152466367713,2.3978952727983707,3.3314383390085567,-0.933543066210186
rtx 2060 super,2024.0,2176.0,448.0,1650.0,175.0,10.0,12.0,445.0,3590400.0,7996.436525612472,20400.0,0.02242152466367713,2.3978952727983707,3.3314383390085567,-0.933543066210186
rtx 2060 super mobile,2024.0,2176.0,448.0,1530.0,175.0,10.0,12.0,445.0,3329280.0,7414.877505567929,18916.363636363636,0.02242152466367713,2.3978952727983707,3.3314383390085567,-0.933543066210186
rtx 2070 max q,2024.0,2304.0,384.0,1185.0,90.0,10.0,12.0,445.0,2730240.0,7091.532467532467,30002.637362637364,0.02242152466367713,2.3978952727983707,3.3314383390085567,-0.933543066210186
rtx 2070 mobile,2024.0,2304.0,448.0,1440.0,115.0,10.0,12.0,445.0,3317760.0,7389.220489977728,28601.379310344826,0.02242152466367713,2.3978952727983707,3.3314383390085567,-0.933543066210186
rtx 2070 super,2024.0,2560.0,448.0,1770.0,215.0,13.0,12.0,545.0,4531200.0,10091.759465478843,20977.777777777777,0.023809523809523808,2.6390573296152584,3.3314383390085567,-0.6923810093932983
rtx 2080 max q,2024.0,2944.0,384.0,1095.0,80.0,13.0,12.0,545.0,3223680.0,8373.194805194806,39798.51851851852,0.023809523809523808,2.6390573296152584,3.3314383390085567,-0.6923810093932983
rtx 2080 mobile,2024.0,2944.0,448.0,1590.0,150.0,13.0,12.0,545.0,4680960.0,10425.300668151447,30999.735099337748,0.023809523809523808,2.6390573296152584,3.3314383390085567,-0.6923810093932983
rtx 2080 super,2024.0,3072.0,495.9,1815.0,250.0,13.0,12.0,545.0,5575680.0,11220.92976454015,22213.86454183267,0.023809523809523808,2.6390573296152584,3.3314383390085567,-0.6923810093932983
jetson nano,2024.0,128.0,25.6,921.0,10.0,2.0,20.0,118.0,117888.0,4431.87969924812,10717.09090909091,0.01680672268907563,1.0986122886681098,3.3314383390085567,-2.2328260503404467
p106m,2024.0,1152.0,96.13,1291.0,75.0,4.0,16.0,200.0,1487232.0,15311.76773396479,19568.842105263157,0.01990049751243781,1.6094379124341003,3.3314383390085567,-1.7220004265744564
quadro p2000 mobile,2024.0,1152.0,96.13,1291.0,75.0,4.0,16.0,200.0,1487232.0,15311.76773396479,19568.842105263157,0.01990049751243781,1.6094379124341003,3.3314383390085567,-1.7220004265744564
quadro p2200,2024.0,1280.0,200.2,1493.0,75.0,4.0,16.0,200.0,1911040.0,9498.210735586481,25145.263157894737,0.01990049751243781,1.6094379124341003,3.3314383390085567,-1.7220004265744564
quadro p520 max q,2024.0,384.0,44.0,1493.0,18.0,1.0,14.0,74.0,573312.0,12740.266666666666,30174.315789473683,0.013333333333333334,0.6931471805599453,3.3314383390085567,-2.6382911584486113
quadro p520 mobile,2024.0,384.0,48.06,1493.0,18.0,1.0,14.0,74.0,573312.0,11685.935589074603,30174.315789473683,0.013333333333333334,0.6931471805599453,3.3314383390085567,-2.6382911584486113
quadro rtx 3000 max q,2024.0,1920.0,288.0,1215.0,60.0,10.0,12.0,445.0,2332800.0,8071.972318339101,38242.62295081967,0.02242152466367713,2.3978952727983707,3.3314383390085567,-0.933543066210186
quadro rtx 3000 mobile,2024.0,1920.0,336.0,1380.0,80.0,10.0,12.0,445.0,2649600.0,7862.314540059348,32711.11111111111,0.02242152466367713,2.3978952727983707,3.3314383390085567,-0.933543066210186
quadro rtx 3000 mobile refresh,2024.0,1920.0,336.0,1380.0,80.0,10.0,12.0,445.0,2649600.0,7862.314540059348,32711.11111111111,0.02242152466367713,2.3978952727983707,3.3314383390085567,-0.933543066210186
quadro rtx 3000 x2 mobile,2024.0,1920.0,336.0,1380.0,160.0,10.0,12.0,445.0,2649600.0,7862.314540059348,16457.14285714286,0.02242152466367713,2.3978952727983707,3.3314383390085567,-0.933543066210186
quadro rtx 4000 max q,2024.0,2560.0,384.0,1380.0,80.0,13.0,12.0,545.0,3532800.0,9176.103896103896,43614.81481481482,0.023809523809523808,2.6390573296152584,3.3314383390085567,-0.6923810093932983
quadro rtx 4000 mobile,2024.0,2560.0,448.0,1560.0,110.0,13.0,12.0,545.0,3993600.0,8894.432071269488,35978.37837837838,0.023809523809523808,2.6390573296152584,3.3314383390085567,-0.6923810093932983
quadro rtx 5000 max q,2024.0,3072.0,384.0,1350.0,80.0,13.0,12.0,545.0,4147200.0,10771.948051948051,51200.0,0.023809523809523808,2.6390573296152584,3.3314383390085567,-0.6923810093932983
quadro rtx 5000 mobile,2024.0,3072.0,448.0,1530.0,110.0,13.0,12.0,545.0,4700160.0,10468.062360801781,42343.78378378379,0.023809523809523808,2.6390573296152584,3.3314383390085567,-0.6923810093932983
quadro rtx 6000 mobile,2024.0,4608.0,672.0,1455.0,50.0,18.0,12.0,754.0,6704640.0,9962.317979197622,131463.5294117647,0.02384105960264901,2.9444389791664403,3.3314383390085567,-0.3869993598421164
quadro t1000 max q,2024.0,896.0,80.0,1350.0,50.0,4.0,12.0,200.0,1209600.0,14933.333333333334,23717.647058823528,0.01990049751243781,1.6094379124341003,3.3314383390085567,-1.7220004265744564
quadro t1000 mobile,2024.0,896.0,128.1,1455.0,50.0,4.0,12.0,200.0,1303680.0,10098.218435321456,25562.352941176472,0.01990049751243781,1.6094379124341003,3.3314383390085567,-1.7220004265744564
quadro t2000 max q,2024.0,1024.0,80.0,1395.0,40.0,4.0,12.0,200.0,1428480.0,17635.555555555555,34840.9756097561,0.01990049751243781,1.6094379124341003,3.3314383390085567,-1.7220004265744564
quadro t2000 mobile,2024.0,1024.0,128.1,1785.0,60.0,4.0,12.0,200.0,1827840.0,14158.326878388847,29964.590163934427,0.01990049751243781,1.6094379124341003,3.3314383390085567,-1.7220004265744564
switch gpu 16nm,2024.0,256.0,25.6,768.0,15.0,2.0,16.0,100.0,196608.0,7391.278195488721,12288.0,0.019801980198019802,1.0986122886681098,3.3314383390085567,-2.2328260503404467
tesla pg500 216,2024.0,5120.0,1.13,1380.0,250.0,21.0,12.0,815.0,7065600.0,3317183.0985915493,28149.80079681275,0.025735294117647058,3.091042453358316,3.3314383390085567,-0.24039588565024061
tesla pg503 216,2024.0,4608.0,1.13,1530.0,250.0,21.0,12.0,815.0,7050240.0,3309971.830985916,28088.605577689243,0.025735294117647058,3.091042453358316,3.3314383390085567,-0.24039588565024061
tesla v100 sxm2 16 gb,2024.0,5120.0,1.13,1597.0,250.0,21.0,12.0,815.0,8176640.0,3838798.122065728,32576.25498007968,0.025735294117647058,3.091042453358316,3.3314383390085567,-0.24039588565024061
tesla v100s pcie 32 gb,2024.0,5120.0,1.13,1597.0,250.0,21.0,12.0,815.0,8176640.0,3838798.122065728,32576.25498007968,0.025735294117647058,3.091042453358316,3.3314383390085567,-0.24039588565024061
a100 pcie 40 gb,2024.0,6912.0,1.56,1410.0,250.0,54.0,7.0,826.0,9745920.0,3807000.0,38828.366533864544,0.06529625151148731,4.007333185232471,3.3314383390085567,0.6758948462239145
a100 sxm4 40 gb,2024.0,6912.0,1.56,1410.0,400.0,54.0,7.0,826.0,9745920.0,3807000.0,24304.039900249376,0.06529625151148731,4.007333185232471,3.3314383390085567,0.6758948462239145
a100 sxm4 80 gb,2024.0,6912.0,2.04,1410.0,400.0,54.0,7.0,826.0,9745920.0,3205894.736842105,24304.039900249376,0.06529625151148731,4.007333185232471,3.3314383390085567,0.6758948462239145
a40 pcie,2024.0,10752.0,695.8,1740.0,300.0,28.0,8.0,628.0,18708480.0,26849.138920780715,62154.41860465116,0.04451510333863275,3.367295829986474,3.3314383390085567,0.03585749097791746
cmp 100hx 210,2024.0,5120.0,829.4,1147.0,250.0,21.0,12.0,815.0,5872640.0,7072.061657032756,23396.972111553783,0.025735294117647058,3.091042453358316,3.3314383390085567,-0.24039588565024061
drive a100 prod,2024.0,6912.0,1.87,1410.0,400.0,54.0,7.0,826.0,9745920.0,3395790.9407665506,24304.039900249376,0.06529625151148731,4.007333185232471,3.3314383390085567,0.6758948462239145
gtx 1650 gddr6,2024.0,896.0,192.0,1590.0,75.0,4.0,12.0,200.0,1424640.0,7381.554404145078,18745.263157894737,0.01990049751243781,1.6094379124341003,3.3314383390085567,-1.7220004265744564
gtx 1650 max q,2024.0,1024.0,160.0,1125.0,30.0,4.0,12.0,200.0,1152000.0,7155.27950310559,37161.290322580644,0.01990049751243781,1.6094379124341003,3.3314383390085567,-1.7220004265744564
gtx 1650 mobile,2024.0,1024.0,192.0,1515.0,50.0,4.0,12.0,200.0,1551360.0,8038.134715025907,30418.823529411766,0.01990049751243781,1.6094379124341003,3.3314383390085567,-1.7220004265744564
gtx 1650 ti max q,2024.0,1024.0,160.0,1200.0,50.0,4.0,12.0,200.0,1228800.0,7632.298136645963,24094.117647058825,0.01990049751243781,1.6094379124341003,3.3314383390085567,-1.7220004265744564
gtx 1650 ti mobile,2024.0,1024.0,192.0,1485.0,50.0,4.0,12.0,200.0,1520640.0,7878.963730569948,29816.470588235294,0.01990049751243781,1.6094379124341003,3.3314383390085567,-1.7220004265744564
gtx 1650 ti mobile,2024.0,1024.0,192.0,1485.0,50.0,6.0,12.0,284.0,1520640.0,7878.963730569948,29816.470588235294,0.021052631578947368,1.9459101490553132,3.3314383390085567,-1.3855281899532434
gtx 1650 tu106,2024.0,896.0,192.0,1590.0,90.0,10.0,12.0,445.0,1424640.0,7381.554404145078,15655.384615384615,0.02242152466367713,2.3978952727983707,3.3314383390085567,-0.933543066210186
gtx 1650 tu116,2024.0,896.0,192.0,1590.0,80.0,6.0,12.0,284.0,1424640.0,7381.554404145078,17588.14814814815,0.021052631578947368,1.9459101490553132,3.3314383390085567,-1.3855281899532434
mx330,2024.0,384.0,56.06,1594.0,10.0,1.0,14.0,74.0,612096.0,10727.234490010514,55645.09090909091,0.013333333333333334,0.6931471805599453,3.3314383390085567,-2.6382911584486113
mx350,2024.0,640.0,56.06,1468.0,20.0,3.0,14.0,132.0,939520.0,16465.474938661057,44739.04761904762,0.022556390977443608,1.3862943611198906,3.3314383390085567,-1.945143977888666
mx350,2024.0,640.0,56.06,937.0,20.0,3.0,14.0,132.0,599680.0,10509.638976515947,28556.190476190477,0.022556390977443608,1.3862943611198906,3.3314383390085567,-1.945143977888666
mx450 12w,2024.0,896.0,80.0,930.0,12.0,4.0,12.0,200.0,833280.0,10287.407407407407,64098.46153846154,0.01990049751243781,1.6094379124341003,3.3314383390085567,-1.7220004265744564
mx450 30 5w 10gbps,2024.0,896.0,80.0,1575.0,31.0,4.0,12.0,200.0,1411200.0,17422.222222222223,44100.0,0.01990049751243781,1.6094379124341003,3.3314383390085567,-1.7220004265744564
mx450 30 5w 8gbps,2024.0,896.0,64.0,1275.0,31.0,4.0,12.0,200.0,1142400.0,17575.384615384617,35700.0,0.01990049751243781,1.6094379124341003,3.3314383390085567,-1.7220004265744564
rtx 2060 max q,2024.0,1920.0,264.0,1185.0,65.0,10.0,12.0,445.0,2275200.0,8585.66037735849,34472.72727272727,0.02242152466367713,2.3978952727983707,3.3314383390085567,-0.933543066210186
rtx 2060 tu104,2024.0,1920.0,336.0,1680.0,160.0,13.0,12.0,545.0,3225600.0,9571.513353115726,20034.782608695652,0.023809523809523808,2.6390573296152584,3.3314383390085567,-0.6923810093932983
rtx 2070 max q refresh,2024.0,2304.0,352.0,1125.0,115.0,10.0,12.0,445.0,2592000.0,7342.776203966006,22344.827586206895,0.02242152466367713,2.3978952727983707,3.3314383390085567,-0.933543066210186
rtx 2070 mobile refresh,2024.0,2304.0,352.0,1455.0,115.0,10.0,12.0,445.0,3352320.0,9496.657223796034,28899.310344827587,0.02242152466367713,2.3978952727983707,3.3314383390085567,-0.933543066210186
rtx 2070 super max q,2024.0,2560.0,352.0,1155.0,80.0,13.0,12.0,545.0,2956800.0,8376.203966005665,36503.7037037037,0.023809523809523808,2.6390573296152584,3.3314383390085567,-0.6923810093932983
rtx 2070 super mobile,2024.0,2560.0,448.0,1380.0,115.0,13.0,12.0,545.0,3532800.0,7868.15144766147,30455.172413793105,0.023809523809523808,2.6390573296152584,3.3314383390085567,-0.6923810093932983
rtx 2080 super max q,2024.0,3072.0,352.0,975.0,80.0,13.0,12.0,545.0,2995200.0,8484.985835694051,36977.77777777778,0.023809523809523808,2.6390573296152584,3.3314383390085567,-0.6923810093932983
rtx 2080 super mobile,2024.0,3072.0,448.0,1560.0,150.0,13.0,12.0,545.0,4792320.0,10673.318485523385,31737.218543046358,0.023809523809523808,2.6390573296152584,3.3314383390085567,-0.6923810093932983
rtx 3060 ti,2024.0,4864.0,448.0,1665.0,200.0,17.0,8.0,392.0,8098560.0,18036.881959910912,40291.34328358209,0.043256997455470736,2.8903717578961645,3.3314383390085567,-0.44106658111239216
rtx 3070,2024.0,5888.0,448.0,1725.0,220.0,17.0,8.0,392.0,10156800.0,22620.935412026727,45958.371040723985,0.043256997455470736,2.8903717578961645,3.3314383390085567,-0.44106658111239216
rtx 3080,2024.0,8704.0,760.3,1710.0,320.0,28.0,8.0,628.0,14883840.0,19550.558255615397,46367.102803738315,0.04451510333863275,3.367295829986474,3.3314383390085567,0.03585749097791746
rtx 3090,2024.0,10496.0,936.2,1695.0,350.0,28.0,8.0,628.0,17790720.0,18982.842509603073,50685.81196581197,0.04451510333863275,3.367295829986474,3.3314383390085567,0.03585749097791746
grid a100a,2024.0,6912.0,1.87,1005.0,400.0,54.0,7.0,826.0,6946560.0,2420404.181184669,17323.092269326684,0.06529625151148731,4.007333185232471,3.3314383390085567,0.6758948462239145
grid a100b,2024.0,6912.0,1.87,1005.0,400.0,54.0,7.0,826.0,6946560.0,2420404.181184669,17323.092269326684,0.06529625151148731,4.007333185232471,3.3314383390085567,0.6758948462239145
grid rtx t10 2,2024.0,3584.0,672.0,1395.0,150.0,18.0,12.0,754.0,4999680.0,7428.9450222882615,33110.46357615894,0.02384105960264901,2.9444389791664403,3.3314383390085567,-0.3869993598421164
grid rtx t10 4,2024.0,3584.0,672.0,1395.0,150.0,18.0,12.0,754.0,4999680.0,7428.9450222882615,33110.46357615894,0.02384105960264901,2.9444389791664403,3.3314383390085567,-0.3869993598421164
jetson xavier nx 16 gb,2024.0,384.0,59.71,1100.0,20.0,9.0,12.0,350.0,422400.0,6957.667600065887,20114.285714285714,0.02564102564102564,2.302585092994046,3.3314383390085567,-1.0288532460145108
jetson xavier nx 8 gb,2024.0,384.0,59.71,1100.0,15.0,9.0,12.0,350.0,422400.0,6957.667600065887,26400.0,0.02564102564102564,2.302585092994046,3.3314383390085567,-1.0288532460145108
quadro rtx 5000 mobile refresh,2024.0,3072.0,448.0,1530.0,110.0,13.0,12.0,545.0,4700160.0,10468.062360801781,42343.78378378379,0.023809523809523808,2.6390573296152584,3.3314383390085567,-0.6923810093932983
quadro rtx 5000 x2 mobile,2024.0,3072.0,448.0,1530.0,110.0,13.0,12.0,545.0,4700160.0,10468.062360801781,42343.78378378379,0.023809523809523808,2.6390573296152584,3.3314383390085567,-0.6923810093932983
quadro t1000 mobile gddr6,2024.0,896.0,192.0,1650.0,50.0,4.0,12.0,200.0,1478400.0,7660.103626943005,28988.235294117647,0.01990049751243781,1.6094379124341003,3.3314383390085567,-1.7220004265744564
rtx a6000,2024.0,10752.0,768.0,1800.0,300.0,28.0,8.0,628.0,19353600.0,25167.230169050716,64297.67441860465,0.04451510333863275,3.367295829986474,3.3314383390085567,0.03585749097791746
t500 max q,2024.0,896.0,80.0,1425.0,18.0,4.0,12.0,200.0,1276800.0,15762.962962962964,67200.0,0.01990049751243781,1.6094379124341003,3.3314383390085567,-1.7220004265744564
t500 mobile,2024.0,896.0,80.0,1560.0,18.0,4.0,12.0,200.0,1397760.0,17256.296296296296,73566.31578947368,0.01990049751243781,1.6094379124341003,3.3314383390085567,-1.7220004265744564
tesla t10 16 gb,2024.0,3584.0,403.2,1395.0,150.0,18.0,12.0,754.0,4999680.0,12369.322117763484,33110.46357615894,0.02384105960264901,2.9444389791664403,3.3314383390085567,-0.3869993598421164
a10 pcie,2024.0,9216.0,600.2,1695.0,150.0,28.0,8.0,628.0,15621120.0,25983.23353293413,103451.12582781457,0.04451510333863275,3.367295829986474,3.3314383390085567,0.03585749097791746
a100 pcie 80 gb,2024.0,6912.0,1.94,1410.0,300.0,54.0,7.0,826.0,9745920.0,3314938.775510204,32378.471760797343,0.06529625151148731,4.007333185232471,3.3314383390085567,0.6758948462239145
a100x,2024.0,6912.0,2.04,1440.0,300.0,54.0,7.0,826.0,9953280.0,3274105.263157895,33067.37541528239,0.06529625151148731,4.007333185232471,3.3314383390085567,0.6758948462239145
a10g,2024.0,9216.0,600.2,1710.0,150.0,28.0,8.0,628.0,15759360.0,26213.173652694608,104366.6225165563,0.04451510333863275,3.367295829986474,3.3314383390085567,0.03585749097791746
a16 pcie,2024.0,1280.0,200.1,1755.0,250.0,8.0,8.0,200.0,2246400.0,11170.561909497763,8949.80079681275,0.03980099502487562,2.1972245773362196,3.3314383390085567,-1.1342137616723371
a2,2024.0,1280.0,200.1,1770.0,60.0,8.0,8.0,200.0,2265600.0,11266.036797613127,37140.983606557376,0.03980099502487562,2.1972245773362196,3.3314383390085567,-1.1342137616723371
a2 pcie,2024.0,1280.0,200.1,1770.0,60.0,8.0,8.0,200.0,2265600.0,11266.036797613127,37140.983606557376,0.03980099502487562,2.1972245773362196,3.3314383390085567,-1.1342137616723371
a30 pcie,2024.0,3584.0,933.1,1440.0,165.0,54.0,7.0,826.0,5160960.0,5525.061556578525,31090.12048192771,0.06529625151148731,4.007333185232471,3.3314383390085567,0.6758948462239145
a30x,2024.0,3584.0,1.22,1440.0,230.0,54.0,7.0,826.0,5160960.0,2324756.756756757,22341.81818181818,0.06529625151148731,4.007333185232471,3.3314383390085567,0.6758948462239145
cmp 170hx 10 gb,2024.0,4480.0,1.56,1410.0,250.0,54.0,7.0,826.0,6316800.0,2467500.0,25166.533864541834,0.06529625151148731,4.007333185232471,3.3314383390085567,0.6758948462239145
cmp 170hx 8 gb,2024.0,4480.0,1.49,1410.0,250.0,54.0,7.0,826.0,6316800.0,2536867.469879518,25166.533864541834,0.06529625151148731,4.007333185232471,3.3314383390085567,0.6758948462239145
cmp 30hx,2024.0,1408.0,336.0,1785.0,125.0,6.0,12.0,284.0,2513280.0,7457.80415430267,19946.666666666668,0.021052631578947368,1.9459101490553132,3.3314383390085567,-1.3855281899532434
cmp 40hx,2024.0,2304.0,448.0,1650.0,185.0,10.0,12.0,445.0,3801600.0,8466.815144766148,20438.709677419356,0.02242152466367713,2.3978952727983707,3.3314383390085567,-0.933543066210186
cmp 50hx,2024.0,3584.0,560.0,1545.0,250.0,18.0,12.0,754.0,5537280.0,9870.374331550802,22060.876494023905,0.02384105960264901,2.9444389791664403,3.3314383390085567,-0.3869993598421164
cmp 70hx,2024.0,3840.0,608.3,1395.0,50.0,17.0,8.0,392.0,5356800.0,8791.728212703103,105035.29411764706,0.043256997455470736,2.8903717578961645,3.3314383390085567,-0.44106658111239216
cmp 90hx,2024.0,6400.0,760.3,1710.0,320.0,28.0,8.0,628.0,10944000.0,14375.410482070143,34093.457943925234,0.04451510333863275,3.367295829986474,3.3314383390085567,0.03585749097791746
gt 1010,2024.0,256.0,48.06,1468.0,30.0,1.0,14.0,74.0,375808.0,7660.171218915613,12122.838709677419,0.013333333333333334,0.6931471805599453,3.3314383390085567,-2.6382911584486113
gt 1010 ddr4,2024.0,256.0,16.8,1380.0,20.0,1.0,14.0,74.0,353280.0,19847.191011235955,16822.85714285714,0.013333333333333334,0.6931471805599453,3.3314383390085567,-2.6382911584486113
mx550,2024.0,1024.0,96.0,1320.0,25.0,4.0,12.0,200.0,1351680.0,13934.845360824742,51987.692307692305,0.01990049751243781,1.6094379124341003,3.3314383390085567,-1.7220004265744564
mx570,2024.0,2048.0,96.0,1155.0,15.0,8.0,8.0,200.0,2365440.0,24385.9793814433,147840.0,0.03980099502487562,2.1972245773362196,3.3314383390085567,-1.1342137616723371
mx570 a,2024.0,2048.0,96.0,1155.0,25.0,8.0,8.0,200.0,2365440.0,24385.9793814433,90978.46153846153,0.03980099502487562,2.1972245773362196,3.3314383390085567,-1.1342137616723371
rtx 2050 max q,2024.0,2048.0,94.4,1155.0,30.0,8.0,8.0,200.0,2365440.0,24794.96855345912,76304.51612903226,0.03980099502487562,2.1972245773362196,3.3314383390085567,-1.1342137616723371
rtx 2050 mobile,2024.0,2048.0,112.0,1245.0,30.0,8.0,8.0,200.0,2549760.0,22564.24778761062,82250.32258064517,0.03980099502487562,2.1972245773362196,3.3314383390085567,-1.1342137616723371
rtx 2060 12 gb,2024.0,2176.0,336.0,1650.0,184.0,10.0,12.0,445.0,3590400.0,10654.005934718101,19407.567567567567,0.02242152466367713,2.3978952727983707,3.3314383390085567,-0.933543066210186
rtx 3050 max q,2024.0,2048.0,176.0,1057.0,35.0,8.0,8.0,200.0,2164736.0,12230.146892655368,60131.555555555555,0.03980099502487562,2.1972245773362196,3.3314383390085567,-1.1342137616723371
rtx 3050 mobile,2024.0,2048.0,192.0,1343.0,45.0,8.0,8.0,200.0,2750464.0,14251.108808290155,59792.69565217391,0.03980099502487562,2.1972245773362196,3.3314383390085567,-1.1342137616723371
rtx 3050 ti max q,2024.0,2560.0,176.0,1035.0,75.0,8.0,8.0,200.0,2649600.0,14969.49152542373,34863.15789473684,0.03980099502487562,2.1972245773362196,3.3314383390085567,-1.1342137616723371
rtx 3050 ti mobile,2024.0,2560.0,192.0,1035.0,75.0,12.0,8.0,276.0,2649600.0,13728.497409326425,34863.15789473684,0.04332129963898917,2.5649493574615367,3.3314383390085567,-0.7664889815470199
rtx 3050 ti mobile,2024.0,2560.0,192.0,1035.0,75.0,8.0,8.0,200.0,2649600.0,13728.497409326425,34863.15789473684,0.03980099502487562,2.1972245773362196,3.3314383390085567,-1.1342137616723371
rtx 3060 12 gb,2024.0,3584.0,360.0,1777.0,170.0,12.0,8.0,276.0,6368768.0,17642.016620498616,37244.257309941524,0.04332129963898917,2.5649493574615367,3.3314383390085567,-0.7664889815470199
rtx 3060 12 gb ga104,2024.0,3584.0,360.0,1777.0,170.0,17.0,8.0,392.0,6368768.0,17642.016620498616,37244.257309941524,0.043256997455470736,2.8903717578961645,3.3314383390085567,-0.44106658111239216
rtx 3060 3840sp,2024.0,3840.0,336.0,1852.0,185.0,12.0,8.0,276.0,7111680.0,21102.908011869436,38234.83870967742,0.04332129963898917,2.5649493574615367,3.3314383390085567,-0.7664889815470199
rtx 3060 max q,2024.0,3840.0,288.0,1282.0,60.0,12.0,8.0,276.0,4922880.0,17034.186851211074,80702.95081967213,0.04332129963898917,2.5649493574615367,3.3314383390085567,-0.7664889815470199
rtx 3060 mobile,2024.0,3840.0,336.0,1425.0,80.0,12.0,8.0,276.0,5472000.0,16237.388724035609,67555.55555555556,0.04332129963898917,2.5649493574615367,3.3314383390085567,-0.7664889815470199
rtx 3070 max q,2024.0,5120.0,384.0,1290.0,80.0,17.0,8.0,392.0,6604800.0,17155.324675324675,81540.74074074074,0.043256997455470736,2.8903717578961645,3.3314383390085567,-0.44106658111239216
rtx 3070 mobile,2024.0,5120.0,448.0,1560.0,115.0,17.0,8.0,392.0,7987200.0,17788.864142538976,68855.1724137931,0.043256997455470736,2.8903717578961645,3.3314383390085567,-0.44106658111239216
rtx 3070 ti,2024.0,6144.0,608.3,1770.0,290.0,17.0,8.0,392.0,10874880.0,17848.153618906945,37370.721649484534,0.043256997455470736,2.8903717578961645,3.3314383390085567,-0.44106658111239216
rtx 3080 max q,2024.0,6144.0,384.0,1245.0,80.0,17.0,8.0,392.0,7649280.0,19868.25974025974,94435.55555555556,0.043256997455470736,2.8903717578961645,3.3314383390085567,-0.44106658111239216
rtx 3080 mobile,2024.0,6144.0,448.0,1545.0,115.0,17.0,8.0,392.0,9492480.0,21141.380846325166,81831.72413793103,0.043256997455470736,2.8903717578961645,3.3314383390085567,-0.44106658111239216
rtx 3080 ti,2024.0,10240.0,912.4,1665.0,350.0,28.0,8.0,628.0,17049600.0,18666.082767681193,48574.35897435898,0.04451510333863275,3.367295829986474,3.3314383390085567,0.03585749097791746
pg506 207,2024.0,3584.0,933.1,1440.0,165.0,54.0,7.0,826.0,5160960.0,5525.061556578525,31090.12048192771,0.06529625151148731,4.007333185232471,3.3314383390085567,0.6758948462239145
pg506 217,2024.0,3584.0,933.1,1440.0,165.0,54.0,7.0,826.0,5160960.0,5525.061556578525,31090.12048192771,0.06529625151148731,4.007333185232471,3.3314383390085567,0.6758948462239145
pg506 232,2024.0,3584.0,933.1,1440.0,165.0,54.0,7.0,826.0,5160960.0,5525.061556578525,31090.12048192771,0.06529625151148731,4.007333185232471,3.3314383390085567,0.6758948462239145
pg506 242,2024.0,3584.0,933.1,1440.0,165.0,54.0,7.0,826.0,5160960.0,5525.061556578525,31090.12048192771,0.06529625151148731,4.007333185232471,3.3314383390085567,0.6758948462239145
quadro t1200 max q,2024.0,1024.0,160.0,1425.0,18.0,4.0,12.0,200.0,1459200.0,9063.354037267081,76800.0,0.01990049751243781,1.6094379124341003,3.3314383390085567,-1.7220004265744564
quadro t1200 mobile,2024.0,1024.0,192.0,1785.0,18.0,4.0,12.0,200.0,1827840.0,9470.673575129535,96202.1052631579,0.01990049751243781,1.6094379124341003,3.3314383390085567,-1.7220004265744564
rtx a2000,2024.0,3328.0,288.0,1200.0,70.0,12.0,8.0,276.0,3993600.0,13818.685121107266,56247.887323943665,0.04332129963898917,2.5649493574615367,3.3314383390085567,-0.7664889815470199
rtx a2000 12 gb,2024.0,3328.0,288.0,1200.0,70.0,12.0,8.0,276.0,3993600.0,13818.685121107266,56247.887323943665,0.04332129963898917,2.5649493574615367,3.3314383390085567,-0.7664889815470199
rtx a2000 max q,2024.0,2560.0,176.0,1207.0,95.0,8.0,8.0,200.0,3089920.0,17457.175141242937,32186.666666666668,0.03980099502487562,2.1972245773362196,3.3314383390085567,-1.1342137616723371
rtx a2000 max q 8 gb,2024.0,2560.0,176.0,1177.0,95.0,8.0,8.0,200.0,3013120.0,17023.27683615819,31386.666666666668,0.03980099502487562,2.1972245773362196,3.3314383390085567,-1.1342137616723371
rtx a2000 mobile,2024.0,2560.0,192.0,1687.0,95.0,8.0,8.0,200.0,4318720.0,22376.78756476684,44986.666666666664,0.03980099502487562,2.1972245773362196,3.3314383390085567,-1.1342137616723371
rtx a2000 mobile 8 gb,2024.0,2560.0,224.0,1612.0,95.0,8.0,8.0,200.0,4126720.0,18340.977777777778,42986.666666666664,0.03980099502487562,2.1972245773362196,3.3314383390085567,-1.1342137616723371
rtx a3000 mobile,2024.0,4096.0,264.0,1230.0,70.0,17.0,8.0,392.0,5038080.0,19011.622641509435,70958.87323943662,0.043256997455470736,2.8903717578961645,3.3314383390085567,-0.44106658111239216
rtx a3000 mobile 12 gb,2024.0,4096.0,336.0,1170.0,70.0,17.0,8.0,392.0,4792320.0,14220.53412462908,67497.4647887324,0.043256997455470736,2.8903717578961645,3.3314383390085567,-0.44106658111239216
rtx a4 mobile,2024.0,2048.0,224.0,1770.0,50.0,8.0,8.0,200.0,3624960.0,16110.933333333332,71077.64705882352,0.03980099502487562,2.1972245773362196,3.3314383390085567,-1.1342137616723371
rtx a4000,2024.0,6144.0,448.0,1560.0,140.0,17.0,8.0,392.0,9584640.0,21346.63697104677,67976.17021276595,0.043256997455470736,2.8903717578961645,3.3314383390085567,-0.44106658111239216
rtx a4000 max q,2024.0,5120.0,352.0,1395.0,80.0,17.0,8.0,392.0,7142400.0,20233.42776203966,88177.77777777778,0.043256997455470736,2.8903717578961645,3.3314383390085567,-0.44106658111239216
rtx a4000 mobile,2024.0,5120.0,384.0,1680.0,115.0,17.0,8.0,392.0,8601600.0,22341.81818181818,74151.72413793103,0.043256997455470736,2.8903717578961645,3.3314383390085567,-0.44106658111239216
rtx a4000h,2024.0,6144.0,448.0,1560.0,140.0,17.0,8.0,392.0,9584640.0,21346.63697104677,67976.17021276595,0.043256997455470736,2.8903717578961645,3.3314383390085567,-0.44106658111239216
rtx a4500,2024.0,7168.0,640.0,1650.0,200.0,28.0,8.0,628.0,11827200.0,18451.17004680187,58841.79104477612,0.04451510333863275,3.367295829986474,3.3314383390085567,0.03585749097791746
rtx a500,2024.0,2048.0,112.0,1770.0,60.0,8.0,8.0,200.0,3624960.0,32079.29203539823,59425.57377049181,0.03980099502487562,2.1972245773362196,3.3314383390085567,-1.1342137616723371
rtx a5000,2024.0,8192.0,768.0,1695.0,230.0,28.0,8.0,628.0,13885440.0,18056.488946684007,60110.12987012987,0.04451510333863275,3.367295829986474,3.3314383390085567,0.03585749097791746
rtx a5000 max q,2024.0,6144.0,384.0,1350.0,80.0,17.0,8.0,392.0,8294400.0,21543.896103896102,102400.0,0.043256997455470736,2.8903717578961645,3.3314383390085567,-0.44106658111239216
rtx a5000 mobile,2024.0,6144.0,448.0,1575.0,150.0,17.0,8.0,392.0,9676800.0,21551.893095768373,64084.76821192053,0.043256997455470736,2.8903717578961645,3.3314383390085567,-0.44106658111239216
rtx a5000 12q,2024.0,8192.0,768.0,1695.0,230.0,28.0,8.0,628.0,13885440.0,18056.488946684007,60110.12987012987,0.04451510333863275,3.367295829986474,3.3314383390085567,0.03585749097791746
rtx a5000 8q,2024.0,8192.0,768.0,1695.0,230.0,28.0,8.0,628.0,13885440.0,18056.488946684007,60110.12987012987,0.04451510333863275,3.367295829986474,3.3314383390085567,0.03585749097791746
t1000,2024.0,896.0,160.0,1395.0,50.0,4.0,12.0,200.0,1249920.0,7763.478260869565,24508.235294117647,0.01990049751243781,1.6094379124341003,3.3314383390085567,-1.7220004265744564
t1000 8 gb,2024.0,896.0,160.0,1395.0,50.0,4.0,12.0,200.0,1249920.0,7763.478260869565,24508.235294117647,0.01990049751243781,1.6094379124341003,3.3314383390085567,-1.7220004265744564
t400,2024.0,384.0,80.0,1425.0,30.0,4.0,12.0,200.0,547200.0,6755.555555555556,17651.612903225807,0.01990049751243781,1.6094379124341003,3.3314383390085567,-1.7220004265744564
t400 4 gb,2024.0,384.0,80.0,1425.0,30.0,4.0,12.0,200.0,547200.0,6755.555555555556,17651.612903225807,0.01990049751243781,1.6094379124341003,3.3314383390085567,-1.7220004265744564
t600,2024.0,640.0,160.0,1335.0,40.0,4.0,12.0,200.0,854400.0,5306.832298136646,20839.024390243903,0.01990049751243781,1.6094379124341003,3.3314383390085567,-1.7220004265744564
t600 max q,2024.0,896.0,160.0,1395.0,40.0,4.0,12.0,200.0,1249920.0,7763.478260869565,30485.853658536584,0.01990049751243781,1.6094379124341003,3.3314383390085567,-1.7220004265744564
t600 mobile,2024.0,896.0,192.0,1410.0,40.0,4.0,12.0,200.0,1263360.0,6545.906735751295,30813.658536585364,0.01990049751243781,1.6094379124341003,3.3314383390085567,-1.7220004265744564
a10m,2024.0,7168.0,500.2,1635.0,150.0,28.0,8.0,628.0,11719680.0,23383.240223463687,77613.77483443709,0.04451510333863275,3.367295829986474,3.3314383390085567,0.03585749097791746
a800 pcie 40 gb,2024.0,6912.0,1.56,1410.0,250.0,54.0,7.0,826.0,9745920.0,3807000.0,38828.366533864544,0.06529625151148731,4.007333185232471,3.3314383390085567,0.6758948462239145
a800 pcie 80 gb,2024.0,6912.0,1.94,1410.0,250.0,54.0,7.0,826.0,9745920.0,3314938.775510204,38828.366533864544,0.06529625151148731,4.007333185232471,3.3314383390085567,0.6758948462239145
a800 sxm4 80 gb,2024.0,6912.0,2.04,1410.0,400.0,54.0,7.0,826.0,9745920.0,3205894.736842105,24304.039900249376,0.06529625151148731,4.007333185232471,3.3314383390085567,0.6758948462239145
gtx 1630,2024.0,512.0,96.0,1785.0,75.0,4.0,12.0,200.0,913920.0,9421.855670103092,12025.263157894737,0.01990049751243781,1.6094379124341003,3.3314383390085567,-1.7220004265744564
rtx 3050 4 gb,2024.0,2048.0,192.0,1740.0,90.0,8.0,8.0,200.0,3563520.0,18463.834196891192,39159.56043956044,0.03980099502487562,2.1972245773362196,3.3314383390085567,-1.1342137616723371
rtx 3050 8 gb,2024.0,2560.0,224.0,1777.0,130.0,12.0,8.0,276.0,4549120.0,20218.31111111111,34726.10687022901,0.04332129963898917,2.5649493574615367,3.3314383390085567,-0.7664889815470199
rtx 3050 8 gb ga107,2024.0,2560.0,224.0,1777.0,115.0,8.0,8.0,200.0,4549120.0,20218.31111111111,39216.55172413793,0.03980099502487562,2.1972245773362196,3.3314383390085567,-1.1342137616723371
rtx 3050 max q refresh 4 gb,2024.0,2048.0,176.0,1125.0,35.0,8.0,8.0,200.0,2304000.0,13016.949152542373,64000.0,0.03980099502487562,2.1972245773362196,3.3314383390085567,-1.1342137616723371
rtx 3050 max q refresh 6 gb,2024.0,2560.0,132.0,990.0,35.0,8.0,8.0,200.0,2534400.0,19055.639097744363,70400.0,0.03980099502487562,2.1972245773362196,3.3314383390085567,-1.1342137616723371
rtx 3050 mobile refresh 4 gb,2024.0,2560.0,224.0,1207.0,45.0,8.0,8.0,200.0,3089920.0,13732.977777777778,67172.17391304347,0.03980099502487562,2.1972245773362196,3.3314383390085567,-1.1342137616723371
rtx 3050 mobile refresh 6 gb,2024.0,2560.0,168.0,1492.0,75.0,8.0,8.0,200.0,3819520.0,22600.710059171597,50256.84210526316,0.03980099502487562,2.1972245773362196,3.3314383390085567,-1.1342137616723371
rtx 3050 oem,2024.0,2304.0,224.0,1755.0,130.0,12.0,8.0,276.0,4043520.0,17971.2,30866.564885496184,0.04332129963898917,2.5649493574615367,3.3314383390085567,-0.7664889815470199
rtx 3060 8 gb,2024.0,3584.0,240.0,1777.0,170.0,12.0,8.0,276.0,6368768.0,26426.42323651452,37244.257309941524,0.04332129963898917,2.5649493574615367,3.3314383390085567,-0.7664889815470199
rtx 3060 8 gb ga104,2024.0,3584.0,240.0,1777.0,195.0,17.0,8.0,392.0,6368768.0,26426.42323651452,32493.714285714286,0.043256997455470736,2.8903717578961645,3.3314383390085567,-0.44106658111239216
rtx 3060 ti ga103,2024.0,4864.0,448.0,1665.0,200.0,22.0,8.0,496.0,8098560.0,18036.881959910912,40291.34328358209,0.04426559356136821,3.1354942159291497,3.3314383390085567,-0.195944123079407
rtx 3060 ti gddr6x,2024.0,4864.0,608.3,1665.0,225.0,17.0,8.0,392.0,8098560.0,13291.580502215658,35834.33628318584,0.043256997455470736,2.8903717578961645,3.3314383390085567,-0.44106658111239216
rtx 3070 ti 8 gb ga102,2024.0,6144.0,608.3,1770.0,290.0,28.0,8.0,628.0,10874880.0,17848.153618906945,37370.721649484534,0.04451510333863275,3.367295829986474,3.3314383390085567,0.03585749097791746
rtx 3070 ti max q,2024.0,5888.0,384.0,1035.0,80.0,17.0,8.0,392.0,6094080.0,15828.77922077922,75235.55555555556,0.043256997455470736,2.8903717578961645,3.3314383390085567,-0.44106658111239216
rtx 3070 ti mobile,2024.0,5888.0,448.0,1410.0,115.0,17.0,8.0,392.0,8302080.0,18490.155902004455,71569.6551724138,0.043256997455470736,2.8903717578961645,3.3314383390085567,-0.44106658111239216
rtx 3070 tim,2024.0,5888.0,448.0,1410.0,220.0,17.0,8.0,392.0,8302080.0,18490.155902004455,37565.972850678736,0.043256997455470736,2.8903717578961645,3.3314383390085567,-0.44106658111239216
rtx 3080 12 gb,2024.0,8960.0,912.4,1710.0,350.0,28.0,8.0,628.0,15321600.0,16774.25005474053,43651.282051282054,0.04451510333863275,3.367295829986474,3.3314383390085567,0.03585749097791746
rtx 3080 ti 20 gb,2024.0,10240.0,760.3,1665.0,350.0,28.0,8.0,628.0,17049600.0,22395.37632996191,48574.35897435898,0.04451510333863275,3.367295829986474,3.3314383390085567,0.03585749097791746
rtx 3080 ti max q,2024.0,7424.0,384.0,1125.0,80.0,22.0,8.0,496.0,8352000.0,21693.506493506495,103111.11111111111,0.04426559356136821,3.1354942159291497,3.3314383390085567,-0.195944123079407
rtx 3080 ti mobile,2024.0,7424.0,512.0,1260.0,115.0,22.0,8.0,496.0,9354240.0,18234.385964912282,80640.0,0.04426559356136821,3.1354942159291497,3.3314383390085567,-0.195944123079407
rtx 3090 ti,2024.0,10752.0,1.01,1860.0,450.0,28.0,8.0,628.0,19998720.0,9949611.940298509,44343.05986696231,0.04451510333863275,3.367295829986474,3.3314383390085567,0.03585749097791746
rtx 4080,2024.0,9728.0,716.8,2505.0,320.0,45.0,5.0,379.0,24368640.0,33949.06659236556,75914.7663551402,0.11842105263157894,3.828641396489095,3.3314383390085567,0.4972030574805384
rtx 4090,2024.0,16384.0,1.01,2520.0,450.0,76.0,5.0,609.0,41287680.0,20541134.32835821,91546.9623059867,0.12459016393442623,4.343805421853684,3.3314383390085567,1.0123670828451274
h100 pcie 80 gb,2024.0,14592.0,2.04,1755.0,350.0,80.0,5.0,814.0,25608960.0,8424000.0,72960.0,0.09815950920245399,4.394449154672439,3.3314383390085567,1.0630108156638824
h100 sxm5 80 gb,2024.0,16896.0,3.36,1980.0,700.0,80.0,5.0,814.0,33454080.0,7672954.128440368,47723.36661911555,0.09815950920245399,4.394449154672439,3.3314383390085567,1.0630108156638824
l40,2024.0,18176.0,864.0,2490.0,300.0,76.0,5.0,609.0,45258240.0,52321.66473988439,150359.60132890366,0.12459016393442623,4.343805421853684,3.3314383390085567,1.0123670828451274
l40 cnx,2024.0,18176.0,864.0,2475.0,300.0,76.0,5.0,609.0,44985600.0,52006.473988439306,149453.82059800666,0.12459016393442623,4.343805421853684,3.3314383390085567,1.0123670828451274
l40g,2024.0,18176.0,864.0,2475.0,300.0,76.0,5.0,609.0,44985600.0,52006.473988439306,149453.82059800666,0.12459016393442623,4.343805421853684,3.3314383390085567,1.0123670828451274
l40s,2024.0,18176.0,864.0,2520.0,300.0,76.0,5.0,609.0,45803520.0,52952.046242774566,152171.16279069768,0.12459016393442623,4.343805421853684,3.3314383390085567,1.0123670828451274
rtx 6000 ada generation,2024.0,18176.0,960.0,2505.0,300.0,76.0,5.0,609.0,45530880.0,47378.64724245577,151265.38205980067,0.12459016393442623,4.343805421853684,3.3314383390085567,1.0123670828451274
rtx a1000 embedded,2024.0,2048.0,224.0,1140.0,35.0,8.0,8.0,200.0,2334720.0,10376.533333333333,64853.333333333336,0.03980099502487562,2.1972245773362196,3.3314383390085567,-1.1342137616723371
rtx a1000 mobile,2024.0,2048.0,176.0,1140.0,60.0,8.0,8.0,200.0,2334720.0,13190.50847457627,38274.098360655735,0.03980099502487562,2.1972245773362196,3.3314383390085567,-1.1342137616723371
rtx a1000 mobile 6 gb,2024.0,2560.0,132.0,1140.0,60.0,8.0,8.0,200.0,2918400.0,21942.85714285714,47842.62295081967,0.03980099502487562,2.1972245773362196,3.3314383390085567,-1.1342137616723371
rtx a2000 embedded,2024.0,2560.0,192.0,1177.0,35.0,8.0,8.0,200.0,3013120.0,15612.020725388602,83697.77777777778,0.03980099502487562,2.1972245773362196,3.3314383390085567,-1.1342137616723371
rtx a3000 mobile 12 gb,2024.0,4096.0,336.0,1440.0,115.0,17.0,8.0,392.0,5898240.0,17502.19584569733,50846.89655172414,0.043256997455470736,2.8903717578961645,3.3314383390085567,-0.44106658111239216
rtx a4500 embedded,2024.0,5888.0,384.0,1215.0,80.0,17.0,8.0,392.0,7153920.0,18581.61038961039,88320.0,0.043256997455470736,2.8903717578961645,3.3314383390085567,-0.44106658111239216
rtx a4500 max q,2024.0,5888.0,448.0,1215.0,80.0,17.0,8.0,392.0,7153920.0,15933.006681514476,88320.0,0.043256997455470736,2.8903717578961645,3.3314383390085567,-0.44106658111239216
rtx a4500 mobile,2024.0,5888.0,512.0,1500.0,140.0,17.0,8.0,392.0,8832000.0,17216.374269005846,62638.29787234042,0.043256997455470736,2.8903717578961645,3.3314383390085567,-0.44106658111239216
rtx a500 embedded,2024.0,2048.0,96.0,1335.0,20.0,8.0,8.0,200.0,2734080.0,28186.39175257732,130194.28571428571,0.03980099502487562,2.1972245773362196,3.3314383390085567,-1.1342137616723371
rtx a500 mobile,2024.0,2048.0,96.0,1537.0,30.0,8.0,8.0,200.0,3147776.0,32451.298969072166,101541.16129032258,0.03980099502487562,2.1972245773362196,3.3314383390085567,-1.1342137616723371
rtx a5500,2024.0,10240.0,768.0,1665.0,230.0,28.0,8.0,628.0,17049600.0,22171.13133940182,73807.79220779221,0.04451510333863275,3.367295829986474,3.3314383390085567,0.03585749097791746
rtx a5500 max q,2024.0,7424.0,448.0,1260.0,80.0,22.0,8.0,496.0,9354240.0,20833.496659242763,115484.44444444444,0.04426559356136821,3.1354942159291497,3.3314383390085567,-0.195944123079407
rtx a5500 mobile,2024.0,7424.0,512.0,1500.0,165.0,22.0,8.0,496.0,11136000.0,21707.602339181285,67084.3373493976,0.04426559356136821,3.1354942159291497,3.3314383390085567,-0.195944123079407
t550 mobile,2024.0,1024.0,96.0,1665.0,23.0,4.0,12.0,200.0,1704960.0,17576.907216494845,71040.0,0.01990049751243781,1.6094379124341003,3.3314383390085567,-1.7220004265744564
rtx 4050 max q,2024.0,2560.0,192.0,1605.0,35.0,18.0,5.0,159.0,4108800.0,21289.119170984457,114133.33333333333,0.1125,2.9444389791664403,3.3314383390085567,-0.3869993598421164
rtx 4050 mobile,2024.0,2560.0,192.0,1755.0,50.0,18.0,5.0,159.0,4492800.0,23278.75647668394,88094.11764705883,0.1125,2.9444389791664403,3.3314383390085567,-0.3869993598421164
rtx 4060,2024.0,3072.0,272.0,2460.0,115.0,18.0,5.0,159.0,7557120.0,27681.75824175824,65147.58620689655,0.1125,2.9444389791664403,3.3314383390085567,-0.3869993598421164
rtx 4060 max q,2024.0,3072.0,256.0,1470.0,35.0,18.0,5.0,159.0,4515840.0,17571.36186770428,125440.0,0.1125,2.9444389791664403,3.3314383390085567,-0.3869993598421164
rtx 4060 mobile,2024.0,3072.0,256.0,1890.0,115.0,18.0,5.0,159.0,5806080.0,22591.750972762646,50052.41379310345,0.1125,2.9444389791664403,3.3314383390085567,-0.3869993598421164
rtx 4060 ti 16 gb,2024.0,4352.0,288.0,2535.0,165.0,22.0,5.0,188.0,11032320.0,38174.117647058825,66459.75903614458,0.1164021164021164,3.1354942159291497,3.3314383390085567,-0.195944123079407
rtx 4060 ti 8 gb,2024.0,4352.0,288.0,2535.0,160.0,22.0,5.0,188.0,11032320.0,38174.117647058825,68523.72670807454,0.1164021164021164,3.1354942159291497,3.3314383390085567,-0.195944123079407
rtx 4070,2024.0,5888.0,504.2,2475.0,200.0,35.0,5.0,294.0,14572800.0,28845.60570071259,72501.49253731343,0.11864406779661017,3.58351893845611,3.3314383390085567,0.25208059944755323
rtx 4070 max q,2024.0,4608.0,256.0,1230.0,35.0,22.0,5.0,188.0,5667840.0,22053.852140077823,157440.0,0.1164021164021164,3.1354942159291497,3.3314383390085567,-0.195944123079407
rtx 4070 mobile,2024.0,4608.0,256.0,1695.0,115.0,22.0,5.0,188.0,7810560.0,30391.284046692606,67332.41379310345,0.1164021164021164,3.1354942159291497,3.3314383390085567,-0.195944123079407
rtx 4070 ti,2024.0,7680.0,504.2,2610.0,285.0,35.0,5.0,294.0,20044800.0,39676.9596199525,70086.71328671329,0.11864406779661017,3.58351893845611,3.3314383390085567,0.25208059944755323
rtx 4080 max q,2024.0,7424.0,432.0,1350.0,60.0,35.0,5.0,294.0,10022400.0,23146.420323325634,164301.6393442623,0.11864406779661017,3.58351893845611,3.3314383390085567,0.25208059944755323
rtx 4080 mobile,2024.0,7424.0,432.0,1665.0,110.0,35.0,5.0,294.0,12360960.0,28547.251732101617,111360.0,0.11864406779661017,3.58351893845611,3.3314383390085567,0.25208059944755323
rtx 4090 d,2024.0,14592.0,1.01,2520.0,425.0,76.0,5.0,609.0,36771840.0,18294447.76119403,86318.87323943662,0.12459016393442623,4.343805421853684,3.3314383390085567,1.0123670828451274
rtx 4090 max q,2024.0,9728.0,576.0,1455.0,80.0,45.0,5.0,379.0,14154240.0,24530.745233968802,174743.7037037037,0.11842105263157894,3.828641396489095,3.3314383390085567,0.4972030574805384
rtx 4090 mobile,2024.0,9728.0,576.0,1695.0,120.0,45.0,5.0,379.0,16488960.0,28577.053726169845,136272.39669421487,0.11842105263157894,3.828641396489095,3.3314383390085567,0.4972030574805384
h100 cnx,2024.0,14592.0,2.04,1845.0,350.0,80.0,5.0,814.0,26922240.0,8856000.0,76701.53846153847,0.09815950920245399,4.394449154672439,3.3314383390085567,1.0630108156638824
h100 nvl 94 gb,2024.0,16896.0,3.94,1785.0,400.0,80.0,5.0,814.0,30159360.0,6105133.603238867,75210.3740648379,0.09815950920245399,4.394449154672439,3.3314383390085567,1.0630108156638824
h100 pcie 96 gb,2024.0,16896.0,3.36,1837.0,700.0,80.0,5.0,814.0,31037952.0,7118796.33027523,44276.6790299572,0.09815950920245399,4.394449154672439,3.3314383390085567,1.0630108156638824
h100 sxm5 64 gb,2024.0,16896.0,2.02,1980.0,700.0,80.0,5.0,814.0,33454080.0,11077509.933774834,47723.36661911555,0.09815950920245399,4.394449154672439,3.3314383390085567,1.0630108156638824
h100 sxm5 94 gb,2024.0,16896.0,3.36,1980.0,700.0,80.0,5.0,814.0,33454080.0,7672954.128440368,47723.36661911555,0.09815950920245399,4.394449154672439,3.3314383390085567,1.0630108156638824
h100 sxm5 96 gb,2024.0,16896.0,3.36,1980.0,700.0,80.0,5.0,814.0,33454080.0,7672954.128440368,47723.36661911555,0.09815950920245399,4.394449154672439,3.3314383390085567,1.0630108156638824
h800 pcie 80 gb,2024.0,14592.0,2.04,1755.0,350.0,80.0,5.0,814.0,25608960.0,8424000.0,72960.0,0.09815950920245399,4.394449154672439,3.3314383390085567,1.0630108156638824
h800 sxm5,2024.0,16896.0,3.36,1755.0,700.0,80.0,5.0,814.0,29652480.0,6801027.522935781,42300.256776034235,0.09815950920245399,4.394449154672439,3.3314383390085567,1.0630108156638824
jetson agx orin 32 gb,2024.0,1792.0,204.8,1250.0,40.0,29.0,8.0,200.0,2240000.0,10884.353741496598,54634.14634146341,0.14427860696517414,3.4011973816621555,3.3314383390085567,0.06975904265359878
jetson agx orin 64 gb,2024.0,2048.0,204.8,1250.0,60.0,29.0,8.0,200.0,2560000.0,12439.261418853255,41967.2131147541,0.14427860696517414,3.4011973816621555,3.3314383390085567,0.06975904265359878
jetson orin nano 4 gb,2024.0,512.0,34.11,1250.0,10.0,29.0,8.0,200.0,640000.0,18228.424950156652,58181.818181818184,0.14427860696517414,3.4011973816621555,3.3314383390085567,0.06975904265359878
jetson orin nano 8 gb,2024.0,1024.0,68.22,1250.0,15.0,29.0,8.0,200.0,1280000.0,18491.76538572667,80000.0,0.14427860696517414,3.4011973816621555,3.3314383390085567,0.06975904265359878
jetson orin nx 16 gb,2024.0,1024.0,102.4,1250.0,25.0,29.0,8.0,200.0,1280000.0,12379.110251450677,49230.769230769234,0.14427860696517414,3.4011973816621555,3.3314383390085567,0.06975904265359878
jetson orin nx 8 gb,2024.0,1024.0,102.4,1250.0,20.0,29.0,8.0,200.0,1280000.0,12379.110251450677,60952.380952380954,0.14427860696517414,3.4011973816621555,3.3314383390085567,0.06975904265359878
l20,2024.0,11776.0,864.0,2520.0,275.0,76.0,5.0,609.0,29675520.0,34306.95953757226,107520.0,0.12459016393442623,4.343805421853684,3.3314383390085567,1.0123670828451274
l4,2024.0,7424.0,300.1,2040.0,72.0,35.0,5.0,294.0,15144960.0,50298.77117236798,207465.20547945207,0.11864406779661017,3.58351893845611,3.3314383390085567,0.25208059944755323
rtx 2000 embedded ada generation,2024.0,3072.0,256.0,2010.0,50.0,18.0,5.0,159.0,6174720.0,24026.147859922177,121072.94117647059,0.1125,2.9444389791664403,3.3314383390085567,-0.3869993598421164
rtx 2000 max q ada generation,2024.0,3072.0,256.0,1455.0,35.0,18.0,5.0,159.0,4469760.0,17392.06225680934,124160.0,0.1125,2.9444389791664403,3.3314383390085567,-0.3869993598421164
rtx 2000 mobile ada generation,2024.0,3072.0,256.0,2115.0,50.0,18.0,5.0,159.0,6497280.0,25281.24513618677,127397.64705882352,0.1125,2.9444389791664403,3.3314383390085567,-0.3869993598421164
rtx 3000 mobile ada generation,2024.0,4608.0,256.0,1695.0,115.0,22.0,5.0,188.0,7810560.0,30391.284046692606,67332.41379310345,0.1164021164021164,3.1354942159291497,3.3314383390085567,-0.195944123079407
rtx 3500 embedded ada generation,2024.0,5120.0,432.0,2250.0,100.0,35.0,5.0,294.0,11520000.0,26605.080831408777,114059.40594059406,0.11864406779661017,3.58351893845611,3.3314383390085567,0.25208059944755323
rtx 3500 mobile ada generation,2024.0,5120.0,432.0,1545.0,100.0,35.0,5.0,294.0,7910400.0,18268.822170900694,78320.79207920792,0.11864406779661017,3.58351893845611,3.3314383390085567,0.25208059944755323
rtx 4000 ada generation,2024.0,6144.0,360.0,2175.0,130.0,35.0,5.0,294.0,13363200.0,37017.174515235456,102009.16030534351,0.11864406779661017,3.58351893845611,3.3314383390085567,0.25208059944755323
rtx 4000 mobile ada generation,2024.0,7424.0,432.0,1665.0,110.0,35.0,5.0,294.0,12360960.0,28547.251732101617,111360.0,0.11864406779661017,3.58351893845611,3.3314383390085567,0.25208059944755323
rtx 4000 sff ada generation,2024.0,6144.0,280.0,1560.0,70.0,35.0,5.0,294.0,9584640.0,34109.039145907474,134994.9295774648,0.11864406779661017,3.58351893845611,3.3314383390085567,0.25208059944755323
rtx 4500 ada generation,2024.0,7680.0,432.0,2580.0,210.0,45.0,5.0,379.0,19814400.0,45760.7390300231,93907.10900473934,0.11842105263157894,3.828641396489095,3.3314383390085567,0.4972030574805384
rtx 5000 ada generation,2024.0,12800.0,576.0,2550.0,250.0,76.0,5.0,609.0,32640000.0,56568.4575389948,130039.8406374502,0.12459016393442623,4.343805421853684,3.3314383390085567,1.0123670828451274
rtx 5000 embedded ada generation,2024.0,9728.0,576.0,1680.0,120.0,45.0,5.0,379.0,16343040.0,28324.15944540728,135066.44628099175,0.11842105263157894,3.828641396489095,3.3314383390085567,0.4972030574805384
rtx 5000 embedded ada generation x2,2024.0,9728.0,576.0,1680.0,150.0,45.0,5.0,379.0,16343040.0,28324.15944540728,108232.05298013244,0.11842105263157894,3.828641396489095,3.3314383390085567,0.4972030574805384
rtx 5000 max q ada generation,2024.0,9728.0,576.0,1680.0,120.0,45.0,5.0,379.0,16343040.0,28324.15944540728,135066.44628099175,0.11842105263157894,3.828641396489095,3.3314383390085567,0.4972030574805384
rtx 5000 mobile ada generation,2024.0,9728.0,576.0,2115.0,120.0,45.0,5.0,379.0,20574720.0,35658.09358752167,170039.0082644628,0.11842105263157894,3.828641396489095,3.3314383390085567,0.4972030574805384
b100,2024.0,16896.0,4.1,1837.0,1000.0,104.0,5.0,154.0,31037952.0,6085872.941176471,31006.945054945056,0.6709677419354839,4.653960350157523,3.3314383390085567,1.3225220111489664
b200 sxm 192 gb,2024.0,16896.0,4.1,1837.0,1000.0,104.0,5.0,154.0,31037952.0,6085872.941176471,31006.945054945056,0.6709677419354839,4.653960350157523,3.3314383390085567,1.3225220111489664
rtx 3050 6 gb,2024.05,2304.0,168.0,1470.0,70.0,8.0,8.0,200.0,3386880.0,20040.710059171597,47702.535211267605,0.03980099502487562,2.1972245773362196,3.3291944337917414,-1.1319698564555218
rtx 3050 a mobile,2024.1,1792.0,192.0,1343.0,45.0,12.0,8.0,276.0,2406656.0,12469.720207253886,52318.608695652176,0.04332129963898917,2.5649493574615367,3.326950528574926,-0.7620011711133894
rtx 4010,2024.15,768.0,96.0,1762.0,50.0,8.0,8.0,200.0,1353216.0,13950.680412371134,26533.647058823528,0.03980099502487562,2.1972245773362196,3.3247066233580966,-1.127482046021877
rtx 4060 ad106,2024.2,3072.0,272.0,2460.0,115.0,22.0,5.0,188.0,7557120.0,27681.75824175824,65147.58620689655,0.1164021164021164,3.1354942159291497,3.322462718141267,-0.18696850221211747
rtx 4060 ti ad104,2024.25,4352.0,288.0,2535.0,160.0,35.0,5.0,294.0,11032320.0,38174.117647058825,68523.72670807454,0.11864406779661017,3.58351893845611,3.320218812924452,0.26330012553165805
rtx 4070 ad103,2024.3,5888.0,504.2,2475.0,200.0,45.0,5.0,379.0,14572800.0,28845.60570071259,72501.49253731343,0.11842105263157894,3.828641396489095,3.3179749077076224,0.5106664887814727
rtx 4070 gddr6,2024.35,5888.0,480.0,2475.0,200.0,35.0,5.0,294.0,14572800.0,30296.8814968815,72501.49253731343,0.11864406779661017,3.58351893845611,3.315731002490807,0.2677879359653028
rtx 4070 super,2024.4,7168.0,504.2,2475.0,220.0,35.0,5.0,294.0,17740800.0,35116.38954869359,80275.11312217194,0.11864406779661017,3.58351893845611,3.3134870972739776,0.2700318411821323
rtx 4070 ti super,2024.45,8448.0,672.3,2610.0,285.0,45.0,5.0,379.0,22049280.0,32748.076637457303,77095.38461538461,0.11842105263157894,3.828641396489095,3.3112431920571623,0.5173982044319327
rtx 4070 ti super ad102,2024.5,8448.0,672.3,2610.0,285.0,76.0,5.0,609.0,22049280.0,32748.076637457303,77095.38461538461,0.12459016393442623,4.343805421853684,3.308999286840333,1.0348061350133513
rtx 4080 super,2024.55,10240.0,736.3,2550.0,320.0,45.0,5.0,379.0,26112000.0,35415.70595415706,81345.79439252337,0.11842105263157894,3.828641396489095,3.3067553816235176,0.5218860148655775
h200 nvl,2024.6,16896.0,4.89,1785.0,600.0,80.0,5.0,814.0,30159360.0,5120434.634974534,50181.96339434276,0.09815950920245399,4.394449154672439,3.3045114764067023,1.0899376782657368
h200 sxm 141 gb,2024.65,16896.0,4.89,1980.0,700.0,80.0,5.0,814.0,33454080.0,5679809.847198642,47723.36661911555,0.09815950920245399,4.394449154672439,3.3022675711898586,1.0921815834825805
rtx 1000 mobile ada generation,2024.7,2560.0,192.0,2025.0,35.0,18.0,5.0,159.0,5184000.0,26860.103626943004,144000.0,0.1125,2.9444389791664403,3.3000236659730433,-0.35558468680660305
rtx 2000 ada generation,2024.75,2816.0,256.0,2130.0,70.0,18.0,5.0,159.0,5998080.0,23338.8326848249,84480.0,0.1125,2.9444389791664403,3.297779760756228,-0.35334078158978777
rtx 500 mobile ada generation,2024.8,2048.0,128.0,2025.0,35.0,18.0,5.0,159.0,4147200.0,32148.837209302324,115200.0,0.1125,2.9444389791664403,3.2955358555393985,-0.3510968763729583
rtx 5880 ada generation,2024.85,14080.0,864.0,2460.0,285.0,76.0,5.0,609.0,34636800.0,40042.543352601155,121107.69230769231,0.12459016393442623,4.343805421853684,3.2932919503225833,1.0505134715311009
rtx a1000,2024.9,2304.0,192.0,1462.0,50.0,8.0,8.0,200.0,3368448.0,17453.098445595853,66048.0,0.03980099502487562,2.1972245773362196,3.2910480451057538,-1.0938234677695342
rtx a400,2024.95,768.0,96.0,1762.0,50.0,8.0,8.0,200.0,1353216.0,13950.680412371134,26533.647058823528,0.03980099502487562,2.1972245773362196,3.2888041398889243,-1.0915795625527047
gb10,2025.0,6144.0,273.2,2525.0,50.0,29.0,3.0,154.0,15513600.0,56577.68052516411,304188.23529411765,0.1870967741935484,3.4011973816621555,3.286560234672109,0.11463714699004646
rtx 5050,2025.0,2560.0,320.0,2572.0,130.0,16.0,5.0,149.0,6584320.0,20511.90031152648,50261.98473282443,0.10666666666666667,2.833213344056216,3.286560234672109,-0.45334689061589284
rtx 5050 mobile,2025.0,2560.0,384.0,1500.0,50.0,16.0,5.0,149.0,3840000.0,9974.025974025973,75294.11764705883,0.10666666666666667,2.833213344056216,3.286560234672109,-0.45334689061589284
rtx 5060,2025.0,3840.0,448.0,2497.0,145.0,21.0,5.0,181.0,9588480.0,21355.18930957684,65674.52054794521,0.11538461538461539,3.091042453358316,3.286560234672109,-0.19551778131379294
rtx 5060 mobile,2025.0,3328.0,384.0,1455.0,45.0,21.0,5.0,181.0,4842240.0,12577.246753246753,105266.08695652174,0.11538461538461539,3.091042453358316,3.286560234672109,-0.19551778131379294
rtx 5060 ti 16 gb,2025.0,4608.0,448.0,2572.0,180.0,21.0,5.0,181.0,11851776.0,26395.93763919822,65479.42541436464,0.11538461538461539,3.091042453358316,3.286560234672109,-0.19551778131379294
rtx 5060 ti 8 gb,2025.0,4608.0,448.0,2572.0,180.0,21.0,5.0,181.0,11851776.0,26395.93763919822,65479.42541436464,0.11538461538461539,3.091042453358316,3.286560234672109,-0.19551778131379294
rtx 5070,2025.0,6144.0,672.0,2512.0,250.0,31.0,5.0,263.0,15433728.0,22932.73105497771,61488.95617529881,0.11742424242424243,3.4657359027997265,3.286560234672109,0.17917566812761754
rtx 5070 mobile,2025.0,4608.0,384.0,1425.0,50.0,21.0,5.0,181.0,6566400.0,17055.584415584417,128752.94117647059,0.11538461538461539,3.091042453358316,3.286560234672109,-0.19551778131379294
rtx 5070 ti,2025.0,8960.0,896.0,2452.0,300.0,45.0,5.0,378.0,21969920.0,24492.664437012263,72989.76744186046,0.11873350923482849,3.828641396489095,3.286560234672109,0.5420811618169861
rtx 5070 ti mobile,2025.0,5888.0,672.0,1447.0,60.0,31.0,5.0,263.0,8519936.0,12659.637444279346,139671.0819672131,0.11742424242424243,3.4657359027997265,3.286560234672109,0.17917566812761754
rtx 5080,2025.0,10752.0,960.0,2617.0,360.0,45.0,5.0,378.0,28137984.0,29279.900104058273,77944.5540166205,0.11873350923482849,3.828641396489095,3.286560234672109,0.5420811618169861
rtx 5080 mobile,2025.0,7680.0,896.0,1500.0,80.0,45.0,5.0,378.0,11520000.0,12842.809364548495,142222.22222222222,0.11873350923482849,3.828641396489095,3.286560234672109,0.5420811618169861
rtx 5090,2025.0,21760.0,1.79,2407.0,575.0,92.0,5.0,750.0,52376320.0,18772874.551971328,90931.11111111111,0.12250332889480692,4.532599493153256,3.286560234672109,1.2460392584811473
rtx 5090 d,2025.0,21760.0,1.79,2407.0,575.0,92.0,5.0,750.0,52376320.0,18772874.551971328,90931.11111111111,0.12250332889480692,4.532599493153256,3.286560234672109,1.2460392584811473
rtx 5090 d v2,2025.0,21760.0,1.34,2407.0,575.0,92.0,5.0,750.0,52376320.0,22383042.735042736,90931.11111111111,0.12250332889480692,4.532599493153256,3.286560234672109,1.2460392584811473
rtx 5090 mobile,2025.0,10496.0,896.0,1515.0,95.0,45.0,5.0,378.0,15901440.0,17727.357859531774,165640.0,0.11873350923482849,3.828641396489095,3.286560234672109,0.5420811618169861
jetson t4000,2025.0,1536.0,273.2,2525.0,40.0,29.0,3.0,154.0,3878400.0,14144.420131291028,94595.12195121951,0.1870967741935484,3.4011973816621555,3.286560234672109,0.11463714699004646
jetson t5000,2025.0,2560.0,273.2,2525.0,40.0,29.0,3.0,154.0,6464000.0,23574.033552151715,157658.53658536586,0.1870967741935484,3.4011973816621555,3.286560234672109,0.11463714699004646
rtx pro 2000 blackwell,2025.0,4352.0,288.0,1957.0,70.0,21.0,5.0,181.0,8516864.0,29470.117647058825,119955.8309859155,0.11538461538461539,3.091042453358316,3.286560234672109,-0.19551778131379294
rtx pro 4000 blackwell,2025.0,8960.0,672.0,2055.0,140.0,45.0,5.0,378.0,18412800.0,27359.2867756315,130587.23404255319,0.11873350923482849,3.828641396489095,3.286560234672109,0.5420811618169861
rtx pro 4000 blackwell sff,2025.0,8960.0,432.0,1432.0,70.0,45.0,5.0,378.0,12830720.0,29632.147806004617,180714.3661971831,0.11873350923482849,3.828641396489095,3.286560234672109,0.5420811618169861
rtx pro 4500 blackwell,2025.0,10496.0,896.0,2407.0,200.0,45.0,5.0,378.0,25263872.0,28164.851727982164,125690.90547263682,0.11873350923482849,3.828641396489095,3.286560234672109,0.5420811618169861
rtx pro 5000 72 gb blackwell,2025.0,14080.0,1.34,2377.0,300.0,92.0,5.0,750.0,33468160.0,14302632.47863248,111189.90033222591,0.12250332889480692,4.532599493153256,3.286560234672109,1.2460392584811473
rtx pro 5000 blackwell,2025.0,14080.0,1.34,2377.0,300.0,92.0,5.0,750.0,33468160.0,14302632.47863248,111189.90033222591,0.12250332889480692,4.532599493153256,3.286560234672109,1.2460392584811473
rtx pro 6000 blackwell,2025.0,24064.0,1.79,2617.0,600.0,92.0,5.0,750.0,62975488.0,22571859.498207886,104784.50582362729,0.12250332889480692,4.532599493153256,3.286560234672109,1.2460392584811473
rtx pro 6000 blackwell max q,2025.0,24064.0,1.79,2280.0,300.0,92.0,5.0,750.0,54865920.0,19665204.30107527,182278.80398671096,0.12250332889480692,4.532599493153256,3.286560234672109,1.2460392584811473
rtx pro 6000 blackwell server,2025.0,24064.0,1.79,2617.0,600.0,92.0,5.0,750.0,62975488.0,22571859.498207886,104784.50582362729,0.12250332889480692,4.532599493153256,3.286560234672109,1.2460392584811473
rtx pro 6000d blackwell,2025.0,24064.0,1.79,2617.0,600.0,92.0,5.0,750.0,62975488.0,22571859.498207886,104784.50582362729,0.12250332889480692,4.532599493153256,3.286560234672109,1.2460392584811473
rtx pro 6000d blackwell max q,2025.0,24064.0,1.79,2288.0,300.0,92.0,5.0,750.0,55058432.0,19734205.017921146,182918.37873754153,0.12250332889480692,4.532599493153256,3.286560234672109,1.2460392584811473
switch 2 gpu,2025.0,1536.0,102.4,1400.0,40.0,29.0,8.0,200.0,2150400.0,20796.905222437137,52448.78048780488,0.14427860696517414,3.4011973816621555,3.286560234672109,0.11463714699004646
rtx 5070 super,2019.75,6400.0,672.0,2512.0,275.0,31.0,5.0,263.0,16076800.0,23888.261515601782,58249.27536231884,0.11742424242424243,3.4657359027997265,3.5221702824384806,-0.056434379638754084
rtx 5070 ti super,2014.5,8960.0,896.0,2452.0,350.0,45.0,5.0,378.0,21969920.0,24492.664437012263,62592.364672364674,0.11873350923482849,3.828641396489095,3.7577803302048522,0.07086106628424282
rtx 5080 super,2009.25,10752.0,1.02,2617.0,415.0,45.0,5.0,378.0,28137984.0,13929695.04950495,67639.38461538461,0.11873350923482849,3.828641396489095,3.993390377971224,-0.1647489814821288
gammachrome s18 ce,2004.0,480.0,9.6,1250.0,50.0,29.0,130.0,154.0,600000.0,56603.77358490566,11764.70588235294,0.1870967741935484,3.4011973816621555,4.22900042573761,-0.8278030440754542
gammachrome s18 pro,2004.0,480.0,11.2,1250.0,50.0,29.0,130.0,154.0,600000.0,49180.32786885246,11764.70588235294,0.1870967741935484,3.4011973816621555,4.22900042573761,-0.8278030440754542
graphics chrome 430 gt,2008.0,32.0,8.0,1250.0,100.0,196.0,65.0,85.0,40000.0,4444.444444444444,396.03960396039605,2.2790697674418605,5.2832037287379885,4.049488008391791,1.233715720346198
graphics chrome 440 gtx,2008.0,32.0,12.8,1250.0,131.0,196.0,65.0,85.0,40000.0,2898.550724637681,303.030303030303,2.2790697674418605,5.2832037287379885,4.049488008391791,1.233715720346198
graphics chrome 530 gt,2008.5,32.0,8.0,1250.0,100.0,29.0,65.0,154.0,40000.0,4444.444444444444,396.03960396039605,0.1870967741935484,3.4011973816621555,4.027048956223567,-0.6258515745614113
graphics chrome 540 gtx,2009.0,32.0,13.6,1250.0,131.0,29.0,65.0,154.0,40000.0,2739.72602739726,303.030303030303,0.1870967741935484,3.4011973816621555,4.004609904055343,-0.6034125223931874
playstation portable gpu 90nm,2009.0,480.0,5.312,1250.0,4.0,29.0,90.0,83.0,600000.0,95057.03422053231,120000.0,0.34523809523809523,3.4011973816621555,4.004609904055343,-0.6034125223931874
playstation 2 gpu 90nm,2009.0,480.0,48.0,1250.0,45.0,54.0,90.0,86.0,600000.0,12244.897959183674,13043.478260869566,0.6206896551724138,4.007333185232471,4.004609904055343,0.0027232811771282783
playstation 2 gpu 65nm,2009.0,480.0,48.0,1250.0,45.0,54.0,65.0,60.0,600000.0,12244.897959183674,13043.478260869566,0.8852459016393442,4.007333185232471,4.004609904055343,0.0027232811771282783
playstation portable gpu 65nm,2009.0,480.0,5.312,1250.0,4.0,29.0,65.0,154.0,600000.0,95057.03422053231,120000.0,0.1870967741935484,3.4011973816621555,4.004609904055343,-0.6034125223931874
playstation vita gpu,2009.0,480.0,3.2,1250.0,4.0,29.0,32.0,6.0,600000.0,142857.14285714284,120000.0,4.142857142857143,3.4011973816621555,4.004609904055343,-0.6034125223931874
s3g chrome 640,2009.0,64.0,40.0,1250.0,9.0,29.0,40.0,76.0,80000.0,1951.219512195122,8000.0,0.37662337662337664,3.4011973816621555,4.004609904055343,-0.6034125223931874
s3g chrome 645,2009.0,64.0,40.0,1250.0,9.0,29.0,40.0,76.0,80000.0,1951.219512195122,8000.0,0.37662337662337664,3.4011973816621555,4.004609904055343,-0.6034125223931874
volari 8300,2009.0,480.0,4.8,1250.0,50.0,90.0,130.0,154.0,600000.0,103448.27586206897,11764.70588235294,0.5806451612903226,4.51085950651685,4.004609904055343,0.5062496024615069
volari duo v5 ultra,2009.0,480.0,24.0,1250.0,50.0,90.0,130.0,154.0,600000.0,24000.0,11764.70588235294,0.5806451612903226,4.51085950651685,4.004609904055343,0.5062496024615069
volari duo v5 ultra,2009.0,480.0,32.0,1250.0,50.0,90.0,130.0,154.0,600000.0,18181.81818181818,11764.70588235294,0.5806451612903226,4.51085950651685,4.004609904055343,0.5062496024615069
volari duo v8 ultra,2009.0,480.0,16.0,1250.0,50.0,110.0,130.0,154.0,600000.0,35294.117647058825,11764.70588235294,0.7096774193548387,4.709530201312334,4.004609904055343,0.704920297256991
volari duo v8 ultra,2009.0,480.0,24.0,1250.0,50.0,110.0,130.0,154.0,600000.0,24000.0,11764.70588235294,0.7096774193548387,4.709530201312334,4.004609904055343,0.704920297256991
volari v3,2009.0,480.0,6.4,1250.0,50.0,25.0,130.0,154.0,600000.0,81081.08108108108,11764.70588235294,0.16129032258064516,3.258096538021482,4.004609904055343,-0.7465133660338608
volari v3 xt,2009.0,480.0,6.624,1250.0,50.0,25.0,130.0,154.0,600000.0,78698.84575026234,11764.70588235294,0.16129032258064516,3.258096538021482,4.004609904055343,-0.7465133660338608
volari v5,2009.0,480.0,14.4,1250.0,50.0,90.0,130.0,154.0,600000.0,38961.03896103896,11764.70588235294,0.5806451612903226,4.51085950651685,4.004609904055343,0.5062496024615069
volari v5,2009.0,480.0,10.4,1250.0,50.0,90.0,130.0,154.0,600000.0,52631.57894736842,11764.70588235294,0.5806451612903226,4.51085950651685,4.004609904055343,0.5062496024615069
volari v5 ultra,2009.0,480.0,12.0,1250.0,50.0,90.0,130.0,154.0,600000.0,46153.846153846156,11764.70588235294,0.5806451612903226,4.51085950651685,4.004609904055343,0.5062496024615069
volari v5 ultra,2009.0,480.0,16.0,1250.0,50.0,90.0,130.0,154.0,600000.0,35294.117647058825,11764.70588235294,0.5806451612903226,4.51085950651685,4.004609904055343,0.5062496024615069
volari v8,2009.0,480.0,10.4,1250.0,50.0,110.0,130.0,154.0,600000.0,52631.57894736842,11764.70588235294,0.7096774193548387,4.709530201312334,4.004609904055343,0.704920297256991
volari v8,2009.0,480.0,14.4,1250.0,50.0,110.0,130.0,154.0,600000.0,38961.03896103896,11764.70588235294,0.7096774193548387,4.709530201312334,4.004609904055343,0.704920297256991
volari v8 ultra,2009.0,480.0,16.0,1250.0,50.0,110.0,130.0,154.0,600000.0,35294.117647058825,11764.70588235294,0.7096774193548387,4.709530201312334,4.004609904055343,0.704920297256991
volari v8 ultra,2009.0,480.0,12.0,1250.0,50.0,110.0,130.0,154.0,600000.0,46153.846153846156,11764.70588235294,0.7096774193548387,4.709530201312334,4.004609904055343,0.704920297256991
