gpu_name,year,shader_cores,memory_bandwidth,boost_clock,tdp,transistors,process_nm,die_size,compute_index,memory_pressure_ratio,perf_per_watt,transistor_density,log_transistors,expected_log_transistors,moore_deviation,matched_name,gpuName,benchmark_score,G2Dmark,price,gpuValue,TDP,powerPerformance,testDate,category
ega wonder 800,2024.0,480.0,32.0,1250.0,50.0,29.0,800.0,90.0,600000.0,18181.81818181818,11764.70588235294,0.3186813186813186,3.4011973816621555,3.3314383390085567,-0.0763091822886132,all in wonder 9800,all in wonder 9800,23.0,139.0,,,,,2011.0,Unknown
ega wonder 480,2024.0,480.0,32.0,1250.0,50.0,29.0,800.0,90.0,600000.0,18181.81818181818,11764.70588235294,0.3186813186813186,3.4011973816621555,3.3314383390085567,-0.0763091822886132,all in wonder 9800,all in wonder 9800,23.0,139.0,,,,,2011.0,Unknown
ega wonder 800,2024.0,480.0,32.0,1250.0,50.0,29.0,800.0,90.0,600000.0,18181.81818181818,11764.70588235294,0.3186813186813186,3.4011973816621555,3.3314383390085567,-0.0763091822886132,all in wonder 9800,all in wonder 9800,23.0,139.0,,,,,2011.0,Unknown
8514 ultra,2024.0,480.0,40.0,1250.0,50.0,29.0,800.0,90.0,600000.0,14634.146341463416,11764.70588235294,0.3186813186813186,3.4011973816621555,3.3314383390085567,-0.0763091822886132,2 ultra,2 ultra,6.0,147.0,,,,,2009.0,Desktop
vga wonder xl24,2024.0,480.0,40.0,1250.0,50.0,29.0,800.0,90.0,600000.0,14634.146341463416,11764.70588235294,0.3186813186813186,3.4011973816621555,3.3314383390085567,-0.0763091822886132,all in wonder x1800xl,all in wonder x1800xl,30.0,283.0,,,,,2011.0,Unknown
nv1,2024.0,480.0,480.0,1250.0,2.0,1.0,500.0,135.0,600000.0,1247.4012474012477,200000.0,0.0073529411764705,0.6931471805599453,3.3314383390085567,-0.0763091822886132,nvs 810,nvs 810,1141.0,313.0,624.99,1.83,,,2016.0,Unknown
stg 2000,2024.0,480.0,400.0,1250.0,2.0,1.0,500.0,135.0,600000.0,1496.2593516209477,200000.0,0.0073529411764705,0.6931471805599453,3.3314383390085567,-0.0763091822886132,rtx a2000,rtx a2000,13128.0,928.0,845.99,15.52,,,2021.0,Unknown
all in wonder 3d rage ii dvd,2024.0,480.0,664.0,1250.0,50.0,5.0,500.0,86.0,600000.0,902.2556390977444,11764.70588235294,0.057471264367816,1.791759469228055,3.3314383390085567,-0.0763091822886132,all in wonder 8500dv,all in wonder 8500dv,6.0,128.0,,,,,2010.0,Unknown
3d rage pro agp,2024.0,480.0,600.0,1250.0,50.0,8.0,350.0,47.0,600000.0,998.3361064891848,11764.70588235294,0.1666666666666666,2.19722457733622,3.3314383390085567,-0.0763091822886132,hd 2600 pro agp,hd 2600 pro agp,110.0,137.0,,,,,2011.0,Unknown
3d rage pro agp 2x,2024.0,480.0,600.0,1250.0,50.0,8.0,350.0,47.0,600000.0,998.3361064891848,11764.70588235294,0.1666666666666666,2.19722457733622,3.3314383390085567,-0.0763091822886132,rage 128 pro agp 4x tmds,rage 128 pro agp 4x tmds,1.0,142.0,,,,,2009.0,Unknown
rage lt pro agp,2024.0,480.0,800.0,1250.0,50.0,1.0,500.0,90.0,600000.0,749.0636704119851,11764.70588235294,0.0109890109890109,0.6931471805599453,3.3314383390085567,-0.0763091822886132,rage 128 pro agp 4x tmds,rage 128 pro agp 4x tmds,1.0,142.0,,,,,2009.0,Unknown
rage lt pro agp,2024.0,480.0,800.0,1250.0,50.0,1.0,500.0,90.0,600000.0,749.0636704119851,11764.70588235294,0.0109890109890109,0.6931471805599453,3.3314383390085567,-0.0763091822886132,rage 128 pro agp 4x tmds,rage 128 pro agp 4x tmds,1.0,142.0,,,,,2009.0,Unknown
riva 128,2024.0,480.0,1.6,1250.0,4.0,4.0,350.0,71.0,600000.0,230769.23076923075,120000.0,0.0555555555555555,1.6094379124341005,3.3314383390085567,-0.0763091822886132,rage 128 pro,rage 128 pro,1.0,40.0,,,,,2009.0,Unknown
riva 128 pci,2024.0,480.0,1.6,1250.0,4.0,4.0,350.0,71.0,600000.0,230769.23076923075,120000.0,0.0555555555555555,1.6094379124341005,3.3314383390085567,-0.0763091822886132,rage 128 pro,rage 128 pro,1.0,40.0,,,,,2009.0,Unknown
6326 agp,2024.0,480.0,720.0,1250.0,50.0,29.0,350.0,154.0,600000.0,832.1775312066575,11764.70588235294,0.1870967741935484,3.4011973816621555,3.3314383390085567,-0.0763091822886132,hd 3650 agp,hd 3650 agp,150.0,155.0,185.0,0.81,,,2011.0,Unknown
rage 128 gl,2024.0,480.0,960.0,1250.0,50.0,8.0,250.0,89.0,600000.0,624.3496357960457,11764.70588235294,0.0888888888888888,2.19722457733622,3.3314383390085567,-0.0763091822886132,rage 128 pro,rage 128 pro,1.0,40.0,,,,,2009.0,Unknown
rage 128 gl pci,2024.0,480.0,1.648,1250.0,50.0,8.0,250.0,89.0,600000.0,226586.10271903325,11764.70588235294,0.0888888888888888,2.19722457733622,3.3314383390085567,-0.0763091822886132,rage 128 pro,rage 128 pro,1.0,40.0,,,,,2009.0,Unknown
rage 128 pro ultra gl,2024.0,480.0,2.08,1250.0,50.0,8.0,250.0,89.0,600000.0,194805.1948051948,11764.70588235294,0.0888888888888888,2.19722457733622,3.3314383390085567,-0.0763091822886132,rage 128 pro,rage 128 pro,1.0,40.0,,,,,2009.0,Unknown
rage 128 vr agp,2024.0,480.0,2.0,1250.0,50.0,8.0,250.0,89.0,600000.0,200000.0,11764.70588235294,0.0888888888888888,2.19722457733622,3.3314383390085567,-0.0763091822886132,rage 128 pro,rage 128 pro,1.0,40.0,,,,,2009.0,Unknown
rage 128 vr pci,2024.0,480.0,2.0,1250.0,50.0,8.0,250.0,89.0,600000.0,200000.0,11764.70588235294,0.0888888888888888,2.19722457733622,3.3314383390085567,-0.0763091822886132,rage 128 pro,rage 128 pro,1.0,40.0,,,,,2009.0,Unknown
rage xl pci,2024.0,480.0,664.0,1250.0,50.0,8.0,350.0,47.0,600000.0,902.2556390977444,11764.70588235294,0.1666666666666666,2.19722457733622,3.3314383390085567,-0.0763091822886132,rage 128 pro,rage 128 pro,1.0,40.0,,,,,2009.0,Unknown
i740,2024.0,480.0,800.0,1250.0,50.0,29.0,150.0,154.0,600000.0,749.0636704119851,11764.70588235294,0.1870967741935484,3.4011973816621555,3.3314383390085567,-0.0763091822886132,r7 450,r7 450,1966.0,573.0,299.0,6.58,65.0,30.25,2016.0,Desktop
i740 graphics,2024.0,480.0,40.0,1250.0,50.0,29.0,150.0,154.0,600000.0,14634.146341463416,11764.70588235294,0.1870967741935484,3.4011973816621555,3.3314383390085567,-0.0763091822886132,hd 6320 graphic,hd 6320 graphic,216.0,159.0,,,,,2011.0,Unknown
i752 graphics,2024.0,480.0,40.0,1250.0,50.0,29.0,150.0,154.0,600000.0,14634.146341463416,11764.70588235294,0.1870967741935484,3.4011973816621555,3.3314383390085567,-0.0763091822886132,hd 6320 graphic,hd 6320 graphic,216.0,159.0,,,,,2011.0,Unknown
marvel g200,2024.0,480.0,896.0,1250.0,50.0,10.0,350.0,154.0,600000.0,668.8963210702341,11764.70588235294,0.064516129032258,2.3978952727983707,3.3314383390085567,-0.0763091822886132,matrox g200ew,matrox g200ew,40.0,107.0,,,,,2012.0,Unknown
riva tnt,2024.0,480.0,1.76,1250.0,50.0,7.0,350.0,128.0,600000.0,217391.3043478261,11764.70588235294,0.0542635658914728,2.079441541679836,3.3314383390085567,-0.0763091822886132,riva tnt2 tnt2 pro,riva tnt2 tnt2 pro,3.0,71.0,,,,,2009.0,Unknown
velocity 100,2024.0,480.0,2.288,1250.0,15.0,8.2,250.0,74.0,600000.0,182481.75182481756,37500.0,0.1093333333333333,2.2192034840549946,3.3314383390085567,-0.0763091822886132,mobility 4100,mobility 4100,81.0,265.0,,,,,2010.0,Unknown
voodoo3 2000 pci,2024.0,480.0,2.288,1250.0,15.0,8.2,250.0,74.0,600000.0,182481.75182481756,37500.0,0.1093333333333333,2.2192034840549946,3.3314383390085567,-0.0763091822886132,hd 2400 pci,hd 2400 pci,14.0,86.0,,,,,2009.0,Unknown
voodoo3 3500 tv agp,2024.0,480.0,2.928,1250.0,15.0,8.2,250.0,74.0,600000.0,152749.49083503056,37500.0,0.1093333333333333,2.2192034840549946,3.3314383390085567,-0.0763091822886132,hd 3850 agp,hd 3850 agp,432.0,92.0,,,75.0,5.76,2012.0,Desktop
all in wonder 128,2024.0,480.0,1.44,1250.0,50.0,8.0,250.0,89.0,600000.0,245901.6393442623,11764.70588235294,0.0888888888888888,2.19722457733622,3.3314383390085567,-0.0763091822886132,all in wonder 9800,all in wonder 9800,23.0,139.0,,,,,2011.0,Unknown
all in wonder 128 pci,2024.0,480.0,1.44,1250.0,50.0,8.0,250.0,89.0,600000.0,245901.6393442623,11764.70588235294,0.0888888888888888,2.19722457733622,3.3314383390085567,-0.0763091822886132,all in wonder 9800,all in wonder 9800,23.0,139.0,,,,,2011.0,Unknown
all in wonder 128 pro,2024.0,480.0,1.92,1250.0,50.0,8.0,250.0,98.0,600000.0,205479.45205479453,11764.70588235294,0.0808080808080808,2.19722457733622,3.3314383390085567,-0.0763091822886132,all in wonder 9800,all in wonder 9800,23.0,139.0,,,,,2011.0,Unknown
all in wonder 128 pro ultra,2024.0,480.0,2.144,1250.0,50.0,8.0,250.0,89.0,600000.0,190839.69465648851,11764.70588235294,0.0888888888888888,2.19722457733622,3.3314383390085567,-0.0763091822886132,all in wonder x800 gt,all in wonder x800 gt,84.0,186.0,,,,,2009.0,Unknown
fire gl1,2024.0,480.0,3.2,1250.0,50.0,29.0,250.0,154.0,600000.0,142857.14285714284,11764.70588235294,0.1870967741935484,3.4011973816621555,3.3314383390085567,-0.0763091822886132,firegl x1,firegl x1,59.0,167.0,,,,,2009.0,Unknown
rage 128 pro,2024.0,480.0,2.288,1250.0,50.0,8.0,250.0,98.0,600000.0,182481.75182481756,11764.70588235294,0.0808080808080808,2.19722457733622,3.3314383390085567,-0.0763091822886132,rage 128 pro,rage 128 pro,1.0,40.0,,,,,2009.0,Unknown
rage 128 pro ultra,2024.0,480.0,1.04,1250.0,50.0,8.0,250.0,98.0,600000.0,294117.64705882355,11764.70588235294,0.0808080808080808,2.19722457733622,3.3314383390085567,-0.0763091822886132,rage 128 pro,rage 128 pro,1.0,40.0,,,,,2009.0,Unknown
rage 128 ultra,2024.0,480.0,2.08,1250.0,50.0,8.0,250.0,98.0,600000.0,194805.1948051948,11764.70588235294,0.0808080808080808,2.19722457733622,3.3314383390085567,-0.0763091822886132,rage 128 pro,rage 128 pro,1.0,40.0,,,,,2009.0,Unknown
rage fury,2024.0,480.0,1.92,1250.0,50.0,8.0,250.0,98.0,600000.0,205479.45205479453,11764.70588235294,0.0808080808080808,2.19722457733622,3.3314383390085567,-0.0763091822886132,r9 fury,r9 fury,9551.0,791.0,443.1,21.56,,,2015.0,Unknown
rage fury maxx,2024.0,480.0,2.288,1250.0,50.0,8.0,250.0,98.0,600000.0,182481.75182481756,11764.70588235294,0.0808080808080808,2.19722457733622,3.3314383390085567,-0.0763091822886132,r9 fury x,r9 fury x,10088.0,875.0,,,,,2020.0,Unknown
rage mobility 128 agp 2x,2024.0,480.0,840.0,1250.0,50.0,8.0,250.0,70.0,600000.0,713.436385255648,11764.70588235294,0.1126760563380281,2.19722457733622,3.3314383390085567,-0.0763091822886132,mobility 9100 igp,mobility 9100 igp,3.0,128.0,,,,,2009.0,Unknown
rage mobility 128 agp 4x,2024.0,480.0,1.68,1250.0,50.0,8.0,250.0,70.0,600000.0,223880.59701492536,11764.70588235294,0.1126760563380281,2.19722457733622,3.3314383390085567,-0.0763091822886132,mobility 9100 igp,mobility 9100 igp,3.0,128.0,,,,,2009.0,Unknown
rage mobility cl,2024.0,480.0,560.0,1250.0,50.0,4.0,350.0,70.0,600000.0,1069.51871657754,11764.70588235294,0.056338028169014,1.6094379124341005,3.3314383390085567,-0.0763091822886132,mobility x700 xl,mobility x700 xl,60.0,189.0,,,,,2010.0,Unknown
rage mobility m,2024.0,480.0,560.0,1250.0,50.0,4.0,350.0,70.0,600000.0,1069.51871657754,11764.70588235294,0.056338028169014,1.6094379124341005,3.3314383390085567,-0.0763091822886132,mobility x700,mobility x700,67.0,200.0,,,,,2010.0,Mobile
rage mobility m1,2024.0,480.0,1.0,1250.0,50.0,8.0,250.0,70.0,600000.0,300000.0,11764.70588235294,0.1126760563380281,2.19722457733622,3.3314383390085567,-0.0763091822886132,mobility 4100,mobility 4100,81.0,265.0,,,,,2010.0,Unknown
rage mobility m3,2024.0,480.0,840.0,1250.0,50.0,8.0,250.0,70.0,600000.0,713.436385255648,11764.70588235294,0.1126760563380281,2.19722457733622,3.3314383390085567,-0.0763091822886132,mobility x300,mobility x300,34.0,204.0,,,,,2009.0,Mobile
rage mobility m4,2024.0,480.0,840.0,1250.0,50.0,8.0,250.0,70.0,600000.0,713.436385255648,11764.70588235294,0.1126760563380281,2.19722457733622,3.3314383390085567,-0.0763091822886132,mobility 4100,mobility 4100,81.0,265.0,,,,,2010.0,Unknown
rage mobility p,2024.0,480.0,560.0,1250.0,50.0,4.0,350.0,70.0,600000.0,1069.51871657754,11764.70588235294,0.056338028169014,1.6094379124341005,3.3314383390085567,-0.0763091822886132,mobility x700,mobility x700,67.0,200.0,,,,,2010.0,Mobile
rage xl pci,2024.0,480.0,332.0,1250.0,50.0,8.0,350.0,47.0,600000.0,1801.8018018018015,11764.70588235294,0.1666666666666666,2.19722457733622,3.3314383390085567,-0.0763091822886132,rage 128 pro,rage 128 pro,1.0,40.0,,,,,2009.0,Unknown
i810 graphics,2024.0,480.0,40.0,1250.0,50.0,29.0,150.0,154.0,600000.0,14634.146341463416,11764.70588235294,0.1870967741935484,3.4011973816621555,3.3314383390085567,-0.0763091822886132,hd 6320 graphic,hd 6320 graphic,216.0,159.0,,,,,2011.0,Unknown
256 ddr,2024.0,480.0,4.8,1250.0,50.0,17.0,220.0,139.0,600000.0,103448.27586206896,11764.70588235294,0.1214285714285714,2.8903717578961645,3.3314383390085567,-0.0763091822886132,256,256,5.0,201.0,42.04,0.12,,,2009.0,Unknown
256 sdr,2024.0,480.0,1.144,1250.0,50.0,17.0,220.0,139.0,600000.0,279850.7462686567,11764.70588235294,0.1214285714285714,2.8903717578961645,3.3314383390085567,-0.0763091822886132,256,256,5.0,201.0,42.04,0.12,,,2009.0,Unknown
quadro,2024.0,480.0,2.656,1250.0,50.0,17.0,220.0,139.0,600000.0,164113.78555798688,11764.70588235294,0.1214285714285714,2.8903717578961645,3.3314383390085567,-0.0763091822886132,quadro cx,quadro cx,947.0,454.0,149.95,6.32,,,2009.0,Unknown
riva tnt2,2024.0,480.0,2.4,1250.0,50.0,15.0,250.0,63.0,600000.0,176470.58823529413,11764.70588235294,0.234375,2.772588722239781,3.3314383390085567,-0.0763091822886132,riva tnt2 tnt2 pro,riva tnt2 tnt2 pro,3.0,71.0,,,,,2009.0,Unknown
riva tnt2 m64,2024.0,480.0,1.144,1250.0,50.0,15.0,250.0,63.0,600000.0,279850.7462686567,11764.70588235294,0.234375,2.772588722239781,3.3314383390085567,-0.0763091822886132,riva tnt2 tnt2 pro,riva tnt2 tnt2 pro,3.0,71.0,,,,,2009.0,Unknown
riva tnt2 m64 vanta,2024.0,480.0,1.064,1250.0,50.0,15.0,250.0,63.0,600000.0,290697.67441860464,11764.70588235294,0.234375,2.772588722239781,3.3314383390085567,-0.0763091822886132,riva tnt2 tnt2 pro,riva tnt2 tnt2 pro,3.0,71.0,,,,,2009.0,Unknown
riva tnt2 m64 vanta 16,2024.0,480.0,1.064,1250.0,50.0,15.0,250.0,63.0,600000.0,290697.67441860464,11764.70588235294,0.234375,2.772588722239781,3.3314383390085567,-0.0763091822886132,riva tnt2 tnt2 pro,riva tnt2 tnt2 pro,3.0,71.0,,,,,2009.0,Unknown
riva tnt2 pro,2024.0,480.0,2.672,1250.0,50.0,15.0,250.0,63.0,600000.0,163398.69281045752,11764.70588235294,0.234375,2.772588722239781,3.3314383390085567,-0.0763091822886132,riva tnt2 tnt2 pro,riva tnt2 tnt2 pro,3.0,71.0,,,,,2009.0,Unknown
riva tnt2 ultra,2024.0,480.0,2.928,1250.0,50.0,15.0,250.0,63.0,600000.0,152749.49083503056,11764.70588235294,0.234375,2.772588722239781,3.3314383390085567,-0.0763091822886132,riva tnt2 tnt2 pro,riva tnt2 tnt2 pro,3.0,71.0,,,,,2009.0,Unknown
300,2024.0,480.0,2.656,1250.0,50.0,29.0,250.0,154.0,600000.0,164113.78555798688,11764.70588235294,0.1870967741935484,3.4011973816621555,3.3314383390085567,-0.0763091822886132,9300,9300,127.0,385.0,59.0,2.15,,,2009.0,Unknown
voodoo4 4500 agp,2024.0,480.0,2.656,1250.0,15.0,14.0,250.0,112.0,600000.0,164113.78555798688,37500.0,0.1238938053097345,2.70805020110221,3.3314383390085567,-0.0763091822886132,hd 4650 agp,hd 4650 agp,208.0,156.0,,,,,2011.0,Unknown
voodoo4 4500 pci,2024.0,480.0,2.656,1250.0,15.0,14.0,250.0,112.0,600000.0,164113.78555798688,37500.0,0.1238938053097345,2.70805020110221,3.3314383390085567,-0.0763091822886132,hd 2400 pci,hd 2400 pci,14.0,86.0,,,,,2009.0,Unknown
all in wonder 7200,2024.0,480.0,5.312,1250.0,50.0,30.0,180.0,111.0,600000.0,95057.03422053232,11764.70588235294,0.2678571428571428,3.4339872044851463,3.3314383390085567,-0.0763091822886132,all in wonder 9800,all in wonder 9800,23.0,139.0,,,,,2011.0,Unknown
fire gl2,2024.0,480.0,7.68,1250.0,50.0,29.0,180.0,156.0,600000.0,69124.42396313364,11764.70588235294,0.1847133757961783,3.4011973816621555,3.3314383390085567,-0.0763091822886132,firegl x1,firegl x1,59.0,167.0,,,,,2009.0,Unknown
fire gl3,2024.0,480.0,8.0,1250.0,50.0,29.0,180.0,156.0,600000.0,66666.66666666667,11764.70588235294,0.1847133757961783,3.4011973816621555,3.3314383390085567,-0.0763091822886132,firegl x1,firegl x1,59.0,167.0,,,,,2009.0,Unknown
gamecube gpu,2024.0,480.0,1.296,1250.0,45.0,51.0,180.0,120.0,600000.0,261324.04181184663,13043.478260869566,0.4214876033057851,3.951243718581428,3.3314383390085567,-0.0763091822886132,gecube 7000,gecube 7000,9.0,144.0,,,,,2010.0,Unknown
7200,2024.0,480.0,5.312,1250.0,23.0,30.0,180.0,111.0,600000.0,95057.03422053232,25000.0,0.2678571428571428,3.4339872044851463,3.3314383390085567,-0.0763091822886132,7200,7200,3.0,94.0,599.99,0.0,,,2011.0,Unknown
7200,2024.0,480.0,2.288,1250.0,23.0,30.0,180.0,111.0,600000.0,182481.75182481756,25000.0,0.2678571428571428,3.4339872044851463,3.3314383390085567,-0.0763091822886132,7200,7200,3.0,94.0,599.99,0.0,,,2011.0,Unknown
millennium g450 lp,2024.0,480.0,2.656,1250.0,50.0,10.0,180.0,154.0,600000.0,164113.78555798688,11764.70588235294,0.064516129032258,2.3978952727983707,3.3314383390085567,-0.0763091822886132,matrox millennium p650 pcie 128,matrox millennium p650 pcie 128,5.0,287.0,,,,,2009.0,Unknown
2 go,2024.0,480.0,2.656,1250.0,2.0,20.0,180.0,64.0,600000.0,164113.78555798688,200000.0,0.3076923076923077,3.044522437723423,3.3314383390085567,-0.0763091822886132,2 go,2 go,4.0,95.0,,,,,2009.0,Mobile
2 go,2024.0,480.0,5.312,1250.0,2.0,20.0,180.0,64.0,600000.0,95057.03422053232,200000.0,0.3076923076923077,3.044522437723423,3.3314383390085567,-0.0763091822886132,2 go,2 go,4.0,95.0,,,,,2009.0,Mobile
2 gts,2024.0,480.0,5.312,1250.0,50.0,25.0,180.0,88.0,600000.0,95057.03422053232,11764.70588235294,0.2808988764044944,3.258096538021482,3.3314383390085567,-0.0763091822886132,7200 gs,7200 gs,23.0,98.0,,,,,2009.0,Desktop
2 gts pro,2024.0,480.0,6.4,1250.0,50.0,25.0,180.0,88.0,600000.0,81081.08108108108,11764.70588235294,0.2808988764044944,3.258096538021482,3.3314383390085567,-0.0763091822886132,2 gts 2 pro,2 gts 2 pro,4.0,136.0,,,,,2012.0,Unknown
2 mx,2024.0,480.0,2.656,1250.0,50.0,20.0,180.0,64.0,600000.0,164113.78555798688,11764.70588235294,0.3076923076923077,3.044522437723423,3.3314383390085567,-0.0763091822886132,2 mx,2 mx,3.0,143.0,,,,,2011.0,Desktop
2 mx pci,2024.0,480.0,1.328,1250.0,50.0,20.0,180.0,64.0,600000.0,257731.95876288656,11764.70588235294,0.3076923076923077,3.044522437723423,3.3314383390085567,-0.0763091822886132,2 mx,2 mx,3.0,143.0,,,,,2011.0,Desktop
2 pro,2024.0,480.0,6.4,1250.0,50.0,25.0,180.0,88.0,600000.0,81081.08108108108,11764.70588235294,0.2808988764044944,3.258096538021482,3.3314383390085567,-0.0763091822886132,pro,pro,2615.0,681.0,185.35,14.11,,,2021.0,Unknown
2 ultra,2024.0,480.0,7.36,1250.0,50.0,25.0,180.0,88.0,600000.0,71770.33492822967,11764.70588235294,0.2808988764044944,3.258096538021482,3.3314383390085567,-0.0763091822886132,2 ultra,2 ultra,6.0,147.0,,,,,2009.0,Desktop
quadro2 mxr,2024.0,480.0,2.928,1250.0,50.0,20.0,180.0,64.0,600000.0,152749.49083503056,11764.70588235294,0.3076923076923077,3.044522437723423,3.3314383390085567,-0.0763091822886132,quadro2 mxr ex,quadro2 mxr ex,5.0,142.0,,,,,2010.0,Workstation
quadro2 mxr low profile,2024.0,480.0,2.928,1250.0,50.0,20.0,180.0,64.0,600000.0,152749.49083503056,11764.70588235294,0.3076923076923077,3.044522437723423,3.3314383390085567,-0.0763091822886132,quadro fx 370 low profile,quadro fx 370 low profile,103.0,492.0,,,,,2010.0,Unknown
vanta lt,2024.0,480.0,800.0,1250.0,50.0,15.0,250.0,63.0,600000.0,749.0636704119851,11764.70588235294,0.234375,2.772588722239781,3.3314383390085567,-0.0763091822886132,vanta vanta lt,vanta vanta lt,3.0,91.0,,,,,2009.0,Unknown
305,2024.0,480.0,1.0,1250.0,50.0,29.0,150.0,154.0,600000.0,300000.0,11764.70588235294,0.1870967741935484,3.4011973816621555,3.3314383390085567,-0.0763091822886132,305m,305m,151.0,149.0,,,14.0,10.76,2012.0,Mobile
315,2024.0,480.0,2.656,1250.0,50.0,29.0,150.0,154.0,600000.0,164113.78555798688,11764.70588235294,0.1870967741935484,3.4011973816621555,3.3314383390085567,-0.0763091822886132,315,315,159.0,66.0,32.99,4.83,33.0,4.83,2010.0,Desktop
315 pro,2024.0,480.0,1.144,1250.0,50.0,29.0,150.0,154.0,600000.0,279850.7462686567,11764.70588235294,0.1870967741935484,3.4011973816621555,3.3314383390085567,-0.0763091822886132,x1950 pro,x1950 pro,113.0,318.0,,,66.0,1.71,2009.0,Desktop
315e,2024.0,480.0,1.144,1250.0,50.0,29.0,150.0,154.0,600000.0,279850.7462686567,11764.70588235294,0.1870967741935484,3.4011973816621555,3.3314383390085567,-0.0763091822886132,315,315,159.0,66.0,32.99,4.83,33.0,4.83,2010.0,Desktop
all in wonder 8500,2024.0,480.0,8.8,1250.0,50.0,60.0,150.0,120.0,600000.0,61224.489795918365,11764.70588235294,0.4958677685950413,4.110873864173311,3.3314383390085567,-0.0763091822886132,all in wonder 8500dv,all in wonder 8500dv,6.0,128.0,,,,,2010.0,Unknown
all in wonder 8500dv,2024.0,480.0,6.08,1250.0,50.0,60.0,150.0,120.0,600000.0,84745.7627118644,11764.70588235294,0.4958677685950413,4.110873864173311,3.3314383390085567,-0.0763091822886132,all in wonder 8500dv,all in wonder 8500dv,6.0,128.0,,,,,2010.0,Unknown
fire gl4,2024.0,480.0,9.6,1250.0,50.0,29.0,180.0,156.0,600000.0,56603.77358490566,11764.70588235294,0.1847133757961783,3.4011973816621555,3.3314383390085567,-0.0763091822886132,firegl x1,firegl x1,59.0,167.0,,,,,2009.0,Unknown
firegl 8700,2024.0,480.0,8.64,1250.0,50.0,60.0,150.0,120.0,600000.0,62240.66390041493,11764.70588235294,0.4958677685950413,4.110873864173311,3.3314383390085567,-0.0763091822886132,firegl v8600,firegl v8600,839.0,406.0,,,,,2010.0,Workstation
firegl 8800,2024.0,480.0,9.28,1250.0,50.0,60.0,150.0,120.0,600000.0,58365.75875486382,11764.70588235294,0.4958677685950413,4.110873864173311,3.3314383390085567,-0.0763091822886132,firegl v8600,firegl v8600,839.0,406.0,,,,,2010.0,Workstation
mobility firegl 7800,2024.0,480.0,6.4,1250.0,27.0,60.0,150.0,68.0,600000.0,81081.08108108108,21428.571428571428,0.8695652173913043,4.110873864173311,3.3314383390085567,-0.0763091822886132,mobility firegl 7800,mobility firegl 7800,5.0,86.0,,,,,2009.0,Workstation
mobility 7500,2024.0,480.0,2.928,1250.0,27.0,60.0,150.0,68.0,600000.0,152749.49083503056,21428.571428571428,0.8695652173913043,4.110873864173311,3.3314383390085567,-0.0763091822886132,mobility 7500,mobility 7500,4.0,103.0,,,,,2009.0,Mobile
mobility 7500,2024.0,480.0,3.2,1250.0,27.0,60.0,150.0,68.0,600000.0,142857.14285714284,21428.571428571428,0.8695652173913043,4.110873864173311,3.3314383390085567,-0.0763091822886132,mobility 7500,mobility 7500,4.0,103.0,,,,,2009.0,Mobile
mobility 7500c,2024.0,480.0,2.928,1250.0,27.0,60.0,150.0,68.0,600000.0,152749.49083503056,21428.571428571428,0.8695652173913043,4.110873864173311,3.3314383390085567,-0.0763091822886132,mobility 7500,mobility 7500,4.0,103.0,,,,,2009.0,Mobile
7000,2024.0,480.0,2.928,1250.0,23.0,30.0,180.0,80.0,600000.0,152749.49083503056,25000.0,0.3703703703703703,3.4339872044851463,3.3314383390085567,-0.0763091822886132,7000m,7000m,13.0,239.0,,,,,2010.0,Mobile
7000 pci,2024.0,480.0,2.128,1250.0,23.0,30.0,180.0,80.0,600000.0,191815.8567774936,25000.0,0.3703703703703703,3.4339872044851463,3.3314383390085567,-0.0763091822886132,7000 ve,7000 ve,3.0,99.0,,,,,2009.0,Unknown
7500,2024.0,480.0,7.36,1250.0,23.0,60.0,150.0,83.0,600000.0,71770.33492822967,25000.0,0.7142857142857143,4.110873864173311,3.3314383390085567,-0.0763091822886132,7500,7500,3.0,35.0,177.25,0.02,,,2012.0,Desktop
7500 le,2024.0,480.0,5.6,1250.0,23.0,60.0,150.0,83.0,600000.0,90909.09090909093,25000.0,0.7142857142857143,4.110873864173311,3.3314383390085567,-0.0763091822886132,7500 le,7500 le,87.0,82.0,,,,,2012.0,Desktop
8500,2024.0,480.0,8.8,1250.0,23.0,60.0,150.0,120.0,600000.0,61224.489795918365,25000.0,0.4958677685950413,4.110873864173311,3.3314383390085567,-0.0763091822886132,t500,t500,3597.0,293.0,,,,,2021.0,Unknown
i830m graphics,2024.0,480.0,40.0,200.0,50.0,29.0,150.0,154.0,96000.0,2341.4634146341464,1882.3529411764705,0.1870967741935484,3.4011973816621555,3.3314383390085567,-0.0763091822886132,hd 6320 graphic,hd 6320 graphic,216.0,159.0,,,,,2011.0,Unknown
millennium g550 pcie,2024.0,480.0,2.656,1250.0,50.0,10.0,180.0,154.0,600000.0,164113.78555798688,11764.70588235294,0.064516129032258,2.3978952727983707,3.3314383390085567,-0.0763091822886132,matrox millennium p650 pcie 128,matrox millennium p650 pcie 128,5.0,287.0,,,,,2009.0,Unknown
2 go 100,2024.0,480.0,1.328,1250.0,2.0,20.0,180.0,64.0,600000.0,257731.95876288656,200000.0,0.3076923076923077,3.044522437723423,3.3314383390085567,-0.0763091822886132,go 6100,go 6100,18.0,181.0,,,,,2009.0,Unknown
2 go 200,2024.0,480.0,2.656,1250.0,2.0,20.0,180.0,64.0,600000.0,164113.78555798688,200000.0,0.3076923076923077,3.044522437723423,3.3314383390085567,-0.0763091822886132,go 7200,go 7200,45.0,199.0,,,,,2012.0,Mobile
2 mx nforce 220,2024.0,480.0,40.0,1250.0,50.0,20.0,180.0,65.0,600000.0,14634.146341463416,11764.70588235294,0.303030303030303,3.044522437723423,3.3314383390085567,-0.0763091822886132,6100 nforce 420,6100 nforce 420,25.0,234.0,,,,,2009.0,Unknown
2 mx nforce 420,2024.0,480.0,40.0,1250.0,50.0,20.0,180.0,65.0,600000.0,14634.146341463416,11764.70588235294,0.303030303030303,3.044522437723423,3.3314383390085567,-0.0763091822886132,6100 nforce 420,6100 nforce 420,25.0,234.0,,,,,2009.0,Unknown
2 mx 200,2024.0,480.0,1.328,1250.0,50.0,20.0,180.0,64.0,600000.0,257731.95876288656,11764.70588235294,0.3076923076923077,3.044522437723423,3.3314383390085567,-0.0763091822886132,2 mx 100 200,2 mx 100 200,3.0,119.0,,,,,2009.0,Unknown
2 mx 200 lp,2024.0,480.0,1.328,1250.0,50.0,20.0,180.0,64.0,600000.0,257731.95876288656,11764.70588235294,0.3076923076923077,3.044522437723423,3.3314383390085567,-0.0763091822886132,2 mx 100 200,2 mx 100 200,3.0,119.0,,,,,2009.0,Unknown
2 mx 200 pci,2024.0,480.0,1.328,1250.0,50.0,20.0,180.0,64.0,600000.0,257731.95876288656,11764.70588235294,0.3076923076923077,3.044522437723423,3.3314383390085567,-0.0763091822886132,hd 2400 pci,hd 2400 pci,14.0,86.0,,,,,2009.0,Unknown
2 mx 400,2024.0,480.0,2.656,1250.0,50.0,20.0,180.0,64.0,600000.0,164113.78555798688,11764.70588235294,0.3076923076923077,3.044522437723423,3.3314383390085567,-0.0763091822886132,2 mx mx 400,2 mx mx 400,4.0,129.0,,,,,2009.0,Unknown
2 mx 400 pci,2024.0,480.0,2.656,1250.0,50.0,20.0,180.0,64.0,600000.0,164113.78555798688,11764.70588235294,0.3076923076923077,3.044522437723423,3.3314383390085567,-0.0763091822886132,hd 2400 pci,hd 2400 pci,14.0,86.0,,,,,2009.0,Unknown
2 ti,2024.0,480.0,6.4,1250.0,50.0,25.0,180.0,88.0,600000.0,81081.08108108108,11764.70588235294,0.2808988764044944,3.258096538021482,3.3314383390085567,-0.0763091822886132,2 ti,2 ti,5.0,149.0,,,,,2009.0,Desktop
3,2024.0,480.0,7.36,1250.0,50.0,57.0,150.0,128.0,600000.0,71770.33492822967,11764.70588235294,0.4418604651162791,4.060443010546419,3.3314383390085567,-0.0763091822886132,3,3,5.0,120.0,,,,,2009.0,Desktop
3 ti200,2024.0,480.0,6.4,1250.0,50.0,57.0,150.0,128.0,600000.0,81081.08108108108,11764.70588235294,0.4418604651162791,4.060443010546419,3.3314383390085567,-0.0763091822886132,3 ti 200,3 ti 200,4.0,140.0,,,,,2009.0,Unknown
3 ti500,2024.0,480.0,8.0,1250.0,50.0,57.0,150.0,128.0,600000.0,66666.66666666667,11764.70588235294,0.4418604651162791,4.060443010546419,3.3314383390085567,-0.0763091822886132,3 ti 500,3 ti 500,3.0,116.0,,,,,2009.0,Unknown
quadro dcc,2024.0,480.0,3.68,1250.0,50.0,57.0,150.0,128.0,600000.0,128205.12820512822,11764.70588235294,0.4418604651162791,4.060443010546419,3.3314383390085567,-0.0763091822886132,quadro cx,quadro cx,947.0,454.0,149.95,6.32,,,2009.0,Unknown
quadro2 go,2024.0,480.0,2.896,1250.0,50.0,20.0,180.0,64.0,600000.0,154004.1067761807,11764.70588235294,0.3076923076923077,3.044522437723423,3.3314383390085567,-0.0763091822886132,quadro2 pro,quadro2 pro,1.0,143.0,,,,,2009.0,Workstation
quadro2 pro,2024.0,480.0,8.0,1250.0,50.0,25.0,180.0,88.0,600000.0,66666.66666666667,11764.70588235294,0.2808988764044944,3.258096538021482,3.3314383390085567,-0.0763091822886132,quadro2 pro,quadro2 pro,1.0,143.0,,,,,2009.0,Workstation
xbox gpu,2024.0,480.0,6.4,1250.0,50.0,57.0,150.0,142.0,600000.0,81081.08108108108,11764.70588235294,0.3986013986013986,4.060443010546419,3.3314383390085567,-0.0763091822886132,mxgpu,mxgpu,1826.0,479.0,,,,,2017.0,Unknown
stream processor,2024.0,480.0,41.47,1250.0,165.0,384.0,90.0,352.0,600000.0,14127.619496114905,3614.457831325301,1.0878186968838528,5.953243334287785,3.3314383390085567,-0.0763091822886132,rx vega 11 processor,rx vega 11 processor,1800.0,461.0,,,,,2021.0,Unknown
firestream 9170,2024.0,320.0,51.33,1250.0,105.0,666.0,55.0,192.0,400000.0,7643.79896808714,3773.5849056603774,3.4507772020725387,6.502790045915623,3.3314383390085567,-0.0763091822886132,firestream 9170,firestream 9170,647.0,493.0,,,,,2015.0,Unknown
firestream 9250,2024.0,800.0,63.55,1250.0,150.0,956.0,55.0,256.0,1000000.0,15491.866769945778,6622.516556291391,3.719844357976654,6.863803391452954,3.3314383390085567,-0.0763091822886132,firestream 9250,firestream 9250,1165.0,465.0,,,150.0,7.77,2013.0,Workstation
firestream 9270,2024.0,800.0,115.2,1250.0,160.0,956.0,55.0,256.0,1000000.0,8605.851979345955,6211.180124223602,3.719844357976654,6.863803391452954,3.3314383390085567,-0.0763091822886132,firestream 9270,firestream 9270,1341.0,473.0,,,160.0,8.38,2014.0,Workstation
hd 6570m mac edition,2024.0,400.0,25.6,1250.0,30.0,627.0,40.0,104.0,500000.0,18796.992481203008,16129.032258064515,5.971428571428572,6.442540166468199,3.3314383390085567,-0.0763091822886132,x1700 targa edition,x1700 targa edition,117.0,255.0,,,,,2012.0,Unknown
firepro m3900,2024.0,160.0,14.4,1250.0,20.0,370.0,40.0,67.0,200000.0,12987.012987012986,9523.809523809525,5.441176470588236,5.916202062607435,3.3314383390085567,-0.0763091822886132,firepro v3900,firepro v3900,662.0,242.0,238.44,2.78,50.0,13.24,2012.0,Workstation
firepro rg220,2024.0,80.0,51.2,1250.0,35.0,242.0,55.0,73.0,100000.0,1915.708812260536,2777.777777777778,3.27027027027027,5.493061443340548,3.3314383390085567,-0.0763091822886132,firepro rg220,firepro rg220,335.0,552.0,650.18,0.52,35.0,9.58,2011.0,Workstation
firepro rg220a,2024.0,80.0,51.2,1250.0,35.0,242.0,55.0,73.0,100000.0,1915.708812260536,2777.777777777778,3.27027027027027,5.493061443340548,3.3314383390085567,-0.0763091822886132,firepro rg220,firepro rg220,335.0,552.0,650.18,0.52,35.0,9.58,2011.0,Workstation
firestream 9350,2024.0,1440.0,128.0,1250.0,150.0,2.0,40.0,334.0,1800000.0,13953.488372093025,11920.529801324505,0.0059701492537313,1.0986122886681098,3.3314383390085567,-0.0763091822886132,firestream 9370,firestream 9370,2528.0,763.0,,,225.0,11.24,2012.0,Workstation
firestream 9370,2024.0,1600.0,147.2,1250.0,225.0,2.0,40.0,334.0,2000000.0,13495.276653171391,8849.557522123894,0.0059701492537313,1.0986122886681098,3.3314383390085567,-0.0763091822886132,firestream 9370,firestream 9370,2528.0,763.0,,,225.0,11.24,2012.0,Workstation
hd 6250 igp,2024.0,80.0,40.0,1250.0,9.0,450.0,40.0,75.0,100000.0,2439.0243902439024,10000.0,5.921052631578948,6.111467339502679,3.3314383390085567,-0.0763091822886132,hd 4650 agp,hd 4650 agp,208.0,156.0,,,,,2011.0,Unknown
hd 6310 igp,2024.0,80.0,40.0,1250.0,18.0,450.0,40.0,75.0,100000.0,2439.0243902439024,5263.1578947368425,5.921052631578948,6.111467339502679,3.3314383390085567,-0.0763091822886132,hd 6310,hd 6310,123.0,39.0,,,45.0,2.73,2012.0,Mobile
hd 6310 igp,2024.0,80.0,40.0,1250.0,18.0,450.0,40.0,75.0,100000.0,2439.0243902439024,5263.1578947368425,5.921052631578948,6.111467339502679,3.3314383390085567,-0.0763091822886132,hd 6310,hd 6310,123.0,39.0,,,45.0,2.73,2012.0,Mobile
hd 6330m,2024.0,80.0,12.8,1250.0,7.0,292.0,40.0,59.0,100000.0,7246.376811594202,12500.0,4.866666666666666,5.680172609017068,3.3314383390085567,-0.0763091822886132,hd 6630m,hd 6630m,685.0,390.0,,,,,2011.0,Mobile
hd 6350m,2024.0,80.0,12.8,1250.0,7.0,292.0,40.0,59.0,100000.0,7246.376811594202,12500.0,4.866666666666666,5.680172609017068,3.3314383390085567,-0.0763091822886132,hd 6350,hd 6350,141.0,171.0,59.0,2.39,19.1,7.38,2011.0,Desktop
hd 6370m,2024.0,80.0,12.8,1250.0,11.0,292.0,40.0,59.0,100000.0,7246.376811594202,8333.333333333334,4.866666666666666,5.680172609017068,3.3314383390085567,-0.0763091822886132,hd 6370m,hd 6370m,276.0,401.0,,,11.0,25.08,2010.0,Mobile
hd 6530m,2024.0,400.0,28.8,1250.0,26.0,627.0,40.0,104.0,500000.0,16778.523489932886,18518.51851851852,5.971428571428572,6.442540166468199,3.3314383390085567,-0.0763091822886132,hd 7650m,hd 7650m,451.0,69.0,,,20.0,22.54,2012.0,Mobile
hd 6550m,2024.0,400.0,28.8,1250.0,26.0,627.0,40.0,104.0,500000.0,16778.523489932886,18518.51851851852,5.971428571428572,6.442540166468199,3.3314383390085567,-0.0763091822886132,hd 7650m,hd 7650m,451.0,69.0,,,20.0,22.54,2012.0,Mobile
hd 6550m,2024.0,400.0,28.8,1250.0,26.0,2.0,40.0,334.0,500000.0,16778.523489932886,18518.51851851852,0.0059701492537313,1.0986122886681098,3.3314383390085567,-0.0763091822886132,hd 7650m,hd 7650m,451.0,69.0,,,20.0,22.54,2012.0,Mobile
hd 6570m,2024.0,400.0,25.6,1250.0,30.0,627.0,40.0,104.0,500000.0,18796.992481203008,16129.032258064515,5.971428571428572,6.442540166468199,3.3314383390085567,-0.0763091822886132,hd 6570,hd 6570,496.0,193.0,63.81,7.78,44.0,11.28,2012.0,Desktop
hd 6850,2024.0,960.0,128.0,1250.0,127.0,1.0,40.0,255.0,1200000.0,9302.32558139535,9375.0,0.00390625,0.6931471805599453,3.3314383390085567,-0.0763091822886132,hd 6850,hd 6850,1979.0,425.0,85.0,23.29,127.0,15.59,2012.0,Desktop
hd 6870,2024.0,1120.0,134.4,1250.0,151.0,1.0,40.0,255.0,1400000.0,10339.7341211226,9210.526315789471,0.00390625,0.6931471805599453,3.3314383390085567,-0.0763091822886132,hd 6870,hd 6870,2223.0,397.0,275.0,8.08,151.0,14.72,2012.0,Desktop
hd 6950,2024.0,1408.0,160.0,1250.0,200.0,2.0,40.0,389.0,1760000.0,10931.67701863354,8756.218905472637,0.0051282051282051,1.0986122886681098,3.3314383390085567,-0.0763091822886132,hd 6950,hd 6950,2650.0,421.0,139.99,18.93,200.0,13.25,2012.0,Desktop
hd 6970,2024.0,1536.0,176.0,1250.0,250.0,2.0,40.0,389.0,1920000.0,10847.457627118643,7649.402390438247,0.0051282051282051,1.0986122886681098,3.3314383390085567,-0.0763091822886132,hd 6970,hd 6970,2863.0,430.0,149.99,19.09,250.0,11.45,2012.0,Desktop
firepro 2270,2024.0,80.0,9.6,1250.0,15.0,292.0,40.0,59.0,100000.0,9433.962264150943,6250.0,4.866666666666666,5.680172609017068,3.3314383390085567,-0.0763091822886132,firepro 2270,firepro 2270,147.0,195.0,134.0,1.1,17.0,8.67,2012.0,Workstation
firepro 2270 pcie x1,2024.0,80.0,9.6,1250.0,15.0,292.0,40.0,59.0,100000.0,9433.962264150943,6250.0,4.866666666666666,5.680172609017068,3.3314383390085567,-0.0763091822886132,firepro 2270,firepro 2270,147.0,195.0,134.0,1.1,17.0,8.67,2012.0,Workstation
firepro m5950,2024.0,480.0,57.6,1250.0,35.0,716.0,40.0,118.0,600000.0,10238.907849829351,16666.666666666668,6.016806722689076,6.57507584059962,3.3314383390085567,-0.0763091822886132,firepro m5950,firepro m5950,1314.0,574.0,,,,,2011.0,Workstation
firepro m8900,2024.0,960.0,115.2,1250.0,75.0,1.0,40.0,212.0,1200000.0,10327.022375215149,15789.473684210529,0.0046948356807511,0.6931471805599453,3.3314383390085567,-0.0763091822886132,firepro w9100,firepro w9100,7719.0,790.0,1729.99,4.46,275.0,28.07,2014.0,Workstation
firepro v4900,2024.0,480.0,64.0,1250.0,75.0,716.0,40.0,118.0,600000.0,9230.76923076923,7894.736842105263,6.016806722689076,6.57507584059962,3.3314383390085567,-0.0763091822886132,firepro v4900,firepro v4900,974.0,318.0,149.99,6.5,75.0,12.99,2012.0,Workstation
firepro v5900,2024.0,512.0,64.0,1250.0,75.0,2.0,40.0,389.0,640000.0,9846.153846153846,8421.052631578947,0.0051282051282051,1.0986122886681098,3.3314383390085567,-0.0763091822886132,firepro v5900,firepro v5900,1271.0,352.0,86.0,14.78,75.0,16.94,2011.0,Workstation
firepro v7900,2024.0,1280.0,160.0,1250.0,150.0,2.0,40.0,389.0,1600000.0,9937.888198757764,10596.026490066226,0.0051282051282051,1.0986122886681098,3.3314383390085567,-0.0763091822886132,firepro v7900,firepro v7900,2310.0,324.0,190.0,12.16,150.0,15.4,2011.0,Workstation
firepro v7900 sdi,2024.0,1280.0,160.0,1250.0,150.0,2.0,40.0,389.0,1600000.0,9937.888198757764,10596.026490066226,0.0051282051282051,1.0986122886681098,3.3314383390085567,-0.0763091822886132,firepro v7900,firepro v7900,2310.0,324.0,190.0,12.16,150.0,15.4,2011.0,Workstation
e6460,2024.0,160.0,25.6,1250.0,25.0,370.0,40.0,67.0,200000.0,7518.796992481202,7692.307692307692,5.441176470588236,5.916202062607435,3.3314383390085567,-0.0763091822886132,e6460,e6460,324.0,225.0,,,,,2015.0,Unknown
e6760 mxm,2024.0,480.0,51.2,1250.0,45.0,716.0,40.0,118.0,600000.0,11494.25287356322,13043.478260869566,6.016806722689076,6.57507584059962,3.3314383390085567,-0.0763091822886132,e6760,e6760,877.0,485.0,239.99,3.65,,,2012.0,Unknown
e6760 pcie,2024.0,480.0,51.2,1250.0,45.0,716.0,40.0,118.0,600000.0,11494.25287356322,13043.478260869566,6.016806722689076,6.57507584059962,3.3314383390085567,-0.0763091822886132,e8870pcie,e8870pcie,3368.0,708.0,,,,,2017.0,Unknown
hd 6230,2024.0,80.0,10.67,1250.0,19.0,292.0,40.0,59.0,100000.0,8568.98029134533,5000.0,4.866666666666666,5.680172609017068,3.3314383390085567,-0.0763091822886132,hd 6230,hd 6230,179.0,254.0,,,,,2013.0,Unknown
hd 6250,2024.0,80.0,8.0,1250.0,19.0,292.0,40.0,59.0,100000.0,11111.111111111111,5000.0,4.866666666666666,5.680172609017068,3.3314383390085567,-0.0763091822886132,hd 6250,hd 6250,94.0,32.0,,,35.0,2.7,2012.0,Mobile
hd 6290,2024.0,80.0,12.8,1250.0,19.0,292.0,40.0,59.0,100000.0,7246.376811594202,5000.0,4.866666666666666,5.680172609017068,3.3314383390085567,-0.0763091822886132,hd 6290,hd 6290,109.0,34.0,,,45.0,2.43,2012.0,Mobile
hd 6290 igp,2024.0,80.0,40.0,1250.0,9.0,450.0,40.0,75.0,100000.0,2439.0243902439024,10000.0,5.921052631578948,6.111467339502679,3.3314383390085567,-0.0763091822886132,hd 6290,hd 6290,109.0,34.0,,,45.0,2.43,2012.0,Mobile
hd 6320 igp,2024.0,80.0,40.0,1250.0,18.0,450.0,40.0,75.0,100000.0,2439.0243902439024,5263.1578947368425,5.921052631578948,6.111467339502679,3.3314383390085567,-0.0763091822886132,hd 6320,hd 6320,148.0,45.0,554.99,0.27,45.0,3.29,2011.0,Mobile
hd 6350,2024.0,80.0,8.0,1250.0,19.0,292.0,40.0,59.0,100000.0,11111.111111111111,5000.0,4.866666666666666,5.680172609017068,3.3314383390085567,-0.0763091822886132,hd 6350,hd 6350,141.0,171.0,59.0,2.39,19.1,7.38,2011.0,Desktop
hd 6350,2024.0,80.0,6.4,1250.0,19.0,292.0,40.0,59.0,100000.0,13513.513513513511,5000.0,4.866666666666666,5.680172609017068,3.3314383390085567,-0.0763091822886132,hd 6350,hd 6350,141.0,171.0,59.0,2.39,19.1,7.38,2011.0,Desktop
hd 6350a,2024.0,80.0,12.8,1250.0,25.0,292.0,40.0,59.0,100000.0,7246.376811594202,3846.153846153846,4.866666666666666,5.680172609017068,3.3314383390085567,-0.0763091822886132,hd 6350,hd 6350,141.0,171.0,59.0,2.39,19.1,7.38,2011.0,Desktop
hd 6370d igp,2024.0,160.0,40.0,1250.0,65.0,1.0,32.0,227.0,200000.0,4878.048780487805,3030.3030303030305,0.0043859649122807,0.6931471805599453,3.3314383390085567,-0.0763091822886132,hd 6370d,hd 6370d,254.0,147.0,,,65.0,3.91,2011.0,Desktop
hd 6380g igp,2024.0,160.0,40.0,1250.0,35.0,1.0,32.0,227.0,200000.0,4878.048780487805,5555.555555555556,0.0043859649122807,0.6931471805599453,3.3314383390085567,-0.0763091822886132,hd 6380g,hd 6380g,204.0,97.0,399.99,0.51,35.0,5.84,2012.0,Mobile
hd 6390,2024.0,320.0,16.0,1250.0,39.0,627.0,40.0,104.0,400000.0,23529.41176470588,10000.0,5.971428571428572,6.442540166468199,3.3314383390085567,-0.0763091822886132,hd 6990,hd 6990,3013.0,630.0,498.49,6.04,375.0,8.04,2011.0,Desktop
hd 6410d igp,2024.0,160.0,40.0,1250.0,65.0,1.0,32.0,227.0,200000.0,4878.048780487805,3030.3030303030305,0.0043859649122807,0.6931471805599453,3.3314383390085567,-0.0763091822886132,hd 6410d,hd 6410d,243.0,120.0,,,65.0,3.73,2011.0,Desktop
hd 6430m,2024.0,160.0,12.8,1250.0,50.0,370.0,40.0,67.0,200000.0,14492.753623188404,3921.56862745098,5.441176470588236,5.916202062607435,3.3314383390085567,-0.0763091822886132,hd 6430m,hd 6430m,193.0,106.0,,,,,2013.0,Mobile
hd 6450,2024.0,160.0,8.0,1250.0,18.0,370.0,40.0,67.0,200000.0,22222.222222222223,10526.315789473683,5.441176470588236,5.916202062607435,3.3314383390085567,-0.0763091822886132,hd 6450,hd 6450,200.0,120.0,89.0,2.25,18.0,11.1,2011.0,Desktop
hd 6450 oem,2024.0,160.0,8.528,1250.0,18.0,370.0,40.0,67.0,200000.0,20990.764063811923,10526.315789473683,5.441176470588236,5.916202062607435,3.3314383390085567,-0.0763091822886132,hd 6450,hd 6450,200.0,120.0,89.0,2.25,18.0,11.1,2011.0,Desktop
hd 6450a,2024.0,160.0,8.528,1250.0,25.0,370.0,40.0,67.0,200000.0,20990.764063811923,7692.307692307692,5.441176470588236,5.916202062607435,3.3314383390085567,-0.0763091822886132,hd 6450a,hd 6450a,260.0,208.0,,,,,2012.0,Unknown
hd 6450m,2024.0,160.0,12.8,1250.0,50.0,370.0,40.0,67.0,200000.0,14492.753623188404,3921.56862745098,5.441176470588236,5.916202062607435,3.3314383390085567,-0.0763091822886132,hd 6450,hd 6450,200.0,120.0,89.0,2.25,18.0,11.1,2011.0,Desktop
hd 6470m,2024.0,160.0,12.8,1250.0,25.0,370.0,40.0,67.0,200000.0,14492.753623188404,7692.307692307692,5.441176470588236,5.916202062607435,3.3314383390085567,-0.0763091822886132,hd 6470m,hd 6470m,228.0,104.0,569.99,0.4,,,2012.0,Mobile
hd 6480g igp,2024.0,240.0,40.0,1250.0,35.0,1.0,32.0,227.0,300000.0,7317.073170731707,8333.333333333334,0.0043859649122807,0.6931471805599453,3.3314383390085567,-0.0763091822886132,hd 6480g,hd 6480g,259.0,78.0,,,45.0,5.76,2012.0,Mobile
hd 6480g igp,2024.0,160.0,40.0,1250.0,35.0,1.0,32.0,227.0,200000.0,4878.048780487805,5555.555555555556,0.0043859649122807,0.6931471805599453,3.3314383390085567,-0.0763091822886132,hd 6480g,hd 6480g,259.0,78.0,,,45.0,5.76,2012.0,Mobile
hd 6490,2024.0,320.0,16.0,1250.0,39.0,627.0,40.0,104.0,400000.0,23529.41176470588,10000.0,5.971428571428572,6.442540166468199,3.3314383390085567,-0.0763091822886132,hd 6490m,hd 6490m,378.0,514.0,1193.03,0.32,,,2011.0,Mobile
hd 6490m,2024.0,160.0,25.6,1250.0,50.0,370.0,40.0,67.0,200000.0,7518.796992481202,3921.56862745098,5.441176470588236,5.916202062607435,3.3314383390085567,-0.0763091822886132,hd 6490m,hd 6490m,378.0,514.0,1193.03,0.32,,,2011.0,Mobile
hd 6510,2024.0,400.0,16.0,1250.0,39.0,627.0,40.0,104.0,500000.0,29411.764705882357,12500.0,5.971428571428572,6.442540166468199,3.3314383390085567,-0.0763091822886132,hd 6950,hd 6950,2650.0,421.0,139.99,18.93,200.0,13.25,2012.0,Desktop
hd 6510,2024.0,320.0,21.34,1250.0,39.0,716.0,40.0,118.0,400000.0,17905.102954341986,10000.0,6.016806722689076,6.57507584059962,3.3314383390085567,-0.0763091822886132,hd 6950,hd 6950,2650.0,421.0,139.99,18.93,200.0,13.25,2012.0,Desktop
hd 6520g igp,2024.0,320.0,40.0,1250.0,35.0,1.0,32.0,227.0,400000.0,9756.09756097561,11111.111111111111,0.0043859649122807,0.6931471805599453,3.3314383390085567,-0.0763091822886132,hd 6520g,hd 6520g,300.0,84.0,,,45.0,6.67,2012.0,Mobile
hd 6530,2024.0,400.0,19.2,1250.0,39.0,627.0,40.0,104.0,500000.0,24752.475247524755,12500.0,5.971428571428572,6.442540166468199,3.3314383390085567,-0.0763091822886132,hd 6530d,hd 6530d,325.0,138.0,,,100.0,3.25,2012.0,Desktop
hd 6530d igp,2024.0,320.0,40.0,1250.0,65.0,1.0,32.0,227.0,400000.0,9756.09756097561,6060.606060606061,0.0043859649122807,0.6931471805599453,3.3314383390085567,-0.0763091822886132,hd 6530d,hd 6530d,325.0,138.0,,,100.0,3.25,2012.0,Desktop
hd 6550a,2024.0,480.0,25.6,1250.0,35.0,627.0,40.0,104.0,600000.0,22556.390977443607,16666.666666666668,5.971428571428572,6.442540166468199,3.3314383390085567,-0.0763091822886132,hd 6550a,hd 6550a,708.0,609.0,,,,,2012.0,Unknown
hd 6550d igp,2024.0,400.0,40.0,1250.0,65.0,1.0,32.0,227.0,500000.0,12195.121951219511,7575.757575757576,0.0043859649122807,0.6931471805599453,3.3314383390085567,-0.0763091822886132,hd 6550d,hd 6550d,417.0,149.0,,,100.0,4.17,2011.0,Desktop
hd 6570,2024.0,480.0,16.0,1250.0,44.0,716.0,40.0,118.0,600000.0,35294.117647058825,13333.333333333334,6.016806722689076,6.57507584059962,3.3314383390085567,-0.0763091822886132,hd 6570,hd 6570,496.0,193.0,63.81,7.78,44.0,11.28,2012.0,Desktop
hd 6570,2024.0,480.0,64.0,1250.0,60.0,716.0,40.0,118.0,600000.0,9230.76923076923,9836.065573770493,6.016806722689076,6.57507584059962,3.3314383390085567,-0.0763091822886132,hd 6570,hd 6570,496.0,193.0,63.81,7.78,44.0,11.28,2012.0,Desktop
hd 6570 oem,2024.0,480.0,28.8,1250.0,44.0,716.0,40.0,118.0,600000.0,20134.228187919463,13333.333333333334,6.016806722689076,6.57507584059962,3.3314383390085567,-0.0763091822886132,hd 6570,hd 6570,496.0,193.0,63.81,7.78,44.0,11.28,2012.0,Desktop
hd 6570m,2024.0,480.0,25.6,1250.0,30.0,716.0,40.0,118.0,600000.0,22556.390977443607,19354.83870967742,6.016806722689076,6.57507584059962,3.3314383390085567,-0.0763091822886132,hd 6570,hd 6570,496.0,193.0,63.81,7.78,44.0,11.28,2012.0,Desktop
hd 6610m,2024.0,400.0,25.6,1250.0,26.0,716.0,40.0,118.0,500000.0,18796.992481203008,18518.51851851852,6.016806722689076,6.57507584059962,3.3314383390085567,-0.0763091822886132,hd 6610m,hd 6610m,565.0,527.0,,,,,2012.0,Unknown
hd 6620g igp,2024.0,400.0,40.0,1250.0,35.0,1.0,32.0,227.0,500000.0,12195.121951219511,13888.888888888889,0.0043859649122807,0.6931471805599453,3.3314383390085567,-0.0763091822886132,hd 6620g,hd 6620g,355.0,107.0,,,45.0,7.9,2012.0,Mobile
hd 6625m,2024.0,480.0,25.6,1250.0,26.0,716.0,40.0,118.0,600000.0,22556.390977443607,22222.222222222223,6.016806722689076,6.57507584059962,3.3314383390085567,-0.0763091822886132,hd 6650m,hd 6650m,752.0,230.0,,,,,2011.0,Mobile
hd 6630m,2024.0,480.0,25.6,1250.0,26.0,716.0,40.0,118.0,600000.0,22556.390977443607,22222.222222222223,6.016806722689076,6.57507584059962,3.3314383390085567,-0.0763091822886132,hd 6630m,hd 6630m,685.0,390.0,,,,,2011.0,Mobile
hd 6650a,2024.0,480.0,28.8,1250.0,45.0,716.0,40.0,118.0,600000.0,20134.228187919463,13043.478260869566,6.016806722689076,6.57507584059962,3.3314383390085567,-0.0763091822886132,hd 6650a,hd 6650a,836.0,418.0,,,,,2012.0,Unknown
hd 6650m,2024.0,480.0,25.6,1250.0,50.0,716.0,40.0,118.0,600000.0,22556.390977443607,11764.70588235294,6.016806722689076,6.57507584059962,3.3314383390085567,-0.0763091822886132,hd 6650m,hd 6650m,752.0,230.0,,,,,2011.0,Mobile
hd 6670,2024.0,480.0,64.0,1250.0,66.0,716.0,40.0,118.0,600000.0,9230.76923076923,8955.223880597016,6.016806722689076,6.57507584059962,3.3314383390085567,-0.0763091822886132,hd 6670,hd 6670,745.0,236.0,68.99,10.8,66.0,11.29,2012.0,Desktop
hd 6670a,2024.0,480.0,64.0,1250.0,45.0,716.0,40.0,118.0,600000.0,9230.76923076923,13043.478260869566,6.016806722689076,6.57507584059962,3.3314383390085567,-0.0763091822886132,hd 6670,hd 6670,745.0,236.0,68.99,10.8,66.0,11.29,2012.0,Desktop
hd 6730m,2024.0,480.0,25.6,1250.0,35.0,716.0,40.0,118.0,600000.0,22556.390977443607,16666.666666666668,6.016806722689076,6.57507584059962,3.3314383390085567,-0.0763091822886132,hd 8730m,hd 8730m,659.0,186.0,,,,,2015.0,Mobile
hd 6750,2024.0,720.0,73.6,1250.0,86.0,1.0,40.0,166.0,900000.0,12064.343163538875,10344.827586206897,0.0059880239520958,0.6931471805599453,3.3314383390085567,-0.0763091822886132,hd 6750,hd 6750,1005.0,304.0,79.99,12.57,86.0,11.69,2011.0,Desktop
hd 6750m,2024.0,480.0,25.6,1250.0,35.0,716.0,40.0,118.0,600000.0,22556.390977443607,16666.666666666668,6.016806722689076,6.57507584059962,3.3314383390085567,-0.0763091822886132,hd 6750m,hd 6750m,937.0,487.0,,,,,2011.0,Mobile
hd 6750m mac edition,2024.0,480.0,50.82,1250.0,35.0,716.0,40.0,118.0,600000.0,11578.54110382092,16666.666666666668,6.016806722689076,6.57507584059962,3.3314383390085567,-0.0763091822886132,x1700 targa edition,x1700 targa edition,117.0,255.0,,,,,2012.0,Unknown
hd 6770,2024.0,800.0,76.8,1250.0,108.0,1.0,40.0,166.0,1000000.0,12853.470437017995,9174.311926605504,0.0059880239520958,0.6931471805599453,3.3314383390085567,-0.0763091822886132,hd 6770,hd 6770,1231.0,313.0,264.99,4.65,108.0,11.4,2011.0,Desktop
hd 6770m,2024.0,480.0,57.6,1250.0,35.0,716.0,40.0,118.0,600000.0,10238.907849829351,16666.666666666668,6.016806722689076,6.57507584059962,3.3314383390085567,-0.0763091822886132,hd 6770m,hd 6770m,964.0,572.0,,,,,2011.0,Mobile
hd 6770m mac edition,2024.0,480.0,50.82,1250.0,35.0,716.0,40.0,118.0,600000.0,11578.54110382092,16666.666666666668,6.016806722689076,6.57507584059962,3.3314383390085567,-0.0763091822886132,x1700 targa edition,x1700 targa edition,117.0,255.0,,,,,2012.0,Unknown
hd 6790,2024.0,800.0,134.4,1250.0,150.0,1.0,40.0,255.0,1000000.0,7385.524372230428,6622.516556291391,0.00390625,0.6931471805599453,3.3314383390085567,-0.0763091822886132,hd 6790,hd 6790,1613.0,370.0,294.0,5.49,150.0,10.75,2011.0,Desktop
hd 6830m,2024.0,800.0,25.6,1250.0,39.0,1.0,40.0,166.0,1000000.0,37593.984962406015,25000.0,0.0059880239520958,0.6931471805599453,3.3314383390085567,-0.0763091822886132,hd 8730m,hd 8730m,659.0,186.0,,,,,2015.0,Mobile
hd 6850 x2,2024.0,960.0,134.4,1250.0,254.0,1.0,40.0,255.0,1200000.0,8862.629246676514,4705.882352941177,0.00390625,0.6931471805599453,3.3314383390085567,-0.0763091822886132,hd 6850 x2,hd 6850 x2,2534.0,373.0,,,,,2017.0,Unknown
hd 6850m,2024.0,800.0,25.6,1250.0,50.0,1.0,40.0,166.0,1000000.0,37593.984962406015,19607.843137254906,0.0059880239520958,0.6931471805599453,3.3314383390085567,-0.0763091822886132,hd 6850,hd 6850,1979.0,425.0,85.0,23.29,127.0,15.59,2012.0,Desktop
hd 6870 x2,2024.0,1120.0,134.4,1250.0,300.0,1.0,40.0,255.0,1400000.0,10339.7341211226,4651.162790697675,0.00390625,0.6931471805599453,3.3314383390085567,-0.0763091822886132,hd 6850 x2,hd 6850 x2,2534.0,373.0,,,,,2017.0,Unknown
hd 6870m,2024.0,800.0,64.0,1250.0,50.0,1.0,40.0,166.0,1000000.0,15384.615384615385,19607.843137254906,0.0059880239520958,0.6931471805599453,3.3314383390085567,-0.0763091822886132,hd 6870,hd 6870,2223.0,397.0,275.0,8.08,151.0,14.72,2012.0,Desktop
hd 6930,2024.0,1280.0,153.6,1250.0,186.0,2.0,40.0,389.0,1600000.0,10349.28848641656,8556.14973262032,0.0051282051282051,1.0986122886681098,3.3314383390085567,-0.0763091822886132,hd 6990,hd 6990,3013.0,630.0,498.49,6.04,375.0,8.04,2011.0,Desktop
hd 6950m,2024.0,960.0,115.2,1250.0,50.0,1.0,40.0,212.0,1200000.0,10327.022375215149,23529.41176470588,0.0046948356807511,0.6931471805599453,3.3314383390085567,-0.0763091822886132,hd 6950,hd 6950,2650.0,421.0,139.99,18.93,200.0,13.25,2012.0,Desktop
hd 6970m,2024.0,960.0,115.2,1250.0,75.0,1.0,40.0,212.0,1200000.0,10327.022375215149,15789.473684210529,0.0046948356807511,0.6931471805599453,3.3314383390085567,-0.0763091822886132,hd 6970m,hd 6970m,2270.0,656.0,215.99,10.51,75.0,30.27,2011.0,Mobile
hd 6970m mac edition,2024.0,960.0,115.2,1250.0,75.0,1.0,40.0,212.0,1200000.0,10327.022375215149,15789.473684210529,0.0046948356807511,0.6931471805599453,3.3314383390085567,-0.0763091822886132,x1700 targa edition,x1700 targa edition,117.0,255.0,,,,,2012.0,Unknown
hd 6970m rebrand,2024.0,800.0,64.0,1250.0,75.0,1.0,40.0,166.0,1000000.0,15384.615384615385,13157.894736842103,0.0059880239520958,0.6931471805599453,3.3314383390085567,-0.0763091822886132,hd 6970m,hd 6970m,2270.0,656.0,215.99,10.51,75.0,30.27,2011.0,Mobile
hd 6970m x2,2024.0,960.0,115.2,1250.0,150.0,1.0,40.0,212.0,1200000.0,10327.022375215149,7947.019867549669,0.0046948356807511,0.6931471805599453,3.3314383390085567,-0.0763091822886132,hd 6970m,hd 6970m,2270.0,656.0,215.99,10.51,75.0,30.27,2011.0,Mobile
hd 6990,2024.0,1536.0,160.0,1250.0,375.0,2.0,40.0,389.0,1920000.0,11925.465838509315,5106.382978723404,0.0051282051282051,1.0986122886681098,3.3314383390085567,-0.0763091822886132,hd 6990,hd 6990,3013.0,630.0,498.49,6.04,375.0,8.04,2011.0,Desktop
hd 6990m,2024.0,1120.0,115.2,1250.0,100.0,1.0,40.0,212.0,1400000.0,12048.192771084336,13861.38613861386,0.0046948356807511,0.6931471805599453,3.3314383390085567,-0.0763091822886132,hd 6990,hd 6990,3013.0,630.0,498.49,6.04,375.0,8.04,2011.0,Desktop
hd 6990m rebrand,2024.0,800.0,64.0,1250.0,100.0,1.0,40.0,166.0,1000000.0,15384.615384615385,9900.9900990099,0.0059880239520958,0.6931471805599453,3.3314383390085567,-0.0763091822886132,hd 6990,hd 6990,3013.0,630.0,498.49,6.04,375.0,8.04,2011.0,Desktop
hd 7410m,2024.0,160.0,12.8,1250.0,50.0,370.0,40.0,67.0,200000.0,14492.753623188404,3921.56862745098,5.441176470588236,5.916202062607435,3.3314383390085567,-0.0763091822886132,hd 7610m,hd 7610m,632.0,479.0,,,20.0,31.61,2012.0,Mobile
hd 7690m,2024.0,480.0,28.8,1250.0,20.0,716.0,40.0,118.0,600000.0,20134.228187919463,28571.42857142857,6.016806722689076,6.57507584059962,3.3314383390085567,-0.0763091822886132,hd 7690m,hd 7690m,1003.0,576.0,,,20.0,50.15,2012.0,Mobile
firepro a300,2024.0,384.0,40.0,905.0,65.0,1.0,32.0,246.0,347520.0,8476.09756097561,5265.454545454545,0.0040485829959514,0.6931471805599453,3.3314383390085567,-0.0763091822886132,firepro w4300,firepro w4300,2863.0,771.0,239.99,11.93,50.0,57.26,2016.0,Workstation
firepro a320,2024.0,384.0,40.0,955.0,100.0,1.0,32.0,246.0,366720.0,8944.390243902439,3630.891089108911,0.0040485829959514,0.6931471805599453,3.3314383390085567,-0.0763091822886132,firepro 2460,firepro 2460,170.0,352.0,83.99,2.03,17.0,10.02,2012.0,Workstation
firepro m2000,2024.0,480.0,25.6,1250.0,33.0,716.0,40.0,118.0,600000.0,22556.390977443607,17647.058823529413,6.016806722689076,6.57507584059962,3.3314383390085567,-0.0763091822886132,firepro m2000,firepro m2000,406.0,206.0,,,,,2012.0,Workstation
firepro m4000,2024.0,512.0,64.0,1250.0,33.0,1.0,28.0,123.0,640000.0,9846.153846153846,18823.529411764703,0.0080645161290322,0.6931471805599453,3.3314383390085567,-0.0763091822886132,firepro m4000,firepro m4000,1597.0,410.0,72.83,21.92,,,2012.0,Workstation
firepro m6000,2024.0,640.0,64.0,1250.0,43.0,1.0,28.0,123.0,800000.0,12307.692307692309,18181.81818181818,0.0080645161290322,0.6931471805599453,3.3314383390085567,-0.0763091822886132,firepro m6000,firepro m6000,1820.0,776.0,325.99,5.58,,,2012.0,Workstation
firepro s10000,2024.0,1792.0,240.0,950.0,375.0,4.0,28.0,352.0,1702400.0,7063.90041493776,4527.659574468085,0.0113314447592068,1.6094379124341005,3.3314383390085567,-0.0763091822886132,firepro s10000,firepro s10000,5315.0,493.0,,,,,2015.0,Unknown
firepro s10000 passive,2024.0,1792.0,240.0,950.0,375.0,4.0,28.0,352.0,1702400.0,7063.90041493776,4527.659574468085,0.0113314447592068,1.6094379124341005,3.3314383390085567,-0.0763091822886132,firepro s10000,firepro s10000,5315.0,493.0,,,,,2015.0,Unknown
firepro s7000,2024.0,1280.0,153.6,1250.0,150.0,2.0,28.0,212.0,1600000.0,10349.28848641656,10596.026490066226,0.0093896713615023,1.0986122886681098,3.3314383390085567,-0.0763091822886132,firepro s7000,firepro s7000,4166.0,615.0,246.54,16.9,150.0,27.77,2014.0,Workstation
firepro s9000,2024.0,1792.0,264.0,1250.0,225.0,4.0,28.0,352.0,2240000.0,8452.830188679245,9911.50442477876,0.0113314447592068,1.6094379124341005,3.3314383390085567,-0.0763091822886132,firepro s9000,firepro s9000,5059.0,561.0,,,,,2015.0,Unknown
firepro s9010,2024.0,1792.0,240.0,1250.0,200.0,4.0,28.0,352.0,2240000.0,9294.60580912863,11144.278606965174,0.0113314447592068,1.6094379124341005,3.3314383390085567,-0.0763091822886132,firepro s9050,firepro s9050,4901.0,369.0,,,,,2020.0,Unknown
firepro v3900,2024.0,480.0,28.8,1250.0,50.0,716.0,40.0,118.0,600000.0,20134.228187919463,11764.70588235294,6.016806722689076,6.57507584059962,3.3314383390085567,-0.0763091822886132,firepro v3900,firepro v3900,662.0,242.0,238.44,2.78,50.0,13.24,2012.0,Workstation
firepro w4000,2024.0,768.0,102.4,1250.0,75.0,2.0,28.0,212.0,960000.0,9284.332688588009,12631.578947368422,0.0093896713615023,1.0986122886681098,3.3314383390085567,-0.0763091822886132,firepro w9000,firepro w9000,6138.0,720.0,845.0,7.26,274.0,22.4,2012.0,Workstation
firepro w5000,2024.0,768.0,102.4,1250.0,75.0,2.0,28.0,212.0,960000.0,9284.332688588009,12631.578947368422,0.0093896713615023,1.0986122886681098,3.3314383390085567,-0.0763091822886132,firepro w5000,firepro w5000,3056.0,587.0,184.0,16.61,75.0,40.74,2012.0,Workstation
firepro w600,2024.0,512.0,64.0,1250.0,75.0,1.0,28.0,123.0,640000.0,9846.153846153846,8421.052631578947,0.0080645161290322,0.6931471805599453,3.3314383390085567,-0.0763091822886132,firepro w600,firepro w600,1752.0,631.0,414.99,4.22,75.0,23.36,2013.0,Workstation
firepro w7000,2024.0,1280.0,153.6,1250.0,150.0,2.0,28.0,212.0,1600000.0,10349.28848641656,10596.026490066226,0.0093896713615023,1.0986122886681098,3.3314383390085567,-0.0763091822886132,firepro w7000,firepro w7000,4276.0,551.0,278.05,15.38,150.0,28.51,2012.0,Workstation
firepro w8000,2024.0,1792.0,176.0,1250.0,225.0,4.0,28.0,352.0,2240000.0,12655.367231638418,9911.50442477876,0.0113314447592068,1.6094379124341005,3.3314383390085567,-0.0763091822886132,firepro w8000,firepro w8000,4138.0,570.0,573.0,7.22,189.0,21.89,2013.0,Workstation
firepro w9000,2024.0,2048.0,264.0,1250.0,274.0,4.0,28.0,352.0,2560000.0,9660.377358490568,9309.09090909091,0.0113314447592068,1.6094379124341005,3.3314383390085567,-0.0763091822886132,firepro w9000,firepro w9000,6138.0,720.0,845.0,7.26,274.0,22.4,2012.0,Workstation
hd 6250 igp,2024.0,80.0,40.0,1250.0,7.0,450.0,40.0,75.0,100000.0,2439.0243902439024,12500.0,5.921052631578948,6.111467339502679,3.3314383390085567,-0.0763091822886132,hd 4650 agp,hd 4650 agp,208.0,156.0,,,,,2011.0,Unknown
hd 6250 igp,2024.0,80.0,40.0,1250.0,9.0,450.0,40.0,75.0,100000.0,2439.0243902439024,10000.0,5.921052631578948,6.111467339502679,3.3314383390085567,-0.0763091822886132,hd 4650 agp,hd 4650 agp,208.0,156.0,,,,,2011.0,Unknown
hd 6850 1440sp edition,2024.0,1440.0,128.0,1250.0,151.0,2.0,40.0,334.0,1800000.0,13953.488372093025,11842.105263157897,0.0059701492537313,1.0986122886681098,3.3314383390085567,-0.0763091822886132,3dp edition,3dp edition,827.0,931.0,1159.99,0.71,,,2018.0,Unknown
hd 7290 igp,2024.0,80.0,40.0,1250.0,18.0,450.0,40.0,75.0,100000.0,2439.0243902439024,5263.1578947368425,5.921052631578948,6.111467339502679,3.3314383390085567,-0.0763091822886132,hd 7290,hd 7290,115.0,51.0,,,,,2012.0,Unknown
hd 7310 igp,2024.0,80.0,40.0,1250.0,18.0,450.0,40.0,75.0,100000.0,2439.0243902439024,5263.1578947368425,5.921052631578948,6.111467339502679,3.3314383390085567,-0.0763091822886132,hd 7310g,hd 7310g,181.0,119.0,,,,,2014.0,Unknown
hd 7330m,2024.0,80.0,8.0,1250.0,5.0,292.0,40.0,59.0,100000.0,11111.111111111111,16666.666666666668,4.866666666666666,5.680172609017068,3.3314383390085567,-0.0763091822886132,hd 8730m,hd 8730m,659.0,186.0,,,,,2015.0,Mobile
hd 7340 igp,2024.0,80.0,40.0,1250.0,18.0,450.0,40.0,75.0,100000.0,2439.0243902439024,5263.1578947368425,5.921052631578948,6.111467339502679,3.3314383390085567,-0.0763091822886132,hd 7340g,hd 7340g,196.0,146.0,,,,,2012.0,Unknown
hd 7350 oem,2024.0,80.0,12.8,1250.0,19.0,292.0,40.0,59.0,100000.0,7246.376811594202,5000.0,4.866666666666666,5.680172609017068,3.3314383390085567,-0.0763091822886132,hd 7350,hd 7350,193.0,248.0,,,19.1,10.13,2012.0,Desktop
hd 7350 oem pci,2024.0,80.0,8.0,1250.0,19.0,292.0,40.0,59.0,100000.0,11111.111111111111,5000.0,4.866666666666666,5.680172609017068,3.3314383390085567,-0.0763091822886132,hd 7350,hd 7350,193.0,248.0,,,19.1,10.13,2012.0,Desktop
hd 7350m,2024.0,80.0,8.0,1250.0,7.0,292.0,40.0,59.0,100000.0,11111.111111111111,12500.0,4.866666666666666,5.680172609017068,3.3314383390085567,-0.0763091822886132,hd 7350,hd 7350,193.0,248.0,,,19.1,10.13,2012.0,Desktop
hd 7370m,2024.0,80.0,12.8,1250.0,11.0,292.0,40.0,59.0,100000.0,7246.376811594202,8333.333333333334,4.866666666666666,5.680172609017068,3.3314383390085567,-0.0763091822886132,hd 8730m,hd 8730m,659.0,186.0,,,,,2015.0,Mobile
hd 7400g igp,2024.0,192.0,40.0,424.0,17.0,1.0,32.0,246.0,81408.0,1985.560975609756,4522.666666666667,0.0040485829959514,0.6931471805599453,3.3314383390085567,-0.0763091822886132,hd 7400g,hd 7400g,267.0,109.0,,,,,2012.0,Unknown
hd 7420g igp,2024.0,128.0,40.0,655.0,35.0,1.0,32.0,246.0,83840.0,2044.878048780488,2328.8888888888887,0.0040485829959514,0.6931471805599453,3.3314383390085567,-0.0763091822886132,hd 7420g,hd 7420g,311.0,121.0,,,,,2012.0,Unknown
hd 7430m,2024.0,160.0,12.8,1250.0,7.0,370.0,40.0,67.0,200000.0,14492.753623188404,25000.0,5.441176470588236,5.916202062607435,3.3314383390085567,-0.0763091822886132,hd 8730m,hd 8730m,659.0,186.0,,,,,2015.0,Mobile
hd 7450 oem,2024.0,160.0,8.528,1250.0,18.0,370.0,40.0,67.0,200000.0,20990.764063811923,10526.315789473683,5.441176470588236,5.916202062607435,3.3314383390085567,-0.0763091822886132,hd 7450m,hd 7450m,330.0,441.0,,,7.0,47.1,2015.0,Mobile
hd 7450a,2024.0,160.0,12.8,1250.0,25.0,370.0,40.0,67.0,200000.0,14492.753623188404,7692.307692307692,5.441176470588236,5.916202062607435,3.3314383390085567,-0.0763091822886132,hd 7450a,hd 7450a,288.0,385.0,,,,,2012.0,Unknown
hd 7450m,2024.0,160.0,14.4,1250.0,7.0,370.0,40.0,67.0,200000.0,12987.012987012986,25000.0,5.441176470588236,5.916202062607435,3.3314383390085567,-0.0763091822886132,hd 7450m,hd 7450m,330.0,441.0,,,7.0,47.1,2015.0,Mobile
hd 7470 oem,2024.0,160.0,28.8,1250.0,27.0,370.0,40.0,67.0,200000.0,6711.4093959731545,7142.857142857143,5.441176470588236,5.916202062607435,3.3314383390085567,-0.0763091822886132,hd 7470m,hd 7470m,408.0,393.0,,,7.0,58.24,2012.0,Mobile
hd 7470a,2024.0,160.0,12.8,1250.0,25.0,370.0,40.0,67.0,200000.0,14492.753623188404,7692.307692307692,5.441176470588236,5.916202062607435,3.3314383390085567,-0.0763091822886132,hd 7470,hd 7470,316.0,177.0,81.37,3.89,27.0,11.71,2012.0,Desktop
hd 7470a,2024.0,400.0,12.8,1250.0,18.0,627.0,40.0,104.0,500000.0,36231.884057971016,26315.78947368421,5.971428571428572,6.442540166468199,3.3314383390085567,-0.0763091822886132,hd 7470,hd 7470,316.0,177.0,81.37,3.89,27.0,11.71,2012.0,Desktop
hd 7470m,2024.0,160.0,14.4,800.0,25.0,370.0,40.0,67.0,128000.0,8311.688311688311,4923.076923076923,5.441176470588236,5.916202062607435,3.3314383390085567,-0.0763091822886132,hd 7470m,hd 7470m,408.0,393.0,,,7.0,58.24,2012.0,Mobile
hd 7480d igp,2024.0,128.0,40.0,1250.0,65.0,1.0,32.0,246.0,160000.0,3902.439024390244,2424.242424242424,0.0040485829959514,0.6931471805599453,3.3314383390085567,-0.0763091822886132,hd 7480d,hd 7480d,285.0,117.0,,,65.0,4.39,2012.0,Desktop
hd 7490m,2024.0,160.0,30.4,1250.0,9.0,370.0,40.0,67.0,200000.0,6369.426751592357,20000.0,5.441176470588236,5.916202062607435,3.3314383390085567,-0.0763091822886132,hd 8790m,hd 8790m,1306.0,751.0,,,,,2014.0,Mobile
hd 7500g igp,2024.0,256.0,40.0,424.0,17.0,1.0,32.0,246.0,108544.0,2647.414634146341,6030.222222222223,0.0040485829959514,0.6931471805599453,3.3314383390085567,-0.0763091822886132,hd 7500g,hd 7500g,330.0,114.0,,,,,2012.0,Unknown
hd 7510m,2024.0,400.0,12.8,1250.0,11.0,716.0,40.0,118.0,500000.0,36231.884057971016,41666.66666666666,6.016806722689076,6.57507584059962,3.3314383390085567,-0.0763091822886132,hd 8750m,hd 8750m,860.0,212.0,,,,,2014.0,Mobile
hd 7520g igp,2024.0,192.0,40.0,686.0,35.0,1.0,32.0,246.0,131712.0,3212.487804878049,3658.6666666666665,0.0040485829959514,0.6931471805599453,3.3314383390085567,-0.0763091822886132,hd 7520g,hd 7520g,312.0,111.0,,,,,2012.0,Unknown
hd 7530m,2024.0,400.0,14.4,1250.0,11.0,716.0,40.0,118.0,500000.0,32467.532467532463,41666.66666666666,6.016806722689076,6.57507584059962,3.3314383390085567,-0.0763091822886132,hd 8750m,hd 8750m,860.0,212.0,,,,,2014.0,Mobile
hd 7540d igp,2024.0,192.0,40.0,1250.0,65.0,1.0,32.0,246.0,240000.0,5853.658536585366,3636.363636363637,0.0040485829959514,0.6931471805599453,3.3314383390085567,-0.0763091822886132,hd 7540d,hd 7540d,336.0,125.0,,,65.0,5.16,2012.0,Desktop
hd 7550m,2024.0,480.0,28.8,1250.0,14.0,716.0,40.0,118.0,600000.0,20134.228187919463,40000.0,6.016806722689076,6.57507584059962,3.3314383390085567,-0.0763091822886132,hd 7550m,hd 7550m,465.0,403.0,,,13.0,35.76,2012.0,Mobile
hd 7550m,2024.0,480.0,14.4,550.0,14.0,716.0,40.0,118.0,264000.0,17142.85714285714,17600.0,6.016806722689076,6.57507584059962,3.3314383390085567,-0.0763091822886132,hd 7550m,hd 7550m,465.0,403.0,,,13.0,35.76,2012.0,Mobile
hd 7560d igp,2024.0,256.0,40.0,1250.0,65.0,1.0,32.0,246.0,320000.0,7804.878048780488,4848.484848484848,0.0040485829959514,0.6931471805599453,3.3314383390085567,-0.0763091822886132,hd 7560d,hd 7560d,472.0,168.0,,,100.0,4.72,2012.0,Desktop
hd 7560g igp,2024.0,256.0,40.0,760.0,35.0,1.0,32.0,246.0,194560.0,4745.365853658536,5404.444444444444,0.0040485829959514,0.6931471805599453,3.3314383390085567,-0.0763091822886132,hd 7660g,hd 7660g,476.0,129.0,,,,,2012.0,Unknown
hd 7570,2024.0,480.0,25.6,1250.0,60.0,716.0,40.0,118.0,600000.0,22556.390977443607,9836.065573770493,6.016806722689076,6.57507584059962,3.3314383390085567,-0.0763091822886132,hd 7570,hd 7570,613.0,265.0,102.49,5.99,44.0,13.94,2012.0,Desktop
hd 7570m,2024.0,480.0,25.6,1250.0,13.0,716.0,40.0,118.0,600000.0,22556.390977443607,42857.142857142855,6.016806722689076,6.57507584059962,3.3314383390085567,-0.0763091822886132,hd 7570m,hd 7570m,445.0,197.0,,,13.0,34.22,2012.0,Mobile
hd 7590m,2024.0,480.0,25.6,1250.0,18.0,716.0,40.0,118.0,600000.0,22556.390977443607,31578.947368421053,6.016806722689076,6.57507584059962,3.3314383390085567,-0.0763091822886132,hd 8790m,hd 8790m,1306.0,751.0,,,,,2014.0,Mobile
hd 7600g igp,2024.0,384.0,40.0,424.0,19.0,1.0,32.0,246.0,162816.0,3971.121951219512,8140.8,0.0040485829959514,0.6931471805599453,3.3314383390085567,-0.0763091822886132,hd 7600g,hd 7600g,320.0,99.0,,,,,2012.0,Unknown
hd 7610m,2024.0,400.0,25.6,1250.0,20.0,716.0,40.0,118.0,500000.0,18796.992481203008,23809.52380952381,6.016806722689076,6.57507584059962,3.3314383390085567,-0.0763091822886132,hd 7610m,hd 7610m,632.0,479.0,,,20.0,31.61,2012.0,Mobile
hd 7620g igp,2024.0,384.0,40.0,497.0,25.0,1.0,32.0,246.0,190848.0,4654.829268292683,7340.307692307692,0.0040485829959514,0.6931471805599453,3.3314383390085567,-0.0763091822886132,hd 7620g,hd 7620g,366.0,113.0,,,,,2012.0,Unknown
hd 7630m,2024.0,480.0,25.6,1250.0,20.0,716.0,40.0,118.0,600000.0,22556.390977443607,28571.42857142857,6.016806722689076,6.57507584059962,3.3314383390085567,-0.0763091822886132,hd 8730m,hd 8730m,659.0,186.0,,,,,2015.0,Mobile
hd 7640g igp,2024.0,256.0,40.0,655.0,35.0,1.0,32.0,246.0,167680.0,4089.756097560976,4657.777777777777,0.0040485829959514,0.6931471805599453,3.3314383390085567,-0.0763091822886132,hd 7640g,hd 7640g,448.0,122.0,,,,,2012.0,Unknown
hd 7650a,2024.0,480.0,28.8,1250.0,33.0,716.0,40.0,118.0,600000.0,20134.228187919463,17647.058823529413,6.016806722689076,6.57507584059962,3.3314383390085567,-0.0763091822886132,hd 7650a,hd 7650a,564.0,311.0,262.0,2.15,,,2012.0,Unknown
hd 7650m,2024.0,480.0,25.6,1250.0,20.0,716.0,40.0,118.0,600000.0,22556.390977443607,28571.42857142857,6.016806722689076,6.57507584059962,3.3314383390085567,-0.0763091822886132,hd 7650m,hd 7650m,451.0,69.0,,,20.0,22.54,2012.0,Mobile
hd 7650m rebrand,2024.0,480.0,25.6,1250.0,20.0,716.0,40.0,118.0,600000.0,22556.390977443607,28571.42857142857,6.016806722689076,6.57507584059962,3.3314383390085567,-0.0763091822886132,hd 7650m,hd 7650m,451.0,69.0,,,20.0,22.54,2012.0,Mobile
hd 7660d igp,2024.0,384.0,40.0,1250.0,100.0,1.0,32.0,246.0,480000.0,11707.317073170732,4752.475247524752,0.0040485829959514,0.6931471805599453,3.3314383390085567,-0.0763091822886132,hd 7660g,hd 7660g,476.0,129.0,,,,,2012.0,Unknown
hd 7660g igp,2024.0,384.0,40.0,1250.0,35.0,1.0,32.0,246.0,480000.0,11707.317073170732,13333.333333333334,0.0040485829959514,0.6931471805599453,3.3314383390085567,-0.0763091822886132,hd 7660g,hd 7660g,476.0,129.0,,,,,2012.0,Unknown
hd 7670 oem,2024.0,480.0,64.0,1250.0,66.0,716.0,40.0,118.0,600000.0,9230.76923076923,8955.223880597016,6.016806722689076,6.57507584059962,3.3314383390085567,-0.0763091822886132,hd 7670m,hd 7670m,485.0,123.0,629.99,0.77,20.0,24.23,2012.0,Mobile
hd 7670a,2024.0,480.0,64.0,1250.0,45.0,716.0,40.0,118.0,600000.0,9230.76923076923,13043.478260869566,6.016806722689076,6.57507584059962,3.3314383390085567,-0.0763091822886132,hd 7670a,hd 7670a,1050.0,702.0,,,,,2012.0,Unknown
hd 7670m,2024.0,480.0,28.8,1250.0,20.0,716.0,40.0,118.0,600000.0,20134.228187919463,28571.42857142857,6.016806722689076,6.57507584059962,3.3314383390085567,-0.0763091822886132,hd 7670m,hd 7670m,485.0,123.0,629.99,0.77,20.0,24.23,2012.0,Mobile
hd 7670m rebrand,2024.0,480.0,28.8,1250.0,20.0,716.0,40.0,118.0,600000.0,20134.228187919463,28571.42857142857,6.016806722689076,6.57507584059962,3.3314383390085567,-0.0763091822886132,hd 7670m,hd 7670m,485.0,123.0,629.99,0.77,20.0,24.23,2012.0,Mobile
hd 7690m rebrand,2024.0,480.0,25.6,1250.0,20.0,716.0,40.0,118.0,600000.0,22556.390977443607,28571.42857142857,6.016806722689076,6.57507584059962,3.3314383390085567,-0.0763091822886132,hd 7690m xt,hd 7690m xt,1009.0,552.0,,,25.0,40.37,2015.0,Mobile
hd 7690m xt rebrand,2024.0,480.0,51.2,1250.0,25.0,716.0,40.0,118.0,600000.0,11494.25287356322,23076.92307692308,6.016806722689076,6.57507584059962,3.3314383390085567,-0.0763091822886132,hd 7690m xt,hd 7690m xt,1009.0,552.0,,,25.0,40.37,2015.0,Mobile
hd 7730m,2024.0,512.0,28.8,675.0,25.0,1.0,28.0,123.0,345600.0,11597.31543624161,13292.307692307691,0.0080645161290322,0.6931471805599453,3.3314383390085567,-0.0763091822886132,hd 7730m,hd 7730m,928.0,678.0,,,,,2017.0,Unknown
hd 7730m,2024.0,512.0,28.8,675.0,25.0,1.0,28.0,123.0,345600.0,11597.31543624161,13292.307692307691,0.0080645161290322,0.6931471805599453,3.3314383390085567,-0.0763091822886132,hd 7730m,hd 7730m,634.0,218.0,,,25.0,25.37,2015.0,Mobile
hd 7750,2024.0,512.0,72.0,1250.0,55.0,1.0,28.0,123.0,640000.0,8767.123287671233,11428.57142857143,0.0080645161290322,0.6931471805599453,3.3314383390085567,-0.0763091822886132,hd 7750,hd 7750,1696.0,398.0,99.99,16.97,55.0,30.85,2012.0,Desktop
hd 7750m,2024.0,512.0,64.0,1250.0,28.0,1.0,28.0,123.0,640000.0,9846.153846153846,22068.96551724138,0.0080645161290322,0.6931471805599453,3.3314383390085567,-0.0763091822886132,hd 7750m,hd 7750m,1191.0,693.0,,,28.0,42.55,2013.0,Mobile
hd 7770 ghz edition,2024.0,640.0,72.0,1250.0,80.0,1.0,28.0,123.0,800000.0,10958.90410958904,9876.543209876543,0.0080645161290322,0.6931471805599453,3.3314383390085567,-0.0763091822886132,x1700 targa edition,x1700 targa edition,117.0,255.0,,,,,2012.0,Unknown
hd 7770m,2024.0,512.0,64.0,1250.0,32.0,1.0,28.0,123.0,640000.0,9846.153846153846,19393.939393939392,0.0080645161290322,0.6931471805599453,3.3314383390085567,-0.0763091822886132,hd 7770,hd 7770,2204.0,471.0,300.0,7.35,80.0,27.55,2012.0,Desktop
hd 7850,2024.0,1024.0,153.6,1250.0,130.0,2.0,28.0,212.0,1280000.0,8279.430789133248,9770.992366412214,0.0093896713615023,1.0986122886681098,3.3314383390085567,-0.0763091822886132,hd 7850,hd 7850,3826.0,550.0,169.99,22.51,130.0,29.43,2012.0,Desktop
hd 7850m,2024.0,640.0,64.0,1250.0,40.0,1.0,28.0,123.0,800000.0,12307.692307692309,19512.19512195122,0.0080645161290322,0.6931471805599453,3.3314383390085567,-0.0763091822886132,hd 7850m,hd 7850m,1373.0,566.0,,,40.0,34.32,2012.0,Mobile
hd 7870 ghz edition,2024.0,1280.0,153.6,1250.0,175.0,2.0,28.0,212.0,1600000.0,10349.28848641656,9090.90909090909,0.0093896713615023,1.0986122886681098,3.3314383390085567,-0.0763091822886132,x1700 targa edition,x1700 targa edition,117.0,255.0,,,,,2012.0,Unknown
hd 7870 xt,2024.0,1536.0,192.0,975.0,185.0,4.0,28.0,352.0,1497600.0,7759.58549222798,8051.612903225807,0.0113314447592068,1.6094379124341005,3.3314383390085567,-0.0763091822886132,hd 7870 xt,hd 7870 xt,4470.0,661.0,,,185.0,24.16,2013.0,Desktop
hd 7870m,2024.0,640.0,64.0,1250.0,45.0,1.0,28.0,123.0,800000.0,12307.692307692309,17391.304347826088,0.0080645161290322,0.6931471805599453,3.3314383390085567,-0.0763091822886132,hd 7870m,hd 7870m,1507.0,556.0,,,45.0,33.5,2012.0,Mobile
hd 7950,2024.0,1792.0,240.0,1250.0,200.0,4.0,28.0,352.0,2240000.0,9294.60580912863,11144.278606965174,0.0113314447592068,1.6094379124341005,3.3314383390085567,-0.0763091822886132,hd 8950,hd 8950,2267.0,423.0,,,225.0,10.08,2014.0,Desktop
hd 7950 boost,2024.0,1792.0,240.0,925.0,200.0,4.0,28.0,352.0,1657600.0,6878.008298755187,8246.766169154229,0.0113314447592068,1.6094379124341005,3.3314383390085567,-0.0763091822886132,hd 7690m xt,hd 7690m xt,1009.0,552.0,,,25.0,40.37,2015.0,Mobile
hd 7950m,2024.0,1280.0,128.0,1250.0,75.0,2.0,28.0,212.0,1600000.0,12403.100775193798,21052.63157894737,0.0093896713615023,1.0986122886681098,3.3314383390085567,-0.0763091822886132,hd 8790m,hd 8790m,1306.0,751.0,,,,,2014.0,Mobile
hd 7970,2011.0,2048.0,264.0,1250.0,250.0,4.0,28.0,352.0,2560000.0,9660.377358490568,10199.203187250996,0.0113314447592068,1.6094379124341005,3.914853695382433,-2.305415782948333,hd 7970m,hd 7970m,3774.0,541.0,,,75.0,50.32,2012.0,Mobile
hd 7970 ghz edition,2011.0191082802548,2048.0,288.0,1050.0,300.0,4.0,28.0,352.0,2150400.0,7440.83044982699,7144.186046511628,0.0113314447592068,1.6094379124341005,3.913996151987476,-2.3045582395533755,x1700 targa edition,x1700 targa edition,117.0,255.0,,,,,2012.0,Unknown
hd 7970 x2,2011.0382165605088,2048.0,264.0,1250.0,500.0,4.0,28.0,352.0,2560000.0,9660.377358490568,5109.780439121757,0.0113314447592068,1.6094379124341005,3.913138608592533,-2.3037006961584323,hd 7870 xt,hd 7870 xt,4470.0,661.0,,,185.0,24.16,2013.0,Desktop
hd 7970m,2011.0573248407643,1280.0,153.6,1250.0,100.0,2.0,28.0,212.0,1600000.0,10349.28848641656,15841.584158415842,0.0093896713615023,1.0986122886681098,3.912281065197547,-2.813668776529437,hd 7970m,hd 7970m,3774.0,541.0,,,75.0,50.32,2012.0,Mobile
hd 7970m x2,2011.0764331210191,1280.0,153.6,1250.0,200.0,2.0,28.0,212.0,1600000.0,10349.28848641656,7960.199004975125,0.0093896713615023,1.0986122886681098,3.911423521802576,-2.812811233134465,hd 7970m,hd 7970m,3774.0,541.0,,,75.0,50.32,2012.0,Mobile
hd 8180 igp,2011.1146496815288,128.0,40.0,1250.0,4.0,1.0,28.0,110.0,160000.0,3902.439024390244,32000.0,0.009009009009009,0.6931471805599453,3.9097084350126474,-3.216561254452701,hd 8180,hd 8180,152.0,55.0,,,,,2013.0,Unknown
hd 8210e,2011.133757961784,128.0,40.0,1250.0,9.0,1.0,28.0,110.0,160000.0,3902.439024390244,16000.0,0.009009009009009,0.6931471805599453,3.908850891617675,-3.2157037110577296,hd 8210e,hd 8210e,194.0,202.0,,,,,2017.0,Unknown
hd 8240 mobile igp,2011.1528662420385,128.0,40.0,1250.0,15.0,1.0,28.0,110.0,160000.0,3902.439024390244,10000.0,0.009009009009009,0.6931471805599453,3.9079933482227176,-3.214846167662772,rtx 2080 mobile,rtx 2080 mobile,15107.0,812.0,,,150.0,100.71,2019.0,Mobile
hd 8250 igp,2011.1719745222929,128.0,40.0,400.0,8.0,1.0,28.0,110.0,51200.0,1248.780487804878,5688.888888888889,0.009009009009009,0.6931471805599453,3.9071358048277753,-3.213988624267829,hd 3850 agp,hd 3850 agp,432.0,92.0,,,75.0,5.76,2012.0,Desktop
hd 8280 igp,2011.191082802548,128.0,40.0,1250.0,15.0,1.0,28.0,110.0,160000.0,3902.439024390244,10000.0,0.009009009009009,0.6931471805599453,3.9062782614327887,-3.2131310808728437,hd 8280g,hd 8280g,270.0,130.0,,,,,2013.0,Unknown
hd 8280 mobile igp,2011.2101910828023,128.0,40.0,1250.0,15.0,1.0,28.0,110.0,160000.0,3902.439024390244,10000.0,0.009009009009009,0.6931471805599453,3.9054207180378455,-3.2122735374779,rtx 2080 mobile,rtx 2080 mobile,15107.0,812.0,,,150.0,100.71,2019.0,Mobile
hd 8280e,2011.2292993630567,128.0,40.0,1250.0,15.0,1.0,28.0,110.0,160000.0,3902.439024390244,10000.0,0.009009009009009,0.6931471805599453,3.904563174642874,-3.2114159940829285,hd 8280e,hd 8280e,241.0,82.0,,,,,2014.0,Unknown
hd 8310g igp,2011.248407643312,128.0,40.0,554.0,20.0,1.0,32.0,246.0,70912.0,1729.560975609756,3376.7619047619046,0.0040485829959514,0.6931471805599453,3.9037056312479166,-3.210558450687971,hd 8610g,hd 8610g,414.0,121.0,,,,,2013.0,Unknown
hd 8330 mobile igp,2011.2675159235669,128.0,40.0,1250.0,15.0,1.0,28.0,110.0,160000.0,3902.439024390244,10000.0,0.009009009009009,0.6931471805599453,3.902848087852945,-3.209700907293,hd 8330e,hd 8330e,242.0,95.0,,,,,2013.0,Unknown
hd 8330e,2011.2866242038217,128.0,40.0,1250.0,15.0,1.0,28.0,110.0,160000.0,3902.439024390244,10000.0,0.009009009009009,0.6931471805599453,3.901990544457973,-3.208843363898028,hd 8330e,hd 8330e,242.0,95.0,,,,,2013.0,Unknown
hd 8350 oem,2011.3057324840763,80.0,10.67,1250.0,19.0,292.0,40.0,59.0,100000.0,8568.98029134533,5000.0,4.866666666666666,5.680172609017068,3.901133001063016,1.7790396079540516,hd 8350,hd 8350,165.0,233.0,99.81,1.65,4.4,37.41,2013.0,Desktop
hd 8350g igp,2011.3248407643312,128.0,40.0,720.0,35.0,1.0,32.0,246.0,92160.0,2247.8048780487807,2560.0,0.0040485829959514,0.6931471805599453,3.9002754576680583,-3.2071282771081133,hd 8350g,hd 8350g,443.0,332.0,,,35.0,12.66,2013.0,Mobile
hd 8370d igp,2011.343949044586,128.0,40.0,1250.0,65.0,1.0,32.0,246.0,160000.0,3902.439024390244,2424.242424242424,0.0040485829959514,0.6931471805599453,3.899417914273087,-3.2062707337131418,hd 8370d,hd 8370d,311.0,151.0,,,,,2013.0,Unknown
hd 8400 igp,2011.3630573248408,128.0,40.0,1250.0,25.0,1.0,28.0,110.0,160000.0,3902.439024390244,6153.846153846154,0.009009009009009,0.6931471805599453,3.898560370878116,-3.20541319031817,hd 8400,hd 8400,258.0,78.0,,,,,2013.0,Unknown
hd 8400 mobile igp,2011.382165605096,128.0,40.0,1250.0,25.0,1.0,28.0,110.0,160000.0,3902.439024390244,6153.846153846154,0.009009009009009,0.6931471805599453,3.897702827483158,-3.204555646923213,hd 8400e,hd 8400e,273.0,123.0,,,,,2013.0,Unknown
hd 8400e,2011.4012738853503,128.0,40.0,1250.0,25.0,1.0,28.0,110.0,160000.0,3902.439024390244,6153.846153846154,0.009009009009009,0.6931471805599453,3.896845284088201,-3.2036981035282555,hd 8400e,hd 8400e,273.0,123.0,,,,,2013.0,Unknown
hd 8410g igp,2011.420382165605,192.0,40.0,600.0,35.0,1.0,32.0,246.0,115200.0,2809.756097560976,3200.0,0.0040485829959514,0.6931471805599453,3.895987740693244,-3.202840560133298,hd 8410g,hd 8410g,435.0,263.0,,,,,2014.0,Unknown
hd 8450 oem,2011.43949044586,160.0,10.67,1250.0,18.0,370.0,40.0,67.0,200000.0,17137.96058269066,10526.315789473683,5.441176470588236,5.916202062607435,3.8951301972982577,2.0210718653091773,hd 8850m,hd 8850m,973.0,502.0,,,,,2015.0,Mobile
hd 8450g igp,2011.4585987261144,192.0,40.0,720.0,35.0,1.0,32.0,246.0,138240.0,3371.7073170731705,3840.0,0.0040485829959514,0.6931471805599453,3.8942726539033146,-3.201125473343369,hd 8450g,hd 8450g,361.0,148.0,,,,,2013.0,Unknown
hd 8470d igp,2011.4777070063687,192.0,40.0,1250.0,65.0,1.0,32.0,246.0,240000.0,5853.658536585366,3636.363636363637,0.0040485829959514,0.6931471805599453,3.893415110508343,-3.2002679299483976,hd 8470d,hd 8470d,362.0,145.0,,,,,2013.0,Unknown
hd 8490 oem,2011.4968152866245,160.0,14.4,1250.0,35.0,370.0,40.0,67.0,200000.0,12987.012987012986,5555.555555555556,5.441176470588236,5.916202062607435,3.892557567113357,2.0236444954940778,hd 8490,hd 8490,265.0,173.0,89.99,2.94,35.0,7.57,2014.0,Desktop
hd 8510g igp,2011.5159235668789,384.0,40.0,1250.0,35.0,1.0,32.0,246.0,480000.0,11707.317073170732,13333.333333333334,0.0040485829959514,0.6931471805599453,3.891700023718414,-3.1985528431584687,hd 8510g,hd 8510g,361.0,105.0,,,,,2013.0,Unknown
hd 8550d igp,2011.5350318471333,256.0,40.0,844.0,65.0,1.0,32.0,246.0,216064.0,5269.8536585365855,3273.696969696969,0.0040485829959514,0.6931471805599453,3.8908424803234567,-3.1976952997635117,hd 8550g,hd 8550g,403.0,116.0,,,,,2013.0,Unknown
hd 8550g igp,2011.5541401273888,256.0,40.0,660.0,35.0,1.0,32.0,246.0,168960.0,4120.975609756098,4693.333333333333,0.0040485829959514,0.6931471805599453,3.889984936928471,-3.196837756368525,hd 8550g,hd 8550g,403.0,116.0,,,,,2013.0,Unknown
hd 8570a,2011.573248407644,320.0,16.0,825.0,50.0,690.0,28.0,56.0,264000.0,15529.411764705885,5176.470588235294,12.105263157894736,6.53813982376767,3.8891273935334993,2.649012430234171,hd 8570,hd 8570,991.0,308.0,98.68,10.04,66.0,15.01,2013.0,Desktop
hd 8570d igp,2011.592356687898,256.0,40.0,1250.0,65.0,1.0,32.0,246.0,320000.0,7804.878048780488,4848.484848484848,0.0040485829959514,0.6931471805599453,3.888269850138556,-3.195122669578611,hd 8570d,hd 8570d,434.0,154.0,,,,,2013.0,Unknown
hd 8570m,2011.6114649681529,320.0,16.0,825.0,50.0,690.0,28.0,56.0,264000.0,15529.411764705885,5176.470588235294,12.105263157894736,6.53813982376767,3.8874123067435846,2.6507275170240856,hd 8570m,hd 8570m,422.0,164.0,,,,,2015.0,Unknown
hd 8610g igp,2011.630573248408,384.0,40.0,626.0,35.0,1.0,32.0,246.0,240384.0,5863.024390243902,6677.333333333333,0.0040485829959514,0.6931471805599453,3.886554763348613,-3.193407582788668,hd 8610g,hd 8610g,414.0,121.0,,,,,2013.0,Unknown
hd 8650d igp,2011.6496815286623,384.0,40.0,844.0,65.0,1.0,32.0,246.0,324096.0,7904.780487804878,4910.545454545455,0.0040485829959514,0.6931471805599453,3.88569721995367,-3.1925500393937245,hd 8650g,hd 8650g,479.0,135.0,,,,,2013.0,Unknown
hd 8650g igp,2011.6687898089167,384.0,40.0,720.0,35.0,1.0,32.0,246.0,276480.0,6743.414634146341,7680.0,0.0040485829959514,0.6931471805599453,3.884839676558727,-3.1916924959987814,hd 8650g,hd 8650g,479.0,135.0,,,,,2013.0,Unknown
hd 8670a,2011.687898089172,320.0,16.0,1250.0,45.0,690.0,28.0,56.0,400000.0,23529.41176470588,8695.652173913044,12.105263157894736,6.53813982376767,3.883982133163727,2.6541576906039435,hd 8690a,hd 8690a,466.0,128.0,,,,,2015.0,Unknown
hd 8670a,2011.7070063694268,384.0,16.0,1250.0,45.0,950.0,28.0,77.0,480000.0,28235.29411764706,10434.782608695652,12.17948717948718,6.85751406254539,3.8831245897687694,2.974389472776621,hd 8690a,hd 8690a,466.0,128.0,,,,,2015.0,Unknown
hd 8670d igp,2011.7261146496808,384.0,40.0,1250.0,100.0,1.0,32.0,246.0,480000.0,11707.317073170732,4752.475247524752,0.0040485829959514,0.6931471805599453,3.882267046373812,-3.189119865813866,hd 8670d,hd 8670d,548.0,189.0,,,,,2013.0,Unknown
hd 8670m,2011.7452229299363,320.0,14.4,975.0,50.0,690.0,28.0,56.0,312000.0,20259.740259740254,6117.64705882353,12.105263157894736,6.53813982376767,3.881409502978841,2.6567303207888298,hd 8670m,hd 8670m,520.0,488.0,,,,,2014.0,Mobile
hd 8670m,2011.7643312101911,384.0,14.4,825.0,50.0,950.0,28.0,77.0,316800.0,20571.42857142857,6211.764705882353,12.17948717948718,6.85751406254539,3.880551959583869,2.9769621029615214,hd 8670m,hd 8670m,520.0,488.0,,,,,2014.0,Mobile
hd 8730a,2011.783439490446,384.0,32.0,700.0,50.0,950.0,28.0,77.0,268800.0,8145.454545454545,5270.588235294118,12.17948717948718,6.85751406254539,3.879694416188912,2.9778196463564788,hd 8730m,hd 8730m,659.0,186.0,,,,,2015.0,Mobile
hd 8730m,2011.8025477707008,384.0,28.8,700.0,50.0,950.0,28.0,77.0,268800.0,9020.13422818792,5270.588235294118,12.17948717948718,6.85751406254539,3.87883687279394,2.9786771897514503,hd 8730m,hd 8730m,659.0,186.0,,,,,2015.0,Mobile
hd 8750a,2011.821656050956,384.0,16.0,1250.0,45.0,950.0,28.0,77.0,480000.0,28235.29411764706,10434.782608695652,12.17948717948718,6.85751406254539,3.877979329398968,2.979534733146422,hd 8750m,hd 8750m,860.0,212.0,,,,,2014.0,Mobile
hd 8750m,2011.8407643312105,384.0,28.8,825.0,50.0,950.0,28.0,77.0,316800.0,10630.872483221476,6211.764705882353,12.17948717948718,6.85751406254539,3.877121786004011,2.9803922765413797,hd 8750m,hd 8750m,860.0,212.0,,,,,2014.0,Mobile
hd 8830m,2011.8598726114649,640.0,32.0,625.0,50.0,1.0,28.0,123.0,400000.0,12121.212121212122,7843.137254901961,0.0080645161290322,0.6931471805599453,3.876264242609068,-3.1831170620491225,hd 8870m,hd 8870m,1638.0,629.0,,,,,2014.0,Mobile
r5 220 oem,2011.87898089172,80.0,8.528,1250.0,19.0,292.0,40.0,59.0,100000.0,10495.38203190596,5000.0,4.866666666666666,5.680172609017068,3.875406699214082,1.8047659098029856,r5 220,r5 220,135.0,112.0,85.26,1.58,19.0,7.09,2015.0,Desktop
r5 230 oem,2011.8980891719743,160.0,10.67,1250.0,19.0,370.0,40.0,67.0,200000.0,17137.96058269066,10000.0,5.441176470588236,5.916202062607435,3.874549155819139,2.041652906788296,r5 230,r5 230,222.0,255.0,81.1,2.74,,,2018.0,Unknown
r5 235 oem,2011.9171974522287,160.0,14.4,1250.0,35.0,370.0,40.0,67.0,200000.0,12987.012987012986,5555.555555555556,5.441176470588236,5.916202062607435,3.873691612424168,2.042510450183268,r5 235,r5 235,329.0,176.0,60.13,5.47,35.0,9.4,2014.0,Desktop
r5 235x oem,2011.936305732484,160.0,14.4,1250.0,18.0,370.0,40.0,67.0,200000.0,12987.012987012986,10526.315789473683,5.441176470588236,5.916202062607435,3.87283406902921,2.043367993578225,r5 235x,r5 235x,280.0,210.0,,,18.0,15.56,2014.0,Desktop
r5 240 oem,2011.9554140127389,384.0,14.4,780.0,50.0,950.0,28.0,77.0,299520.0,19449.35064935065,5872.941176470588,12.17948717948718,6.85751406254539,3.8719765256342384,2.985537536911152,r5 240,r5 240,520.0,191.0,85.0,6.11,50.0,10.39,2014.0,Desktop
r5 m230 rebrand,2011.9745222929937,320.0,14.4,825.0,50.0,690.0,28.0,56.0,264000.0,17142.85714285714,5176.470588235294,12.105263157894736,6.53813982376767,3.871118982239267,2.667020841528404,r5 m230,r5 m230,391.0,139.0,,,,,2014.0,Mobile
r7 240,2011.9936305732483,320.0,28.8,780.0,30.0,950.0,28.0,77.0,249600.0,8375.838926174496,8051.612903225807,12.17948717948718,6.85751406254539,3.8702614388443095,2.987252623701081,r7 240,r7 240,863.0,258.0,109.99,7.84,30.0,28.76,2013.0,Desktop
r7 240 oem,2012.0127388535032,320.0,28.8,780.0,50.0,950.0,28.0,77.0,249600.0,8375.838926174496,4894.117647058823,12.17948717948718,6.85751406254539,3.869403895449352,2.988110167096038,r7 240,r7 240,863.0,258.0,109.99,7.84,30.0,28.76,2013.0,Desktop
r7 250,2012.031847133758,512.0,28.8,1250.0,55.0,1.0,28.0,123.0,640000.0,21476.510067114094,11428.57142857143,0.0080645161290322,0.6931471805599453,3.868546352054381,-3.175399171494435,r7 250,r7 250,1151.0,296.0,189.97,6.06,75.0,15.34,2013.0,Desktop
r7 250,2012.0509554140128,512.0,28.8,1250.0,55.0,1.0,28.0,123.0,640000.0,21476.510067114094,11428.57142857143,0.0080645161290322,0.6931471805599453,3.867688808659409,-3.174541628099464,r7 250,r7 250,1151.0,296.0,189.97,6.06,75.0,15.34,2013.0,Desktop
r7 250 oem,2012.070063694268,384.0,32.0,1050.0,65.0,950.0,28.0,77.0,403200.0,12218.181818181818,6109.090909090909,12.17948717948718,6.85751406254539,3.866831265264452,2.9906827972809387,r7 250,r7 250,1151.0,296.0,189.97,6.06,75.0,15.34,2013.0,Desktop
hd 6610,2012.108280254777,400.0,25.6,1250.0,39.0,627.0,40.0,104.0,500000.0,18796.992481203008,12500.0,5.971428571428572,6.442540166468199,3.865116178474537,2.5774239879936616,hd 6610m,hd 6610m,565.0,527.0,,,,,2012.0,Unknown
hd 6770 green edition,2012.127388535032,720.0,21.34,1250.0,86.0,1.0,40.0,166.0,900000.0,40286.48164726947,10344.827586206897,0.0059880239520958,0.6931471805599453,3.864258635079551,-3.1711114545196057,r7 a10 extreme edition,r7 a10 extreme edition,816.0,286.0,,,,,2016.0,Unknown
hd 7510 oem,2012.1464968152864,320.0,21.34,1250.0,39.0,716.0,40.0,118.0,400000.0,17905.102954341986,10000.0,6.016806722689076,6.57507584059962,3.863401091684608,2.711674748915012,hd 8750m,hd 8750m,860.0,212.0,,,,,2014.0,Mobile
hd 7570 oem,2012.1656050955407,400.0,25.6,1250.0,39.0,627.0,40.0,104.0,500000.0,18796.992481203008,12500.0,5.971428571428572,6.442540166468199,3.862543548289637,2.579996618178562,hd 7570m,hd 7570m,445.0,197.0,,,13.0,34.22,2012.0,Mobile
hd 8510 oem,2012.1847133757965,400.0,16.0,1250.0,39.0,627.0,40.0,104.0,500000.0,29411.764705882357,12500.0,5.971428571428572,6.442540166468199,3.86168600489465,2.580854161573548,hd 8850m,hd 8850m,973.0,502.0,,,,,2015.0,Mobile
hd 8510 oem,2012.2038216560509,480.0,25.6,1250.0,60.0,716.0,40.0,118.0,600000.0,22556.390977443607,9836.065573770493,6.016806722689076,6.57507584059962,3.860828461499708,2.7142473790999126,hd 8850m,hd 8850m,973.0,502.0,,,,,2015.0,Mobile
hd 8550 oem,2012.2229299363053,480.0,25.6,1250.0,60.0,716.0,40.0,118.0,600000.0,22556.390977443607,9836.065573770493,6.016806722689076,6.57507584059962,3.85997091810475,2.71510492249487,hd 8850m,hd 8850m,973.0,502.0,,,,,2015.0,Mobile
hd 8570 oem,2012.2420382165608,384.0,28.8,780.0,50.0,950.0,28.0,77.0,299520.0,10051.006711409396,5872.941176470588,12.17948717948718,6.85751406254539,3.859113374709764,2.998400687835626,hd 8570m,hd 8570m,422.0,164.0,,,,,2015.0,Unknown
firepro m4100,2012.28025477707,384.0,64.0,1250.0,50.0,950.0,28.0,77.0,480000.0,7384.615384615385,9411.764705882351,12.17948717948718,6.85751406254539,3.8573982879198496,3.0001157746255407,firepro m4100,firepro m4100,1059.0,623.0,,,,,2015.0,Workstation
firepro m4150,2012.2993630573249,384.0,64.0,1250.0,50.0,950.0,28.0,77.0,480000.0,7384.615384615385,9411.764705882351,12.17948717948718,6.85751406254539,3.856540744524878,3.0009733180205123,firepro m4150,firepro m4150,999.0,207.0,,,,,2015.0,Unknown
firepro m5100,2012.31847133758,640.0,72.0,775.0,50.0,1.0,28.0,123.0,496000.0,6794.520547945205,9725.490196078432,0.0080645161290322,0.6931471805599453,3.8556832011299065,-3.162536020569961,firepro m5100,firepro m5100,2103.0,800.0,,,,,2014.0,Workstation
firepro m6100,2012.3375796178343,768.0,88.0,1250.0,50.0,2.0,28.0,160.0,960000.0,10786.516853932584,18823.529411764703,0.0124223602484472,1.0986122886681098,3.8548256577349633,-2.7562133690668533,firepro m6100,firepro m6100,1945.0,338.0,,,,,2013.0,Workstation
firepro r5000,2012.3566878980887,768.0,102.4,1250.0,150.0,2.0,28.0,212.0,960000.0,9284.332688588009,6357.615894039735,0.0093896713615023,1.0986122886681098,3.853968114340006,-2.755355825671896,firepro r5000,firepro r5000,2647.0,625.0,109.99,24.06,,,2016.0,Unknown
firepro w5000 dvi,2012.375796178344,768.0,102.4,1250.0,75.0,2.0,28.0,212.0,960000.0,9284.332688588009,12631.578947368422,0.0093896713615023,1.0986122886681098,3.85311057094502,-2.75449828227691,firepro w5000,firepro w5000,3056.0,587.0,184.0,16.61,75.0,40.74,2012.0,Workstation
hd 6870 1600sp edition,2012.4140127388528,1600.0,134.4,1250.0,175.0,2.0,40.0,334.0,2000000.0,14771.048744460855,11363.636363636364,0.0059701492537313,1.0986122886681098,3.8513954841551055,-2.7527831954869955,3dp edition,3dp edition,827.0,931.0,1159.99,0.71,,,2018.0,Unknown
hd 7690m xt,2012.4331210191085,480.0,57.6,1250.0,25.0,716.0,40.0,118.0,600000.0,10238.907849829351,23076.92307692308,6.016806722689076,6.57507584059962,3.85053794076012,2.7245378998395005,hd 7690m xt,hd 7690m xt,1009.0,552.0,,,25.0,40.37,2015.0,Mobile
hd 7720 oem,2012.4522292993631,800.0,134.4,1250.0,150.0,1.0,40.0,255.0,1000000.0,7385.524372230428,6622.516556291391,0.00390625,0.6931471805599453,3.8496803973651614,-3.156533216805217,hd 7970m,hd 7970m,3774.0,541.0,,,75.0,50.32,2012.0,Mobile
hd 7730,2012.4713375796173,384.0,72.0,1250.0,47.0,1.0,28.0,123.0,480000.0,6575.342465753424,10000.0,0.0080645161290322,0.6931471805599453,3.848822853970219,-3.1556756734102738,hd 7730,hd 7730,1217.0,402.0,232.7,5.23,47.0,25.89,2015.0,Desktop
hd 7790,2012.4904458598728,896.0,96.0,1250.0,85.0,2.0,28.0,160.0,1120000.0,11546.39175257732,13023.255813953489,0.0124223602484472,1.0986122886681098,3.8479653105752334,-2.7493530219071234,hd 7790,hd 7790,3090.0,459.0,139.99,22.07,85.0,36.36,2013.0,Desktop
hd 7950 mac edition,2012.509554140128,1792.0,240.0,1250.0,200.0,4.0,28.0,352.0,2240000.0,9294.60580912863,11144.278606965174,0.0113314447592068,1.6094379124341005,3.847107767180262,-2.2376698547461613,x1700 targa edition,x1700 targa edition,117.0,255.0,,,,,2012.0,Unknown
hd 7990,2012.5286624203825,2048.0,288.0,1000.0,375.0,4.0,28.0,365.0,2048000.0,7086.505190311419,5446.808510638298,0.0109289617486338,1.6094379124341005,3.846250223785305,-2.236812311351204,hd 7990,hd 7990,5566.0,766.0,399.99,13.91,375.0,14.84,2013.0,Desktop
hd 8470 oem,2012.5477707006369,160.0,25.6,1250.0,35.0,370.0,40.0,67.0,200000.0,7518.796992481202,5555.555555555556,5.441176470588236,5.916202062607435,3.845392680390347,2.070809382217088,hd 8470,hd 8470,257.0,172.0,,,35.0,7.33,2013.0,Desktop
hd 8590m,2012.566878980892,320.0,36.0,825.0,50.0,690.0,28.0,56.0,264000.0,7135.135135135135,5176.470588235294,12.105263157894736,6.53813982376767,3.844535136995376,2.6936046867722947,hd 8970m,hd 8970m,3876.0,807.0,139.99,27.69,100.0,38.76,2014.0,Mobile
hd 8670 oem,2012.5859872611463,384.0,73.6,1050.0,75.0,950.0,28.0,77.0,403200.0,5404.825737265416,5305.263157894737,12.17948717948718,6.85751406254539,3.843677593600432,3.013836468944958,hd 8670m,hd 8670m,520.0,488.0,,,,,2014.0,Mobile
hd 8690m,2012.6050955414007,320.0,32.0,975.0,50.0,690.0,28.0,56.0,312000.0,9454.545454545454,6117.64705882353,12.105263157894736,6.53813982376767,3.842820050205489,2.695319773562181,hd 8690m,hd 8690m,984.0,768.0,,,,,2015.0,Unknown
hd 8730 oem,2012.624203821656,384.0,72.0,1250.0,47.0,1.0,28.0,123.0,480000.0,6575.342465753424,10000.0,0.0080645161290322,0.6931471805599453,3.841962506810504,-3.148815326250558,hd 8730m,hd 8730m,659.0,186.0,,,,,2015.0,Mobile
hd 8740 oem,2012.6433121019109,512.0,72.0,1250.0,55.0,1.0,28.0,123.0,640000.0,8767.123287671233,11428.57142857143,0.0080645161290322,0.6931471805599453,3.841104963415532,-3.1479577828555865,hd 8970m,hd 8970m,3876.0,807.0,139.99,27.69,100.0,38.76,2014.0,Mobile
hd 8750m,2012.6624203821657,384.0,64.0,1250.0,50.0,950.0,28.0,77.0,480000.0,7384.615384615385,9411.764705882351,12.17948717948718,6.85751406254539,3.84024742002056,3.01726664252483,hd 8750m,hd 8750m,860.0,212.0,,,,,2014.0,Mobile
hd 8760 oem,2012.6815286624203,640.0,72.0,1250.0,80.0,1.0,28.0,123.0,800000.0,10958.90410958904,9876.543209876543,0.0080645161290322,0.6931471805599453,3.839389876625603,-3.146242696065657,hd 8970m,hd 8970m,3876.0,807.0,139.99,27.69,100.0,38.76,2014.0,Mobile
hd 8770 oem,2012.7006369426751,896.0,96.0,1250.0,85.0,2.0,28.0,160.0,1120000.0,11546.39175257732,13023.255813953489,0.0124223602484472,1.0986122886681098,3.8385323332306456,-2.739920044562536,hd 8970m,hd 8970m,3876.0,807.0,139.99,27.69,100.0,38.76,2014.0,Mobile
hd 8770m,2012.71974522293,384.0,72.0,825.0,50.0,950.0,28.0,77.0,316800.0,4339.726027397261,6211.764705882353,12.17948717948718,6.85751406254539,3.837674789835674,3.0198392727097163,hd 8970m,hd 8970m,3876.0,807.0,139.99,27.69,100.0,38.76,2014.0,Mobile
hd 8790m,2012.7388535031848,384.0,64.0,900.0,50.0,950.0,28.0,77.0,345600.0,5316.923076923077,6776.470588235294,12.17948717948718,6.85751406254539,3.8368172464407024,3.020696816104688,hd 8790m,hd 8790m,1306.0,751.0,,,,,2014.0,Mobile
hd 8850m,2012.75796178344,640.0,64.0,625.0,50.0,1.0,28.0,123.0,400000.0,6153.846153846154,7843.137254901961,0.0080645161290322,0.6931471805599453,3.835959703045745,-3.1428125224858,hd 8850m,hd 8850m,973.0,502.0,,,,,2015.0,Mobile
hd 8860 oem,2012.7770700636945,1280.0,179.2,1250.0,175.0,2.0,28.0,212.0,1600000.0,8879.023307436182,9090.90909090909,0.0093896713615023,1.0986122886681098,3.8351021596507735,-2.7364898709826635,hd 8870m,hd 8870m,1638.0,629.0,,,,,2014.0,Mobile
hd 8870 oem,2012.796178343949,1280.0,153.6,1250.0,175.0,2.0,28.0,212.0,1600000.0,10349.28848641656,9090.90909090909,0.0093896713615023,1.0986122886681098,3.8342446162558304,-2.7356323275877203,hd 8870m,hd 8870m,1638.0,629.0,,,,,2014.0,Mobile
hd 8870m,2012.815286624204,640.0,72.0,775.0,50.0,1.0,28.0,123.0,496000.0,6794.520547945205,9725.490196078432,0.0080645161290322,0.6931471805599453,3.833387072860845,-3.140239892300899,hd 8870m,hd 8870m,1638.0,629.0,,,,,2014.0,Mobile
hd 8950 oem,2012.8343949044583,1792.0,240.0,925.0,200.0,4.0,28.0,352.0,1657600.0,6878.008298755187,8246.766169154229,0.0113314447592068,1.6094379124341005,3.832529529465901,-2.223091617031801,hd 8950,hd 8950,2267.0,423.0,,,225.0,10.08,2014.0,Desktop
hd 8950m,2012.8535031847127,768.0,88.0,1250.0,100.0,2.0,28.0,160.0,960000.0,10786.516853932584,9504.950495049505,0.0124223602484472,1.0986122886681098,3.83167198607093,-2.73305969740282,hd 8950,hd 8950,2267.0,423.0,,,225.0,10.08,2014.0,Desktop
hd 8970 oem,2012.8726114649685,2048.0,264.0,1250.0,250.0,4.0,28.0,352.0,2560000.0,9660.377358490568,10199.203187250996,0.0113314447592068,1.6094379124341005,3.830814442675944,-2.221376530241844,hd 8970m,hd 8970m,3876.0,807.0,139.99,27.69,100.0,38.76,2014.0,Mobile
hd 8970m,2012.8917197452229,1280.0,153.6,900.0,100.0,2.0,28.0,212.0,1152000.0,7451.487710219922,11405.940594059406,0.0093896713615023,1.0986122886681098,3.829956899281001,-2.731344610612891,hd 8970m,hd 8970m,3876.0,807.0,139.99,27.69,100.0,38.76,2014.0,Mobile
hd 8990 oem,2012.9108280254777,2048.0,288.0,1000.0,375.0,4.0,28.0,365.0,2048000.0,7086.505190311419,5446.808510638298,0.0109289617486338,1.6094379124341005,3.829099355886029,-2.219661443451929,hd 8990,hd 8990,5214.0,658.0,,,375.0,13.9,2013.0,Desktop
r7 240,2012.9299363057328,320.0,73.6,700.0,30.0,950.0,28.0,77.0,224000.0,3002.680965147453,7225.806451612903,12.17948717948718,6.85751406254539,3.8282418124910578,3.0292722500543325,r7 240,r7 240,863.0,258.0,109.99,7.84,30.0,28.76,2013.0,Desktop
r7 250,2012.9490445859872,384.0,73.6,1050.0,65.0,950.0,28.0,77.0,403200.0,5404.825737265416,6109.090909090909,12.17948717948718,6.85751406254539,3.8273842690961146,3.030129793449276,r7 250,r7 250,1151.0,296.0,189.97,6.06,75.0,15.34,2013.0,Desktop
r7 250e,2012.968152866242,512.0,72.0,1250.0,55.0,1.0,28.0,123.0,640000.0,8767.123287671233,11428.57142857143,0.0080645161290322,0.6931471805599453,3.826526725701143,-3.1333795451411977,r7 250,r7 250,1151.0,296.0,189.97,6.06,75.0,15.34,2013.0,Desktop
r7 260,2012.9872611464968,768.0,96.0,1250.0,95.0,2.0,28.0,160.0,960000.0,9896.907216494845,10000.0,0.0124223602484472,1.0986122886681098,3.825669182306172,-2.727056893638061,r7 260,r7 260,2892.0,559.0,89.99,32.13,95.0,30.44,2014.0,Desktop
r7 260x,2013.006369426752,896.0,104.0,1250.0,115.0,2.0,28.0,160.0,1120000.0,10666.666666666666,9655.172413793103,0.0124223602484472,1.0986122886681098,3.8248116389112,-2.72619935024309,r7 260x,r7 260x,3147.0,506.0,139.99,22.48,115.0,27.37,2013.0,Desktop
r9 255 oem,2013.0254777070063,512.0,73.6,930.0,65.0,1.0,28.0,123.0,476160.0,6382.841823056301,7214.545454545455,0.0080645161290322,0.6931471805599453,3.8239540955162568,-3.130806914956312,r9 255,r9 255,1485.0,395.0,344.16,4.31,,,2014.0,Desktop
r9 260 oem,2013.0445859872607,896.0,104.0,1250.0,85.0,2.0,28.0,160.0,1120000.0,10666.666666666666,13023.255813953489,0.0124223602484472,1.0986122886681098,3.8230965521212994,-2.7244842634531894,r9 260,r9 260,3018.0,643.0,,,,,2016.0,Unknown
r9 270,2013.063694267516,1280.0,179.2,925.0,150.0,2.0,28.0,212.0,1184000.0,6570.477247502775,7841.059602649007,0.0093896713615023,1.0986122886681098,3.8222390087263136,-2.723626720058204,r9 270,r9 270,4306.0,567.0,,,,,2018.0,Unknown
r9 270x,2013.0828025477704,1280.0,179.2,1050.0,180.0,2.0,28.0,212.0,1344000.0,7458.379578246393,7425.414364640884,0.0093896713615023,1.0986122886681098,3.8213814653313705,-2.7227691766632605,r9 270x,r9 270x,4923.0,607.0,326.5,15.08,180.0,27.35,2013.0,Desktop
r9 280x,2013.1019108280248,2048.0,288.0,1000.0,250.0,4.0,28.0,352.0,2048000.0,7086.505190311419,8159.362549800797,0.0113314447592068,1.6094379124341005,3.820523921936399,-2.2110860095022984,r9 280x,r9 280x,6284.0,692.0,,,250.0,25.14,2016.0,Desktop
r9 290,2013.1210191082805,2560.0,320.0,1250.0,275.0,6.0,28.0,438.0,3200000.0,9968.847352024924,11594.202898550724,0.0136674259681093,1.9459101490553128,3.819666378541413,-1.8737562294861,r9 290,r9 290,8409.0,789.0,,,,,2020.0,Unknown
r9 290x,2013.1401273885351,2816.0,320.0,1250.0,290.0,6.0,28.0,438.0,3520000.0,10965.732087227414,12096.219931271478,0.0136674259681093,1.9459101490553128,3.818808835146456,-1.8728986860911423,r9 290x,r9 290x,8794.0,787.0,,,,,2020.0,Unknown
sky 500,2013.1592356687893,1280.0,153.6,1250.0,150.0,2.0,28.0,212.0,1600000.0,10349.28848641656,10596.026490066226,0.0093896713615023,1.0986122886681098,3.8179512917515126,-2.7193390030834026,sky 500,sky 500,4736.0,551.0,,,,,2019.0,Unknown
sky 700,2013.1783439490448,1792.0,264.0,1250.0,225.0,4.0,28.0,352.0,2240000.0,8452.830188679245,9911.50442477876,0.0113314447592068,1.6094379124341005,3.817093748356527,-2.2076558359224263,sky 500,sky 500,4736.0,551.0,,,,,2019.0,Unknown
sky 900,2013.1974522293,1792.0,240.0,950.0,300.0,4.0,28.0,352.0,1702400.0,7063.90041493776,5655.813953488372,0.0113314447592068,1.6094379124341005,3.8162362049615552,-2.2067982925274547,sky 500,sky 500,4736.0,551.0,,,,,2019.0,Unknown
firepro d300,2013.216560509554,1280.0,162.6,1250.0,150.0,2.0,28.0,212.0,1600000.0,9779.9511002445,10596.026490066226,0.0093896713615023,1.0986122886681098,3.815378661566612,-2.716766372898502,firepro w4300,firepro w4300,2863.0,771.0,239.99,11.93,50.0,57.26,2016.0,Workstation
firepro d500,2013.2356687898089,1536.0,243.8,1250.0,274.0,4.0,28.0,352.0,1920000.0,7843.137254901961,6981.818181818182,0.0113314447592068,1.6094379124341005,3.814521118171641,-2.20508320573754,firepro w5100,firepro w5100,2957.0,541.0,125.99,23.47,75.0,39.43,2014.0,Workstation
firepro d700,2013.254777070064,2048.0,263.0,1250.0,274.0,4.0,28.0,352.0,2560000.0,9696.969696969696,9309.09090909091,0.0113314447592068,1.6094379124341005,3.813663574776669,-2.2042256623425684,firepro w7100,firepro w7100,5175.0,667.0,389.3,13.29,150.0,34.5,2015.0,Workstation
firepro m6100,2013.2738853503183,896.0,96.0,1250.0,50.0,2.0,28.0,160.0,1120000.0,11546.39175257732,21960.78431372549,0.0124223602484472,1.0986122886681098,3.812806031381726,-2.714193742713616,firepro m6100,firepro m6100,1945.0,338.0,,,,,2013.0,Workstation
firepro s10000 passive 12gb,2013.2929936305727,1792.0,240.0,950.0,375.0,4.0,28.0,352.0,1702400.0,7063.90041493776,4527.659574468085,0.0113314447592068,1.6094379124341005,3.811948487986783,-2.202510575552682,firepro s10000,firepro s10000,5315.0,493.0,,,,,2015.0,Unknown
firepro s4000x,2013.312101910828,640.0,72.0,775.0,45.0,1.0,28.0,123.0,496000.0,6794.520547945205,10782.608695652174,0.0080645161290322,0.6931471805599453,3.811090944591797,-3.1179437640318515,firepro s9000,firepro s9000,5059.0,561.0,,,,,2015.0,Unknown
firepro s9050,2013.3312101910828,1792.0,264.0,1250.0,225.0,4.0,28.0,352.0,2240000.0,8452.830188679245,9911.50442477876,0.0113314447592068,1.6094379124341005,3.810233401196825,-2.200795488762725,firepro s9050,firepro s9050,4901.0,369.0,,,,,2020.0,Unknown
firepro s9100,2013.3503184713377,2560.0,320.0,1250.0,225.0,6.0,28.0,438.0,3200000.0,9968.847352024924,14159.29203539823,0.0136674259681093,1.9459101490553128,3.8093758578018537,-1.8634657087465405,firepro w9100,firepro w9100,7719.0,790.0,1729.99,4.46,275.0,28.07,2014.0,Workstation
firepro s9150,2013.3694267515923,2816.0,320.0,1250.0,235.0,6.0,28.0,438.0,3520000.0,10965.732087227414,14915.254237288136,0.0136674259681093,1.9459101490553128,3.808518314406896,-1.8626081653515831,firepro s9050,firepro s9050,4901.0,369.0,,,,,2020.0,Unknown
firepro w2100,2013.3885350318471,320.0,28.8,680.0,26.0,950.0,28.0,77.0,217600.0,7302.013422818792,8059.259259259259,12.17948717948718,6.85751406254539,3.807660771011939,3.0498532915334517,firepro w2100,firepro w2100,890.0,327.0,59.0,15.09,26.0,34.24,2014.0,Workstation
firepro w4100,2013.407643312102,512.0,64.0,1250.0,50.0,1.0,28.0,123.0,640000.0,9846.153846153846,12549.019607843138,0.0080645161290322,0.6931471805599453,3.806803227616968,-3.113656047057022,firepro w4100,firepro w4100,1541.0,535.0,184.0,8.38,50.0,30.82,2014.0,Workstation
firepro w4170m,2013.4267515923568,384.0,64.0,900.0,50.0,950.0,28.0,77.0,345600.0,5316.923076923077,6776.470588235294,12.17948717948718,6.85751406254539,3.805945684221996,3.0515683783233944,firepro w4170m,firepro w4170m,953.0,223.0,,,,,2015.0,Unknown
firepro w5100,2013.445859872612,768.0,96.0,1250.0,50.0,2.0,28.0,160.0,960000.0,9896.907216494845,18823.529411764703,0.0124223602484472,1.0986122886681098,3.8050881408270394,-2.7064758521589285,firepro w5100,firepro w5100,2957.0,541.0,125.99,23.47,75.0,39.43,2014.0,Workstation
firepro w5170m,2013.4649681528665,640.0,72.0,925.0,50.0,1.0,28.0,123.0,592000.0,8109.58904109589,11607.843137254902,0.0080645161290322,0.6931471805599453,3.804230597432067,-3.111083416872121,firepro w5170m,firepro w5170m,1555.0,399.0,,,,,2015.0,"Mobile, Workstation"
firepro w6170m,2013.484076433121,896.0,96.0,1250.0,50.0,2.0,28.0,160.0,1120000.0,11546.39175257732,21960.78431372549,0.0124223602484472,1.0986122886681098,3.803373054037124,-2.7047607653690138,firepro w7170m,firepro w7170m,3162.0,418.0,,,,,2016.0,Unknown
firepro w7100,2013.503184713376,1792.0,160.0,1250.0,150.0,5.0,28.0,366.0,2240000.0,13913.04347826087,14834.437086092716,0.0136239782016348,1.791759469228055,3.802515510642138,-2.010756041414083,firepro w7100,firepro w7100,5175.0,667.0,389.3,13.29,150.0,34.5,2015.0,Workstation
firepro w8100,2013.5222929936303,2560.0,320.0,1250.0,220.0,6.0,28.0,438.0,3200000.0,9968.847352024924,14479.638009049771,0.0136674259681093,1.9459101490553128,3.801657967247195,-1.8557478181918816,firepro w8100,firepro w8100,7327.0,759.0,704.0,10.41,220.0,33.3,2014.0,Workstation
firepro w9100,2013.5414012738847,2816.0,320.0,1250.0,275.0,6.0,28.0,438.0,3520000.0,10965.732087227414,12753.623188405798,0.0136674259681093,1.9459101490553128,3.8008004238522233,-1.85489027479691,firepro w9100,firepro w9100,7719.0,790.0,1729.99,4.46,275.0,28.07,2014.0,Workstation
e8860,2013.56050955414,640.0,72.0,625.0,37.0,1.0,28.0,123.0,400000.0,5479.45205479452,10526.315789473683,0.0080645161290322,0.6931471805599453,3.799942880457266,-3.1067956998973205,e8860,e8860,1626.0,528.0,,,,,2015.0,Unknown
hd 8210 igp,2013.5796178343949,128.0,40.0,1250.0,8.0,1.0,28.0,110.0,160000.0,3902.439024390244,17777.777777777777,0.009009009009009,0.6931471805599453,3.7990853370622943,-3.105938156502349,hd 8210,hd 8210,191.0,50.0,,,,,2013.0,Unknown
hd 8530m,2013.5987261146497,320.0,14.4,700.0,50.0,950.0,28.0,77.0,224000.0,14545.454545454546,4392.156862745098,12.17948717948718,6.85751406254539,3.7982277936673223,3.0592862688780675,hd8530m,hd8530m,490.0,438.0,,,,,2016.0,Unknown
hd 8550m,2013.6178343949043,320.0,14.4,850.0,50.0,690.0,28.0,56.0,272000.0,17662.33766233766,5333.333333333333,12.105263157894736,6.53813982376767,3.797370250272365,2.740769573495305,hd 8850m,hd 8850m,973.0,502.0,,,,,2015.0,Mobile
r5 230,2013.694267515924,160.0,10.67,1250.0,19.0,370.0,40.0,67.0,200000.0,17137.96058269066,10000.0,5.441176470588236,5.916202062607435,3.793940076692508,2.1222619859149274,r5 230,r5 230,222.0,255.0,81.1,2.74,,,2018.0,Unknown
r5 a220,2013.7133757961783,160.0,14.4,1250.0,35.0,370.0,40.0,67.0,200000.0,12987.012987012986,5555.555555555556,5.441176470588236,5.916202062607435,3.79308253329755,2.123119529309885,r5 220,r5 220,135.0,112.0,85.26,1.58,19.0,7.09,2015.0,Desktop
r5 a230,2013.732484076433,320.0,16.0,855.0,50.0,690.0,28.0,56.0,273600.0,16094.117647058823,5364.705882352941,12.105263157894736,6.53813982376767,3.792224989902593,2.7459148338650774,r5 230,r5 230,222.0,255.0,81.1,2.74,,,2018.0,Unknown
r5 a240,2013.751592356688,320.0,14.4,1250.0,50.0,690.0,28.0,56.0,400000.0,25974.02597402597,7843.137254901961,12.105263157894736,6.53813982376767,3.791367446507607,2.746772377260063,r5 a240,r5 a240,576.0,802.0,,,,,2016.0,Unknown
r5 a240,2013.7707006369424,320.0,28.8,780.0,50.0,950.0,28.0,77.0,249600.0,8375.838926174496,4894.117647058823,12.17948717948718,6.85751406254539,3.790509903112664,3.0670041594327264,r5 a240,r5 a240,576.0,802.0,,,,,2016.0,Unknown
r5 a255,2013.7898089171968,384.0,64.0,940.0,50.0,1.0,28.0,125.0,360960.0,5553.2307692307695,7077.64705882353,0.0079365079365079,0.6931471805599453,3.789652359717692,-3.096505179157747,r5 m255,r5 m255,496.0,142.0,,,,,2014.0,Mobile
r5 graphics,2013.8089171974525,256.0,40.0,1250.0,15.0,2.0,28.0,245.0,320000.0,7804.878048780488,20000.0,0.008130081300813,1.0986122886681098,3.7887948163227065,-2.6901825276545965,hd 6320 graphic,hd 6320 graphic,216.0,159.0,,,,,2011.0,Unknown
r5 graphics,2013.8280254777071,256.0,40.0,1250.0,15.0,2.0,28.0,245.0,320000.0,7804.878048780488,20000.0,0.008130081300813,1.0986122886681098,3.787937272927749,-2.689324984259639,hd 6320 graphic,hd 6320 graphic,216.0,159.0,,,,,2011.0,Unknown
r5 m230,2013.8471337579613,320.0,16.0,1250.0,50.0,690.0,28.0,56.0,400000.0,23529.41176470588,7843.137254901961,12.105263157894736,6.53813982376767,3.787079729532806,2.751060094234864,r5 m230,r5 m230,391.0,139.0,,,,,2014.0,Mobile
r5 m230,2013.8662420382168,320.0,16.0,855.0,50.0,690.0,28.0,56.0,273600.0,16094.117647058823,5364.705882352941,12.105263157894736,6.53813982376767,3.78622218613782,2.75191763762985,r5 m230,r5 m230,391.0,139.0,,,,,2014.0,Mobile
r5 m230 rebrand,2013.885350318472,320.0,14.4,850.0,50.0,690.0,28.0,56.0,272000.0,17662.33766233766,5333.333333333333,12.105263157894736,6.53813982376767,3.7853646427428487,2.752775181024821,r5 m230,r5 m230,391.0,139.0,,,,,2014.0,Mobile
r5 m240,2013.904458598726,320.0,14.4,1030.0,50.0,690.0,28.0,56.0,329600.0,21402.597402597403,6462.745098039216,12.105263157894736,6.53813982376767,3.7845070993479055,2.7536327244197647,r5 m240,r5 m240,432.0,247.0,,,,,2015.0,Unknown
r5 m240 rebrand,2013.9235668789809,384.0,14.4,700.0,50.0,950.0,28.0,77.0,268800.0,17454.545454545456,5270.588235294118,12.17948717948718,6.85751406254539,3.783649555952934,3.0738645065924564,r5 m240,r5 m240,432.0,247.0,,,,,2015.0,Unknown
r5 m255,2013.942675159236,384.0,32.0,940.0,50.0,1.0,28.0,125.0,360960.0,10938.181818181818,7077.64705882353,0.0079365079365079,0.6931471805599453,3.7827920125579615,-3.089644831998017,r5 m255,r5 m255,496.0,142.0,,,,,2014.0,Mobile
r6 m255dx,2014.0191082802548,320.0,40.0,855.0,50.0,690.0,28.0,56.0,273600.0,6673.170731707317,5364.705882352941,12.105263157894736,6.53813982376767,3.779361838978119,2.7587779847895515,r6 m255dx,r6 m255dx,572.0,106.0,,,,,2019.0,Unknown
r6 m255dx,2014.0382165605088,384.0,40.0,940.0,50.0,1.0,28.0,125.0,360960.0,8803.90243902439,7077.64705882353,0.0079365079365079,0.6931471805599453,3.778504295583176,-3.08535711502323,r6 m255dx,r6 m255dx,572.0,106.0,,,,,2019.0,Unknown
r7 250x,2014.0764331210191,640.0,72.0,1250.0,80.0,1.0,28.0,123.0,800000.0,10958.90410958904,9876.543209876543,0.0080645161290322,0.6931471805599453,3.776789208793232,-3.083642028233287,r7 250x,r7 250x,2269.0,637.0,194.0,11.7,95.0,23.88,2015.0,Desktop
r7 250xe,2014.095541401274,640.0,72.0,1250.0,80.0,1.0,28.0,123.0,800000.0,10958.90410958904,9876.543209876543,0.0080645161290322,0.6931471805599453,3.775931665398261,-3.0827844848383155,r7 250x,r7 250x,2269.0,637.0,194.0,11.7,95.0,23.88,2015.0,Desktop
r7 265,2014.1146496815288,1024.0,179.2,925.0,150.0,2.0,28.0,212.0,947200.0,5256.38179800222,6272.847682119205,0.0093896713615023,1.0986122886681098,3.775074122003289,-2.6764618333351797,r7 m265,r7 m265,576.0,170.0,,,,,2014.0,Mobile
r7 265x oem,2014.133757961784,1280.0,179.2,925.0,150.0,2.0,28.0,212.0,1184000.0,6570.477247502775,7841.059602649007,0.0093896713615023,1.0986122886681098,3.774216578608332,-2.675604289940222,r7 m265dx,r7 m265dx,499.0,138.0,,,,,2020.0,Unknown
r7 a260,2014.1528662420385,384.0,57.6,980.0,50.0,1.0,28.0,125.0,376320.0,6421.843003412969,7378.823529411765,0.0079365079365079,0.6931471805599453,3.77335903521336,-3.080211854653415,r7 260,r7 260,2892.0,559.0,89.99,32.13,95.0,30.44,2014.0,Desktop
r7 a265,2014.1719745222929,384.0,28.8,825.0,50.0,950.0,28.0,77.0,316800.0,10630.872483221476,6211.764705882353,12.17948717948718,6.85751406254539,3.772501491818417,3.085012570726973,r7 a265,r7 a265,955.0,737.0,,,,,2015.0,Unknown
r7 graphics,2014.191082802548,512.0,40.0,1250.0,25.0,2.0,28.0,245.0,640000.0,15609.756097560976,24615.384615384617,0.008130081300813,1.0986122886681098,3.771643948423432,-2.6730316597553214,hd 6320 graphic,hd 6320 graphic,216.0,159.0,,,,,2011.0,Unknown
r7 graphics,2014.2101910828023,384.0,40.0,1250.0,25.0,2.0,28.0,245.0,480000.0,11707.317073170732,18461.53846153846,0.008130081300813,1.0986122886681098,3.770786405028488,-2.6721741163603783,hd 6320 graphic,hd 6320 graphic,216.0,159.0,,,,,2011.0,Unknown
r7 m260,2014.2292993630567,384.0,14.4,980.0,50.0,1.0,28.0,125.0,376320.0,24436.36363636364,7378.823529411765,0.0079365079365079,0.6931471805599453,3.7699288616335167,-3.0767816810735718,r7 m260,r7 m260,452.0,117.0,799.0,0.57,,,2014.0,Mobile
r7 m260dx,2014.248407643312,320.0,40.0,1030.0,50.0,690.0,28.0,56.0,329600.0,8039.024390243902,6462.745098039216,12.105263157894736,6.53813982376767,3.7690713182385593,2.769068505529111,r7 m260dx,r7 m260dx,822.0,210.0,,,,,2019.0,Unknown
r7 m260dx,2014.2675159235669,320.0,40.0,855.0,50.0,690.0,28.0,56.0,273600.0,6673.170731707317,5364.705882352941,12.105263157894736,6.53813982376767,3.768213774843588,2.7699260489240825,r7 m260dx,r7 m260dx,822.0,210.0,,,,,2019.0,Unknown
r7 m260dx,2014.2866242038217,384.0,40.0,940.0,50.0,1.0,28.0,125.0,360960.0,8803.90243902439,7077.64705882353,0.0079365079365079,0.6931471805599453,3.767356231448616,-3.074209050888671,r7 m260dx,r7 m260dx,822.0,210.0,,,,,2019.0,Unknown
r7 m265,2014.3057324840763,384.0,28.8,825.0,50.0,950.0,28.0,77.0,316800.0,10630.872483221476,6211.764705882353,12.17948717948718,6.85751406254539,3.766498688053659,3.0910153744917315,r7 m265,r7 m265,576.0,170.0,,,,,2014.0,Mobile
r7 m265,2014.3248407643312,384.0,14.4,980.0,50.0,1.0,28.0,125.0,376320.0,24436.36363636364,7378.823529411765,0.0079365079365079,0.6931471805599453,3.7656411446587015,-3.072493964098756,r7 m265,r7 m265,576.0,170.0,,,,,2014.0,Mobile
r7 m265dx,2014.343949044586,384.0,40.0,980.0,50.0,1.0,28.0,125.0,376320.0,9178.536585365851,7378.823529411765,0.0079365079365079,0.6931471805599453,3.76478360126373,-3.0716364207037845,r7 m265dx,r7 m265dx,499.0,138.0,,,,,2020.0,Unknown
r7 m265dx,2014.3630573248408,320.0,40.0,855.0,50.0,690.0,28.0,56.0,273600.0,6673.170731707317,5364.705882352941,12.105263157894736,6.53813982376767,3.7639260578687583,2.774213765898912,r7 m265dx,r7 m265dx,499.0,138.0,,,,,2020.0,Unknown
r7 m265dx,2014.382165605096,384.0,40.0,940.0,50.0,1.0,28.0,125.0,360960.0,8803.90243902439,7077.64705882353,0.0079365079365079,0.6931471805599453,3.763068514473801,-3.069921333913856,r7 m265dx,r7 m265dx,499.0,138.0,,,,,2020.0,Unknown
r7 m270,2014.4012738853503,384.0,28.8,825.0,50.0,950.0,28.0,77.0,316800.0,10630.872483221476,6211.764705882353,12.17948717948718,6.85751406254539,3.762210971078844,3.0953030914665467,r7 m270,r7 m270,734.0,167.0,,,,,2015.0,Unknown
r7 m270dx,2014.420382165605,384.0,40.0,980.0,50.0,1.0,28.0,125.0,376320.0,9178.536585365851,7378.823529411765,0.0079365079365079,0.6931471805599453,3.7613534276838863,-3.068206247123941,r7 m270dx,r7 m270dx,962.0,233.0,,,,,2020.0,Unknown
r7 m270dx,2014.43949044586,320.0,40.0,855.0,50.0,690.0,28.0,56.0,273600.0,6673.170731707317,5364.705882352941,12.105263157894736,6.53813982376767,3.760495884288901,2.7776439394787698,r7 m270dx,r7 m270dx,962.0,233.0,,,,,2020.0,Unknown
r9 280,2014.4777070063687,1792.0,240.0,933.0,200.0,4.0,28.0,352.0,1671936.0,6937.49377593361,8318.089552238805,0.0113314447592068,1.6094379124341005,3.7587807974989857,-2.149342885064885,r9 280,r9 280,5668.0,679.0,,,250.0,22.67,2016.0,Desktop
r9 285,2014.4968152866245,1792.0,176.0,1250.0,190.0,5.0,28.0,366.0,2240000.0,12655.367231638418,11727.748691099476,0.0136239782016348,1.791759469228055,3.757923254104,-1.966163784875945,r9 285,r9 285,6680.0,597.0,,,,,2021.0,Unknown
r9 290x2,2014.5159235668789,2816.0,345.6,1250.0,580.0,6.0,28.0,438.0,3520000.0,10155.799192152335,6058.519793459553,0.0136674259681093,1.9459101490553128,3.757065710709057,-1.811155561653744,r9 290x,r9 290x,8794.0,787.0,,,,,2020.0,Unknown
r9 295x2,2014.5350318471333,2816.0,320.0,1250.0,500.0,6.0,28.0,438.0,3520000.0,10965.732087227414,7025.948103792415,0.0136674259681093,1.9459101490553128,3.7562081673141,-1.8102980182587864,r9 295x2,r9 295x2,8619.0,804.0,499.1,17.27,500.0,17.24,2014.0,Desktop
r9 m265x,2014.5541401273888,640.0,64.0,625.0,50.0,1.0,28.0,123.0,400000.0,6153.846153846154,7843.137254901961,0.0080645161290322,0.6931471805599453,3.7553506239191137,-3.0622034433591683,r9 m265x,r9 m265x,929.0,212.0,,,,,2014.0,Mobile
r9 m270x,2014.573248407644,640.0,64.0,775.0,50.0,1.0,28.0,123.0,496000.0,7630.7692307692305,9725.490196078432,0.0080645161290322,0.6931471805599453,3.754493080524142,-3.0613458999641967,r9 m270x,r9 m270x,1204.0,306.0,,,,,2015.0,Mobile
r9 m275,2014.592356687898,640.0,64.0,925.0,50.0,1.0,28.0,123.0,592000.0,9107.692307692309,11607.843137254902,0.0080645161290322,0.6931471805599453,3.753635537129199,-3.0604883565692536,r9 m275,r9 m275,1115.0,569.0,699.99,1.59,,,2014.0,Mobile
r9 m275x,2014.6114649681529,640.0,72.0,925.0,50.0,1.0,28.0,123.0,592000.0,8109.58904109589,11607.843137254902,0.0080645161290322,0.6931471805599453,3.7527779937342274,-3.059630813174282,r9 m275x,r9 m275x,1963.0,434.0,,,,,2021.0,Unknown
r9 m290x,2014.630573248408,1280.0,153.6,900.0,100.0,2.0,28.0,212.0,1152000.0,7451.487710219922,11405.940594059406,0.0093896713615023,1.0986122886681098,3.751920450339256,-2.653308161671146,r9 m290x,r9 m290x,3375.0,453.0,,,100.0,33.75,2014.0,Mobile
r9 m295x,2014.6687898089167,2048.0,160.0,1250.0,250.0,5.0,28.0,366.0,2560000.0,15900.621118012425,10199.203187250996,0.0136239782016348,1.791759469228055,3.7502053635493695,-1.9584458943213143,r9 m295x,r9 m295x,5150.0,832.0,1449.0,3.55,125.0,41.2,2014.0,Mobile
firepro m4170,2014.7070063694268,384.0,64.0,900.0,50.0,950.0,28.0,77.0,345600.0,5316.923076923077,6776.470588235294,12.17948717948718,6.85751406254539,3.748490276759412,3.109023785785978,firepro m4170,firepro m4170,1067.0,290.0,,,,,2015.0,Unknown
firepro s9170,2014.7261146496808,2816.0,320.0,1250.0,275.0,6.0,28.0,438.0,3520000.0,10965.732087227414,12753.623188405798,0.0136674259681093,1.9459101490553128,3.747632733364469,-1.801722584309156,firepro w9100,firepro w9100,7719.0,790.0,1729.99,4.46,275.0,28.07,2014.0,Workstation
firepro w4170m,2014.7452229299363,384.0,64.0,900.0,50.0,950.0,28.0,77.0,345600.0,5316.923076923077,6776.470588235294,12.17948717948718,6.85751406254539,3.746775189969483,3.110738872575907,firepro w4170m,firepro w4170m,953.0,223.0,,,,,2015.0,Unknown
firepro w4190m,2014.7643312101911,384.0,64.0,900.0,50.0,950.0,28.0,77.0,345600.0,5316.923076923077,6776.470588235294,12.17948717948718,6.85751406254539,3.745917646574526,3.1115964159708644,firepro w4190m,firepro w4190m,1086.0,194.0,,,,,2016.0,Unknown
firepro w4300,2014.783439490446,768.0,96.0,1250.0,50.0,2.0,28.0,160.0,960000.0,9896.907216494845,18823.529411764703,0.0124223602484472,1.0986122886681098,3.7450601031795534,-2.6464478145114443,firepro w4300,firepro w4300,2863.0,771.0,239.99,11.93,50.0,57.26,2016.0,Workstation
firepro w5130m,2014.8025477707008,512.0,64.0,925.0,50.0,1.0,28.0,123.0,473600.0,7286.153846153846,9286.27450980392,0.0080645161290322,0.6931471805599453,3.744202559784583,-3.0510553792246373,firepro w5130m,firepro w5130m,1341.0,307.0,,,,,2016.0,Unknown
firepro w6150m,2014.821656050956,768.0,88.0,1250.0,50.0,2.0,28.0,160.0,960000.0,10786.516853932584,18823.529411764703,0.0124223602484472,1.0986122886681098,3.743345016389611,-2.644732727721501,firepro w6150m,firepro w6150m,1515.0,314.0,,,,,2021.0,Unknown
firepro w7170m,2014.8407643312105,2048.0,160.0,1250.0,100.0,5.0,28.0,366.0,2560000.0,15900.621118012425,25346.534653465347,0.0136239782016348,1.791759469228055,3.742487472994654,-1.9507280037665988,firepro w7170m,firepro w7170m,3162.0,418.0,,,,,2016.0,Unknown
e6465,2014.8598726114649,160.0,25.6,1250.0,25.0,370.0,40.0,67.0,200000.0,7518.796992481202,7692.307692307692,5.441176470588236,5.916202062607435,3.741629929599711,2.1745721330077243,e6465,e6465,231.0,354.0,,,,,2018.0,Unknown
e8870 pcie,2014.8980891719743,768.0,96.0,1250.0,75.0,2.0,28.0,160.0,960000.0,9896.907216494845,12631.578947368422,0.0124223602484472,1.0986122886681098,3.7399148428097817,-2.641302554141672,e8870pcie,e8870pcie,3368.0,708.0,,,,,2017.0,Unknown
e8950,2014.9171974522287,2048.0,192.0,1000.0,95.0,5.0,28.0,366.0,2048000.0,10611.39896373057,21333.33333333333,0.0136239782016348,1.791759469228055,3.73905729941481,-1.9472978301867552,hd 8950,hd 8950,2267.0,423.0,,,225.0,10.08,2014.0,Desktop
r5 310 oem,2015.031847133758,160.0,14.4,1250.0,35.0,370.0,40.0,67.0,200000.0,12987.012987012986,5555.555555555556,5.441176470588236,5.916202062607435,3.7339120390450233,2.182290023562412,r5 310,r5 310,332.0,545.0,499.0,0.66,,,2015.0,Unknown
r5 310 oem,2015.0509554140128,160.0,12.88,1250.0,35.0,370.0,40.0,67.0,200000.0,14409.22190201729,5555.555555555556,5.441176470588236,5.916202062607435,3.733054495650052,2.183147566957383,r5 310,r5 310,332.0,545.0,499.0,0.66,,,2015.0,Unknown
r5 330 oem,2015.070063694268,320.0,14.4,855.0,50.0,690.0,28.0,56.0,273600.0,17766.233766233767,5364.705882352941,12.105263157894736,6.53813982376767,3.7321969522550944,2.805942871512576,r5 330,r5 330,513.0,200.0,339.99,1.51,30.0,17.12,2017.0,Desktop
r5 340 oem,2015.0891719745223,384.0,36.8,780.0,65.0,950.0,28.0,77.0,299520.0,7923.809523809525,4538.181818181818,12.17948717948718,6.85751406254539,3.731339408860137,3.1261746536852533,r5 340,r5 340,996.0,370.0,,,,,2016.0,Unknown
r5 340x oem,2015.108280254777,384.0,16.0,1250.0,65.0,950.0,28.0,77.0,480000.0,28235.29411764706,7272.727272727273,12.17948717948718,6.85751406254539,3.73048186546518,3.12703219708021,r5 340,r5 340,996.0,370.0,,,,,2016.0,Unknown
r5 a320,2015.127388535032,320.0,16.0,825.0,50.0,690.0,28.0,56.0,264000.0,15529.411764705885,5176.470588235294,12.105263157894736,6.53813982376767,3.729624322070194,2.8085155016974763,r5 m320,r5 m320,418.0,137.0,,,,,2015.0,Unknown
r5 a330,2015.1464968152864,320.0,14.4,1250.0,50.0,690.0,28.0,56.0,400000.0,25974.02597402597,7843.137254901961,12.105263157894736,6.53813982376767,3.7287667786752503,2.8093730450924195,r5 330,r5 330,513.0,200.0,339.99,1.51,30.0,17.12,2017.0,Desktop
r5 a335,2015.1656050955407,320.0,14.4,1250.0,50.0,690.0,28.0,56.0,400000.0,25974.02597402597,7843.137254901961,12.105263157894736,6.53813982376767,3.727909235280279,2.810230588487391,r5 m335,r5 m335,549.0,577.0,,,,,2015.0,Mobile
r5 m315,2015.1847133757965,384.0,14.4,1250.0,50.0,1.0,28.0,125.0,480000.0,31168.83116883117,9411.764705882351,0.0079365079365079,0.6931471805599453,3.727051691885293,-3.033904511325348,r5 m315,r5 m315,476.0,205.0,,,,,2016.0,Unknown
r5 m320,2015.2038216560509,320.0,16.0,855.0,50.0,690.0,28.0,56.0,273600.0,16094.117647058823,5364.705882352941,12.105263157894736,6.53813982376767,3.7261941484903502,2.81194567527732,r5 m320,r5 m320,418.0,137.0,,,,,2015.0,Unknown
r5 m330,2015.2229299363053,320.0,14.4,1030.0,18.0,690.0,28.0,56.0,329600.0,21402.597402597403,17347.36842105263,12.105263157894736,6.53813982376767,3.725336605095393,2.8128032186722773,r5 m330,r5 m330,596.0,519.0,,,18.0,33.11,2015.0,Mobile
r5 m335,2015.2420382165608,320.0,14.4,1250.0,50.0,690.0,28.0,56.0,400000.0,25974.02597402597,7843.137254901961,12.105263157894736,6.53813982376767,3.724479061700407,2.813660762067263,r5 m335,r5 m335,549.0,577.0,,,,,2015.0,Mobile
r6 m335dx,2015.28025477707,384.0,40.0,1030.0,50.0,690.0,28.0,56.0,395520.0,9646.829268292682,7755.294117647059,12.105263157894736,6.53813982376767,3.722763974910493,2.815375848857178,r8 m535dx,r8 m535dx,670.0,182.0,,,,,2019.0,Unknown
r6 m340dx,2015.2993630573249,384.0,40.0,1030.0,50.0,690.0,28.0,56.0,395520.0,9646.829268292682,7755.294117647059,12.105263157894736,6.53813982376767,3.721906431515521,2.8162333922521494,r7 m340,r7 m340,646.0,151.0,,,,,2016.0,Mobile
r7 340 oem,2015.3375796178343,384.0,64.0,780.0,50.0,950.0,28.0,77.0,299520.0,4608.0,5872.941176470588,12.17948717948718,6.85751406254539,3.720191344725606,3.137322717819784,r7 340,r7 340,931.0,357.0,,,,,2016.0,Unknown
r7 340 oem,2015.3566878980887,384.0,28.8,780.0,50.0,950.0,28.0,77.0,299520.0,10051.006711409396,5872.941176470588,12.17948717948718,6.85751406254539,3.719333801330663,3.138180261214728,r7 340,r7 340,931.0,357.0,,,,,2016.0,Unknown
r7 350 oem,2015.3949044585988,384.0,73.6,1050.0,65.0,950.0,28.0,77.0,403200.0,5404.825737265416,6109.090909090909,12.17948717948718,6.85751406254539,3.7176187145407056,3.1398953480046847,r7 m350,r7 m350,1027.0,230.0,,,,,2016.0,Unknown
r7 350x oem,2015.4140127388528,384.0,32.0,1050.0,65.0,950.0,28.0,77.0,403200.0,12218.181818181818,6109.090909090909,12.17948717948718,6.85751406254539,3.7167611711457615,3.140752891399628,r7 m350,r7 m350,1027.0,230.0,,,,,2016.0,Unknown
r7 360,2015.4331210191085,768.0,96.0,1050.0,100.0,2.0,28.0,160.0,806400.0,8313.40206185567,7984.158415841584,0.0124223602484472,1.0986122886681098,3.7159036277507616,-2.6172913390826524,r7 360,r7 360,3034.0,495.0,145.99,20.78,100.0,30.34,2015.0,Desktop
r7 360 896sp,2015.4522292993631,896.0,96.0,1250.0,85.0,2.0,28.0,160.0,1120000.0,11546.39175257732,13023.255813953489,0.0124223602484472,1.0986122886681098,3.715046084355805,-2.616433795687695,r7 360,r7 360,3034.0,495.0,145.99,20.78,100.0,30.34,2015.0,Desktop
r7 360e,2015.4713375796173,768.0,96.0,1250.0,75.0,2.0,28.0,160.0,960000.0,9896.907216494845,12631.578947368422,0.0124223602484472,1.0986122886681098,3.714188540960862,-2.615576252292752,r7 360,r7 360,3034.0,495.0,145.99,20.78,100.0,30.34,2015.0,Desktop
r7 370,2015.4904458598728,1024.0,179.2,975.0,110.0,2.0,28.0,212.0,998400.0,5540.510543840178,8994.594594594595,0.0093896713615023,1.0986122886681098,3.713330997565876,-2.614718708897766,r7 370,r7 370,4479.0,595.0,,,150.0,29.86,2016.0,Desktop
r7 a360,2015.509554140128,384.0,14.4,1125.0,50.0,1.0,28.0,125.0,432000.0,28051.948051948053,8470.588235294117,0.0079365079365079,0.6931471805599453,3.712473454170905,-3.019326273610959,r7 a360,r7 a360,676.0,346.0,,,,,2017.0,Unknown
r7 a360,2015.5286624203825,384.0,28.8,825.0,50.0,950.0,28.0,77.0,316800.0,10630.872483221476,6211.764705882353,12.17948717948718,6.85751406254539,3.711615910775947,3.145898151769443,r7 a360,r7 a360,676.0,346.0,,,,,2017.0,Unknown
r7 m260x,2015.5477707006369,384.0,64.0,715.0,50.0,950.0,28.0,77.0,274560.0,4224.0,5383.529411764706,12.17948717948718,6.85751406254539,3.710758367381004,3.1467556951643862,r7 m260x,r7 m260x,947.0,175.0,,,,,2015.0,Mobile
r7 m340,2015.566878980892,320.0,16.0,1021.0,50.0,1.0,28.0,125.0,326720.0,19218.82352941177,6406.274509803921,0.0079365079365079,0.6931471805599453,3.7099008239860174,-3.016753643426073,r7 m340,r7 m340,646.0,151.0,,,,,2016.0,Mobile
r7 m340,2015.5859872611463,384.0,16.0,715.0,50.0,950.0,28.0,77.0,274560.0,16150.588235294115,5383.529411764706,12.17948717948718,6.85751406254539,3.709043280591075,3.148470781954315,r7 m340,r7 m340,646.0,151.0,,,,,2016.0,Mobile
r7 m350,2015.6050955414007,384.0,16.0,1015.0,50.0,1.0,28.0,125.0,389760.0,22927.058823529413,7642.35294117647,0.0079365079365079,0.6931471805599453,3.708185737196132,-3.0150385566361866,r7 m350,r7 m350,1027.0,230.0,,,,,2016.0,Unknown
r7 m350 2gb,2015.624203821656,384.0,64.0,1250.0,50.0,950.0,28.0,77.0,480000.0,7384.615384615385,9411.764705882351,12.17948717948718,6.85751406254539,3.707328193801146,3.150185868744244,r7 m350,r7 m350,1027.0,230.0,,,,,2016.0,Unknown
r7 m360,2015.6433121019109,384.0,14.4,1125.0,50.0,1.0,28.0,125.0,432000.0,28051.948051948053,8470.588235294117,0.0079365079365079,0.6931471805599453,3.706470650406175,-3.013323469846229,r7 m360,r7 m360,552.0,150.0,,,,,2015.0,Mobile
r7 m365x,2015.6624203821657,384.0,64.0,1250.0,50.0,950.0,28.0,77.0,480000.0,7384.615384615385,9411.764705882351,12.17948717948718,6.85751406254539,3.705613107011203,3.1519009555341877,r7 m365x,r7 m365x,884.0,234.0,,,,,2016.0,Unknown
r7 m370,2015.6815286624203,384.0,57.6,960.0,50.0,950.0,28.0,77.0,368640.0,6290.7849829351535,7228.235294117647,12.17948717948718,6.85751406254539,3.7047555636162457,3.1527584989291446,r7 m370,r7 m370,1418.0,676.0,,,,,2016.0,Mobile
r7 m380,2015.7006369426751,640.0,32.0,915.0,50.0,1.0,28.0,123.0,585600.0,17745.454545454544,11482.35294117647,0.0080645161290322,0.6931471805599453,3.703898020221288,-3.010750839661343,r7 m380,r7 m380,1669.0,534.0,,,,,2017.0,Unknown
r8 m350dx,2015.7388535031848,384.0,40.0,1030.0,50.0,690.0,28.0,56.0,395520.0,9646.829268292682,7755.294117647059,12.105263157894736,6.53813982376767,3.702182933431345,2.835956890336325,r8 m535dx,r8 m535dx,670.0,182.0,,,,,2019.0,Unknown
r8 m365dx,2015.75796178344,384.0,40.0,1125.0,50.0,1.0,28.0,125.0,432000.0,10536.585365853658,8470.588235294117,0.0079365079365079,0.6931471805599453,3.701325390036388,-3.0081782094764424,r8 m365dx,r8 m365dx,741.0,336.0,,,,,2019.0,Unknown
r9 270 1024sp,2015.7770700636945,1024.0,153.6,925.0,150.0,2.0,28.0,212.0,947200.0,6126.778783958603,6272.847682119205,0.0093896713615023,1.0986122886681098,3.700467846641416,-2.6018555579733063,r9 270,r9 270,4306.0,567.0,,,,,2018.0,Unknown
r9 360 oem,2015.796178343949,768.0,104.0,1050.0,75.0,2.0,28.0,160.0,806400.0,7680.0,10610.526315789471,0.0124223602484472,1.0986122886681098,3.699610303246473,-2.600998014578363,r9 360,r9 360,3032.0,460.0,133.89,22.64,85.0,35.67,2015.0,Desktop
r9 370,2015.815286624204,1280.0,179.2,975.0,110.0,2.0,28.0,212.0,1248000.0,6925.638179800222,11243.243243243243,0.0093896713615023,1.0986122886681098,3.6987527598514873,-2.6001404711833773,r9 370,r9 370,4722.0,781.0,159.99,29.51,150.0,31.48,2016.0,Desktop
r9 370 1024sp,2015.8343949044583,1024.0,179.2,975.0,150.0,2.0,28.0,212.0,998400.0,5540.510543840178,6611.920529801325,0.0093896713615023,1.0986122886681098,3.697895216456544,-2.599282927788434,r9 370,r9 370,4722.0,781.0,159.99,29.51,150.0,31.48,2016.0,Desktop
r9 370x,2015.8535031847127,1280.0,179.2,1030.0,180.0,2.0,28.0,212.0,1318400.0,7316.315205327414,7283.977900552486,0.0093896713615023,1.0986122886681098,3.6970376730615726,-2.5984253843934626,r9 m370x,r9 m370x,1374.0,346.0,889.0,1.55,50.0,27.47,2015.0,Mobile
r9 380,2015.8726114649685,1792.0,176.0,1250.0,190.0,5.0,28.0,366.0,2240000.0,12655.367231638418,11727.748691099476,0.0136239782016348,1.791759469228055,3.696180129666587,-1.904420660438532,r9 380,r9 380,6275.0,675.0,89.99,69.73,190.0,33.02,2016.0,Desktop
r9 380 oem,2015.8917197452229,1792.0,176.0,1250.0,190.0,5.0,28.0,366.0,2240000.0,12655.367231638418,11727.748691099476,0.0136239782016348,1.791759469228055,3.695322586271644,-1.9035631170435887,r9 380,r9 380,6275.0,675.0,89.99,69.73,190.0,33.02,2016.0,Desktop
r9 380x,2015.9108280254777,2048.0,182.4,1250.0,190.0,5.0,28.0,366.0,2560000.0,13958.56052344602,13403.141361256545,0.0136239782016348,1.791759469228055,3.694465042876672,-1.9027055736486167,r9 380x,r9 380x,6189.0,670.0,349.99,17.68,190.0,32.57,2015.0,Desktop
r9 390,2015.9299363057328,2560.0,384.0,1250.0,275.0,6.0,28.0,438.0,3200000.0,8311.688311688311,11594.202898550724,0.0136674259681093,1.9459101490553128,3.693607499481701,-1.7476973504263873,r9 390,r9 390,9008.0,816.0,,,275.0,32.76,2016.0,Desktop
r9 390 x2,2015.9490445859872,2560.0,345.6,1250.0,580.0,6.0,28.0,438.0,3200000.0,9232.544720138489,5507.745266781411,0.0136674259681093,1.9459101490553128,3.692749956086757,-1.746839807031444,r9 390x,r9 390x,9503.0,840.0,,,275.0,34.56,2016.0,Desktop
r9 390x,2015.968152866242,2816.0,384.0,1250.0,275.0,6.0,28.0,438.0,3520000.0,9142.857142857143,12753.623188405798,0.0136674259681093,1.9459101490553128,3.691892412691786,-1.7459822636364726,r9 390x,r9 390x,9503.0,840.0,,,275.0,34.56,2016.0,Desktop
r9 a375,2015.9872611464968,640.0,72.0,1250.0,50.0,1.0,28.0,123.0,800000.0,10958.90410958904,15686.27450980392,0.0080645161290322,0.6931471805599453,3.6910348692968142,-2.997887688736869,r9 a375,r9 a375,1024.0,232.0,,,,,2020.0,Unknown
r9 fury,2016.006369426752,3584.0,512.0,1250.0,275.0,8.0,28.0,596.0,4480000.0,8732.943469785576,16231.884057971014,0.0134003350083752,2.19722457733622,3.690177325901842,-1.492952748565623,r9 fury,r9 fury,9551.0,791.0,443.1,21.56,,,2015.0,Unknown
r9 fury x,2016.0254777070063,4096.0,512.0,1250.0,275.0,8.0,28.0,596.0,5120000.0,9980.506822612086,18550.72463768116,0.0134003350083752,2.19722457733622,3.6893197825069,-1.49209520517068,r9 fury x,r9 fury x,10088.0,875.0,,,,,2020.0,Unknown
r9 m270x,2016.0445859872607,768.0,88.0,1000.0,50.0,2.0,28.0,160.0,768000.0,8629.213483146068,15058.823529411764,0.0124223602484472,1.0986122886681098,3.688462239111957,-2.5898499504438464,r9 m270x,r9 m270x,1204.0,306.0,,,,,2015.0,Mobile
r9 m280x,2016.063694267516,896.0,88.0,1000.0,50.0,2.0,28.0,160.0,896000.0,10067.41573033708,17568.62745098039,0.0124223602484472,1.0986122886681098,3.687604695716957,-2.5889924070488464,r9 m280x,r9 m280x,922.0,272.0,,,75.0,12.29,2020.0,Mobile
r9 m280x,2016.0828025477704,896.0,96.0,1100.0,50.0,2.0,28.0,160.0,985600.0,10160.824742268042,19325.49019607843,0.0124223602484472,1.0986122886681098,3.686747152322013,-2.588134863653903,r9 m280x,r9 m280x,922.0,272.0,,,75.0,12.29,2020.0,Mobile
r9 m360,2016.1019108280248,512.0,72.0,925.0,50.0,1.0,28.0,123.0,473600.0,6487.671232876713,9286.27450980392,0.0080645161290322,0.6931471805599453,3.685889608927056,-2.9927424283671105,r9 m360,r9 m360,1753.0,445.0,,,,,2016.0,Unknown
r9 m365x,2016.1210191082805,640.0,72.0,925.0,50.0,1.0,28.0,123.0,592000.0,8109.58904109589,11607.843137254902,0.0080645161290322,0.6931471805599453,3.685032065532056,-2.9918848849721105,r9 m365x,r9 m365x,1482.0,446.0,,,50.0,29.63,2017.0,Mobile
r9 m370x mac edition,2016.1401273885351,640.0,72.0,800.0,50.0,1.0,28.0,123.0,512000.0,7013.698630136986,10039.21568627451,0.0080645161290322,0.6931471805599453,3.6841745221370985,-2.991027341577153,x1700 targa edition,x1700 targa edition,117.0,255.0,,,,,2012.0,Unknown
r9 m375,2016.1592356687893,640.0,28.8,1015.0,50.0,1.0,28.0,123.0,649600.0,21798.657718120805,12737.254901960783,0.0080645161290322,0.6931471805599453,3.6833169787421554,-2.99016979818221,r9 m375,r9 m375,763.0,172.0,,,,,2015.0,Mobile
r9 m375x,2016.1783439490448,640.0,72.0,1015.0,50.0,1.0,28.0,123.0,649600.0,8898.630136986301,12737.254901960783,0.0080645161290322,0.6931471805599453,3.6824594353471696,-2.989312254787224,r9 m375x,r9 m375x,1843.0,392.0,,,,,2016.0,Mobile
r9 m380,2016.1974522293,768.0,96.0,1000.0,50.0,2.0,28.0,160.0,768000.0,7917.525773195876,15058.823529411764,0.0124223602484472,1.0986122886681098,3.681601891952198,-2.582989603284088,r9 m380,r9 m380,2931.0,617.0,,,,,2015.0,Mobile
r9 m380 mac edition,2016.216560509554,768.0,100.4,1021.0,50.0,2.0,28.0,160.0,784128.0,7733.0177514792895,15375.058823529413,0.0124223602484472,1.0986122886681098,3.680744348557255,-2.582132059889145,r7 a10 extreme edition,r7 a10 extreme edition,816.0,286.0,,,,,2016.0,Unknown
r9 m385,2016.2356687898089,896.0,76.8,1000.0,50.0,2.0,28.0,160.0,896000.0,11516.709511568124,17568.62745098039,0.0124223602484472,1.0986122886681098,3.6798868051622975,-2.5812745164941875,r9 m385,r9 m385,2018.0,230.0,,,70.0,28.83,2020.0,Mobile
r9 m385x,2016.254777070064,896.0,76.8,1100.0,50.0,2.0,28.0,160.0,985600.0,12668.380462724936,19325.49019607843,0.0124223602484472,1.0986122886681098,3.679029261767312,-2.5804169730992017,r9 m385x,r9 m385x,1929.0,285.0,,,75.0,25.72,2019.0,Mobile
r9 m390 mac edition,2016.2738853503183,1024.0,174.7,1250.0,80.0,2.0,28.0,212.0,1280000.0,7285.145133750711,15802.469135802468,0.0093896713615023,1.0986122886681098,3.678171718372369,-2.5795594297042586,r7 a10 extreme edition,r7 a10 extreme edition,816.0,286.0,,,,,2016.0,Unknown
r9 m390x,2016.2929936305727,2048.0,160.0,1250.0,75.0,5.0,28.0,366.0,2560000.0,15900.621118012425,33684.21052631579,0.0136239782016348,1.791759469228055,3.6773141749774254,-1.8855547057493705,r9 m390x,r9 m390x,3021.0,507.0,,,100.0,30.21,2016.0,Mobile
r9 m395 mac edition,2016.312101910828,1792.0,174.7,1250.0,250.0,5.0,28.0,366.0,2240000.0,12749.003984063746,8924.302788844621,0.0136239782016348,1.791759469228055,3.67645663158244,-1.884697162354385,3dp edition,3dp edition,827.0,931.0,1159.99,0.71,,,2018.0,Unknown
r9 m395x,2016.3312101910828,2048.0,160.0,1250.0,75.0,5.0,28.0,366.0,2560000.0,15900.621118012425,33684.21052631579,0.0136239782016348,1.791759469228055,3.675599088187468,-1.883839618959413,r9 m395x,r9 m395x,4775.0,762.0,,,125.0,38.2,2015.0,Mobile
firepro s7100x,2016.3885350318471,2048.0,160.0,1250.0,100.0,5.0,28.0,366.0,2560000.0,15900.621118012425,25346.534653465347,0.0136239782016348,1.791759469228055,3.6730264580025818,-1.8812669887745268,firepro w7100,firepro w7100,5175.0,667.0,389.3,13.29,150.0,34.5,2015.0,Workstation
firepro s7150,2016.407643312102,2048.0,160.0,1250.0,150.0,5.0,28.0,366.0,2560000.0,15900.621118012425,16953.64238410596,0.0136239782016348,1.791759469228055,3.67216891460761,-1.8804094453795552,firepro s7150,firepro s7150,6276.0,866.0,1697.99,3.7,,,2016.0,Unknown
firepro s7150 x2,2016.4267515923568,1792.0,160.0,1250.0,265.0,5.0,28.0,366.0,2240000.0,13913.04347826087,8421.052631578947,0.0136239782016348,1.791759469228055,3.671311371212639,-1.879551901984584,firepro s7150,firepro s7150,6276.0,866.0,1697.99,3.7,,,2016.0,Unknown
firepro s9300 x2,2016.445859872612,4096.0,512.0,1250.0,300.0,8.0,28.0,596.0,5120000.0,9980.506822612086,17009.966777408637,0.0134003350083752,2.19722457733622,3.670453827817681,-1.4732292504814617,firepro s9050,firepro s9050,4901.0,369.0,,,,,2020.0,Unknown
e9260 mxm,2016.503184713376,896.0,112.0,1250.0,50.0,3.0,14.0,123.0,1120000.0,9911.50442477876,21960.78431372549,0.0241935483870967,1.3862943611198906,3.6678811976327808,-2.28158683651289,920mx,920mx,1088.0,149.0,,,,,2016.0,Unknown
e9260 pcie,2016.5222929936303,896.0,112.0,1200.0,80.0,3.0,14.0,123.0,1075200.0,9515.044247787611,13274.074074074077,0.0241935483870967,1.3862943611198906,3.6670236542378376,-2.280729293117947,e8870pcie,e8870pcie,3368.0,708.0,,,,,2017.0,Unknown
e9550 mxm,2016.5414012738847,2304.0,160.0,1244.0,95.0,5.0,14.0,232.0,2866176.0,17802.33540372671,29856.0,0.0214592274678111,1.791759469228055,3.666166110842866,-1.874406641614811,9550 x1050,9550 x1050,29.0,150.0,,,,,2010.0,Unknown
instinct mi6,2016.56050955414,2304.0,224.0,1233.0,150.0,5.0,14.0,232.0,2840832.0,12625.92,18813.456953642384,0.0214592274678111,1.791759469228055,3.6653085674479087,-1.8735490982198535,instinct mi25 mxgpu,instinct mi25 mxgpu,10466.0,727.0,,,,,2020.0,Unknown
instinct mi8,2016.5796178343949,4096.0,512.0,1250.0,175.0,8.0,28.0,596.0,5120000.0,9980.506822612086,29090.90909090909,0.0134003350083752,2.19722457733622,3.664451024052937,-1.4672264467167175,instinct mi25 mxgpu,instinct mi25 mxgpu,10466.0,727.0,,,,,2020.0,Unknown
pro 450,2016.5987261146497,640.0,81.28,1250.0,35.0,3.0,14.0,123.0,800000.0,9722.897423432183,22222.222222222223,0.0241935483870967,1.3862943611198906,3.6635934806579655,-2.2772991195380747,pro 450,pro 450,2723.0,619.0,,,,,2017.0,Unknown
pro 455,2016.6178343949043,768.0,81.28,1250.0,35.0,3.0,14.0,123.0,960000.0,11667.47690811862,26666.666666666668,0.0241935483870967,1.3862943611198906,3.662735937263008,-2.2764415761431174,pro 455,pro 455,3113.0,705.0,449.0,6.93,,,2018.0,Unknown
pro 460,2016.6369426751592,1024.0,81.28,907.0,35.0,3.0,14.0,123.0,928768.0,11287.894992707828,25799.11111111111,0.0241935483870967,1.3862943611198906,3.661878393868051,-2.27558403274816,pro 460,pro 460,3453.0,679.0,,,,,2017.0,Unknown
pro duo,2016.656050955414,4096.0,512.0,1250.0,350.0,8.0,28.0,596.0,5120000.0,9980.506822612086,14586.894586894588,0.0134003350083752,2.19722457733622,3.6610208504730792,-1.4637962731368597,pro duo,pro duo,8324.0,715.0,1199.06,6.94,350.0,23.78,2016.0,Desktop
pro ssg,2016.6751592356688,4096.0,512.0,1050.0,260.0,8.0,28.0,596.0,4300800.0,8383.625730994152,16478.16091954023,0.0134003350083752,2.19722457733622,3.660163307078108,-1.462938729741888,pro ssg,pro ssg,10498.0,601.0,2410.15,4.36,,,2018.0,Unknown
pro wx 4100,2016.694267515924,1024.0,96.0,1201.0,50.0,3.0,14.0,123.0,1229824.0,12678.59793814433,24114.19607843137,0.0241935483870967,1.3862943611198906,3.6593057636831503,-2.2730114025632595,pro wx 4100,pro wx 4100,3766.0,690.0,499.99,7.53,50.0,75.32,2017.0,Desktop
pro wx 5100,2016.7133757961783,1792.0,160.0,1086.0,75.0,5.0,14.0,232.0,1946112.0,12087.652173913044,25606.736842105263,0.0214592274678111,1.791759469228055,3.658448220288193,-1.866688751060138,pro wx 5100,pro wx 5100,5511.0,820.0,550.95,10.0,75.0,73.47,2016.0,Workstation
pro wx 7100,2016.732484076433,2304.0,224.0,1243.0,130.0,5.0,14.0,232.0,2863872.0,12728.32,21861.618320610687,0.0214592274678111,1.791759469228055,3.657590676893236,-1.8658312076651808,pro wx 7100,pro wx 7100,7822.0,787.0,1047.99,7.46,130.0,60.17,2016.0,Workstation
r5 430 oem,2016.904458598726,384.0,36.8,780.0,50.0,950.0,28.0,77.0,299520.0,7923.809523809525,5872.941176470588,12.17948717948718,6.85751406254539,3.649872786338548,3.207641276206842,r5 430,r5 430,939.0,313.0,59.0,15.92,,,2017.0,Unknown
r5 435 oem,2016.9235668789809,320.0,18.0,1250.0,50.0,690.0,28.0,56.0,400000.0,21052.63157894737,7843.137254901961,12.105263157894736,6.53813982376767,3.649015242943591,2.8891245808240797,r5 435,r5 435,841.0,235.0,,,,,2020.0,Unknown
r5 m420,2016.942675159236,320.0,16.0,850.0,50.0,690.0,28.0,56.0,272000.0,16000.0,5333.333333333333,12.105263157894736,6.53813982376767,3.648157699548605,2.889982124219065,r5 m420,r5 m420,470.0,164.0,,,,,2017.0,Unknown
r5 m430,2016.9617834394903,320.0,14.4,1250.0,50.0,690.0,28.0,56.0,400000.0,25974.02597402597,7843.137254901961,12.105263157894736,6.53813982376767,3.647300156153662,2.890839667614008,r5 m430,r5 m430,649.0,516.0,,,,,2016.0,Unknown
r5 m430,2016.9808917197447,320.0,18.0,1030.0,50.0,690.0,28.0,56.0,329600.0,17347.36842105263,6462.745098039216,12.105263157894736,6.53813982376767,3.646442612758719,2.8916972110089514,r5 m430,r5 m430,649.0,516.0,,,,,2016.0,Unknown
r5 m430,2017.0,320.0,16.0,855.0,50.0,690.0,28.0,56.0,273600.0,16094.117647058823,5364.705882352941,12.105263157894736,6.53813982376767,3.645585069363733,2.892554754403937,r5 m430,r5 m430,649.0,516.0,,,,,2016.0,Unknown
r5 m435,2017.0191082802548,320.0,36.0,1030.0,50.0,690.0,28.0,56.0,329600.0,8908.108108108108,6462.745098039216,12.105263157894736,6.53813982376767,3.6447275259687615,2.8934122977989087,r5 m435,r5 m435,796.0,179.0,,,,,2018.0,Unknown
r5 m445,2017.0382165605088,384.0,32.0,1250.0,50.0,1.0,28.0,125.0,480000.0,14545.454545454546,9411.764705882351,0.0079365079365079,0.6931471805599453,3.6438699825738174,-2.950722802013873,r7 m445,r7 m445,913.0,182.0,744.0,1.23,,,2017.0,Unknown
r5 m465,2017.0573248407643,384.0,16.0,1015.0,50.0,1.0,28.0,125.0,389760.0,22927.058823529413,7642.35294117647,0.0079365079365079,0.6931471805599453,3.643012439178833,-2.949865258618887,r7 m465,r7 m465,965.0,342.0,,,,,2017.0,Unknown
r6 m435dx,2017.1146496815288,384.0,40.0,1030.0,50.0,690.0,28.0,56.0,395520.0,9646.829268292682,7755.294117647059,12.105263157894736,6.53813982376767,3.640439808993932,2.897700014773738,r8 m535dx,r8 m535dx,670.0,182.0,,,,,2019.0,Unknown
r7 350,2017.1528662420385,512.0,72.0,1250.0,55.0,1.0,28.0,123.0,640000.0,8767.123287671233,11428.57142857143,0.0080645161290322,0.6931471805599453,3.638724722204003,-2.9455775416440577,r7 m350,r7 m350,1027.0,230.0,,,,,2016.0,Unknown
r7 430 oem,2017.1719745222929,384.0,28.8,780.0,50.0,950.0,28.0,77.0,299520.0,10051.006711409396,5872.941176470588,12.17948717948718,6.85751406254539,3.63786717880906,3.2196468837363303,r7 430,r7 430,1110.0,416.0,199.99,5.55,,,2017.0,Unknown
r7 435 oem,2017.191082802548,320.0,16.0,1250.0,50.0,950.0,28.0,77.0,400000.0,23529.41176470588,7843.137254901961,12.17948717948718,6.85751406254539,3.637009635414074,3.220504427131316,r7 450,r7 450,1966.0,573.0,299.0,6.58,65.0,30.25,2016.0,Desktop
r7 450 oem,2017.2101910828023,512.0,72.0,1250.0,65.0,1.0,28.0,123.0,640000.0,8767.123287671233,9696.969696969696,0.0080645161290322,0.6931471805599453,3.636152092019131,-2.9430049114591856,r7 450,r7 450,1966.0,573.0,299.0,6.58,65.0,30.25,2016.0,Desktop
r7 m440,2017.2292993630567,320.0,14.4,1250.0,50.0,1.0,28.0,125.0,400000.0,25974.02597402597,7843.137254901961,0.0079365079365079,0.6931471805599453,3.63529454862416,-2.942147368064214,r7 m440,r7 m440,862.0,180.0,,,,,2016.0,Unknown
r7 m445,2017.248407643312,320.0,32.0,920.0,50.0,1.0,28.0,125.0,294400.0,8921.212121212122,5772.549019607844,0.0079365079365079,0.6931471805599453,3.634437005229202,-2.9412898246692567,r7 m445,r7 m445,913.0,182.0,744.0,1.23,,,2017.0,Unknown
r7 m460,2017.2675159235669,384.0,36.0,1024.0,50.0,1.0,28.0,125.0,393216.0,10627.45945945946,7710.117647058823,0.0079365079365079,0.6931471805599453,3.6335794618342314,-2.940432281274285,r7 m460,r7 m460,1038.0,223.0,,,,,2016.0,Unknown
r7 m465,2017.2866242038217,384.0,64.0,1250.0,50.0,950.0,28.0,77.0,480000.0,7384.615384615385,9411.764705882351,12.17948717948718,6.85751406254539,3.632721918439259,3.224792144106132,r7 m465,r7 m465,965.0,342.0,,,,,2017.0,Unknown
r7 m465,2017.3057324840763,384.0,36.0,1024.0,50.0,1.0,28.0,125.0,393216.0,10627.45945945946,7710.117647058823,0.0079365079365079,0.6931471805599453,3.6318643750443016,-2.938717194484356,r7 m465,r7 m465,965.0,342.0,,,,,2017.0,Unknown
r7 m465x,2017.3248407643312,512.0,72.0,925.0,50.0,1.0,28.0,123.0,473600.0,6487.671232876713,9286.27450980392,0.0080645161290322,0.6931471805599453,3.631006831649344,-2.937859651089399,r7 m465x,r7 m465x,1624.0,440.0,,,,,2018.0,Unknown
r8 m435dx,2017.3630573248408,384.0,40.0,1030.0,50.0,690.0,28.0,56.0,395520.0,9646.829268292682,7755.294117647059,12.105263157894736,6.53813982376767,3.629291744859401,2.908848078908269,r8 m535dx,r8 m535dx,670.0,182.0,,,,,2019.0,Unknown
r8 m445dx,2017.382165605096,320.0,40.0,1021.0,50.0,1.0,28.0,125.0,326720.0,7968.780487804878,6406.274509803921,0.0079365079365079,0.6931471805599453,3.628434201464444,-2.9352870209044983,r8 m445dx,r8 m445dx,806.0,179.0,,,,,2019.0,Unknown
r9 m470,2017.4012738853503,768.0,88.0,1000.0,50.0,2.0,28.0,160.0,768000.0,8629.213483146068,15058.823529411764,0.0124223602484472,1.0986122886681098,3.6275766580694864,-2.5289643694013764,r9 m470,r9 m470,2288.0,324.0,,,75.0,30.51,2016.0,Mobile
r9 m470x,2017.420382165605,896.0,76.8,1100.0,50.0,2.0,28.0,160.0,985600.0,12668.380462724936,19325.49019607843,0.0124223602484472,1.0986122886681098,3.626719114674529,-2.528106826006419,r9 m470x,r9 m470x,3400.0,552.0,,,75.0,45.34,2016.0,Mobile
r9 m485x,2017.43949044586,2048.0,160.0,1250.0,250.0,5.0,28.0,366.0,2560000.0,15900.621118012425,10199.203187250996,0.0136239782016348,1.791759469228055,3.6258615712795432,-1.8341021020514885,r9 m485x,r9 m485x,3204.0,492.0,,,,,2017.0,Unknown
rx 455 oem,2017.4585987261144,768.0,104.0,1250.0,100.0,2.0,28.0,160.0,960000.0,9142.857142857143,9504.950495049505,0.0124223602484472,1.0986122886681098,3.6250040278846,-2.52639173921649,rx 5500m,rx 5500m,4010.0,414.0,,,85.0,47.17,2020.0,Mobile
rx 460,2017.4777070063687,896.0,112.0,1200.0,75.0,3.0,14.0,123.0,1075200.0,9515.044247787611,14147.368421052632,0.0241935483870967,1.3862943611198906,3.6241464844896423,-2.237852123369752,rx 460,rx 460,4114.0,570.0,166.81,24.66,75.0,54.86,2016.0,Desktop
rx 460 mobile,2017.4968152866245,896.0,80.0,1180.0,55.0,3.0,14.0,123.0,1057280.0,13052.83950617284,18880.0,0.0241935483870967,1.3862943611198906,3.6232889410946423,-2.236994579974752,rtx 2060 mobile,rtx 2060 mobile,11355.0,540.0,,,80.0,141.93,2019.0,Mobile
rx 470,2017.5159235668789,2048.0,211.2,1206.0,120.0,5.0,14.0,232.0,2469888.0,11639.434495758718,20412.297520661155,0.0214592274678111,1.791759469228055,3.6224313976997,-1.8306719284716448,rx 640,rx 640,1537.0,277.0,,,50.0,30.73,2020.0,"Desktop, Mobile"
rx 470 mobile,2017.5350318471333,2048.0,224.0,1074.0,85.0,5.0,14.0,232.0,2199552.0,9775.786666666669,25576.18604651163,0.0214592274678111,1.791759469228055,3.621573854304742,-1.8298143850766877,rtx 2070 mobile,rtx 2070 mobile,12354.0,601.0,,,115.0,107.43,2019.0,Mobile
rx 470d,2017.5541401273888,1792.0,211.2,1206.0,120.0,5.0,14.0,232.0,2161152.0,10184.50518378888,17860.760330578512,0.0214592274678111,1.791759469228055,3.620716310909757,-1.8289568416817013,rx 640,rx 640,1537.0,277.0,,,50.0,30.73,2020.0,"Desktop, Mobile"
rx 480,2017.573248407644,2304.0,256.0,1266.0,150.0,5.0,14.0,232.0,2916864.0,11349.665369649803,19316.98013245033,0.0214592274678111,1.791759469228055,3.619858767514785,-1.82809929828673,rx 480,rx 480,8674.0,779.0,339.99,25.51,150.0,57.83,2016.0,Desktop
rx 480 mobile,2017.592356687898,2304.0,256.0,1077.0,100.0,5.0,14.0,232.0,2481408.0,9655.284046692606,24568.39603960396,0.0214592274678111,1.791759469228055,3.6190012241198417,-1.8272417548917868,rtx 2080 mobile,rtx 2080 mobile,15107.0,812.0,,,150.0,100.71,2019.0,Mobile
rx 580 oem,2017.6114649681529,2304.0,256.0,1266.0,150.0,5.0,14.0,232.0,2916864.0,11349.665369649803,19316.98013245033,0.0214592274678111,1.791759469228055,3.618143680724884,-1.8263842114968292,rx 580,rx 580,8907.0,772.0,349.0,25.52,185.0,48.14,2017.0,Desktop
520 mobile ddr3,2017.6496815286623,320.0,16.0,1250.0,50.0,690.0,28.0,56.0,400000.0,23529.41176470588,7843.137254901961,12.105263157894736,6.53813982376767,3.6164285939349554,2.921711229832715,rtx 2080 mobile,rtx 2080 mobile,15107.0,812.0,,,150.0,100.71,2019.0,Mobile
520 oem,2017.687898089172,320.0,36.0,1250.0,50.0,690.0,28.0,56.0,400000.0,10810.81081081081,7843.137254901961,12.105263157894736,6.53813982376767,3.6147135071450265,2.923426316622644,520,520,833.0,216.0,89.99,9.26,,,2017.0,Unknown
530 mobile ddr3,2017.7070063694268,384.0,14.4,1021.0,50.0,1.0,28.0,125.0,392064.0,25458.701298701297,7687.529411764706,0.0079365079365079,0.6931471805599453,3.613855963750055,-2.920708783190109,gtx 1650 mobile,gtx 1650 mobile,6969.0,384.0,,,50.0,139.38,2019.0,Mobile
530x mobile,2017.7452229299363,384.0,36.0,1024.0,50.0,1.0,28.0,125.0,393216.0,10627.45945945946,7710.117647058823,0.0079365079365079,0.6931471805599453,3.612140876960126,-2.9189936964001806,vega 3 mobile,vega 3 mobile,1029.0,310.0,,,,,2017.0,Unknown
535 mobile,2017.7643312101911,384.0,36.0,984.0,50.0,1.0,28.0,125.0,377856.0,10212.324324324323,7408.941176470588,0.0079365079365079,0.6931471805599453,3.6112833335651686,-2.918136153005223,vega 3 mobile,vega 3 mobile,1029.0,310.0,,,,,2017.0,Unknown
540,2017.783439490446,384.0,24.0,1250.0,50.0,2.0,14.0,103.0,480000.0,19200.0,9411.764705882351,0.0192307692307692,1.0986122886681098,3.610425790170197,-2.511813501502087,540,540,1273.0,272.0,,,,,2017.0,Unknown
550,2017.8025477707008,512.0,56.0,1183.0,50.0,2.0,14.0,103.0,605696.0,10626.245614035088,11876.392156862745,0.0192307692307692,1.0986122886681098,3.6095682467752255,-2.5109559581071155,550,550,1959.0,501.0,99.99,19.59,,,2022.0,Unknown
e9172 mxm,2017.8407643312105,512.0,48.0,1219.0,35.0,2.0,14.0,103.0,624128.0,12737.30612244898,17336.88888888889,0.0192307692307692,1.0986122886681098,3.607853159985297,-2.5092408713171865,2 mx,2 mx,3.0,143.0,,,,,2011.0,Desktop
e9173 pcie,2017.8598726114649,512.0,48.0,1219.0,35.0,2.0,14.0,103.0,624128.0,12737.30612244898,17336.88888888889,0.0192307692307692,1.0986122886681098,3.6069956165903534,-2.5083833279222434,e8870pcie,e8870pcie,3368.0,708.0,,,,,2017.0,Unknown
e9175 pcie,2017.8980891719743,512.0,96.0,1219.0,50.0,2.0,14.0,103.0,624128.0,6434.309278350515,12237.803921568628,0.0192307692307692,1.0986122886681098,3.605280529800425,-2.5066682411323145,e8870pcie,e8870pcie,3368.0,708.0,,,,,2017.0,Unknown
instinct mi25,2017.9171974522287,4096.0,436.2,1500.0,300.0,12.0,14.0,495.0,6144000.0,14053.064958828912,20411.960132890366,0.0241935483870967,2.5649493574615367,3.604422986405453,-1.0394736289439162,instinct mi25 mxgpu,instinct mi25 mxgpu,10466.0,727.0,,,,,2020.0,Unknown
pro 555,2017.936305732484,768.0,81.6,1250.0,75.0,3.0,14.0,123.0,960000.0,11622.27602905569,12631.578947368422,0.0241935483870967,1.3862943611198906,3.603565443010496,-2.2172710818906047,pro 555,pro 555,3141.0,659.0,1049.0,2.99,,,2017.0,Unknown
pro 560,2017.9554140127389,1024.0,81.28,1250.0,75.0,3.0,14.0,123.0,1280000.0,15556.635877491492,16842.105263157893,0.0241935483870967,1.3862943611198906,3.602707899615524,-2.216413538495633,pro 560,pro 560,3475.0,724.0,,,,,2017.0,Unknown
pro 570,2017.9745222929937,1792.0,217.0,1105.0,150.0,5.0,14.0,232.0,1980160.0,9083.302752293575,13113.64238410596,0.0214592274678111,1.791759469228055,3.6018503562205524,-1.8100908869924972,pro 570,pro 570,6337.0,697.0,,,,,2019.0,Unknown
pro 575,2017.9936305732483,2048.0,217.0,1250.0,150.0,5.0,14.0,232.0,2560000.0,11743.119266055046,16953.64238410596,0.0214592274678111,1.791759469228055,3.600992812825595,-1.80923334359754,pro 570,pro 570,6337.0,697.0,,,,,2019.0,Unknown
pro 580,2018.0127388535032,2304.0,217.0,1200.0,185.0,5.0,14.0,232.0,2764800.0,12682.56880733945,14864.516129032258,0.0214592274678111,1.791759469228055,3.6001352694306377,-1.8083758002025827,pro 580,pro 580,7753.0,943.0,,,,,2018.0,Unknown
pro duo polaris,2018.031847133758,2304.0,224.0,1250.0,250.0,5.0,14.0,232.0,2880000.0,12800.0,11474.10358565737,0.0214592274678111,1.791759469228055,3.599277726035666,-1.8075182568076111,pro duo,pro duo,8324.0,715.0,1199.06,6.94,350.0,23.78,2016.0,Desktop
pro ssg,2018.0509554140128,4096.0,483.8,1500.0,260.0,12.0,14.0,495.0,6144000.0,12673.267326732674,23540.22988505747,0.0241935483870967,2.5649493574615367,3.5984201826406945,-1.0334708251791578,pro ssg,pro ssg,10498.0,601.0,2410.15,4.36,,,2018.0,Unknown
pro v320,2018.070063694268,3584.0,483.8,1500.0,230.0,12.0,14.0,495.0,5376000.0,11089.10891089109,23272.727272727272,0.0241935483870967,2.5649493574615367,3.597562639245737,-1.0326132817842004,pro 5300,pro 5300,7522.0,663.0,,,,,2020.0,Unknown
pro vega 56,2018.0891719745223,3584.0,402.4,1250.0,210.0,12.0,14.0,495.0,4480000.0,11105.60237977194,21232.22748815166,0.0241935483870967,2.5649493574615367,3.59670509585078,-1.031755738389243,pro vega 56,pro vega 56,12386.0,860.0,,,,,2018.0,Desktop
pro vega 64,2018.108280254777,4096.0,402.4,1350.0,250.0,12.0,14.0,495.0,5529600.0,13707.486365889936,22030.27888446215,0.0241935483870967,2.5649493574615367,3.5958475524558224,-1.0308981949942857,pro vega 64,pro vega 64,12402.0,836.0,,,,,2018.0,Unknown
pro wx 2100,2018.127388535032,512.0,48.0,1219.0,35.0,2.0,14.0,103.0,624128.0,12737.30612244898,17336.88888888889,0.0192307692307692,1.0986122886681098,3.5949900090608367,-2.4963777203927267,pro wx 2100,pro wx 2100,1755.0,398.0,,,35.0,50.15,2017.0,Mobile
pro wx 3100,2018.1464968152864,512.0,96.0,1219.0,65.0,2.0,14.0,103.0,624128.0,6434.309278350515,9456.484848484848,0.0192307692307692,1.0986122886681098,3.594132465665893,-2.4955201769977835,pro wx 3100,pro wx 3100,2627.0,491.0,,,50.0,52.54,2017.0,Workstation
pro wx 4130 mobile,2018.1656050955407,640.0,96.0,1053.0,50.0,3.0,14.0,123.0,673920.0,6947.628865979382,13214.117647058823,0.0241935483870967,1.3862943611198906,3.593274922270922,-2.206980561151031,pro wx 4130,pro wx 4130,1881.0,395.0,,,50.0,37.61,2017.0,Mobile
pro wx 4150 mobile,2018.1847133757965,896.0,96.0,1053.0,50.0,3.0,14.0,123.0,943488.0,9726.680412371134,18499.764705882357,0.0241935483870967,1.3862943611198906,3.592417378875936,-2.2061230177560454,pro wx 4150,pro wx 4150,1935.0,413.0,612.03,3.16,50.0,38.7,2017.0,Mobile
pro wx 4170 mobile,2018.2038216560509,1024.0,96.0,1201.0,50.0,3.0,14.0,123.0,1229824.0,12678.59793814433,24114.19607843137,0.0241935483870967,1.3862943611198906,3.591559835480993,-2.205265474361102,pro wx 4170,pro wx 4170,1409.0,427.0,,,50.0,28.18,2019.0,Mobile
pro wx 7100 mobile,2018.2229299363053,2304.0,160.0,1243.0,130.0,5.0,14.0,232.0,2863872.0,17788.024844720498,21861.618320610687,0.0214592274678111,1.791759469228055,3.590702292086036,-1.798942822857981,pro wx 7100,pro wx 7100,7822.0,787.0,1047.99,7.46,130.0,60.17,2016.0,Workstation
pro wx 7130 mobile,2018.2420382165608,2304.0,160.0,1243.0,130.0,5.0,14.0,232.0,2863872.0,17788.024844720498,21861.618320610687,0.0214592274678111,1.791759469228055,3.58984474869105,-1.798085279462995,pro wx 7130,pro wx 7130,5722.0,695.0,,,130.0,44.01,2020.0,Mobile
pro wx 8100,2018.261146496816,3584.0,512.0,1500.0,230.0,12.0,14.0,495.0,5376000.0,10479.53216374269,23272.727272727272,0.0241935483870967,2.5649493574615367,3.5889872052960783,-1.0240378478345415,pro wx 9100,pro wx 9100,13241.0,772.0,,,230.0,57.57,2017.0,Desktop
pro wx 9100,2018.28025477707,4096.0,483.8,1500.0,230.0,12.0,14.0,495.0,6144000.0,12673.267326732674,26597.4025974026,0.0241935483870967,2.5649493574615367,3.588129661901135,-1.0231803044395984,pro wx 9100,pro wx 9100,13241.0,772.0,,,230.0,57.57,2017.0,Desktop
r5 graphics,2018.2993630573249,384.0,40.0,900.0,15.0,1.0,28.0,125.0,345600.0,8429.268292682927,21600.0,0.0079365079365079,0.6931471805599453,3.5872721185061778,-2.8941249379462324,hd 6320 graphic,hd 6320 graphic,216.0,159.0,,,,,2011.0,Unknown
r8 m535dx,2018.31847133758,320.0,40.0,891.0,50.0,1.0,28.0,125.0,285120.0,6954.146341463415,5590.588235294118,0.0079365079365079,0.6931471805599453,3.586414575111192,-2.8932673945512466,r8 m535dx,r8 m535dx,670.0,182.0,,,,,2019.0,Unknown
rx 460 1024sp,2018.3375796178343,1024.0,112.0,1200.0,75.0,3.0,14.0,123.0,1228800.0,10874.33628318584,16168.421052631578,0.0241935483870967,1.3862943611198906,3.585557031716249,-2.199262670596358,rx 580 2048sp,rx 580 2048sp,7768.0,669.0,,,,,2019.0,Unknown
rx 540 mobile,2018.3566878980887,512.0,80.0,1250.0,50.0,2.0,14.0,103.0,640000.0,7901.234567901234,12549.019607843138,0.0192307692307692,1.0986122886681098,3.5846994883213057,-2.486087199653196,rtx 2080 mobile,rtx 2080 mobile,15107.0,812.0,,,150.0,100.71,2019.0,Mobile
rx 550,2018.375796178344,512.0,112.0,1183.0,50.0,2.0,14.0,103.0,605696.0,5360.141592920354,11876.392156862745,0.0192307692307692,1.0986122886681098,3.58384194492632,-2.48522965625821,rx 550,rx 550,2718.0,484.0,157.74,17.23,50.0,54.35,2017.0,Desktop
rx 550 512sp,2018.3949044585988,512.0,96.0,1071.0,50.0,3.0,14.0,123.0,548352.0,5653.113402061856,10752.0,0.0241935483870967,1.3862943611198906,3.5829844015313483,-2.196690040411457,rx 580 2048sp,rx 580 2048sp,7768.0,669.0,,,,,2019.0,Unknown
rx 550 640sp,2018.4140127388528,640.0,96.0,1071.0,60.0,3.0,14.0,123.0,685440.0,7066.39175257732,11236.72131147541,0.0241935483870967,1.3862943611198906,3.582126858136405,-2.1958324970165144,rx 5500,rx 5500,8817.0,864.0,,,150.0,58.78,2019.0,Desktop
rx 550 mobile,2018.4331210191085,640.0,96.0,1287.0,50.0,2.0,14.0,103.0,823680.0,8491.546391752578,16150.588235294115,0.0192307692307692,1.0986122886681098,3.5812693147414194,-2.4826570260733094,rtx 2080 mobile,rtx 2080 mobile,15107.0,812.0,,,150.0,100.71,2019.0,Mobile
rx 560,2018.4522292993631,1024.0,112.0,1275.0,75.0,3.0,14.0,123.0,1305600.0,11553.982300884956,17178.947368421053,0.0241935483870967,1.3862943611198906,3.580411771346462,-2.1941174102265717,rx 560,rx 560,3594.0,506.0,225.91,15.91,80.0,44.92,2017.0,Desktop
rx 560 896sp,2018.4713375796173,896.0,112.0,1175.0,45.0,3.0,14.0,123.0,1052800.0,9316.814159292036,22886.95652173913,0.0241935483870967,1.3862943611198906,3.5795542279515047,-2.193259866831614,rx 580 2048sp,rx 580 2048sp,7768.0,669.0,,,,,2019.0,Unknown
rx 560 mobile,2018.4904458598728,1024.0,96.0,1202.0,65.0,3.0,14.0,123.0,1230848.0,12689.154639175258,18649.21212121212,0.0241935483870967,1.3862943611198906,3.578696684556519,-2.192402323436628,rtx 2060 mobile,rtx 2060 mobile,11355.0,540.0,,,80.0,141.93,2019.0,Mobile
rx 560 mobile,2018.509554140128,896.0,109.4,1032.0,55.0,3.0,14.0,123.0,924672.0,8375.652173913044,16512.0,0.0241935483870967,1.3862943611198906,3.577839141161561,-2.1915447800416707,rtx 2060 mobile,rtx 2060 mobile,11355.0,540.0,,,80.0,141.93,2019.0,Mobile
rx 560 mobile,2018.5286624203825,896.0,96.0,1053.0,55.0,3.0,14.0,123.0,943488.0,9726.680412371134,16848.0,0.0241935483870967,1.3862943611198906,3.57698159776659,-2.190687236646699,rtx 2060 mobile,rtx 2060 mobile,11355.0,540.0,,,80.0,141.93,2019.0,Mobile
rx 560d,2018.5477707006369,896.0,96.0,1175.0,65.0,3.0,14.0,123.0,1052800.0,10853.60824742268,15951.515151515152,0.0241935483870967,1.3862943611198906,3.576124054371647,-2.189829693251756,rx 560,rx 560,3594.0,506.0,225.91,15.91,80.0,44.92,2017.0,Desktop
rx 570,2018.566878980892,2048.0,224.0,1244.0,150.0,5.0,14.0,232.0,2547712.0,11323.164444444445,16872.264900662252,0.0214592274678111,1.791759469228055,3.575266510976661,-1.783507041748606,rx 570x,rx 570x,1923.0,750.0,279.99,6.87,120.0,16.03,2020.0,Desktop
rx 570 mobile,2018.5859872611463,2048.0,211.2,1206.0,85.0,5.0,14.0,232.0,2469888.0,11639.434495758718,28719.627906976744,0.0214592274678111,1.791759469228055,3.574408967581718,-1.782649498353663,rtx 2070 mobile,rtx 2070 mobile,12354.0,601.0,,,115.0,107.43,2019.0,Mobile
rx 580,2018.6050955414007,2304.0,256.0,1340.0,185.0,5.0,14.0,232.0,3087360.0,12013.073929961089,16598.709677419356,0.0214592274678111,1.791759469228055,3.5735514241867747,-1.7817919549587198,rx 580,rx 580,8907.0,772.0,349.0,25.52,185.0,48.14,2017.0,Desktop
rx 580 mobile,2018.624203821656,2304.0,256.0,1077.0,100.0,5.0,14.0,232.0,2481408.0,9655.284046692606,24568.39603960396,0.0214592274678111,1.791759469228055,3.572693880791789,-1.780934411563734,rtx 2080 mobile,rtx 2080 mobile,15107.0,812.0,,,150.0,100.71,2019.0,Mobile
rx vega 10 mobile,2018.6433121019109,640.0,40.0,1301.0,10.0,4.0,14.0,210.0,832640.0,20308.29268292683,75694.54545454546,0.0189573459715639,1.6094379124341005,3.5718363373968174,-1.962398424962717,vega 10 mobile,vega 10 mobile,1465.0,338.0,,,,,2017.0,Unknown
rx vega 56,2018.6624203821657,3584.0,409.6,1471.0,210.0,12.0,14.0,495.0,5272064.0,12839.90258158792,24986.08530805687,0.0241935483870967,2.5649493574615367,3.570978794001846,-1.006029436540309,rx vega 56,rx vega 56,13636.0,784.0,752.99,18.11,210.0,64.93,2017.0,Desktop
rx vega 64,2018.6815286624203,4096.0,483.8,1546.0,295.0,12.0,14.0,495.0,6332416.0,13061.914191419142,21393.297297297297,0.0241935483870967,2.5649493574615367,3.5701212506068885,-1.0051718931453515,rx vega 64,rx vega 64,14636.0,810.0,799.99,18.3,295.0,49.62,2017.0,Desktop
rx vega 64 limited edition,2018.7006369426751,4096.0,483.8,1546.0,295.0,12.0,14.0,495.0,6332416.0,13061.914191419142,21393.297297297297,0.0241935483870967,2.5649493574615367,3.569263707211931,-1.0043143497503944,vega frontier edition,vega frontier edition,13748.0,753.0,1679.99,8.18,350.0,39.28,2017.0,Desktop
vega 8 mobile,2018.7388535031848,512.0,40.0,1101.0,25.0,4.0,14.0,210.0,563712.0,13749.073170731708,21681.23076923077,0.0189573459715639,1.6094379124341005,3.567548620421988,-1.958110707987888,vega 8 mobile,vega 8 mobile,1438.0,349.0,,,,,2017.0,Unknown
vega frontier edition,2018.75796178344,4096.0,483.8,1600.0,300.0,12.0,14.0,495.0,6553600.0,13518.151815181518,21772.757475083057,0.0241935483870967,2.5649493574615367,3.5666910770270306,-1.0017417195654938,vega frontier edition,vega frontier edition,13748.0,753.0,1679.99,8.18,350.0,39.28,2017.0,Desktop
vega frontier edition watercooled,2018.7770700636945,4096.0,483.8,1600.0,375.0,12.0,14.0,495.0,6553600.0,13518.151815181518,17429.787234042553,0.0241935483870967,2.5649493574615367,3.565833533632059,-1.0008841761705225,vega frontier edition,vega frontier edition,13748.0,753.0,1679.99,8.18,350.0,39.28,2017.0,Desktop
540x mobile,2018.815286624204,512.0,48.0,1046.0,50.0,2.0,14.0,103.0,535552.0,10929.632653061224,10501.019607843138,0.0192307692307692,1.0986122886681098,3.56411844684213,-2.46550615817402,vega 10 mobile,vega 10 mobile,1465.0,338.0,,,,,2017.0,Unknown
550x 640sp,2018.8343949044583,640.0,48.0,1071.0,50.0,2.0,14.0,103.0,685440.0,13988.57142857143,13440.0,0.0192307692307692,1.0986122886681098,3.563260903447187,-2.464648614779077,rx 640,rx 640,1537.0,277.0,,,50.0,30.73,2020.0,"Desktop, Mobile"
550x mobile,2018.8535031847127,640.0,32.0,1250.0,50.0,2.0,14.0,103.0,800000.0,24242.424242424244,15686.27450980392,0.0192307692307692,1.0986122886681098,3.562403360052216,-2.4637910713841054,gtx 1650 mobile,gtx 1650 mobile,6969.0,384.0,,,50.0,139.38,2019.0,Mobile
instinct mi50,2018.8726114649685,3840.0,1.02,1746.0,300.0,13.0,7.0,331.0,6704640.0,3319128.712871287,22274.55149501661,0.0391566265060241,2.6390573296152584,3.5615458166572296,-0.9224884870419712,instinct mi25 mxgpu,instinct mi25 mxgpu,10466.0,727.0,,,,,2020.0,Unknown
instinct mi60,2018.8917197452229,4096.0,1.02,1800.0,300.0,13.0,7.0,331.0,7372800.0,3649900.99009901,24494.35215946844,0.0391566265060241,2.6390573296152584,3.5606882732622864,-0.921630943647028,instinct mi25 mxgpu,instinct mi25 mxgpu,10466.0,727.0,,,,,2020.0,Unknown
pro 555x,2018.9108280254777,768.0,94.08,1250.0,75.0,3.0,14.0,123.0,960000.0,10096.760622633572,12631.578947368422,0.0241935483870967,1.3862943611198906,3.559830729867315,-2.173536368747424,pro 555,pro 555,3141.0,659.0,1049.0,2.99,,,2017.0,Unknown
pro 560x,2018.9299363057328,1024.0,94.08,1250.0,75.0,3.0,14.0,123.0,1280000.0,13462.347496844764,16842.105263157893,0.0241935483870967,1.3862943611198906,3.5589731864723437,-2.1726788253524525,pro 560x,pro 560x,3678.0,711.0,,,,,2018.0,Unknown
pro v340 16 gb,2018.9490445859872,3584.0,483.8,1500.0,230.0,12.0,14.0,495.0,5376000.0,11089.10891089109,23272.727272727272,0.0241935483870967,2.5649493574615367,3.5581156430774,-0.9931662856158634,pro v340 mxgpu,pro v340 mxgpu,2853.0,118.0,,,,,2018.0,Unknown
pro v340 8 gb,2018.968152866242,3584.0,483.8,1500.0,230.0,12.0,14.0,495.0,5376000.0,11089.10891089109,23272.727272727272,0.0241935483870967,2.5649493574615367,3.557258099682429,-0.9923087422208918,pro v340 mxgpu,pro v340 mxgpu,2853.0,118.0,,,,,2018.0,Unknown
pro vega 16,2018.9872611464968,1024.0,307.2,1190.0,75.0,29.0,14.0,154.0,1218560.0,3953.796236210253,16033.684210526317,0.1870967741935484,3.4011973816621555,3.556400556287457,-0.1552031746253015,pro vega 16,pro vega 16,4683.0,672.0,,,,,2019.0,Unknown
pro vega 20,2019.006369426752,1280.0,189.4,1283.0,100.0,29.0,14.0,154.0,1642240.0,8625.210084033613,16259.80198019802,0.1870967741935484,3.4011973816621555,3.5555430128924854,-0.1543456312303299,pro vega 20,pro vega 20,5117.0,544.0,,,,,2018.0,Unknown
pro wx 8200,2019.0254777070063,3584.0,512.0,1500.0,230.0,12.0,14.0,495.0,5376000.0,10479.53216374269,23272.727272727272,0.0241935483870967,2.5649493574615367,3.5546854694975423,-0.9897361120360056,pro wx 8200,pro wx 8200,14110.0,824.0,1599.39,8.82,230.0,61.35,2018.0,Desktop
pro wx vega m gl,2019.0445859872607,1280.0,179.2,1011.0,65.0,5.0,14.0,208.0,1294080.0,7181.354051054384,19607.272727272728,0.0239234449760765,1.791759469228055,3.553827926102599,-1.7620684568745442,pro wx vega m gl,pro wx vega m gl,6049.0,777.0,,,65.0,93.06,2019.0,Mobile
rx 540x mobile,2019.063694267516,512.0,96.0,1211.0,50.0,2.0,14.0,103.0,620032.0,6392.082474226804,12157.490196078432,0.0192307692307692,1.0986122886681098,3.5529703827076133,-2.454358094039504,rtx 2080 mobile,rtx 2080 mobile,15107.0,812.0,,,150.0,100.71,2019.0,Mobile
rx 550x,2019.0828025477704,512.0,96.0,1183.0,50.0,2.0,14.0,103.0,605696.0,6244.288659793814,11876.392156862745,0.0192307692307692,1.0986122886681098,3.552112839312656,-2.453500550644546,rx 550x,rx 550x,2370.0,508.0,,,50.0,47.4,2019.0,Desktop
rx 550x 640sp,2019.1019108280248,640.0,96.0,1071.0,60.0,3.0,14.0,123.0,685440.0,7066.39175257732,11236.72131147541,0.0241935483870967,1.3862943611198906,3.5512552959176986,-2.164960934797808,rx 550x,rx 550x,2370.0,508.0,,,50.0,47.4,2019.0,Desktop
rx 550x mobile,2019.1210191082805,640.0,48.0,1176.0,50.0,2.0,14.0,103.0,752640.0,15360.0,14757.64705882353,0.0192307692307692,1.0986122886681098,3.550397752522713,-2.451785463854603,rtx 2080 mobile,rtx 2080 mobile,15107.0,812.0,,,150.0,100.71,2019.0,Mobile
rx 560dx,2019.1401273885351,896.0,96.0,1175.0,65.0,3.0,14.0,123.0,1052800.0,10853.60824742268,15951.515151515152,0.0241935483870967,1.3862943611198906,3.5495402091277555,-2.1632458480078647,rx 560x,rx 560x,3181.0,487.0,,,75.0,42.42,2018.0,Desktop
rx 560x,2019.1592356687893,1024.0,112.0,1275.0,75.0,3.0,14.0,123.0,1305600.0,11553.982300884956,17178.947368421053,0.0241935483870967,1.3862943611198906,3.548682665732798,-2.1623883046129078,rx 560x,rx 560x,3181.0,487.0,,,75.0,42.42,2018.0,Desktop
rx 560x mobile,2019.1783439490448,1024.0,92.8,1250.0,65.0,3.0,14.0,123.0,1280000.0,13646.055437100214,19393.939393939392,0.0241935483870967,1.3862943611198906,3.5478251223378123,-2.161530761217921,rtx 2060 mobile,rtx 2060 mobile,11355.0,540.0,,,80.0,141.93,2019.0,Mobile
rx 560x mobile,2019.1974522293,1024.0,112.0,1250.0,65.0,3.0,14.0,123.0,1280000.0,11327.433628318584,19393.939393939392,0.0241935483870967,1.3862943611198906,3.546967578942855,-2.160673217822964,rtx 2060 mobile,rtx 2060 mobile,11355.0,540.0,,,80.0,141.93,2019.0,Mobile
rx 560x mobile,2019.216560509554,1024.0,96.0,1202.0,65.0,3.0,14.0,123.0,1230848.0,12689.154639175258,18649.21212121212,0.0241935483870967,1.3862943611198906,3.5461100355478976,-2.159815674428007,rtx 2060 mobile,rtx 2060 mobile,11355.0,540.0,,,80.0,141.93,2019.0,Mobile
rx 570x,2019.2356687898089,2048.0,224.0,1244.0,150.0,5.0,14.0,232.0,2547712.0,11323.164444444445,16872.264900662252,0.0214592274678111,1.791759469228055,3.54525249215294,-1.7534930229248853,rx 570x,rx 570x,1923.0,750.0,279.99,6.87,120.0,16.03,2020.0,Desktop
rx 580 2048sp,2019.254777070064,2048.0,224.0,1284.0,150.0,5.0,14.0,232.0,2629632.0,11687.253333333334,17414.781456953642,0.0214592274678111,1.791759469228055,3.5443949487579545,-1.7526354795298995,rx 580 2048sp,rx 580 2048sp,7768.0,669.0,,,,,2019.0,Unknown
rx 580g,2019.2738853503183,2304.0,256.0,1330.0,185.0,5.0,14.0,232.0,3064320.0,11923.424124513618,16474.83870967742,0.0214592274678111,1.791759469228055,3.5435374053630118,-1.7517779361349564,rx 580,rx 580,8907.0,772.0,349.0,25.52,185.0,48.14,2017.0,Desktop
rx 580x,2019.2929936305727,2304.0,256.0,1340.0,185.0,5.0,14.0,232.0,3087360.0,12013.073929961089,16598.709677419356,0.0214592274678111,1.791759469228055,3.542679861968068,-1.7509203927400132,rx 580x,rx 580x,7798.0,885.0,,,185.0,42.15,2019.0,Desktop
rx 580x mobile,2019.312101910828,2304.0,256.0,1250.0,100.0,5.0,14.0,232.0,2880000.0,11206.225680933852,28514.85148514852,0.0214592274678111,1.791759469228055,3.5418223185730824,-1.7500628493450274,rtx 2080 mobile,rtx 2080 mobile,15107.0,812.0,,,150.0,100.71,2019.0,Mobile
rx 590,2019.3312101910828,2304.0,256.0,1545.0,175.0,5.0,12.0,232.0,3559680.0,13850.894941634242,20225.454545454544,0.0214592274678111,1.791759469228055,3.540964775178111,-1.749205305950056,rx 590,rx 590,9665.0,810.0,549.99,17.57,175.0,55.23,2018.0,Desktop
rx vega 11,2019.3503184713377,704.0,40.0,1240.0,25.0,4.0,14.0,210.0,872960.0,21291.70731707317,33575.38461538462,0.0189573459715639,1.6094379124341005,3.5401072317831392,-1.930669319349039,rx vega 11,rx vega 11,2137.0,535.0,1002.0,2.13,,,2018.0,Desktop
rx vega 11,2019.3694267515923,704.0,40.0,1251.0,25.0,4.0,14.0,210.0,880704.0,21480.585365853654,33873.230769230766,0.0189573459715639,1.6094379124341005,3.539249688388182,-1.9298117759540816,rx vega 11,rx vega 11,2137.0,535.0,1002.0,2.13,,,2018.0,Desktop
rx vega 11 embedded,2019.3885350318471,704.0,40.0,1251.0,25.0,4.0,14.0,210.0,880704.0,21480.585365853654,33873.230769230766,0.0189573459715639,1.6094379124341005,3.5383921449932245,-1.928954232559124,rx vega 11 prd,rx vega 11 prd,2402.0,601.0,,,,,2019.0,Unknown
rx vega 56 mobile,2019.407643312102,3584.0,409.6,1301.0,120.0,12.0,14.0,495.0,4662784.0,11356.02532878714,38535.40495867769,0.0241935483870967,2.5649493574615367,3.537534601598253,-0.9725852441367162,vega 8 mobile,vega 8 mobile,1438.0,349.0,,,,,2017.0,Unknown
rx vega m gh,2019.4267515923568,1536.0,204.8,1190.0,100.0,5.0,14.0,208.0,1827840.0,8881.632653061224,18097.425742574254,0.0239234449760765,1.791759469228055,3.5366770582032814,-1.7449175889752264,rx vega m gh,rx vega m gh,6734.0,833.0,,,,,2018.0,Unknown
rx vega m gl,2019.445859872612,1280.0,179.2,1011.0,65.0,5.0,14.0,208.0,1294080.0,7181.354051054384,19607.272727272728,0.0239234449760765,1.791759469228055,3.535819514808324,-1.744060045580269,rx vega m gl,rx vega m gl,3315.0,506.0,,,,,2018.0,Unknown
vega 11 embedded,2019.4649681528665,704.0,40.0,1301.0,25.0,4.0,14.0,210.0,915904.0,22339.121951219517,35227.07692307692,0.0189573459715639,1.6094379124341005,3.5349619714133524,-1.925524058979252,vega 10 mobile,vega 10 mobile,1465.0,338.0,,,,,2017.0,Unknown
vega 3 embedded,2019.484076433121,192.0,40.0,1001.0,15.0,4.0,14.0,210.0,192192.0,4687.609756097561,12012.0,0.0189573459715639,1.6094379124341005,3.5341044280184093,-1.924666515584309,intel q35 embedded,intel q35 embedded,8.0,303.0,,,,,2011.0,Unknown
vega 3 embedded,2019.503184713376,192.0,40.0,1001.0,15.0,4.0,14.0,210.0,192192.0,4687.609756097561,12012.0,0.0189573459715639,1.6094379124341005,3.5332468846234235,-1.9238089721893232,intel q35 embedded,intel q35 embedded,8.0,303.0,,,,,2011.0,Unknown
vega 3 embedded,2019.5222929936303,192.0,40.0,1001.0,15.0,4.0,14.0,210.0,192192.0,4687.609756097561,12012.0,0.0189573459715639,1.6094379124341005,3.5323893412284804,-1.92295142879438,intel q35 embedded,intel q35 embedded,8.0,303.0,,,,,2011.0,Unknown
vega 3 mobile,2019.5414012738847,192.0,40.0,1101.0,15.0,4.0,14.0,210.0,211392.0,5155.90243902439,13212.0,0.0189573459715639,1.6094379124341005,3.531531797833509,-1.9220938853994085,vega 3 mobile,vega 3 mobile,1029.0,310.0,,,,,2017.0,Unknown
vega 6 embedded,2019.56050955414,384.0,40.0,1280.0,15.0,4.0,14.0,210.0,491520.0,11988.292682926827,30720.0,0.0189573459715639,1.6094379124341005,3.5306742544385514,-1.9212363420044511,intel q35 embedded,intel q35 embedded,8.0,303.0,,,,,2011.0,Unknown
vega 6 mobile,2019.5796178343949,384.0,40.0,1101.0,15.0,4.0,14.0,210.0,422784.0,10311.80487804878,26424.0,0.0189573459715639,1.6094379124341005,3.52981671104358,-1.92037879860948,vega 8 mobile,vega 8 mobile,1438.0,349.0,,,,,2017.0,Unknown
vega 8,2019.5987261146497,512.0,40.0,1100.0,25.0,4.0,14.0,210.0,563200.0,13736.585365853658,21661.53846153846,0.0189573459715639,1.6094379124341005,3.5289591676486083,-1.919521255214508,vega 8,vega 8,1593.0,421.0,126.86,12.56,,,2018.0,"Desktop, Mobile"
vega 8 embedded,2019.6178343949043,512.0,40.0,1101.0,25.0,4.0,14.0,210.0,563712.0,13749.073170731708,21681.23076923077,0.0189573459715639,1.6094379124341005,3.528101624253651,-1.9186637118195504,vega 8 mobile,vega 8 mobile,1438.0,349.0,,,,,2017.0,Unknown
vega 8 embedded,2019.6369426751592,512.0,40.0,1100.0,15.0,4.0,14.0,210.0,563200.0,13736.585365853658,35200.0,0.0189573459715639,1.6094379124341005,3.5272440808586936,-1.9178061684245933,vega 8 mobile,vega 8 mobile,1438.0,349.0,,,,,2017.0,Unknown
540 mobile,2019.6751592356688,512.0,41.6,1250.0,50.0,2.0,14.0,103.0,640000.0,15023.474178403756,12549.019607843138,0.0192307692307692,1.0986122886681098,3.5255289940687504,-2.4269167054006404,gtx 1650 mobile,gtx 1650 mobile,6969.0,384.0,,,50.0,139.38,2019.0,Mobile
540x mobile,2019.694267515924,512.0,32.0,1095.0,50.0,2.0,14.0,103.0,560640.0,16989.090909090908,10992.941176470587,0.0192307692307692,1.0986122886681098,3.524671450673793,-2.426059162005683,vega 10 mobile,vega 10 mobile,1465.0,338.0,,,,,2017.0,Unknown
550x,2019.7133757961783,512.0,112.0,1218.0,50.0,2.0,14.0,103.0,623616.0,5518.725663716814,12227.764705882351,0.0192307692307692,1.0986122886681098,3.523813907278836,-2.4252016186107257,550x,550x,1430.0,273.0,,,,,2019.0,Unknown
610 mobile,2019.732484076433,320.0,32.0,1250.0,50.0,690.0,28.0,56.0,400000.0,12121.212121212122,7843.137254901961,12.105263157894736,6.53813982376767,3.5229563638838783,3.015183459883792,vega 10 mobile,vega 10 mobile,1465.0,338.0,,,,,2017.0,Unknown
620 mobile,2019.751592356688,384.0,32.0,1250.0,50.0,1.0,28.0,125.0,480000.0,14545.454545454546,9411.764705882351,0.0079365079365079,0.6931471805599453,3.5220988204889068,-2.8289516399289614,rtx 2080 mobile,rtx 2080 mobile,15107.0,812.0,,,150.0,100.71,2019.0,Mobile
625 mobile,2019.7707006369424,384.0,36.0,1024.0,50.0,1.0,28.0,125.0,393216.0,10627.45945945946,7710.117647058823,0.0079365079365079,0.6931471805599453,3.5212412770939494,-2.828094096534004,gtx 1650 mobile,gtx 1650 mobile,6969.0,384.0,,,50.0,139.38,2019.0,Mobile
625 oem,2019.7898089171968,384.0,36.0,1250.0,35.0,1.0,28.0,125.0,480000.0,12972.972972972972,13333.333333333334,0.0079365079365079,0.6931471805599453,3.520383733698992,-2.827236553139046,gt625m,gt625m,493.0,170.0,,,,,2014.0,Unknown
630 mobile,2019.8089171974525,512.0,96.0,1211.0,50.0,2.0,14.0,103.0,620032.0,6392.082474226804,12157.490196078432,0.0192307692307692,1.0986122886681098,3.519526190303992,-2.420913901635882,rtx 2060 mobile,rtx 2060 mobile,11355.0,540.0,,,80.0,141.93,2019.0,Mobile
e9390 pcie,2019.8280254777071,1792.0,160.0,1089.0,75.0,5.0,14.0,232.0,1951488.0,12121.04347826087,25677.473684210527,0.0214592274678111,1.791759469228055,3.518668646909049,-1.726909177680994,e8870pcie,e8870pcie,3368.0,708.0,,,,,2017.0,Unknown
e9560 pcie,2019.8471337579613,2304.0,224.0,1237.0,130.0,5.0,14.0,232.0,2850048.0,12666.88,21756.091603053435,0.0214592274678111,1.791759469228055,3.5178111035140915,-1.7260516342860366,e8870pcie,e8870pcie,3368.0,708.0,,,,,2017.0,Unknown
pro 5300m,2019.8662420382168,1280.0,192.0,1250.0,85.0,6.0,7.0,158.0,1600000.0,8290.155440414508,18604.6511627907,0.0377358490566037,1.9459101490553128,3.5169535601191058,-1.5710434110637923,pro 5300m,pro 5300m,5840.0,636.0,,,85.0,68.7,2019.0,Unknown
pro 5500m,2019.885350318472,1536.0,192.0,1450.0,85.0,6.0,7.0,158.0,2227200.0,11539.896373056994,25897.674418604653,0.0377358490566037,1.9459101490553128,3.5160960167241484,-1.5701858676688352,pro 5500m,pro 5500m,6763.0,682.0,,,85.0,79.56,2019.0,Unknown
pro 570x,2019.904458598726,1792.0,217.0,1105.0,150.0,5.0,14.0,232.0,1980160.0,9083.302752293575,13113.64238410596,0.0214592274678111,1.791759469228055,3.515238473329191,-1.723479004101136,pro 570,pro 570,6337.0,697.0,,,,,2019.0,Unknown
pro 575x,2019.9235668789809,2048.0,217.0,1250.0,150.0,5.0,14.0,232.0,2560000.0,11743.119266055046,16953.64238410596,0.0214592274678111,1.791759469228055,3.5143809299342337,-1.7226214607061787,pro 570,pro 570,6337.0,697.0,,,,,2019.0,Unknown
pro 580x,2019.942675159236,2304.0,218.9,1200.0,185.0,5.0,14.0,232.0,2764800.0,12572.987721691678,14864.516129032258,0.0214592274678111,1.791759469228055,3.513523386539248,-1.721763917311193,pro 580x,pro 580x,7540.0,698.0,,,150.0,50.27,2019.0,Desktop
pro vega 48,2019.9617834394903,3072.0,402.4,1250.0,50.0,12.0,14.0,495.0,3840000.0,9519.087754090231,75294.11764705883,0.0241935483870967,2.5649493574615367,3.5126658431443047,-0.947716485682768,pro vega 48,pro vega 48,11504.0,821.0,,,,,2019.0,Unknown
pro vega 64x,2019.9808917197447,4096.0,512.0,1468.0,250.0,12.0,14.0,495.0,6012928.0,11721.107212475634,23955.88844621514,0.0241935483870967,2.5649493574615367,3.5118082997493616,-0.9468589422878247,pro vega 64x,pro vega 64x,14630.0,948.0,,,,,2021.0,Unknown
pro vega ii,2020.0,4096.0,825.3,1720.0,475.0,13.0,7.0,331.0,7045120.0,8526.104320464723,14800.672268907563,0.0391566265060241,2.6390573296152584,3.510950756354376,-0.8718934267391174,pro vega ii,pro vega ii,14738.0,827.0,,,,,2020.0,Unknown
pro vega ii duo,2020.0191082802548,4096.0,1.02,1720.0,475.0,13.0,7.0,331.0,7045120.0,3487683.168316832,14800.672268907563,0.0391566265060241,2.6390573296152584,3.510093212959404,-0.8710358833441458,pro vega ii,pro vega ii,14738.0,827.0,,,,,2020.0,Unknown
pro w5300m,2020.0382165605088,1280.0,192.0,1250.0,85.0,6.0,7.0,158.0,1600000.0,8290.155440414508,18604.6511627907,0.0377358490566037,1.9459101490553128,3.509235669564461,-1.563325520509148,pro 5300m,pro 5300m,5840.0,636.0,,,85.0,68.7,2019.0,Unknown
pro w5500x,2020.0573248407643,1536.0,224.0,1757.0,125.0,6.0,7.0,158.0,2698752.0,11994.453333333331,21418.666666666668,0.0377358490566037,1.9459101490553128,3.5083781261694758,-1.562467977114162,pro w5500,pro w5500,9269.0,896.0,480.99,19.27,125.0,74.15,2020.0,Desktop
pro w5700,2020.0764331210191,2304.0,448.0,1880.0,205.0,10.0,7.0,251.0,4331520.0,9647.037861915367,21026.79611650485,0.0396825396825396,2.3978952727983707,3.507520582774518,-1.1096253099761473,pro w5700,pro w5700,15085.0,908.0,1649.99,9.14,205.0,73.59,2020.0,Desktop
pro w5700x,2020.095541401274,2560.0,448.0,2040.0,205.0,10.0,7.0,251.0,5222400.0,11631.18040089087,25351.45631067961,0.0396825396825396,2.3978952727983707,3.5066630393795464,-1.1087677665811757,pro w5700,pro w5700,15085.0,908.0,1649.99,9.14,205.0,73.59,2020.0,Desktop
pro wx 3200,2020.1146496815288,640.0,96.0,1250.0,65.0,2.0,14.0,103.0,800000.0,8247.422680412372,12121.212121212122,0.0192307692307692,1.0986122886681098,3.505805495984575,-2.407193207316465,pro wx 3200,pro wx 3200,2456.0,478.0,216.99,11.32,65.0,37.78,2019.0,Mobile
pro wx 3200 mobile,2020.133757961784,640.0,64.0,1250.0,65.0,2.0,14.0,103.0,800000.0,12307.692307692309,12121.212121212122,0.0192307692307692,1.0986122886681098,3.504947952589617,-2.4063356639215074,rtx 2080 mobile,rtx 2080 mobile,15107.0,812.0,,,150.0,100.71,2019.0,Mobile
r7 350 640sp,2020.1528662420385,640.0,72.0,1250.0,55.0,1.0,28.0,123.0,800000.0,10958.90410958904,14285.714285714286,0.0080645161290322,0.6931471805599453,3.504090409194646,-2.8109432286347005,r7 360,r7 360,3034.0,495.0,145.99,20.78,100.0,30.34,2015.0,Desktop
rx 5300 xt oem,2020.1719745222929,1408.0,112.0,1845.0,100.0,6.0,7.0,158.0,2597760.0,22989.02654867257,25720.39603960396,0.0377358490566037,1.9459101490553128,3.5032328657997027,-1.5573227167443895,rx 6500 xt,rx 6500 xt,9445.0,910.0,199.99,47.23,,,2022.0,Unknown
rx 5300m,2020.191082802548,1408.0,168.0,1445.0,85.0,6.0,7.0,158.0,2034560.0,12038.816568047338,23657.674418604653,0.0377358490566037,1.9459101490553128,3.502375322404717,-1.5564651733494037,rx 5300m,rx 5300m,3562.0,366.0,,,85.0,41.91,2020.0,Mobile
rx 5500 oem,2020.2101910828023,1408.0,224.0,1845.0,110.0,6.0,7.0,158.0,2597760.0,11545.6,23403.243243243243,0.0377358490566037,1.9459101490553128,3.501517779009774,-1.5556076299544606,rx 5500m,rx 5500m,4010.0,414.0,,,85.0,47.17,2020.0,Mobile
rx 5500 xt,2020.2292993630567,1408.0,224.0,1845.0,130.0,6.0,7.0,158.0,2597760.0,11545.6,19830.22900763359,0.0377358490566037,1.9459101490553128,3.500660235614802,-1.554750086559489,rx 5500 xt,rx 5500 xt,9188.0,824.0,449.0,20.46,130.0,70.68,2019.0,Desktop
rx 5500m,2020.248407643312,1408.0,224.0,1645.0,85.0,6.0,7.0,158.0,2316160.0,10294.044444444444,26932.093023255813,0.0377358490566037,1.9459101490553128,3.499802692219845,-1.5538925431645316,rx 5500m,rx 5500m,4010.0,414.0,,,85.0,47.17,2020.0,Mobile
rx 560 xt,2020.2675159235669,1792.0,224.0,1226.0,150.0,5.0,14.0,232.0,2196992.0,9764.40888888889,14549.615894039734,0.0214592274678111,1.791759469228055,3.4989451488248733,-1.7071856795968183,rx 5600 xt,rx 5600 xt,13836.0,914.0,545.0,25.39,150.0,92.24,2020.0,Desktop
rx 560x mobile,2020.2866242038217,896.0,112.0,1250.0,65.0,3.0,14.0,123.0,1120000.0,9911.50442477876,16969.696969696968,0.0241935483870967,1.3862943611198906,3.4980876054299017,-2.111793244310011,rtx 2060 mobile,rtx 2060 mobile,11355.0,540.0,,,80.0,141.93,2019.0,Mobile
rx 5700,2020.3057324840763,2304.0,448.0,1725.0,180.0,10.0,7.0,251.0,3974400.0,8851.670378619154,21958.01104972376,0.0396825396825396,2.3978952727983707,3.4972300620349444,-1.0993347892365737,rx 5700,rx 5700,14729.0,926.0,899.95,16.37,180.0,81.83,2019.0,Desktop
rx 5700 xt,2020.3248407643312,2560.0,448.0,1905.0,225.0,10.0,7.0,251.0,4876800.0,10861.469933184855,21578.7610619469,0.0396825396825396,2.3978952727983707,3.496372518639987,-1.0984772458416163,rx 5700 xt,rx 5700 xt,16892.0,955.0,694.94,24.31,225.0,75.08,2019.0,Desktop
rx 5700 xt 50th anniversary,2020.343949044586,2560.0,448.0,1980.0,225.0,10.0,7.0,251.0,5068800.0,11289.086859688196,22428.3185840708,0.0396825396825396,2.3978952727983707,3.4955149752450154,-1.0976197024466448,rx 5700 xt 50th anniversary,rx 5700 xt 50th anniversary,16650.0,965.0,,,235.0,70.85,2019.0,Desktop
rx 640 mobile,2020.3630573248408,640.0,48.0,1218.0,50.0,2.0,14.0,103.0,779520.0,15908.57142857143,15284.70588235294,0.0192307692307692,1.0986122886681098,3.494657431850044,-2.396045143181934,rtx 2060 mobile,rtx 2060 mobile,11355.0,540.0,,,80.0,141.93,2019.0,Mobile
rx vega 11,2020.382165605096,704.0,40.0,1400.0,15.0,4.0,12.0,210.0,985600.0,24039.024390243903,61600.0,0.0189573459715639,1.6094379124341005,3.4937998884550865,-1.8843619760209864,rx vega 11,rx vega 11,2137.0,535.0,1002.0,2.13,,,2018.0,Desktop
rx vega 11 mobile,2020.4012738853503,704.0,40.0,1400.0,15.0,4.0,12.0,210.0,985600.0,24039.024390243903,61600.0,0.0189573459715639,1.6094379124341005,3.492942345060129,-1.8835044326260288,vega 10 mobile,vega 10 mobile,1465.0,338.0,,,,,2017.0,Unknown
vega 10 mobile,2020.420382165605,640.0,40.0,1400.0,15.0,4.0,12.0,210.0,896000.0,21853.658536585364,56000.0,0.0189573459715639,1.6094379124341005,3.492084801665172,-1.8826468892310717,vega 10 mobile,vega 10 mobile,1465.0,338.0,,,,,2017.0,Unknown
vega 10 mobile,2020.43949044586,640.0,40.0,1301.0,10.0,4.0,14.0,210.0,832640.0,20308.29268292683,75694.54545454546,0.0189573459715639,1.6094379124341005,3.491227258270186,-1.8817893458360857,vega 10 mobile,vega 10 mobile,1465.0,338.0,,,,,2017.0,Unknown
vega 10 mobile,2020.4585987261144,640.0,40.0,1400.0,15.0,4.0,12.0,210.0,896000.0,21853.658536585364,56000.0,0.0189573459715639,1.6094379124341005,3.490369714875243,-1.8809318024411423,vega 10 mobile,vega 10 mobile,1465.0,338.0,,,,,2017.0,Unknown
vega 11,2020.4777070063687,704.0,40.0,1400.0,15.0,4.0,12.0,210.0,985600.0,24039.024390243903,61600.0,0.0189573459715639,1.6094379124341005,3.489512171480285,-1.8800742590461847,vega 11,vega 11,1847.0,509.0,,,,,2019.0,Unknown
vega 3,2020.4968152866245,192.0,40.0,1100.0,15.0,4.0,12.0,210.0,211200.0,5151.219512195122,13200.0,0.0189573459715639,1.6094379124341005,3.488654628085285,-1.8792167156511848,vega 3,vega 3,889.0,309.0,2677.99,0.33,,,2018.0,Unknown
vega 3 embedded,2020.5159235668789,192.0,40.0,1000.0,10.0,4.0,12.0,210.0,192000.0,4682.926829268293,17454.545454545456,0.0189573459715639,1.6094379124341005,3.4877970846903423,-1.878359172256242,intel q35 embedded,intel q35 embedded,8.0,303.0,,,,,2011.0,Unknown
vega 3 embedded,2020.5350318471333,192.0,40.0,1200.0,10.0,4.0,12.0,210.0,230400.0,5619.512195121952,20945.454545454544,0.0189573459715639,1.6094379124341005,3.486939541295385,-1.877501628861285,intel q35 embedded,intel q35 embedded,8.0,303.0,,,,,2011.0,Unknown
vega 3 mobile,2020.5541401273888,192.0,40.0,1001.0,15.0,4.0,12.0,210.0,192192.0,4687.609756097561,12012.0,0.0189573459715639,1.6094379124341005,3.486081997900399,-1.876644085466299,vega 3 mobile,vega 3 mobile,1029.0,310.0,,,,,2017.0,Unknown
vega 6 mobile,2020.573248407644,384.0,40.0,1101.0,15.0,4.0,14.0,210.0,422784.0,10311.80487804878,26424.0,0.0189573459715639,1.6094379124341005,3.485224454505442,-1.875786542071341,vega 8 mobile,vega 8 mobile,1438.0,349.0,,,,,2017.0,Unknown
vega 6 mobile,2020.592356687898,384.0,40.0,1200.0,15.0,4.0,12.0,210.0,460800.0,11239.024390243903,28800.0,0.0189573459715639,1.6094379124341005,3.4843669111104845,-1.874928998676384,vega 8 mobile,vega 8 mobile,1438.0,349.0,,,,,2017.0,Unknown
vega 8,2020.6114649681529,512.0,40.0,1250.0,15.0,4.0,12.0,210.0,640000.0,15609.756097560976,40000.0,0.0189573459715639,1.6094379124341005,3.483509367715527,-1.8740714552814268,vega 8,vega 8,1593.0,421.0,126.86,12.56,,,2018.0,"Desktop, Mobile"
vega 8 mobile,2020.630573248408,512.0,40.0,1101.0,25.0,4.0,14.0,210.0,563712.0,13749.073170731708,21681.23076923077,0.0189573459715639,1.6094379124341005,3.4826518243205413,-1.873213911886441,vega 8 mobile,vega 8 mobile,1438.0,349.0,,,,,2017.0,Unknown
vega 8 mobile,2020.6496815286623,512.0,40.0,1200.0,15.0,4.0,12.0,210.0,614400.0,14985.365853658535,38400.0,0.0189573459715639,1.6094379124341005,3.481794280925598,-1.872356368491498,vega 8 mobile,vega 8 mobile,1438.0,349.0,,,,,2017.0,Unknown
vega 8 mobile,2020.6687898089167,512.0,40.0,1200.0,15.0,4.0,12.0,210.0,614400.0,14985.365853658535,38400.0,0.0189573459715639,1.6094379124341005,3.480936737530655,-1.8714988250965547,vega 8 mobile,vega 8 mobile,1438.0,349.0,,,,,2017.0,Unknown
vega 9 mobile,2020.687898089172,576.0,40.0,1300.0,15.0,4.0,12.0,210.0,748800.0,18263.414634146346,46800.0,0.0189573459715639,1.6094379124341005,3.480079194135669,-1.870641281701569,vega 8 mobile,vega 8 mobile,1438.0,349.0,,,,,2017.0,Unknown
vii,2020.7070063694268,3840.0,1.02,1750.0,295.0,13.0,7.0,331.0,6720000.0,3326732.673267327,22702.702702702703,0.0391566265060241,2.6390573296152584,3.4792216507406977,-0.8401643211254393,vii,vii,16767.0,788.0,1899.95,8.82,300.0,55.89,2019.0,Desktop
graphics 320sp mobile,2020.8025477707008,320.0,40.0,1400.0,15.0,9.0,7.0,156.0,448000.0,10926.829268292682,28000.0,0.0573248407643312,2.302585092994046,3.474933933765868,-1.1723488407718223,vega 3 mobile,vega 3 mobile,1029.0,310.0,,,,,2017.0,Unknown
graphics 384sp mobile,2020.821656050956,384.0,40.0,1500.0,15.0,9.0,7.0,156.0,576000.0,14048.780487804876,36000.0,0.0573248407643312,2.302585092994046,3.474076390370911,-1.171491297376865,vega 8 mobile,vega 8 mobile,1438.0,349.0,,,,,2017.0,Unknown
graphics 448sp mobile,2020.8598726114649,448.0,40.0,1600.0,15.0,9.0,7.0,156.0,716800.0,17482.926829268294,44800.0,0.0573248407643312,2.302585092994046,3.472361303580996,-1.1697762105869502,vega 8 mobile,vega 8 mobile,1438.0,349.0,,,,,2017.0,Unknown
graphics 512sp mobile,2020.8980891719743,512.0,40.0,1750.0,15.0,9.0,7.0,156.0,896000.0,21853.658536585364,56000.0,0.0573248407643312,2.302585092994046,3.470646216791067,-1.168061123797021,vega 10 mobile,vega 10 mobile,1465.0,338.0,,,,,2017.0,Unknown
instinct mi100,2020.9171974522287,7680.0,1.23,1502.0,300.0,25.0,7.0,750.0,11535360.0,5172807.174887893,38323.455149501664,0.033288948069241,3.258096538021482,3.469788673396096,-0.2116921353746135,instinct mi25 mxgpu,instinct mi25 mxgpu,10466.0,727.0,,,,,2020.0,Unknown
pro 5300,2020.936305732484,1280.0,224.0,1650.0,85.0,6.0,7.0,158.0,2112000.0,9386.666666666666,24558.13953488372,0.0377358490566037,1.9459101490553128,3.4689311300011383,-1.523020980945825,pro 5300,pro 5300,7522.0,663.0,,,,,2020.0,Unknown
pro 5500 xt,2020.9554140127389,1536.0,224.0,1757.0,125.0,6.0,7.0,158.0,2698752.0,11994.453333333331,21418.666666666668,0.0377358490566037,1.9459101490553128,3.4680735866061667,-1.5221634375508537,pro 5500 xt,pro 5500 xt,8298.0,628.0,,,,,2020.0,Unknown
pro 5600m,2020.9745222929937,2560.0,394.2,1144.0,50.0,29.0,7.0,154.0,2928640.0,7410.526315789474,57424.3137254902,0.1870967741935484,3.4011973816621555,3.467216043211195,-0.0660186615490396,pro 5600m,pro 5600m,10200.0,702.0,,,50.0,204.0,2020.0,Mobile
pro 5700,2020.9936305732483,2304.0,384.0,1350.0,130.0,10.0,7.0,251.0,3110400.0,8078.961038961039,23743.51145038168,0.0396825396825396,2.3978952727983707,3.466358499816238,-1.0684632270178671,pro 5700,pro 5700,11844.0,829.0,,,130.0,91.11,2020.0,Desktop
pro 5700 xt,2021.0127388535032,2560.0,384.0,1499.0,130.0,10.0,7.0,251.0,3837440.0,9967.376623376624,29293.435114503816,0.0396825396825396,2.3978952727983707,3.4655009564212804,-1.0676056836229098,pro 5700 xt,pro 5700 xt,12537.0,831.0,,,130.0,96.43,2020.0,Desktop
pro v520,2021.031847133758,2304.0,512.0,1600.0,225.0,29.0,7.0,154.0,3686400.0,7185.964912280701,16311.50442477876,0.1870967741935484,3.4011973816621555,3.464643413026309,-0.0634460313641533,pro 580,pro 580,7753.0,943.0,,,,,2018.0,Unknown
pro vii,2021.0509554140128,3840.0,1.02,1700.0,250.0,13.0,7.0,331.0,6528000.0,3231683.168316832,26007.96812749004,0.0391566265060241,2.6390573296152584,3.4637858696313373,-0.8247285400160789,pro vii,pro vii,16853.0,720.0,,,250.0,67.41,2020.0,Unknown
pro w5500,2021.070063694268,1408.0,224.0,1855.0,125.0,6.0,7.0,158.0,2611840.0,11608.177777777775,20728.88888888889,0.0377358490566037,1.9459101490553128,3.46292832623638,-1.517018177181067,pro w5500,pro w5500,9269.0,896.0,480.99,19.27,125.0,74.15,2020.0,Desktop
pro w5500m,2021.0891719745223,1408.0,224.0,1645.0,85.0,6.0,7.0,158.0,2316160.0,10294.044444444444,26932.093023255813,0.0377358490566037,1.9459101490553128,3.4620707828414226,-1.516160633786109,pro w5500m,pro w5500m,2010.0,533.0,,,85.0,23.65,2020.0,Mobile
rx 5300 oem,2021.108280254777,1408.0,168.0,1645.0,100.0,6.0,7.0,158.0,2316160.0,13705.08875739645,22932.27722772277,0.0377358490566037,1.9459101490553128,3.461213239446465,-1.515303090391152,rx 5300m,rx 5300m,3562.0,366.0,,,85.0,41.91,2020.0,Mobile
rx 5600 oem,2021.127388535032,2048.0,288.0,1560.0,125.0,10.0,7.0,251.0,3194880.0,11054.948096885812,25356.19047619048,0.0396825396825396,2.3978952727983707,3.4603556960514794,-1.0624604232531087,rx 5600m,rx 5600m,7157.0,537.0,,,150.0,47.72,2020.0,Mobile
rx 5600 xt,2021.1464968152864,2304.0,288.0,1560.0,150.0,10.0,7.0,251.0,3594240.0,12436.81660899654,23802.91390728477,0.0396825396825396,2.3978952727983707,3.4594981526565363,-1.0616028798581656,rx 5600 xt,rx 5600 xt,13836.0,914.0,545.0,25.39,150.0,92.24,2020.0,Desktop
rx 5600m,2021.1656050955407,2304.0,288.0,1265.0,150.0,10.0,7.0,251.0,2914560.0,10084.982698961938,19301.72185430464,0.0396825396825396,2.3978952727983707,3.458640609261579,-1.0607453364632082,rx 5600m,rx 5600m,7157.0,537.0,,,150.0,47.72,2020.0,Mobile
rx 5700m,2021.1847133757965,2304.0,384.0,1720.0,180.0,10.0,7.0,251.0,3962880.0,10293.194805194806,21894.364640883978,0.0396825396825396,2.3978952727983707,3.457783065866579,-1.0598877930682082,rx 5700,rx 5700,14729.0,926.0,899.95,16.37,180.0,81.83,2019.0,Desktop
rx 590 gme,2021.2038216560509,2304.0,256.0,1420.0,175.0,5.0,14.0,232.0,3271680.0,12730.272373540856,18589.090909090908,0.0214592274678111,1.791759469228055,3.456925522471636,-1.6651660532435808,rx590 gme,rx590 gme,8628.0,704.0,,,175.0,49.3,2020.0,Desktop
rx 640 oem,2021.2229299363053,640.0,96.0,1250.0,50.0,2.0,14.0,103.0,800000.0,8247.422680412372,15686.27450980392,0.0192307692307692,1.0986122886681098,3.4560679790766784,-2.3574556904085684,rx 640,rx 640,1537.0,277.0,,,50.0,30.73,2020.0,"Desktop, Mobile"
rx 6800,2021.2420382165608,3840.0,512.0,2105.0,250.0,26.0,7.0,520.0,8083200.0,15756.72514619883,32203.98406374502,0.0499040307101727,3.295836866004329,3.4552104356816926,-0.1593735696773635,rx 6800,rx 6800,20667.0,1030.0,758.99,27.23,250.0,82.67,2020.0,Desktop
rx 6800 xt,2021.261146496816,4608.0,512.0,2250.0,300.0,26.0,7.0,520.0,10368000.0,20210.526315789477,34445.18272425249,0.0499040307101727,3.295836866004329,3.454352892286721,-0.1585160262823919,rx 6800 xt,rx 6800 xt,23364.0,1078.0,859.0,27.2,300.0,77.88,2020.0,Desktop
rx 6900 xt,2021.28025477707,5120.0,512.0,2250.0,300.0,26.0,7.0,520.0,11520000.0,22456.140350877195,38272.42524916944,0.0499040307101727,3.295836866004329,3.453495348891778,-0.1576584828874487,rx 6900 xt,rx 6900 xt,25458.0,1102.0,1120.31,22.72,300.0,84.86,2020.0,Desktop
vega 3 mobile,2021.2993630573249,192.0,40.0,1000.0,15.0,4.0,12.0,210.0,192000.0,4682.926829268293,12000.0,0.0189573459715639,1.6094379124341005,3.4526378054968205,-1.8431998930627205,vega 3 mobile,vega 3 mobile,1029.0,310.0,,,,,2017.0,Unknown
graphics 384sp mobile,2021.375796178344,384.0,40.0,1600.0,45.0,9.0,7.0,180.0,614400.0,14985.365853658535,13356.521739130434,0.0497237569060773,2.302585092994046,3.4492076319169627,-1.1466225389229168,vega 8 mobile,vega 8 mobile,1438.0,349.0,,,,,2017.0,Unknown
graphics 448sp mobile,2021.4140127388528,448.0,40.0,1800.0,25.0,9.0,7.0,156.0,806400.0,19668.29268292683,31015.384615384617,0.0573248407643312,2.302585092994046,3.447492545127048,-1.144907452133002,vega 8 mobile,vega 8 mobile,1438.0,349.0,,,,,2017.0,Unknown
graphics 448sp mobile,2021.4331210191085,448.0,40.0,1800.0,45.0,9.0,7.0,180.0,806400.0,19668.29268292683,17530.434782608696,0.0497237569060773,2.302585092994046,3.446635001732062,-1.1440499087380165,vega 8 mobile,vega 8 mobile,1438.0,349.0,,,,,2017.0,Unknown
graphics 512sp mobile,2021.4713375796173,512.0,40.0,2000.0,45.0,9.0,7.0,180.0,1024000.0,24975.60975609756,22260.869565217392,0.0497237569060773,2.302585092994046,3.4449199149421474,-1.1423348219481015,vega 10 mobile,vega 10 mobile,1465.0,338.0,,,,,2017.0,Unknown
graphics 512sp mobile,2021.4904458598728,512.0,40.0,1900.0,25.0,9.0,7.0,156.0,972800.0,23726.829268292684,37415.38461538462,0.0573248407643312,2.302585092994046,3.4440623715471617,-1.1414772785531158,vega 10 mobile,vega 10 mobile,1465.0,338.0,,,,,2017.0,Unknown
instinct mi200,2021.509554140128,6656.0,1.64,1700.0,300.0,58.0,6.0,724.0,11315200.0,4286060.606060606,37592.02657807309,0.08,4.07753744390572,3.4432048281522043,0.6343326157535154,instinct mi25 mxgpu,instinct mi25 mxgpu,10466.0,727.0,,,,,2020.0,Unknown
instinct mi210,2021.5286624203825,6656.0,1.64,1700.0,300.0,58.0,6.0,724.0,11315200.0,4286060.606060606,37592.02657807309,0.08,4.07753744390572,3.4423472847572327,0.635190159148487,instinct mi25 mxgpu,instinct mi25 mxgpu,10466.0,727.0,,,,,2020.0,Unknown
instinct mi250,2021.5477707006369,13312.0,3.28,1700.0,500.0,58.0,6.0,724.0,22630400.0,5287476.635514019,45170.45908183633,0.08,4.07753744390572,3.4414897413622896,0.6360477025434301,instinct mi25 mxgpu,instinct mi25 mxgpu,10466.0,727.0,,,,,2020.0,Unknown
instinct mi250x,2021.566878980892,14080.0,3.28,1700.0,500.0,58.0,6.0,724.0,23936000.0,5592523.364485982,47776.44710578842,0.08,4.07753744390572,3.440632197967304,0.6369052459384159,instinct mi25 mxgpu,instinct mi25 mxgpu,10466.0,727.0,,,,,2020.0,Unknown
pro v620,2021.5859872611463,4608.0,512.0,2200.0,300.0,26.0,7.0,520.0,10137600.0,19761.40350877193,33679.7342192691,0.0499040307101727,3.295836866004329,3.4397746545723606,-0.1439377885680315,pro 560,pro 560,3475.0,724.0,,,,,2017.0,Unknown
pro w6600,2021.6050955414007,1792.0,224.0,2580.0,100.0,11.0,7.0,237.0,4623360.0,20548.266666666663,45775.841584158414,0.0462184873949579,2.4849066497880004,3.438917111177417,-0.9540104613894173,pro w6600,pro w6600,14212.0,1006.0,,,,,2021.0,Unknown
pro w6600m,2021.624203821656,1792.0,224.0,2034.0,90.0,11.0,7.0,237.0,3644928.0,16199.68,40054.15384615384,0.0462184873949579,2.4849066497880004,3.438059567782432,-0.9531529179944314,pro w6600,pro w6600,14212.0,1006.0,,,,,2021.0,Unknown
pro w6600x,2021.6433121019109,2048.0,256.0,2479.0,120.0,11.0,7.0,237.0,5076992.0,19754.8326848249,41958.61157024794,0.0462184873949579,2.4849066497880004,3.43720202438746,-0.9522953745994598,pro w6600,pro w6600,14212.0,1006.0,,,,,2021.0,Unknown
pro w6800,2021.6624203821657,3840.0,512.0,2320.0,250.0,26.0,7.0,520.0,8908800.0,17366.081871345028,35493.22709163347,0.0499040307101727,3.295836866004329,3.436344480992489,-0.1405076149881594,pro w6800,pro w6800,18802.0,914.0,2194.99,8.57,250.0,75.208,2021.0,Unknown
pro w6800x,2021.6815286624203,3840.0,512.0,2087.0,200.0,26.0,7.0,520.0,8014080.0,15621.988304093567,39871.0447761194,0.0499040307101727,3.295836866004329,3.435486937597531,-0.139650071593202,pro w6800,pro w6800,18802.0,914.0,2194.99,8.57,250.0,75.208,2021.0,Unknown
pro w6800x duo,2021.7006369426751,3840.0,512.0,1967.0,400.0,26.0,7.0,520.0,7553280.0,14723.74269005848,18836.109725685787,0.0499040307101727,3.295836866004329,3.434629394202574,-0.1387925281982447,pro w6800,pro w6800,18802.0,914.0,2194.99,8.57,250.0,75.208,2021.0,Unknown
pro w6900x,2021.71974522293,5120.0,512.0,2171.0,300.0,26.0,7.0,520.0,11115520.0,21667.68031189084,36928.63787375415,0.0499040307101727,3.295836866004329,3.4337718508076023,-0.1379349848032731,pro w6800,pro w6800,18802.0,914.0,2194.99,8.57,250.0,75.208,2021.0,Unknown
rx 6600,2021.7388535031848,1792.0,224.0,2491.0,132.0,11.0,7.0,237.0,4463872.0,19839.431111111116,33562.94736842105,0.0462184873949579,2.4849066497880004,3.4329143074126307,-0.9480076576246304,rx 6600,rx 6600,13881.0,945.0,,,,,2021.0,Unknown
rx 6600 xt,2021.75796178344,2048.0,256.0,2589.0,160.0,11.0,7.0,237.0,5302272.0,20631.408560311284,32933.36645962733,0.0462184873949579,2.4849066497880004,3.4320567640176733,-0.947150114229673,rx 6600 xt,rx 6600 xt,15853.0,1003.0,399.99,39.63,160.0,99.08,2021.0,Desktop
rx 6600m,2021.7770700636945,1792.0,224.0,2416.0,100.0,11.0,7.0,237.0,4329472.0,19242.097777777777,42866.05940594059,0.0462184873949579,2.4849066497880004,3.4311992206227018,-0.9462925708347014,rx 6600m,rx 6600m,9094.0,698.0,339.99,26.75,,,2021.0,Unknown
rx 6700,2021.796178343949,2304.0,320.0,2450.0,175.0,17.0,7.0,335.0,5644800.0,17585.046728971964,32072.727272727272,0.050595238095238,2.8903717578961645,3.430341677227758,-0.5399699193315941,rx 6700s,rx 6700s,11989.0,829.0,,,,,2022.0,Unknown
rx 6700 xt,2021.815286624204,2560.0,384.0,2581.0,230.0,17.0,7.0,335.0,6607360.0,17161.974025974025,28603.29004329004,0.050595238095238,2.8903717578961645,3.429484133832773,-0.5391123759366083,rx 6700 xt,rx 6700 xt,18993.0,1014.0,529.99,35.84,230.0,82.58,2021.0,Desktop
rx 6700m,2021.8343949044583,2304.0,320.0,2400.0,135.0,17.0,7.0,335.0,5529600.0,17226.168224299065,40658.82352941176,0.050595238095238,2.8903717578961645,3.4286265904378297,-0.5382548325416652,rx 6700m,rx 6700m,11499.0,550.0,,,,,2021.0,Unknown
rx 6800m,2021.8535031847127,2560.0,384.0,2390.0,145.0,17.0,7.0,335.0,6118400.0,15891.948051948051,41906.849315068495,0.050595238095238,2.8903717578961645,3.4277690470428723,-0.5373972891467078,rx 6800m,rx 6800m,9012.0,643.0,,,145.0,62.15,2021.0,Mobile
610m,2021.8917197452229,128.0,40.0,1900.0,15.0,29.0,6.0,100.0,243200.0,5931.707317073171,15200.0,0.2871287128712871,3.4011973816621555,3.426053960252929,-0.0248565785907737,610m,610m,292.0,103.0,,,,,2012.0,Unknown
660m,2021.9108280254777,384.0,40.0,1900.0,40.0,13.0,6.0,208.0,729600.0,17795.121951219513,17795.121951219513,0.062200956937799,2.6390573296152584,3.425196416857972,-0.7861390872427134,6600m,6600m,513.0,143.0,,,,,2012.0,Unknown
680m,2021.9299363057328,768.0,40.0,2200.0,50.0,13.0,6.0,208.0,1689600.0,41209.756097560974,33129.41176470588,0.062200956937799,2.6390573296152584,3.424338873462986,-0.7852815438477276,840m,840m,1067.0,147.0,,,30.0,35.56,2014.0,Mobile
graphics 448sp mobile,2021.968152866242,448.0,40.0,1800.0,45.0,10.0,7.0,180.0,806400.0,19668.29268292683,17530.434782608696,0.0552486187845303,2.3978952727983707,3.4226237866730718,-1.0247285138747009,vega 8 mobile,vega 8 mobile,1438.0,349.0,,,,,2017.0,Unknown
graphics 512sp mobile,2021.9872611464968,512.0,40.0,2000.0,45.0,10.0,7.0,180.0,1024000.0,24975.60975609756,22260.869565217392,0.0552486187845303,2.3978952727983707,3.421766243278114,-1.0238709704797433,vega 10 mobile,vega 10 mobile,1465.0,338.0,,,,,2017.0,Unknown
pro w6300,2022.006369426752,768.0,64.0,2040.0,25.0,5.0,6.0,107.0,1566720.0,24103.384615384617,60258.46153846154,0.0462962962962962,1.791759469228055,3.420908699883128,-1.6291492306550732,pro w6800,pro w6800,18802.0,914.0,2194.99,8.57,250.0,75.208,2021.0,Unknown
pro w6300m,2022.0254777070063,768.0,64.0,2040.0,25.0,5.0,6.0,107.0,1566720.0,24103.384615384617,60258.46153846154,0.0462962962962962,1.791759469228055,3.420051156488185,-1.62829168726013,pro w6800,pro w6800,18802.0,914.0,2194.99,8.57,250.0,75.208,2021.0,Unknown
pro w6400,2022.0445859872607,768.0,128.0,2321.0,50.0,5.0,6.0,107.0,1782528.0,13818.046511627908,34951.529411764706,0.0462962962962962,1.791759469228055,3.419193613093242,-1.627434143865187,pro w6400,pro w6400,5916.0,621.0,,,,,2022.0,Unknown
rx 6400,2022.063694267516,768.0,128.0,2321.0,53.0,5.0,6.0,107.0,1782528.0,13818.046511627908,33009.77777777778,0.0462962962962962,1.791759469228055,3.418336069698256,-1.6265766004702011,rx 6400,rx 6400,6958.0,899.0,159.99,43.49,,,2022.0,Unknown
rx 6500 xt,2022.0828025477704,1024.0,143.9,2815.0,107.0,5.0,6.0,107.0,2882560.0,19893.44375431332,26690.37037037037,0.0462962962962962,1.791759469228055,3.4174785263032987,-1.6257190570752438,rx 6500 xt,rx 6500 xt,9445.0,910.0,199.99,47.23,,,2022.0,Unknown
rx 6500m,2022.1019108280248,1024.0,144.0,2400.0,50.0,5.0,6.0,107.0,2457600.0,16948.96551724138,48188.23529411765,0.0462962962962962,1.791759469228055,3.4166209829083414,-1.6248615136802864,rx 6800m,rx 6800m,9012.0,643.0,,,145.0,62.15,2021.0,Mobile
rx 6600s,2022.1210191082805,1792.0,224.0,2000.0,80.0,11.0,7.0,237.0,3584000.0,15928.888888888889,44246.91358024691,0.0462184873949579,2.4849066497880004,3.415763439513356,-0.9308567897253552,rx 6600,rx 6600,13881.0,945.0,,,,,2021.0,Unknown
rx 6650 xt,2022.1401273885351,2048.0,280.3,2635.0,176.0,11.0,7.0,237.0,5396480.0,19184.07394241024,30488.58757062147,0.0462184873949579,2.4849066497880004,3.4149058961183982,-0.929999246330398,rx 6600 xt,rx 6600 xt,15853.0,1003.0,399.99,39.63,160.0,99.08,2021.0,Desktop
rx 6650m,2022.1592356687893,1792.0,224.0,2416.0,120.0,11.0,7.0,237.0,4329472.0,19242.097777777777,35780.76033057852,0.0462184873949579,2.4849066497880004,3.414048352723441,-0.9291417029354404,rx 6600m,rx 6600m,9094.0,698.0,339.99,26.75,,,2021.0,Unknown
rx 6650m xt,2022.1783439490448,2048.0,256.0,2416.0,120.0,11.0,7.0,237.0,4947968.0,19252.793774319067,40892.29752066116,0.0462184873949579,2.4849066497880004,3.413190809328455,-0.9282841595404548,rx 6600 xt,rx 6600 xt,15853.0,1003.0,399.99,39.63,160.0,99.08,2021.0,Desktop
rx 6700s,2022.1974522293,1792.0,224.0,2000.0,80.0,11.0,7.0,237.0,3584000.0,15928.888888888889,44246.91358024691,0.0462184873949579,2.4849066497880004,3.4123332659334977,-0.9274266161454974,rx 6700s,rx 6700s,11989.0,829.0,,,,,2022.0,Unknown
rx 6750 xt,2022.216560509554,2560.0,432.0,2600.0,250.0,17.0,7.0,335.0,6656000.0,15371.824480369514,26517.928286852588,0.050595238095238,2.8903717578961645,3.4114757225385404,-0.5211039646423758,rx 6700 xt,rx 6700 xt,18993.0,1014.0,529.99,35.84,230.0,82.58,2021.0,Desktop
rx 6800s,2022.2356687898089,2048.0,256.0,2100.0,100.0,11.0,7.0,237.0,4300800.0,16734.63035019455,42582.17821782178,0.0462184873949579,2.4849066497880004,3.410618179143583,-0.9257115293555828,rx 6800,rx 6800,20667.0,1030.0,758.99,27.23,250.0,82.67,2020.0,Desktop
rx 6850m xt,2022.254777070064,2560.0,432.0,2581.0,165.0,17.0,7.0,335.0,6607360.0,15259.491916859122,39803.3734939759,0.050595238095238,2.8903717578961645,3.409760635748597,-0.5193888778524327,rx 6800 xt,rx 6800 xt,23364.0,1078.0,859.0,27.2,300.0,77.88,2020.0,Desktop
rx 6950 xt,2022.2738853503183,5120.0,576.0,2310.0,335.0,26.0,7.0,520.0,11827200.0,20497.746967071056,35200.0,0.0499040307101727,3.295836866004329,3.408903092353654,-0.1130662263493249,rx 6900 xt,rx 6900 xt,25458.0,1102.0,1120.31,22.72,300.0,84.86,2020.0,Desktop
rx 7900 xt,2022.2929936305727,5376.0,800.0,2394.0,300.0,57.0,5.0,529.0,12870144.0,16067.595505617976,42757.95348837209,0.1075471698113207,4.060443010546419,3.408045548958711,0.6523974615877082,rx 6900 xt,rx 6900 xt,25458.0,1102.0,1120.31,22.72,300.0,84.86,2020.0,Desktop
rx 7900 xtx,2022.312101910828,6144.0,960.0,2498.0,355.0,57.0,5.0,529.0,15347712.0,15970.563995837669,43111.55056179776,0.1075471698113207,4.060443010546419,3.407188005563725,0.653255004982694,rx 6900 xt,rx 6900 xt,25458.0,1102.0,1120.31,22.72,300.0,84.86,2020.0,Desktop
610m,2022.3503184713377,128.0,40.0,2200.0,15.0,29.0,5.0,264.0,281600.0,6868.292682926829,17600.0,0.1094339622641509,3.4011973816621555,3.405472918773782,-0.0042755371116265,610m,610m,292.0,103.0,,,,,2012.0,Unknown
660m,2022.3694267515923,384.0,40.0,1900.0,40.0,13.0,6.0,208.0,729600.0,17795.121951219513,17795.121951219513,0.062200956937799,2.6390573296152584,3.4046153753788246,-0.7655580457635662,6600m,6600m,513.0,143.0,,,,,2012.0,Unknown
680m,2022.3885350318471,768.0,40.0,2200.0,50.0,13.0,6.0,208.0,1689600.0,41209.756097560974,33129.41176470588,0.062200956937799,2.6390573296152584,3.4037578319838677,-0.7647005023686089,840m,840m,1067.0,147.0,,,30.0,35.56,2014.0,Mobile
740m,2022.407643312102,256.0,40.0,2500.0,15.0,25.0,4.0,178.0,640000.0,15609.756097560976,40000.0,0.1396648044692737,3.258096538021482,3.402900288588896,-0.1448037505674135,940m,940m,1106.0,154.0,,,33.0,33.52,2015.0,Mobile
740m,2022.4267515923568,256.0,40.0,2800.0,15.0,25.0,4.0,178.0,716800.0,17482.926829268294,44800.0,0.1396648044692737,3.258096538021482,3.402042745193924,-0.143946207172442,940m,940m,1106.0,154.0,,,33.0,33.52,2015.0,Mobile
760m,2022.445859872612,512.0,40.0,2599.0,15.0,25.0,4.0,178.0,1330688.0,32455.80487804878,83168.0,0.1396648044692737,3.258096538021482,3.4011852017989668,-0.1430886637774846,m76m,m76m,124.0,279.0,,,,,2009.0,Unknown
760m,2022.4649681528665,512.0,40.0,2599.0,15.0,25.0,4.0,178.0,1330688.0,32455.80487804878,83168.0,0.1396648044692737,3.258096538021482,3.400327658403995,-0.142231120382513,m76m,m76m,124.0,279.0,,,,,2009.0,Unknown
780m,2022.484076433121,768.0,40.0,2700.0,15.0,25.0,4.0,178.0,2073600.0,50575.60975609756,129600.0,0.1396648044692737,3.258096538021482,3.399470115009052,-0.1413735769875699,840m,840m,1067.0,147.0,,,30.0,35.56,2014.0,Mobile
780m,2022.503184713376,768.0,40.0,2700.0,15.0,25.0,4.0,178.0,2073600.0,50575.60975609756,129600.0,0.1396648044692737,3.258096538021482,3.3986125716140663,-0.1405160335925841,840m,840m,1067.0,147.0,,,30.0,35.56,2014.0,Mobile
instinct mi300,2022.5222929936303,14080.0,6.55,1700.0,600.0,153.0,5.0,1017.0,23936000.0,3170331.1258278145,39826.95507487521,0.1502946954813359,5.0369526024136295,3.397755028219123,1.6391975741945064,instinct mi25 mxgpu,instinct mi25 mxgpu,10466.0,727.0,,,,,2020.0,Unknown
instinct mi300a,2022.5414012738847,19456.0,10.3,2100.0,750.0,153.0,5.0,1017.0,40857600.0,3615716.814159292,54404.26098535286,0.1502946954813359,5.0369526024136295,3.3968974848241658,1.6400551175894638,instinct mi25 mxgpu,instinct mi25 mxgpu,10466.0,727.0,,,,,2020.0,Unknown
instinct mi300x,2022.56050955414,19456.0,10.3,2100.0,750.0,153.0,5.0,1017.0,40857600.0,3615716.814159292,54404.26098535286,0.1502946954813359,5.0369526024136295,3.396039941429194,1.6409126609844351,instinct mi25 mxgpu,instinct mi25 mxgpu,10466.0,727.0,,,,,2020.0,Unknown
instinct mi308x,2022.5796178343949,19456.0,10.3,2100.0,750.0,153.0,5.0,1017.0,40857600.0,3615716.814159292,54404.26098535286,0.1502946954813359,5.0369526024136295,3.3951823980342226,1.641770204379407,instinct mi25 mxgpu,instinct mi25 mxgpu,10466.0,727.0,,,,,2020.0,Unknown
pro w7500,2022.5987261146497,1792.0,256.0,1700.0,70.0,13.0,6.0,204.0,3046400.0,11853.696498054474,42907.042253521126,0.0634146341463414,2.6390573296152584,3.3943248546392653,-0.7552675250240068,pro w5700,pro w5700,15085.0,908.0,1649.99,9.14,205.0,73.59,2020.0,Desktop
pro w7600,2022.6178343949043,2048.0,288.0,2440.0,130.0,13.0,6.0,204.0,4997120.0,17291.07266435986,38145.954198473286,0.0634146341463414,2.6390573296152584,3.393467311244308,-0.7544099816290495,pro w6800,pro w6800,18802.0,914.0,2194.99,8.57,250.0,75.208,2021.0,Unknown
pro w7700,2022.6369426751592,3072.0,576.0,2600.0,190.0,28.0,5.0,346.0,7987200.0,13842.63431542461,41817.80104712042,0.0806916426512968,3.367295829986474,3.3926097678493363,-0.0253139378628621,pro w5700,pro w5700,15085.0,908.0,1649.99,9.14,205.0,73.59,2020.0,Desktop
pro w7800,2022.656050955414,4480.0,576.0,2525.0,260.0,57.0,5.0,529.0,11312000.0,19604.85268630849,43340.99616858237,0.1075471698113207,4.060443010546419,3.3917522244543648,0.6686907860920543,pro w6800,pro w6800,18802.0,914.0,2194.99,8.57,250.0,75.208,2021.0,Unknown
pro w7800 48 gb,2022.6751592356688,4480.0,864.0,2525.0,281.0,57.0,5.0,529.0,11312000.0,13077.456647398843,40113.475177304965,0.1075471698113207,4.060443010546419,3.3908946810594074,0.6695483294870117,pro w6800,pro w6800,18802.0,914.0,2194.99,8.57,250.0,75.208,2021.0,Unknown
pro w7900,2022.694267515924,6144.0,864.0,2495.0,295.0,57.0,5.0,529.0,15329280.0,17721.71098265896,51788.10810810811,0.1075471698113207,4.060443010546419,3.390037137664436,0.6704058728819833,pro w5700,pro w5700,15085.0,908.0,1649.99,9.14,205.0,73.59,2020.0,Desktop
rx 6450m,2022.7133757961783,768.0,128.0,2460.0,50.0,5.0,6.0,107.0,1889280.0,14645.581395348838,37044.705882352944,0.0462962962962962,1.791759469228055,3.3891795942694785,-1.5974201250414235,rx 640,rx 640,1537.0,277.0,,,50.0,30.73,2020.0,"Desktop, Mobile"
rx 6550m,2022.732484076433,1024.0,144.0,2840.0,80.0,5.0,6.0,107.0,2908160.0,20056.275862068964,35903.20987654321,0.0462962962962962,1.791759469228055,3.388322050874521,-1.596562581646466,rx 5500m,rx 5500m,4010.0,414.0,,,85.0,47.17,2020.0,Mobile
rx 6550s,2022.751592356688,1024.0,128.0,2400.0,50.0,5.0,6.0,107.0,2457600.0,19051.16279069768,48188.23529411765,0.0462962962962962,1.791759469228055,3.387464507479549,-1.5957050382514946,rx 550,rx 550,2718.0,484.0,157.74,17.23,50.0,54.35,2017.0,Desktop
rx 6600 le,2022.7707006369424,1792.0,224.0,2495.0,132.0,11.0,7.0,237.0,4471040.0,19871.28888888889,33616.84210526316,0.0462184873949579,2.4849066497880004,3.386606964084592,-0.9017003142965918,rx 6600,rx 6600,13881.0,945.0,,,,,2021.0,Unknown
rx 7600,2022.8280254777071,2048.0,288.0,2655.0,165.0,13.0,6.0,204.0,5437440.0,18814.671280276816,32755.66265060241,0.0634146341463414,2.6390573296152584,3.384034333899692,-0.7449770042844333,rx 6800,rx 6800,20667.0,1030.0,758.99,27.23,250.0,82.67,2020.0,Desktop
rx 7600m,2022.8471337579613,1792.0,256.0,2410.0,90.0,13.0,6.0,204.0,4318720.0,16804.357976653697,47458.46153846154,0.0634146341463414,2.6390573296152584,3.3831767905047343,-0.7441194608894759,rx 6800m,rx 6800m,9012.0,643.0,,,145.0,62.15,2021.0,Mobile
rx 7600m xt,2022.8662420382168,2048.0,288.0,2469.0,120.0,13.0,6.0,204.0,5056512.0,17496.58131487889,41789.35537190083,0.0634146341463414,2.6390573296152584,3.3823192471097485,-0.7432619174944901,rx 6900 xt,rx 6900 xt,25458.0,1102.0,1120.31,22.72,300.0,84.86,2020.0,Desktop
rx 7600s,2022.885350318472,1792.0,256.0,2200.0,75.0,13.0,6.0,204.0,3942400.0,15340.077821011671,51873.68421052631,0.0634146341463414,2.6390573296152584,3.381461703714791,-0.7424043740995327,rx 6700s,rx 6700s,11989.0,829.0,,,,,2022.0,Unknown
rx 7700 xt,2022.904458598726,3456.0,432.0,2544.0,245.0,28.0,5.0,346.0,8792064.0,20304.997690531178,35740.09756097561,0.0806916426512968,3.367295829986474,3.380604160319834,-0.0133083303333596,rx 6700 xt,rx 6700 xt,18993.0,1014.0,529.99,35.84,230.0,82.58,2021.0,Desktop
rx 7700s,2022.9235668789809,2048.0,288.0,2500.0,100.0,13.0,6.0,204.0,5120000.0,17716.262975778547,50693.06930693069,0.0634146341463414,2.6390573296152584,3.3797466169248764,-0.740689287309618,rx 6700s,rx 6700s,11989.0,829.0,,,,,2022.0,Unknown
rx 7800 xt,2022.942675159236,3840.0,624.1,2430.0,263.0,28.0,5.0,346.0,9331200.0,14927.531594944809,35345.454545454544,0.0806916426512968,3.367295829986474,3.3788890735298907,-0.0115932435434165,rx 6800 xt,rx 6800 xt,23364.0,1078.0,859.0,27.2,300.0,77.88,2020.0,Desktop
rx 7900 gre,2022.9617834394903,5120.0,576.0,2245.0,260.0,57.0,5.0,529.0,11494400.0,19920.9705372617,44039.84674329502,0.1075471698113207,4.060443010546419,3.3780315301349475,0.6824114804114716,rx590 gme,rx590 gme,8628.0,704.0,,,175.0,49.3,2020.0,Desktop
rx 7900m,2022.9808917197447,4608.0,576.0,2090.0,180.0,57.0,5.0,529.0,9630720.0,16691.02253032929,53208.39779005525,0.1075471698113207,4.060443010546419,3.3771739867400044,0.6832690238064147,rx 6700m,rx 6700m,11499.0,550.0,,,,,2021.0,Unknown
ryzen z1 extreme gpu,2023.0,768.0,51.2,2700.0,30.0,25.0,4.0,178.0,2073600.0,39724.13793103448,66890.32258064517,0.1396648044692737,3.258096538021482,3.3763164433450186,-0.1182199053235364,ryzen 7 extreme edition,ryzen 7 extreme edition,2158.0,559.0,,,,,2020.0,Unknown
ryzen z1 gpu,2023.0,256.0,51.2,2500.0,30.0,25.0,4.0,178.0,640000.0,12260.536398467431,20645.16129032258,0.1396648044692737,3.258096538021482,3.3763164433450186,-0.1182199053235364,ryzen 7 5800u,ryzen 7 5800u,2321.0,686.0,,,,,2021.0,Unknown
740m,2023.3529411764705,256.0,40.0,2800.0,45.0,20.0,4.0,137.0,716800.0,17482.926829268294,15582.608695652174,0.144927536231884,3.044522437723423,3.360477112402748,-0.3159546746793249,940m,940m,1106.0,154.0,,,33.0,33.52,2015.0,Mobile
760m,2023.470588235294,512.0,40.0,2599.0,15.0,25.0,4.0,178.0,1330688.0,32455.80487804878,83168.0,0.1396648044692737,3.258096538021482,3.355197335421991,-0.0971007974005089,m76m,m76m,124.0,279.0,,,,,2009.0,Unknown
780m,2023.5882352941176,768.0,40.0,2900.0,15.0,25.0,4.0,178.0,2227200.0,54321.95121951219,139200.0,0.1396648044692737,3.258096538021482,3.34991755844122,-0.0918210204197378,840m,840m,1067.0,147.0,,,30.0,35.56,2014.0,Mobile
880m,2023.7058823529408,768.0,40.0,2900.0,15.0,34.0,4.0,233.0,2227200.0,54321.95121951219,139200.0,0.1452991452991453,3.555348061489413,3.3446377814604773,0.2107102800289362,840m,840m,1067.0,147.0,,,30.0,35.56,2014.0,Mobile
890m,2023.8235294117649,1024.0,40.0,2900.0,15.0,34.0,4.0,233.0,2969600.0,72429.26829268293,185600.0,0.1452991452991453,3.555348061489413,3.339358004479692,0.2159900570097215,940m,940m,1106.0,154.0,,,33.0,33.52,2015.0,Mobile
instinct mi325x,2023.9411764705883,19456.0,10.3,2100.0,1000.0,153.0,5.0,1017.0,40857600.0,3615716.814159292,40816.78321678322,0.1502946954813359,5.0369526024136295,3.334078227498935,1.7028743749146944,instinct mi25 mxgpu,instinct mi25 mxgpu,10466.0,727.0,,,,,2020.0,Unknown
pro v710,2024.058823529412,3456.0,504.0,2000.0,158.0,28.0,5.0,346.0,6912000.0,13687.128712871288,43471.698113207545,0.0806916426512968,3.367295829986474,3.3287984505181782,0.0384973794682959,pro 570,pro 570,6337.0,697.0,,,,,2019.0,Unknown
rx 7600 xt,2024.176470588236,2048.0,288.0,2755.0,190.0,13.0,6.0,204.0,5642240.0,19523.32179930796,29540.523560209425,0.0634146341463414,2.6390573296152584,3.323518673537407,-0.6844613439221487,rx 6900 xt,rx 6900 xt,25458.0,1102.0,1120.31,22.72,300.0,84.86,2020.0,Desktop
rx 7800m,2024.2941176470588,3840.0,432.0,2335.0,180.0,28.0,5.0,346.0,8966400.0,20707.62124711317,49538.12154696132,0.0806916426512968,3.367295829986474,3.3182388965566645,0.0490569334298096,rx 6800m,rx 6800m,9012.0,643.0,,,145.0,62.15,2021.0,Mobile
8040s,2024.5294117647056,1024.0,40.0,2800.0,55.0,29.0,4.0,308.0,2867200.0,69931.70731707317,51200.0,0.0938511326860841,3.4011973816621555,3.307679342595165,0.0935180390669905,9800 s,9800 s,636.0,427.0,,,,,2012.0,Unknown
8050s,2024.6470588235293,2048.0,40.0,2800.0,55.0,29.0,4.0,308.0,5734400.0,139863.41463414635,102400.0,0.0938511326860841,3.4011973816621555,3.302399565614394,0.0987978160477616,9800 s,9800 s,636.0,427.0,,,,,2012.0,Unknown
8060s,2024.764705882353,2560.0,40.0,2900.0,55.0,29.0,4.0,308.0,7424000.0,181073.17073170733,132571.42857142858,0.0938511326860841,3.4011973816621555,3.2971197886336228,0.1040775930285327,9800 s,9800 s,636.0,427.0,,,,,2012.0,Unknown
860m,2024.8823529411768,512.0,40.0,3000.0,15.0,29.0,4.0,154.0,1536000.0,37463.41463414634,96000.0,0.1870967741935484,3.4011973816621555,3.291840011652852,0.1093573700093037,840m,840m,1067.0,147.0,,,30.0,35.56,2014.0,Mobile
ai pro r9700,2025.0,4096.0,644.6,2920.0,300.0,53.0,4.0,357.0,11960320.0,18525.89838909541,39735.28239202658,0.1480446927374301,3.9889840465642745,3.286560234672109,0.7024238118921655,9500 pro 9700,9500 pro 9700,42.0,157.0,,,,,2009.0,Unknown
instinct mi350x,2025.0,16384.0,8.19,2200.0,1000.0,153.0,5.0,1017.0,36044800.0,3922176.278563656,36008.79120879121,0.1502946954813359,5.0369526024136295,3.286560234672109,1.7503923677415203,instinct mi25 mxgpu,instinct mi25 mxgpu,10466.0,727.0,,,,,2020.0,Unknown
instinct mi355x,2025.0,16384.0,8.19,2400.0,1400.0,153.0,5.0,1017.0,39321600.0,4278737.758433079,28066.809421841543,0.1502946954813359,5.0369526024136295,3.286560234672109,1.7503923677415203,instinct mi25 mxgpu,instinct mi25 mxgpu,10466.0,727.0,,,,,2020.0,Unknown
pro w7900d,2025.0,6144.0,864.0,2495.0,295.0,57.0,5.0,529.0,15329280.0,17721.71098265896,51788.10810810811,0.1075471698113207,4.060443010546419,3.286560234672109,0.7738827758743101,pro w5700,pro w5700,15085.0,908.0,1649.99,9.14,205.0,73.59,2020.0,Desktop
rx 7400,2025.0,1792.0,288.0,2300.0,43.0,13.0,6.0,204.0,4121600.0,14261.591695501733,93672.72727272728,0.0634146341463414,2.6390573296152584,3.286560234672109,-0.6475029050568506,rx 6400,rx 6400,6958.0,899.0,159.99,43.49,,,2022.0,Unknown
rx 7650 gre,2025.0,2048.0,288.0,2695.0,165.0,13.0,6.0,204.0,5519360.0,19098.131487889277,33249.156626506025,0.0634146341463414,2.6390573296152584,3.286560234672109,-0.6475029050568506,rx590 gme,rx590 gme,8628.0,704.0,,,175.0,49.3,2020.0,Desktop
rx 7700,2025.0,2560.0,622.1,2600.0,200.0,28.0,5.0,346.0,6656000.0,10682.073503450489,33114.42786069652,0.0806916426512968,3.367295829986474,3.286560234672109,0.0807355953143651,rx 5700,rx 5700,14729.0,926.0,899.95,16.37,180.0,81.83,2019.0,Desktop
rx 9060,2025.0,1792.0,322.3,2990.0,132.0,29.0,4.0,199.0,5358080.0,16573.090009279305,40286.31578947369,0.145,3.4011973816621555,3.286560234672109,0.1146371469900464,rtx 3060,rtx 3060,16958.0,951.0,329.0,51.55,170.0,99.76,2021.0,Desktop
rx 9060 xt 16 gb,2025.0,2048.0,322.3,3130.0,160.0,29.0,4.0,199.0,6410240.0,19827.52861119703,39815.1552795031,0.145,3.4011973816621555,3.286560234672109,0.1146371469900464,rx 6900 xt,rx 6900 xt,25458.0,1102.0,1120.31,22.72,300.0,84.86,2020.0,Desktop
rx 9060 xt 8 gb,2025.0,2048.0,322.3,3130.0,150.0,29.0,4.0,199.0,6410240.0,19827.52861119703,42451.920529801326,0.145,3.4011973816621555,3.286560234672109,0.1146371469900464,rx 6900 xt,rx 6900 xt,25458.0,1102.0,1120.31,22.72,300.0,84.86,2020.0,Desktop
rx 9070,2025.0,3584.0,644.6,2520.0,220.0,53.0,4.0,357.0,9031680.0,13989.591078066916,40867.33031674208,0.1480446927374301,3.9889840465642745,3.286560234672109,0.7024238118921655,rtx 3070,rtx 3070,22093.0,969.0,719.99,30.69,220.0,100.42,2020.0,Desktop
rx 9070 gre,2025.0,3072.0,432.0,2790.0,220.0,53.0,4.0,357.0,8570880.0,19794.18013856813,38782.262443438914,0.1480446927374301,3.9889840465642745,3.286560234672109,0.7024238118921655,rx590 gme,rx590 gme,8628.0,704.0,,,175.0,49.3,2020.0,Desktop
rx 9070 xt,2025.0,4096.0,644.6,2970.0,304.0,53.0,4.0,357.0,12165120.0,18843.12267657993,39885.63934426229,0.1480446927374301,3.9889840465642745,3.286560234672109,0.7024238118921655,rx 6900 xt,rx 6900 xt,25458.0,1102.0,1120.31,22.72,300.0,84.86,2020.0,Desktop
ryzen ai z2 extreme gpu,2025.0,1024.0,256.0,2700.0,28.0,34.0,4.0,233.0,2764800.0,10757.976653696498,95337.93103448275,0.1452991452991453,3.555348061489413,3.286560234672109,0.2687878268173045,ryzen 7 extreme edition,ryzen 7 extreme edition,2158.0,559.0,,,,,2020.0,Unknown
ryzen z2 extreme gpu,2025.0,1024.0,128.0,2700.0,28.0,34.0,4.0,233.0,2764800.0,21432.558139534885,95337.93103448275,0.1452991452991453,3.555348061489413,3.286560234672109,0.2687878268173045,ryzen 7 extreme edition,ryzen 7 extreme edition,2158.0,559.0,,,,,2020.0,Unknown
ryzen z2 go gpu,2025.0,768.0,102.4,2700.0,28.0,13.0,6.0,208.0,2073600.0,20054.15860735009,71503.44827586207,0.062200956937799,2.6390573296152584,3.286560234672109,-0.6475029050568506,ryzen 7 pro 5850u,ryzen 7 pro 5850u,2333.0,684.0,,,,,2021.0,Unknown
ryzen z2 gpu,2025.0,768.0,119.9,2700.0,28.0,25.0,4.0,178.0,2073600.0,17151.36476426799,71503.44827586207,0.1396648044692737,3.258096538021482,3.286560234672109,-0.0284636966506268,ryzen 7 5800u,ryzen 7 5800u,2321.0,686.0,,,,,2021.0,Unknown
all in wonder 9000 pro,2024.955078125,480.0,8.64,1250.0,50.0,36.0,150.0,97.0,600000.0,62240.66390041493,11764.70588235294,0.3673469387755102,3.610917912644224,3.2885762432653536,0.3223416693788707,all in wonder 9000,all in wonder 9000,5.0,103.0,,,,,2009.0,Unknown
all in wonder 9600,2024.91015625,480.0,6.272,1250.0,50.0,60.0,130.0,76.0,600000.0,82508.2508250825,11764.70588235294,0.7792207792207793,4.110873864173311,3.290592251858584,0.8202816123147274,all in wonder 9800,all in wonder 9800,23.0,139.0,,,,,2011.0,Unknown
all in wonder 9600 pro,2024.865234375,480.0,10.37,1250.0,50.0,60.0,130.0,76.0,600000.0,52770.44854881267,11764.70588235294,0.7792207792207793,4.110873864173311,3.2926082604518285,0.8182656037214828,all in wonder 9800,all in wonder 9800,23.0,139.0,,,,,2011.0,Unknown
all in wonder 9700 pro,2024.8203125,480.0,19.84,1250.0,50.0,110.0,150.0,215.0,600000.0,28790.786948176585,11764.70588235294,0.5092592592592593,4.709530201312334,3.294624269045073,1.4149059322672608,all in wonder 9800,all in wonder 9800,23.0,139.0,,,,,2011.0,Unknown
all in wonder 9800 pro,2024.775390625,480.0,21.63,1250.0,50.0,117.0,150.0,215.0,600000.0,26513.47768448961,11764.70588235294,0.5416666666666666,4.770684624465665,3.2966402776383035,1.4740443468273616,all in wonder 9800,all in wonder 9800,23.0,139.0,,,,,2011.0,Unknown
all in wonder 9800 se,2024.73046875,480.0,9.504,1250.0,50.0,117.0,150.0,215.0,600000.0,57121.09672505713,11764.70588235294,0.5416666666666666,4.770684624465665,3.298656286231548,1.472028338234117,all in wonder 9800,all in wonder 9800,23.0,139.0,,,,,2011.0,Unknown
firegl 9600 t2 128,2024.685546875,480.0,9.504,1250.0,50.0,60.0,130.0,76.0,600000.0,57121.09672505713,11764.70588235294,0.7792207792207793,4.110873864173311,3.3006722948247784,0.8102015693485329,firegl t2 128,firegl t2 128,31.0,178.0,,,,,2009.0,Workstation
firegl 9600 t2 64s,2024.640625,480.0,6.496,1250.0,50.0,60.0,130.0,76.0,600000.0,80042.68943436499,11764.70588235294,0.7792207792207793,4.110873864173311,3.302688303418023,0.8081855607552884,firegl v8600,firegl v8600,839.0,406.0,,,,,2010.0,Workstation
firegl 9800 x2 256,2024.595703125,480.0,22.4,1250.0,50.0,117.0,150.0,218.0,600000.0,25641.025641025644,11764.70588235294,0.5342465753424658,4.770684624465665,3.304704312011268,1.4659803124543975,firegl v8600,firegl v8600,839.0,406.0,,,,,2010.0,Workstation
firegl 9800 x2 256t,2024.55078125,480.0,22.02,1250.0,50.0,117.0,150.0,218.0,600000.0,26064.291920069507,11764.70588235294,0.5342465753424658,4.770684624465665,3.306720320604498,1.4639643038611672,firegl v8600,firegl v8600,839.0,406.0,,,,,2010.0,Workstation
mobility firegl t2,2024.505859375,480.0,6.4,1250.0,50.0,76.0,130.0,92.0,600000.0,81081.08108108108,11764.70588235294,0.8172043010752689,4.343805421853684,3.3087363291977425,1.0350690926559416,mobility firegl t2,mobility firegl t2,41.0,171.0,,,,,2009.0,Workstation
mobility,2024.4609375,480.0,2.304,1250.0,50.0,30.0,180.0,115.0,600000.0,181598.0629539952,11764.70588235294,0.2586206896551724,3.4339872044851463,3.310752337790973,0.1232348666941733,mobility x700,mobility x700,67.0,200.0,,,,,2010.0,Mobile
mobility,2024.416015625,480.0,2.304,1250.0,50.0,30.0,180.0,115.0,600000.0,181598.0629539952,11764.70588235294,0.2586206896551724,3.4339872044851463,3.312768346384217,0.1212188581009288,mobility x700,mobility x700,67.0,200.0,,,,,2010.0,Mobile
mobility 7000 igp,2024.37109375,480.0,40.0,1250.0,50.0,30.0,180.0,97.0,600000.0,14634.146341463416,11764.70588235294,0.3061224489795918,3.4339872044851463,3.314784354977462,0.1192028495076842,mobility 7000 igp,mobility 7000 igp,6.0,151.0,,,,,2009.0,Unknown
mobility 9000 igp,2024.326171875,480.0,40.0,1250.0,50.0,76.0,150.0,92.0,600000.0,14634.146341463416,11764.70588235294,0.8172043010752689,4.343805421853684,3.3168003635706924,1.0270050582829915,mobility 9000 igp,mobility 9000 igp,8.0,143.0,,,,,2009.0,Unknown
mobility 9000 igp,2024.28125,480.0,40.0,1250.0,50.0,76.0,150.0,92.0,600000.0,14634.146341463416,11764.70588235294,0.8172043010752689,4.343805421853684,3.318816372163937,1.0249890496897471,mobility 9000 igp,mobility 9000 igp,8.0,143.0,,,,,2009.0,Unknown
mobility 9000 igp,2024.236328125,480.0,40.0,1250.0,50.0,76.0,150.0,92.0,600000.0,14634.146341463416,11764.70588235294,0.8172043010752689,4.343805421853684,3.320832380757168,1.0229730410965168,mobility 9000 igp,mobility 9000 igp,8.0,143.0,,,,,2009.0,Unknown
mobility 9100 igp,2024.19140625,480.0,40.0,1250.0,50.0,76.0,150.0,92.0,600000.0,14634.146341463416,11764.70588235294,0.8172043010752689,4.343805421853684,3.322848389350412,1.0209570325032722,mobility 9100 igp,mobility 9100 igp,3.0,128.0,,,,,2009.0,Unknown
mobility 9100 pro igp,2024.146484375,480.0,40.0,1250.0,50.0,76.0,150.0,92.0,600000.0,14634.146341463416,11764.70588235294,0.8172043010752689,4.343805421853684,3.3248643979436565,1.0189410239100276,mobility 9100 igp,mobility 9100 igp,3.0,128.0,,,,,2009.0,Unknown
mobility 9200,2024.1015625,480.0,14.72,1250.0,50.0,36.0,150.0,81.0,600000.0,38167.93893129771,11764.70588235294,0.4390243902439024,3.610917912644224,3.326880406536887,0.2840375061073374,mobility 9200,mobility 9200,3.0,145.0,,,,,2011.0,Mobile
mobility 9200,2024.056640625,480.0,3.2,1250.0,50.0,36.0,150.0,81.0,600000.0,142857.14285714284,11764.70588235294,0.4390243902439024,3.610917912644224,3.3288964151301315,0.2820214975140929,mobility 9200,mobility 9200,3.0,145.0,,,,,2011.0,Mobile
9100,2024.01171875,480.0,8.0,1250.0,28.0,60.0,150.0,120.0,600000.0,66666.66666666667,20689.655172413797,0.4958677685950413,4.110873864173311,3.330912423723376,0.7799614404499353,9100,9100,82.0,345.0,,,,,2009.0,Unknown
9100 pci,2023.966796875,480.0,8.0,1250.0,50.0,60.0,150.0,120.0,600000.0,66666.66666666667,11764.70588235294,0.4958677685950413,4.110873864173311,3.3329284323166064,0.777945431856705,9100 igp,9100 igp,5.0,128.0,,,,,2010.0,Unknown
9200,2023.921875,480.0,6.4,1250.0,28.0,36.0,150.0,98.0,600000.0,81081.08108108108,20689.655172413797,0.3636363636363636,3.610917912644224,3.334944440909851,0.2759734717343733,9200,9200,171.0,31.0,,,,,2009.0,Unknown
9200,2023.921875,480.0,6.4,1250.0,28.0,36.0,150.0,98.0,600000.0,81081.08108108108,20689.655172413797,0.3636363636363636,3.610917912644224,3.334944440909851,0.2759734717343733,9200,9200,4.0,135.0,153.63,0.02,,,2009.0,Desktop
9200 le,2023.876953125,480.0,6.4,1250.0,28.0,36.0,150.0,98.0,600000.0,81081.08108108108,20689.655172413797,0.3636363636363636,3.610917912644224,3.3369604495030813,0.273957463141143,9200 se,9200 se,3.0,129.0,,,,,2010.0,Desktop
9200 pci,2023.83203125,480.0,6.4,1250.0,28.0,36.0,150.0,98.0,600000.0,81081.08108108108,20689.655172413797,0.3636363636363636,3.610917912644224,3.338976458096326,0.2719414545478984,hd 2400 pci,hd 2400 pci,14.0,86.0,,,,,2009.0,Unknown
9200 pro,2023.787109375,480.0,5.312,1250.0,28.0,36.0,150.0,98.0,600000.0,95057.03422053232,20689.655172413797,0.3636363636363636,3.610917912644224,3.3409924666895705,0.2699254459546538,9800 pro,9800 pro,59.0,153.0,,,,,2009.0,Desktop
9200 se,2023.7421875,480.0,2.656,1250.0,28.0,36.0,150.0,98.0,600000.0,164113.78555798688,20689.655172413797,0.3636363636363636,3.610917912644224,3.343008475282801,0.2679094373614235,9200 se,9200 se,3.0,129.0,,,,,2010.0,Desktop
9200 se pci,2023.697265625,480.0,2.656,1250.0,28.0,36.0,150.0,98.0,600000.0,164113.78555798688,20689.655172413797,0.3636363636363636,3.610917912644224,3.345024483876045,0.2658934287681789,9200 se,9200 se,3.0,129.0,,,,,2010.0,Desktop
9500,2023.65234375,480.0,17.28,1250.0,12.0,110.0,150.0,215.0,600000.0,32822.75711159737,46153.84615384616,0.5092592592592593,4.709530201312334,3.347040492469276,1.362489708843058,9500,9500,36.0,173.0,40.5,0.9,,,2011.0,Desktop
9550,2023.607421875,480.0,6.4,1250.0,50.0,60.0,130.0,76.0,600000.0,81081.08108108108,11764.70588235294,0.7792207792207793,4.110873864173311,3.3490565010625204,0.761817363110791,9550,9550,35.0,145.0,291.74,0.12,,,2009.0,Desktop
9550 se,2023.5625,480.0,3.2,1250.0,50.0,60.0,130.0,76.0,600000.0,142857.14285714284,11764.70588235294,0.7792207792207793,4.110873864173311,3.351072509655765,0.7598013545175464,9550,9550,35.0,145.0,291.74,0.12,,,2009.0,Desktop
9600,2023.517578125,480.0,6.048,1250.0,12.0,60.0,130.0,76.0,600000.0,85130.5334846765,46153.84615384616,0.7792207792207793,4.110873864173311,3.353088518248996,0.757785345924316,9600se,9600se,27.0,143.0,,,,,2009.0,Unknown
9600 pro,2023.47265625,480.0,9.6,1250.0,18.0,60.0,130.0,76.0,600000.0,56603.77358490566,31578.947368421053,0.7792207792207793,4.110873864173311,3.35510452684224,0.7557693373310714,9600 pro,9600 pro,43.0,163.0,,,,,2011.0,Desktop
9600 se,2023.427734375,480.0,3.2,1250.0,50.0,60.0,130.0,76.0,600000.0,142857.14285714284,11764.70588235294,0.7792207792207793,4.110873864173311,3.3571205354354845,0.7537533287378269,9600se,9600se,27.0,143.0,,,,,2009.0,Unknown
9600 tx,2023.3828125,480.0,8.64,1250.0,50.0,110.0,150.0,215.0,600000.0,62240.66390041493,11764.70588235294,0.5092592592592593,4.709530201312334,3.359136544028715,1.350393657283619,9600 xt,9600 xt,35.0,147.0,,,,,2009.0,Desktop
9600 xt,2023.337890625,480.0,9.6,1250.0,22.0,60.0,130.0,76.0,600000.0,56603.77358490566,26086.95652173913,0.7792207792207793,4.110873864173311,3.3611525526219594,0.7497213115513519,9600 xt,9600 xt,35.0,147.0,,,,,2009.0,Desktop
9800,2023.29296875,480.0,18.56,1250.0,37.0,117.0,150.0,215.0,600000.0,30674.846625766877,15789.473684210529,0.5416666666666666,4.770684624465665,3.36316856121519,1.4075160632504753,9800,9800,58.0,191.0,325.0,0.18,,,2010.0,Desktop
9800 pro,2023.248046875,480.0,21.76,1250.0,47.0,117.0,150.0,215.0,600000.0,26362.03866432337,12500.0,0.5416666666666666,4.770684624465665,3.3651845698084344,1.4055000546572307,9800 pro,9800 pro,59.0,153.0,,,,,2009.0,Desktop
9800 pro,2023.203125,480.0,21.76,1250.0,47.0,117.0,150.0,218.0,600000.0,26362.03866432337,12500.0,0.5342465753424658,4.770684624465665,3.367200578401679,1.403484046063986,9800 pro,9800 pro,59.0,153.0,,,,,2009.0,Desktop
9800 se,2023.158203125,480.0,9.28,1250.0,50.0,117.0,150.0,215.0,600000.0,58365.75875486382,11764.70588235294,0.5416666666666666,4.770684624465665,3.3692165869949093,1.4014680374707558,9800 se,9800 se,24.0,131.0,,,,,2009.0,Desktop
9800 se,2023.11328125,480.0,19.01,1250.0,50.0,117.0,150.0,215.0,600000.0,29985.00749625187,11764.70588235294,0.5416666666666666,4.770684624465665,3.371232595588154,1.3994520288775112,9800 se,9800 se,24.0,131.0,,,,,2009.0,Desktop
9800 xt,2023.068359375,480.0,23.36,1250.0,60.0,117.0,150.0,218.0,600000.0,24630.54187192118,9836.065573770493,0.5342465753424658,4.770684624465665,3.3732486041813843,1.3974360202842808,9800 xt,9800 xt,57.0,160.0,,,,,2009.0,Desktop
9800 xxl,2023.0234375,480.0,21.63,1250.0,50.0,117.0,150.0,218.0,600000.0,26513.47768448961,11764.70588235294,0.5342465753424658,4.770684624465665,3.375264612774629,1.3954200116910362,x800 xl,x800 xl,69.0,271.0,,,,,2011.0,Desktop
all in wonder 9200,2022.978515625,480.0,6.4,1250.0,50.0,36.0,150.0,98.0,600000.0,81081.08108108108,11764.70588235294,0.3636363636363636,3.610917912644224,3.377280621367873,0.2336372912763509,all in wonder 9800,all in wonder 9800,23.0,139.0,,,,,2011.0,Unknown
all in wonder 9200 se,2022.93359375,480.0,2.624,1250.0,50.0,36.0,150.0,98.0,600000.0,165562.91390728476,11764.70588235294,0.3636363636363636,3.610917912644224,3.379296629961104,0.2316212826831205,all in wonder 9800,all in wonder 9800,23.0,139.0,,,,,2011.0,Unknown
all in wonder 9600 xt,2022.888671875,480.0,10.37,1250.0,50.0,60.0,130.0,76.0,600000.0,52770.44854881267,11764.70588235294,0.7792207792207793,4.110873864173311,3.3813126385543484,0.729561225618963,all in wonder 9800,all in wonder 9800,23.0,139.0,,,,,2011.0,Unknown
all in wonder x800 gt,2022.84375,480.0,15.74,1250.0,50.0,160.0,110.0,240.0,600000.0,35842.29390681003,11764.70588235294,0.6639004149377593,5.081404364984463,3.3833286471475787,1.6980757178368844,all in wonder x800 gt,all in wonder x800 gt,84.0,186.0,,,,,2009.0,Unknown
all in wonder x800 xt,2022.798828125,480.0,32.0,1250.0,50.0,160.0,130.0,281.0,600000.0,18181.81818181818,11764.70588235294,0.5673758865248227,5.081404364984463,3.3853446557408238,1.6960597092436398,all in wonder x800 gt,all in wonder x800 gt,84.0,186.0,,,,,2009.0,Unknown
firegl v3100,2022.75390625,480.0,3.136,1250.0,50.0,107.0,110.0,74.0,600000.0,145067.69825918763,11764.70588235294,1.4266666666666667,4.68213122712422,3.387360664334068,1.294770562790152,firegl v3100,firegl v3100,53.0,275.0,,,,,2009.0,Workstation
firegl v3200,2022.708984375,480.0,11.2,1250.0,46.0,75.0,130.0,92.0,600000.0,49180.32786885246,12765.95744680851,0.8064516129032258,4.330733340286331,3.3893766729272983,0.9413566673590328,firegl v3200,firegl v3200,85.0,236.0,,,,,2009.0,Workstation
firegl v5000,2022.6640625,480.0,13.76,1250.0,50.0,120.0,110.0,156.0,600000.0,40650.40650406504,11764.70588235294,0.7643312101910829,4.795790545596741,3.391392681520543,1.4043978640761985,firegl v5600,firegl v5600,341.0,445.0,225.0,1.52,,,2009.0,Workstation
firegl v5100,2022.619140625,480.0,22.4,1250.0,50.0,160.0,130.0,289.0,600000.0,25641.025641025644,11764.70588235294,0.5517241379310345,5.081404364984463,3.3934086901137874,1.6879956748706757,firegl v5100,firegl v5100,93.0,250.0,114.96,0.81,,,2009.0,Workstation
firegl v7100,2022.57421875,480.0,30.4,1250.0,91.0,160.0,130.0,289.0,600000.0,19108.28025477707,6521.739130434783,0.5517241379310345,5.081404364984463,3.395424698707018,1.685979666277445,firegl v7100,firegl v7100,72.0,223.0,328.67,0.22,,,2009.0,Workstation
firegl x3 256,2022.529296875,480.0,29.06,1250.0,57.0,160.0,130.0,281.0,600000.0,19960.07984031936,10344.827586206897,0.5673758865248227,5.081404364984463,3.3974407073002624,1.6839636576842008,firegl x1,firegl x1,59.0,167.0,,,,,2009.0,Unknown
mobility firegl t2e,2022.484375,480.0,7.2,1250.0,50.0,76.0,130.0,92.0,600000.0,73170.73170731709,11764.70588235294,0.8172043010752689,4.343805421853684,3.3994567158934927,0.9443487059601914,mobility firegl t2,mobility firegl t2,41.0,171.0,,,,,2009.0,Workstation
mobility firegl v3100,2022.439453125,480.0,6.4,1250.0,50.0,107.0,110.0,74.0,600000.0,81081.08108108108,11764.70588235294,1.4266666666666667,4.68213122712422,3.4014727244867373,1.2806585026374826,mobility firegl v3200,mobility firegl v3200,62.0,238.0,,,,,2009.0,Workstation
mobility firegl v3200,2022.39453125,480.0,8.0,1250.0,50.0,75.0,130.0,92.0,600000.0,66666.66666666667,11764.70588235294,0.8064516129032258,4.330733340286331,3.403488733079982,0.9272446072063492,mobility firegl v3200,mobility firegl v3200,62.0,238.0,,,,,2009.0,Workstation
mobility 7000,2022.349609375,480.0,1.112,1250.0,50.0,30.0,180.0,115.0,600000.0,284090.90909090906,11764.70588235294,0.2586206896551724,3.4339872044851463,3.4055047416732123,0.028482462811934,mobility x700,mobility x700,67.0,200.0,,,,,2010.0,Mobile
mobility 9500,2022.3046875,480.0,3.04,1250.0,50.0,76.0,130.0,92.0,600000.0,148514.8514851485,11764.70588235294,0.8172043010752689,4.343805421853684,3.407520750266457,0.9362846715872272,mobility 9800,mobility 9800,46.0,110.0,,,,,2009.0,Mobile
mobility 9550,2022.259765625,480.0,3.888,1250.0,50.0,76.0,130.0,92.0,600000.0,122749.5908346972,11764.70588235294,0.8172043010752689,4.343805421853684,3.409536758859687,0.9342686629939968,mobility 9550,mobility 9550,30.0,166.0,,,,,2012.0,Mobile
mobility 9600,2022.21484375,480.0,3.2,1250.0,50.0,76.0,130.0,92.0,600000.0,142857.14285714284,11764.70588235294,0.8172043010752689,4.343805421853684,3.411552767452932,0.9322526544007524,mobility 9600,mobility 9600,36.0,172.0,,,,,2009.0,Mobile
mobility 9600 pro,2022.169921875,480.0,6.4,1250.0,50.0,76.0,130.0,92.0,600000.0,81081.08108108108,11764.70588235294,0.8172043010752689,4.343805421853684,3.4135687760461764,0.9302366458075078,mobility 9600,mobility 9600,36.0,172.0,,,,,2009.0,Mobile
mobility 9600 pro turbo,2022.125,480.0,7.776,1250.0,50.0,76.0,130.0,92.0,600000.0,68368.2771194166,11764.70588235294,0.8172043010752689,4.343805421853684,3.4155847846394067,0.9282206372142774,mobility 9600 pro turbo,mobility 9600 pro turbo,25.0,137.0,,,,,2009.0,Unknown
mobility 9700,2022.080078125,480.0,8.8,1250.0,50.0,76.0,130.0,92.0,600000.0,61224.489795918365,11764.70588235294,0.8172043010752689,4.343805421853684,3.4176007932326518,0.9262046286210328,mobility 9700,mobility 9700,27.0,158.0,,,,,2009.0,Mobile
mobility 9700 se,2022.03515625,480.0,3.2,1250.0,50.0,76.0,130.0,92.0,600000.0,142857.14285714284,11764.70588235294,0.8172043010752689,4.343805421853684,3.4196168018258817,0.9241886200278024,mobility 9700,mobility 9700,27.0,158.0,,,,,2009.0,Mobile
mobility 9800,2021.990234375,480.0,19.2,1250.0,50.0,160.0,130.0,281.0,600000.0,29702.970297029704,11764.70588235294,0.5673758865248227,5.081404364984463,3.4216328104191263,1.6597715545653369,mobility 9800,mobility 9800,46.0,110.0,,,,,2009.0,Mobile
mobility x600,2021.9453125,480.0,8.0,1250.0,50.0,75.0,130.0,92.0,600000.0,66666.66666666667,11764.70588235294,0.8064516129032258,4.330733340286331,3.423648819012371,0.9070845212739602,mobility x600,mobility x600,50.0,209.0,,,,,2009.0,Mobile
mobility x600 se,2021.900390625,480.0,8.0,1250.0,50.0,75.0,130.0,92.0,600000.0,66666.66666666667,11764.70588235294,0.8064516129032258,4.330733340286331,3.425664827605601,0.90506851268073,mobility x600 se,mobility x600 se,49.0,233.0,,,,,2009.0,Unknown
mobility x800,2021.85546875,480.0,25.6,1250.0,50.0,160.0,130.0,289.0,600000.0,22556.390977443607,11764.70588235294,0.5517241379310345,5.081404364984463,3.427680836198846,1.6537235287856171,mobility x1800,mobility x1800,130.0,247.0,,,,,2009.0,Mobile
7000 mac edition,2021.810546875,480.0,2.928,1250.0,23.0,30.0,180.0,80.0,600000.0,152749.49083503056,25000.0,0.3703703703703703,3.4339872044851463,3.4296968447920904,0.0042903596930559,x1700 targa edition,x1700 targa edition,117.0,255.0,,,,,2012.0,Unknown
7000 mac edition pci,2021.765625,480.0,2.928,1250.0,23.0,30.0,180.0,80.0,600000.0,152749.49083503056,25000.0,0.3703703703703703,3.4339872044851463,3.4317128533853207,0.0022743510998255,x1700 targa edition,x1700 targa edition,117.0,255.0,,,,,2012.0,Unknown
9000 pro mac edition,2021.720703125,480.0,8.8,1250.0,28.0,36.0,150.0,97.0,600000.0,61224.489795918365,20689.655172413797,0.3673469387755102,3.610917912644224,3.4337288619785653,0.177189050665659,x1900 crossfire edition,x1900 crossfire edition,137.0,507.0,,,100.0,1.37,2011.0,Desktop
9250,2021.67578125,480.0,3.2,1250.0,50.0,36.0,150.0,98.0,600000.0,142857.14285714284,11764.70588235294,0.3636363636363636,3.610917912644224,3.435744870571796,0.1751730420724286,9250,9250,3.0,127.0,194.0,0.01,,,2009.0,Desktop
9250 pci,2021.630859375,480.0,3.2,1250.0,50.0,36.0,150.0,98.0,600000.0,142857.14285714284,11764.70588235294,0.3636363636363636,3.610917912644224,3.4377608791650403,0.1731570334791841,9250,9250,3.0,127.0,194.0,0.01,,,2009.0,Desktop
9800 pro mac edition,2021.5859375,480.0,21.63,1250.0,60.0,117.0,150.0,218.0,600000.0,26513.47768448961,9836.065573770493,0.5342465753424658,4.770684624465665,3.439776887758285,1.3309077367073805,x1900 crossfire edition,x1900 crossfire edition,137.0,507.0,,,100.0,1.37,2011.0,Desktop
9800 xt mac edition,2021.541015625,480.0,23.36,1250.0,60.0,117.0,150.0,218.0,600000.0,24630.54187192118,9836.065573770493,0.5342465753424658,4.770684624465665,3.441792896351515,1.32889172811415,x800 xt platinum edition,x800 xt platinum edition,81.0,170.0,,,,,2012.0,Desktop
x300,2021.49609375,480.0,6.4,1250.0,36.0,107.0,110.0,74.0,600000.0,81081.08108108108,16216.216216216217,1.4266666666666667,4.68213122712422,3.44380890494476,1.23832232217946,x1300,x1300,58.0,237.0,95.78,0.61,,,2009.0,Desktop
x300 le,2021.451171875,480.0,6.4,1250.0,50.0,107.0,110.0,74.0,600000.0,81081.08108108108,11764.70588235294,1.4266666666666667,4.68213122712422,3.44582491353799,1.2363063135862298,7300 le,7300 le,78.0,85.0,32.0,2.43,,,2012.0,Desktop
x300 se,2021.40625,480.0,3.2,1250.0,30.0,107.0,110.0,74.0,600000.0,142857.14285714284,19354.83870967742,1.4266666666666667,4.68213122712422,3.4478409221312347,1.2342903049929852,x300se,x300se,38.0,242.0,,,,,2009.0,Unknown
x600,2021.361328125,480.0,8.0,1250.0,36.0,107.0,110.0,74.0,600000.0,66666.66666666667,16216.216216216217,1.4266666666666667,4.68213122712422,3.4498569307244797,1.2322742963997406,x1600,x1600,49.0,209.0,,,,,2009.0,Unknown
x600 pro,2021.31640625,480.0,9.6,1250.0,36.0,107.0,110.0,74.0,600000.0,56603.77358490566,16216.216216216217,1.4266666666666667,4.68213122712422,3.4518729393177097,1.2302582878065105,x1600 pro,x1600 pro,99.0,273.0,,,41.0,2.41,2012.0,Desktop
x600 pro,2021.271484375,480.0,9.6,1250.0,36.0,75.0,130.0,92.0,600000.0,56603.77358490566,16216.216216216217,0.8064516129032258,4.330733340286331,3.4538889479109542,0.8768443923753768,x1600 pro,x1600 pro,99.0,273.0,,,41.0,2.41,2012.0,Desktop
x600 se,2021.2265625,480.0,4.0,1250.0,36.0,107.0,110.0,74.0,600000.0,120000.0,16216.216216216217,1.4266666666666667,4.68213122712422,3.4559049565041846,1.2262262706200353,x800 se,x800 se,130.0,384.0,,,,,2009.0,Desktop
x600 xt,2021.181640625,480.0,11.84,1250.0,25.0,75.0,130.0,92.0,600000.0,46728.97196261682,23076.92307692308,0.8064516129032258,4.330733340286331,3.457920965097429,0.8728123751889019,x1600 xt,x1600 xt,116.0,356.0,,,42.0,2.75,2012.0,Desktop
x700,2021.13671875,480.0,8.0,1250.0,44.0,120.0,110.0,156.0,600000.0,66666.66666666667,13333.333333333334,0.7643312101910829,4.795790545596741,3.4599369736906738,1.3358535719060676,x700,x700,73.0,248.0,,,,,2010.0,Desktop
x700 agp,2021.091796875,480.0,8.0,1250.0,44.0,120.0,110.0,156.0,600000.0,66666.66666666667,13333.333333333334,0.7643312101910829,4.795790545596741,3.461952982283904,1.3338375633128372,x700 pro,x700 pro,76.0,302.0,,,,,2009.0,Desktop
x700 le,2021.046875,480.0,11.2,1250.0,50.0,120.0,110.0,156.0,600000.0,49180.32786885246,11764.70588235294,0.7643312101910829,4.795790545596741,3.4639689908771487,1.3318215547195926,x700 se,x700 se,71.0,348.0,,,,,2009.0,Desktop
x700 pro,2021.001953125,480.0,13.76,1250.0,33.0,120.0,110.0,156.0,600000.0,40650.40650406504,17647.058823529413,0.7643312101910829,4.795790545596741,3.4659849994703933,1.329805546126348,x700 pro,x700 pro,76.0,302.0,,,,,2009.0,Desktop
x700 pro agp,2020.95703125,480.0,15.1,1250.0,33.0,120.0,110.0,156.0,600000.0,37267.08074534161,17647.058823529413,0.7643312101910829,4.795790545596741,3.468001008063624,1.3277895375331177,x700 pro,x700 pro,76.0,302.0,,,,,2009.0,Desktop
x700 xt,2020.912109375,480.0,16.8,1250.0,38.0,120.0,110.0,156.0,600000.0,33707.86516853933,15384.615384615385,0.7643312101910829,4.795790545596741,3.470017016656868,1.325773528939873,x800 xt,x800 xt,98.0,271.0,,,,,2012.0,Desktop
x800,2020.8671875,480.0,22.4,1250.0,30.0,160.0,110.0,240.0,600000.0,25641.025641025644,19354.83870967742,0.6639004149377593,5.081404364984463,3.4720330252500986,1.6093713397343643,x800gt,x800gt,80.0,264.0,,,,,2009.0,Unknown
x800 pro,2020.822265625,480.0,28.8,1250.0,48.0,160.0,130.0,289.0,600000.0,20134.228187919463,12244.897959183674,0.5517241379310345,5.081404364984463,3.474049033843343,1.60735533114112,x800 pro,x800 pro,65.0,190.0,,,,,2009.0,Desktop
x800 pro agp,2020.77734375,480.0,28.8,1250.0,48.0,160.0,130.0,281.0,600000.0,20134.228187919463,12244.897959183674,0.5673758865248227,5.081404364984463,3.476065042436588,1.6053393225478754,x800 pro gto,x800 pro gto,73.0,181.0,,,,,2009.0,Desktop
x800 se,2020.732421875,480.0,22.4,1250.0,50.0,160.0,130.0,289.0,600000.0,25641.025641025644,11764.70588235294,0.5517241379310345,5.081404364984463,3.478081051029818,1.603323313954645,x800 se,x800 se,130.0,384.0,,,,,2009.0,Desktop
x800 se agp,2020.6875,480.0,25.6,1250.0,50.0,160.0,130.0,281.0,600000.0,22556.390977443607,11764.70588235294,0.5673758865248227,5.081404364984463,3.4800970596230627,1.6013073053614004,x800 se,x800 se,130.0,384.0,,,,,2009.0,Desktop
x800 ve agp,2020.642578125,480.0,25.47,1250.0,50.0,160.0,130.0,281.0,600000.0,22667.17038156404,11764.70588235294,0.5673758865248227,5.081404364984463,3.482113068216293,1.59929129676817,x800 se,x800 se,130.0,384.0,,,,,2009.0,Desktop
x800 xl,2020.59765625,480.0,31.36,1250.0,49.0,160.0,110.0,240.0,600000.0,18541.40914709518,12000.0,0.6639004149377593,5.081404364984463,3.4841290768095377,1.5972752881749257,x800 xl,x800 xl,69.0,271.0,,,,,2011.0,Desktop
x800 xl agp,2020.552734375,480.0,32.0,1250.0,49.0,160.0,110.0,240.0,600000.0,18181.81818181818,12000.0,0.6639004149377593,5.081404364984463,3.4861450854027822,1.595259279581681,x800 xl,x800 xl,69.0,271.0,,,,,2011.0,Desktop
x800 xt,2020.5078125,480.0,32.0,1250.0,54.0,160.0,130.0,289.0,600000.0,18181.81818181818,10909.09090909091,0.5517241379310345,5.081404364984463,3.4881610939960126,1.5932432709884503,x800 xt,x800 xt,98.0,271.0,,,,,2012.0,Desktop
x800 xt agp,2020.462890625,480.0,32.0,1250.0,54.0,160.0,130.0,281.0,600000.0,18181.81818181818,10909.09090909091,0.5673758865248227,5.081404364984463,3.490177102589257,1.591227262395206,x800 xt,x800 xt,98.0,271.0,,,,,2012.0,Desktop
x800 xt mac edition,2020.41796875,480.0,32.0,1250.0,54.0,160.0,130.0,289.0,600000.0,18181.81818181818,10909.09090909091,0.5517241379310345,5.081404364984463,3.4921931111824875,1.5892112538019756,x800 xt platinum edition,x800 xt platinum edition,81.0,170.0,,,,,2012.0,Desktop
x800 xt platinum,2020.373046875,480.0,35.84,1250.0,63.0,160.0,130.0,289.0,600000.0,16286.644951140064,9375.0,0.5517241379310345,5.081404364984463,3.494209119775732,1.587195245208731,x800 xt platinum edition,x800 xt platinum edition,81.0,170.0,,,,,2012.0,Desktop
x800 xt platinum agp,2020.328125,480.0,35.84,1250.0,63.0,160.0,130.0,281.0,600000.0,16286.644951140064,9375.0,0.5673758865248227,5.081404364984463,3.4962251283689767,1.5851792366154864,x800 xt platinum edition,x800 xt platinum edition,81.0,170.0,,,,,2012.0,Desktop
x850 pro,2020.283203125,480.0,33.28,1250.0,50.0,160.0,130.0,297.0,600000.0,17502.91715285881,11764.70588235294,0.5369127516778524,5.081404364984463,3.498241136962207,1.583163228022256,x850 pro,x850 pro,73.0,157.0,,,,,2010.0,Desktop
x850 xt,2020.23828125,480.0,34.56,1250.0,69.0,160.0,130.0,297.0,600000.0,16872.890888638918,8571.42857142857,0.5369127516778524,5.081404364984463,3.500257145555452,1.5811472194290117,x850 xt,x850 xt,81.0,326.0,,,,,2009.0,Desktop
x850 xt platinum,2020.193359375,480.0,37.76,1250.0,67.0,160.0,130.0,297.0,600000.0,15479.876160990712,8823.529411764706,0.5369127516778524,5.081404364984463,3.502273154148696,1.579131210835767,x850 xt platinum edition,x850 xt platinum edition,82.0,261.0,,,,,2011.0,Desktop
xpress 200 igp,2020.1484375,480.0,40.0,1250.0,50.0,29.0,130.0,73.0,600000.0,14634.146341463416,11764.70588235294,0.3918918918918919,3.4011973816621555,3.5042891627419266,-0.1030917810797711,xpress 200,xpress 200,30.0,188.0,,,,,2009.0,Unknown
xpress 200 igp,2020.103515625,480.0,40.0,1250.0,50.0,107.0,110.0,74.0,600000.0,14634.146341463416,11764.70588235294,1.4266666666666667,4.68213122712422,3.506305171335171,1.1758260557890488,xpress 200,xpress 200,30.0,188.0,,,,,2009.0,Unknown
all in wonder 2006 agp edition,2020.05859375,480.0,6.272,1250.0,50.0,60.0,130.0,76.0,600000.0,82508.2508250825,11764.70588235294,0.7792207792207793,4.110873864173311,3.508321179928401,0.6025526842449098,all in wonder x800 gt,all in wonder x800 gt,84.0,186.0,,,,,2009.0,Unknown
all in wonder 2006 pcie edition,2020.013671875,480.0,12.8,1250.0,50.0,107.0,90.0,100.0,600000.0,43478.260869565216,11764.70588235294,1.0594059405940597,4.68213122712422,3.510337188521646,1.1717940386025738,all in wonder x800 gt,all in wonder x800 gt,84.0,186.0,,,,,2009.0,Unknown
all in wonder x1800 xl,2019.96875,480.0,32.0,1250.0,75.0,312.0,90.0,288.0,600000.0,18181.81818181818,7894.736842105263,1.0795847750865053,5.746203190540153,3.5123531971148907,2.2338499934252622,all in wonder x1800xl,all in wonder x1800xl,30.0,283.0,,,,,2011.0,Unknown
all in wonder x600 pro,2019.923828125,480.0,9.6,1250.0,50.0,107.0,110.0,74.0,600000.0,56603.77358490566,11764.70588235294,1.4266666666666667,4.68213122712422,3.514369205708121,1.1677620214160989,all in wonder x800 gt,all in wonder x800 gt,84.0,186.0,,,,,2009.0,Unknown
all in wonder x800 se,2019.87890625,480.0,25.6,1250.0,50.0,160.0,130.0,281.0,600000.0,22556.390977443607,11764.70588235294,0.5673758865248227,5.081404364984463,3.5163852143013656,1.5650191506830975,all in wonder x800 gt,all in wonder x800 gt,84.0,186.0,,,,,2009.0,Unknown
all in wonder x800 ve,2019.833984375,480.0,25.6,1250.0,50.0,160.0,130.0,281.0,600000.0,22556.390977443607,11764.70588235294,0.5673758865248227,5.081404364984463,3.518401222894596,1.5630031420898671,all in wonder x800 gt,all in wonder x800 gt,84.0,186.0,,,,,2009.0,Unknown
all in wonder x800 xl,2019.7890625,480.0,31.36,1250.0,50.0,160.0,110.0,240.0,600000.0,18541.40914709518,11764.70588235294,0.6639004149377593,5.081404364984463,3.5204172314878406,1.5609871334966223,all in wonder x1800xl,all in wonder x1800xl,30.0,283.0,,,,,2011.0,Unknown
firegl v3300,2019.744140625,480.0,6.4,1250.0,50.0,107.0,90.0,100.0,600000.0,81081.08108108108,11764.70588235294,1.0594059405940597,4.68213122712422,3.522433240081085,1.1596979870431348,firegl v3300,firegl v3300,71.0,326.0,,,,,2009.0,Workstation
firegl v3350,2019.69921875,480.0,6.4,1250.0,50.0,107.0,90.0,100.0,600000.0,81081.08108108108,11764.70588235294,1.0594059405940597,4.68213122712422,3.5244492486743155,1.1576819784499044,firegl v3350,firegl v3350,69.0,336.0,,,,,2009.0,Workstation
firegl v3400,2019.654296875,480.0,16.0,1250.0,50.0,157.0,90.0,150.0,600000.0,35294.117647058825,11764.70588235294,1.0397350993377483,5.062595033026967,3.52646525726756,1.5361297757594068,firegl v3400,firegl v3400,103.0,353.0,,,,,2009.0,Workstation
firegl v5200,2019.609375,480.0,22.4,1250.0,35.0,157.0,90.0,150.0,600000.0,25641.025641025644,16666.666666666668,1.0397350993377483,5.062595033026967,3.5284812658607905,1.5341137671661764,firegl v5200,firegl v5200,115.0,348.0,133.4,0.86,,,2009.0,Workstation
firegl v7200,2019.564453125,480.0,41.6,1250.0,50.0,312.0,90.0,288.0,600000.0,14084.50704225352,11764.70588235294,1.0795847750865053,5.746203190540153,3.530497274454035,2.215705916086118,firegl v7200,firegl v7200,116.0,348.0,,,,,2010.0,Workstation
firegl v7300,2019.51953125,480.0,41.47,1250.0,97.0,312.0,90.0,288.0,600000.0,14127.619496114905,6122.448979591837,1.0795847750865053,5.746203190540153,3.53251328304728,2.2136899074928733,firegl v7300,firegl v7300,128.0,322.0,1189.99,0.11,,,2009.0,Workstation
firegl v7350,2019.474609375,480.0,41.6,1250.0,111.0,312.0,90.0,288.0,600000.0,14084.50704225352,5357.142857142857,1.0795847750865053,5.746203190540153,3.53452929164051,2.211673898899643,firegl v7350,firegl v7350,111.0,344.0,119.42,0.93,,,2011.0,Workstation
mobility firegl v5000,2019.4296875,480.0,13.6,1250.0,50.0,120.0,110.0,156.0,600000.0,41095.890410958906,11764.70588235294,0.7643312101910829,4.795790545596741,3.5365453002337546,1.2592452453629868,mobility firegl v5000,mobility firegl v5000,82.0,223.0,,,,,2009.0,Workstation
mobility x300,2019.384765625,480.0,4.0,1250.0,50.0,107.0,110.0,74.0,600000.0,120000.0,11764.70588235294,1.4266666666666667,4.68213122712422,3.538561308826999,1.1435699182972208,mobility x300,mobility x300,34.0,204.0,,,,,2009.0,Mobile
mobility x300 igp,2019.33984375,480.0,40.0,1250.0,50.0,107.0,110.0,74.0,600000.0,14634.146341463416,11764.70588235294,1.4266666666666667,4.68213122712422,3.540577317420229,1.1415539097039904,mobility 9100 igp,mobility 9100 igp,3.0,128.0,,,,,2009.0,Unknown
mobility x700,2019.294921875,480.0,9.6,1250.0,50.0,120.0,110.0,156.0,600000.0,56603.77358490566,11764.70588235294,0.7643312101910829,4.795790545596741,3.542593326013474,1.2531972195832672,mobility x700,mobility x700,67.0,200.0,,,,,2010.0,Mobile
mobility x700 xl,2019.25,480.0,10.56,1250.0,50.0,120.0,110.0,156.0,600000.0,51903.114186851206,11764.70588235294,0.7643312101910829,4.795790545596741,3.5446093346067045,1.2511812109900369,mobility x700 xl,mobility x700 xl,60.0,189.0,,,,,2010.0,Unknown
mobility x800 xt,2019.205078125,480.0,35.2,1250.0,50.0,160.0,130.0,289.0,600000.0,16574.585635359115,11764.70588235294,0.5517241379310345,5.081404364984463,3.546625343199949,1.534779021784514,mobility x700 xl,mobility x700 xl,60.0,189.0,,,,,2010.0,Unknown
9550 xt,2019.16015625,480.0,10.4,1250.0,50.0,60.0,130.0,76.0,600000.0,52631.57894736842,11764.70588235294,0.7792207792207793,4.110873864173311,3.5486413517931936,0.5622325123801177,x550xt,x550xt,56.0,224.0,,,,,2009.0,Unknown
x1300,2019.115234375,480.0,8.0,1250.0,50.0,105.0,90.0,100.0,600000.0,66666.66666666667,11764.70588235294,1.0396039603960396,4.663439094112067,3.550657360386424,1.112781733725643,x1300,x1300,58.0,237.0,95.78,0.61,,,2009.0,Desktop
x1300,2019.0703125,480.0,8.0,1250.0,50.0,107.0,90.0,100.0,600000.0,66666.66666666667,11764.70588235294,1.0594059405940597,4.68213122712422,3.552673368979669,1.1294578581445514,x1300,x1300,58.0,237.0,95.78,0.61,,,2009.0,Desktop
x1300 agp,2019.025390625,480.0,8.0,1250.0,50.0,107.0,90.0,100.0,600000.0,66666.66666666667,11764.70588235294,1.0594059405940597,4.68213122712422,3.554689377572899,1.127441849551321,x1300 pro,x1300 pro,84.0,313.0,,,,,2009.0,Unknown
x1300 le,2018.98046875,480.0,4.0,1250.0,50.0,107.0,90.0,100.0,600000.0,120000.0,11764.70588235294,1.0594059405940597,4.68213122712422,3.5567053861661435,1.1254258409580764,7300 le,7300 le,78.0,85.0,32.0,2.43,,,2012.0,Desktop
x1300 pci,2018.935546875,480.0,8.0,1250.0,50.0,107.0,90.0,100.0,600000.0,66666.66666666667,11764.70588235294,1.0594059405940597,4.68213122712422,3.558721394759388,1.1234098323648318,x1300 pro,x1300 pro,84.0,313.0,,,,,2009.0,Unknown
x1300 pci,2018.890625,480.0,4.0,1250.0,50.0,105.0,90.0,100.0,600000.0,120000.0,11764.70588235294,1.0396039603960396,4.663439094112067,3.5607374033526185,1.1027016907594485,x1300 pro,x1300 pro,84.0,313.0,,,,,2009.0,Unknown
x1300 pro,2018.845703125,480.0,6.4,1250.0,31.0,107.0,90.0,100.0,600000.0,81081.08108108108,18750.0,1.0594059405940597,4.68213122712422,3.562753411945863,1.1193778151783569,x1300 pro,x1300 pro,84.0,313.0,,,,,2009.0,Unknown
x1300 pro agp,2018.80078125,480.0,12.8,1250.0,31.0,107.0,90.0,100.0,600000.0,43478.260869565216,18750.0,1.0594059405940597,4.68213122712422,3.5647694205390934,1.1173618065851263,x1300 pro,x1300 pro,84.0,313.0,,,,,2009.0,Unknown
x1600 pro,2018.755859375,480.0,12.48,1250.0,41.0,157.0,90.0,150.0,600000.0,44510.38575667656,14285.714285714286,1.0397350993377483,5.062595033026967,3.566785429132338,1.495809603894629,x1600 pro,x1600 pro,99.0,273.0,,,41.0,2.41,2012.0,Desktop
x1600 xt,2018.7109375,480.0,22.08,1250.0,42.0,157.0,90.0,150.0,600000.0,25996.53379549393,13953.488372093025,1.0397350993377483,5.062595033026967,3.5688014377255826,1.4937935953013843,x1600 xt,x1600 xt,116.0,356.0,,,42.0,2.75,2012.0,Desktop
x1800 crossfire edition,2018.666015625,480.0,44.8,1250.0,113.0,312.0,90.0,288.0,600000.0,13100.436681222707,5263.1578947368425,1.0795847750865053,5.746203190540153,3.570817446318813,2.17538574422134,x1900 crossfire edition,x1900 crossfire edition,137.0,507.0,,,100.0,1.37,2011.0,Desktop
x1800 xl,2018.62109375,480.0,32.0,1250.0,70.0,312.0,90.0,288.0,600000.0,18181.81818181818,8450.704225352112,1.0795847750865053,5.746203190540153,3.572833454912057,2.1733697356280954,x800 xl,x800 xl,69.0,271.0,,,,,2011.0,Desktop
x1800 xt,2018.576171875,480.0,44.8,1250.0,113.0,312.0,90.0,288.0,600000.0,13100.436681222707,5263.1578947368425,1.0795847750865053,5.746203190540153,3.574849463505302,2.171353727034851,x800 xt,x800 xt,98.0,271.0,,,,,2012.0,Desktop
x550,2018.53125,480.0,8.0,1250.0,50.0,107.0,110.0,74.0,600000.0,66666.66666666667,11764.70588235294,1.4266666666666667,4.68213122712422,3.5768654720985325,1.1052657550256877,x550,x550,51.0,266.0,,,,,2009.0,Desktop
x550 hypermemory,2018.486328125,480.0,8.0,1250.0,50.0,107.0,110.0,74.0,600000.0,66666.66666666667,11764.70588235294,1.4266666666666667,4.68213122712422,3.578881480691777,1.103249746432443,x600 256mb hypermemory,x600 256mb hypermemory,57.0,210.0,,,,,2009.0,Desktop
x700 se,2018.44140625,480.0,4.0,1250.0,50.0,120.0,110.0,156.0,600000.0,120000.0,11764.70588235294,0.7643312101910829,4.795790545596741,3.5808974892850074,1.214893056311734,x700 se,x700 se,71.0,348.0,,,,,2009.0,Desktop
x740 xl,2018.396484375,480.0,14.4,1250.0,50.0,120.0,110.0,156.0,600000.0,38961.03896103896,11764.70588235294,0.7643312101910829,4.795790545596741,3.582913497878252,1.2128770477184894,x800 xl,x800 xl,69.0,271.0,,,,,2011.0,Desktop
x800 crossfire edition,2018.3515625,480.0,32.0,1250.0,50.0,160.0,110.0,240.0,600000.0,18181.81818181818,11764.70588235294,0.6639004149377593,5.081404364984463,3.584929506471497,1.4964748585129666,x1900 crossfire edition,x1900 crossfire edition,137.0,507.0,,,100.0,1.37,2011.0,Desktop
x800 gt,2018.306640625,480.0,22.4,1250.0,40.0,160.0,130.0,297.0,600000.0,25641.025641025644,14634.146341463416,0.5369127516778524,5.081404364984463,3.586945515064727,1.4944588499197362,x800 gt,x800 gt,84.0,423.0,,,,,2009.0,Desktop
x800 gt,2018.26171875,480.0,31.55,1250.0,40.0,160.0,110.0,240.0,600000.0,18433.179723502304,14634.146341463416,0.6639004149377593,5.081404364984463,3.5889615236579715,1.4924428413264916,x800 gt,x800 gt,84.0,423.0,,,,,2009.0,Desktop
x800 gt agp,2018.216796875,480.0,31.55,1250.0,40.0,160.0,130.0,297.0,600000.0,18433.179723502304,14634.146341463416,0.5369127516778524,5.081404364984463,3.590977532251202,1.4904268327332613,x800 gt,x800 gt,84.0,423.0,,,,,2009.0,Desktop
x800 gto,2018.171875,480.0,25.6,1250.0,49.0,160.0,130.0,297.0,600000.0,22556.390977443607,12000.0,0.5369127516778524,5.081404364984463,3.5929935408444464,1.488410824140017,x800 gto,x800 gto,115.0,162.0,,,,,2010.0,Desktop
x800 gto agp,2018.126953125,480.0,31.36,1250.0,49.0,160.0,130.0,297.0,600000.0,18541.40914709518,12000.0,0.5369127516778524,5.081404364984463,3.595009549437691,1.486394815546772,x800 gto,x800 gto,115.0,162.0,,,,,2010.0,Desktop
x800 gto agp,2018.08203125,480.0,31.36,1250.0,49.0,160.0,110.0,240.0,600000.0,18541.40914709518,12000.0,0.6639004149377593,5.081404364984463,3.5970255580309214,1.4843788069535415,x800 gto,x800 gto,115.0,162.0,,,,,2010.0,Desktop
x800 gto2,2018.037109375,480.0,31.36,1250.0,50.0,160.0,130.0,297.0,600000.0,18541.40914709518,11764.70588235294,0.5369127516778524,5.081404364984463,3.599041566624166,1.4823627983602972,x800 gto,x800 gto,115.0,162.0,,,,,2010.0,Desktop
x850 pro agp,2017.9921875,480.0,32.0,1250.0,50.0,160.0,130.0,297.0,600000.0,18181.81818181818,11764.70588235294,0.5369127516778524,5.081404364984463,3.6010575752173963,1.4803467897670668,x850 pro,x850 pro,73.0,157.0,,,,,2010.0,Desktop
x850 xt agp,2017.947265625,480.0,34.56,1250.0,69.0,160.0,130.0,297.0,600000.0,16872.890888638918,8571.42857142857,0.5369127516778524,5.081404364984463,3.603073583810641,1.4783307811738222,x850 xt,x850 xt,81.0,326.0,,,,,2009.0,Desktop
x850 xt platinum agp,2017.90234375,480.0,37.76,1250.0,67.0,160.0,130.0,297.0,600000.0,15479.876160990712,8823.529411764706,0.5369127516778524,5.081404364984463,3.6050895924038855,1.4763147725805776,x850 xt platinum edition,x850 xt platinum edition,82.0,261.0,,,,,2011.0,Desktop
xpress 200m igp,2017.857421875,480.0,40.0,1250.0,50.0,29.0,130.0,73.0,600000.0,14634.146341463416,11764.70588235294,0.3918918918918919,3.4011973816621555,3.607105600997116,-0.2059082193349604,xpress 200m,xpress 200m,23.0,176.0,,,,,2009.0,Unknown
xpress 1100 mobile igp,2017.8125,480.0,40.0,1250.0,50.0,29.0,110.0,73.0,600000.0,14634.146341463416,11764.70588235294,0.3918918918918919,3.4011973816621555,3.60912160959036,-0.2079242279282049,xpress 1100,xpress 1100,34.0,187.0,,,,,2009.0,Unknown
xpress 1100 mobile igp,2017.767578125,480.0,40.0,1250.0,50.0,29.0,130.0,73.0,600000.0,14634.146341463416,11764.70588235294,0.3918918918918919,3.4011973816621555,3.611137618183605,-0.2099402365214495,xpress 1100,xpress 1100,34.0,187.0,,,,,2009.0,Unknown
xpress 200m igp,2017.72265625,480.0,40.0,1250.0,50.0,29.0,130.0,73.0,600000.0,14634.146341463416,11764.70588235294,0.3918918918918919,3.4011973816621555,3.6131536267768354,-0.2119562451146799,xpress 200m,xpress 200m,23.0,176.0,,,,,2009.0,Unknown
xpress 200m igp,2017.677734375,480.0,40.0,1250.0,50.0,29.0,110.0,73.0,600000.0,14634.146341463416,11764.70588235294,0.3918918918918919,3.4011973816621555,3.61516963537008,-0.2139722537079245,xpress 200m,xpress 200m,23.0,176.0,,,,,2009.0,Unknown
xpress 200m igp,2017.6328125,480.0,40.0,1250.0,50.0,29.0,110.0,73.0,600000.0,14634.146341463416,11764.70588235294,0.3918918918918919,3.4011973816621555,3.6171856439633103,-0.2159882623011548,xpress 200m,xpress 200m,23.0,176.0,,,,,2009.0,Unknown
xpress 200m igp,2017.587890625,480.0,40.0,1250.0,50.0,107.0,110.0,74.0,600000.0,14634.146341463416,11764.70588235294,1.4266666666666667,4.68213122712422,3.619201652556555,1.062929574567665,xpress 200m,xpress 200m,23.0,176.0,,,,,2009.0,Unknown
all in wonder x1900,2017.498046875,480.0,30.53,1250.0,50.0,384.0,90.0,352.0,600000.0,19029.49571836346,11764.70588235294,1.0878186968838528,5.953243334287785,3.62323366974303,2.3300096645447548,all in wonder x1900,all in wonder x1900,127.0,445.0,,,,,2009.0,Unknown
firemv 2200,2017.453125,480.0,3.136,1250.0,15.0,107.0,110.0,74.0,600000.0,145067.69825918763,37500.0,1.4266666666666667,4.68213122712422,3.6252496783362735,1.0568815487879455,firemv 2260,firemv 2260,117.0,488.0,88.08,1.33,15.0,7.82,2011.0,Workstation
firemv 2200 pci,2017.408203125,480.0,3.2,1250.0,15.0,36.0,150.0,98.0,600000.0,142857.14285714284,37500.0,0.3636363636363636,3.610917912644224,3.627265686929505,-0.0163477742852804,firemv 2200 pci,firemv 2200 pci,1.0,153.0,,,,,2010.0,Workstation
mobility firegl v5200,2017.36328125,480.0,15.2,1250.0,50.0,157.0,90.0,150.0,600000.0,37037.03703703704,11764.70588235294,1.0397350993377483,5.062595033026967,3.629281695522749,1.4333133375042175,mobility firegl v5200,mobility firegl v5200,45.0,248.0,,,,,2012.0,Workstation
mobility x1300,2017.318359375,480.0,4.8,1250.0,50.0,107.0,90.0,100.0,600000.0,103448.27586206896,11764.70588235294,1.0594059405940597,4.68213122712422,3.631297704115994,1.050833523008226,mobility x1300,mobility x1300,40.0,222.0,,,,,2009.0,Mobile
mobility x1350,2017.2734375,480.0,6.272,1250.0,50.0,105.0,90.0,100.0,600000.0,82508.2508250825,11764.70588235294,1.0396039603960396,4.663439094112067,3.633313712709224,1.0301253814028426,mobility x1350,mobility x1350,40.0,274.0,,,,,2009.0,Mobile
mobility x1350,2017.228515625,480.0,5.184,1250.0,50.0,105.0,90.0,100.0,600000.0,97024.57956015524,11764.70588235294,1.0396039603960396,4.663439094112067,3.635329721302469,1.028109372809598,mobility x1350,mobility x1350,40.0,274.0,,,,,2009.0,Mobile
mobility x1400,2017.18359375,480.0,8.0,1250.0,50.0,107.0,90.0,100.0,600000.0,66666.66666666667,11764.70588235294,1.0594059405940597,4.68213122712422,3.6373457298957135,1.0447854972285064,mobility x1400,mobility x1400,43.0,226.0,,,,,2009.0,Mobile
mobility x1450,2017.138671875,480.0,14.4,1250.0,50.0,105.0,90.0,100.0,600000.0,38961.03896103896,11764.70588235294,1.0396039603960396,4.663439094112067,3.639361738488944,1.024077355623123,mobility x1450,mobility x1450,33.0,205.0,,,,,2009.0,Mobile
mobility x1600,2017.09375,480.0,15.04,1250.0,50.0,157.0,90.0,150.0,600000.0,37406.48379052369,11764.70588235294,1.0397350993377483,5.062595033026967,3.641377747082189,1.4212172859447785,mobility x1600,mobility x1600,92.0,236.0,,,,,2009.0,Mobile
mobility x1700,2017.048828125,480.0,12.8,1250.0,50.0,157.0,90.0,150.0,600000.0,43478.260869565216,11764.70588235294,1.0397350993377483,5.062595033026967,3.643393755675419,1.419201277351548,mobility x1700,mobility x1700,105.0,228.0,,,,,2010.0,Mobile
mobility x1800,2017.00390625,480.0,32.26,1250.0,50.0,312.0,90.0,288.0,600000.0,18039.687312086597,11764.70588235294,1.0795847750865053,5.746203190540153,3.645409764268664,2.1007934262714896,mobility x1800,mobility x1800,130.0,247.0,,,,,2009.0,Mobile
mobility x1800 xt,2016.958984375,480.0,43.2,1250.0,50.0,312.0,90.0,288.0,600000.0,13574.660633484162,11764.70588235294,1.0795847750865053,5.746203190540153,3.647425772861908,2.098777417678245,mobility x1800,mobility x1800,130.0,247.0,,,,,2009.0,Mobile
x1050,2016.9140625,480.0,5.328,1250.0,24.0,107.0,110.0,74.0,600000.0,94816.68773704172,24000.0,1.4266666666666667,4.68213122712422,3.6494417814551374,1.0326894456690816,x1050,x1050,49.0,245.0,,,,,2009.0,Desktop
x1050 agp,2016.869140625,480.0,6.4,1250.0,24.0,60.0,130.0,76.0,600000.0,81081.08108108108,24000.0,0.7792207792207793,4.110873864173311,3.651457790048383,0.4594160741249284,x1050,x1050,49.0,245.0,,,,,2009.0,Desktop
x1300 ce,2016.82421875,480.0,6.4,1250.0,27.0,107.0,90.0,100.0,600000.0,81081.08108108108,21428.571428571428,1.0594059405940597,4.68213122712422,3.653473798641613,1.0286574284826069,x1300,x1300,58.0,237.0,95.78,0.61,,,2009.0,Desktop
x1300 pro,2016.779296875,480.0,12.8,1250.0,31.0,105.0,90.0,100.0,600000.0,43478.260869565216,18750.0,1.0396039603960396,4.663439094112067,3.655489807234858,1.007949286877209,x1300 pro,x1300 pro,84.0,313.0,,,,,2009.0,Unknown
x1300 xt,2016.734375,480.0,12.8,1250.0,22.0,157.0,90.0,150.0,600000.0,43478.260869565216,26086.95652173913,1.0397350993377483,5.062595033026967,3.6575058158281024,1.4050892171988645,x1600 xt,x1600 xt,116.0,356.0,,,42.0,2.75,2012.0,Desktop
x1300 xt agp,2016.689453125,480.0,12.8,1250.0,22.0,157.0,90.0,150.0,600000.0,43478.260869565216,26086.95652173913,1.0397350993377483,5.062595033026967,3.659521824421333,1.403073208605634,x1600 xt,x1600 xt,116.0,356.0,,,42.0,2.75,2012.0,Desktop
x1650 pro,2016.64453125,480.0,22.4,1250.0,44.0,157.0,80.0,131.0,600000.0,25641.025641025644,13333.333333333334,1.1893939393939394,5.062595033026967,3.661537833014578,1.4010572000123895,x1650 pro,x1650 pro,85.0,241.0,160.89,0.53,44.0,1.93,2010.0,Desktop
x1650 pro agp,2016.599609375,480.0,22.4,1250.0,44.0,157.0,80.0,131.0,600000.0,25641.025641025644,13333.333333333334,1.1893939393939394,5.062595033026967,3.663553841607808,1.3990411914191592,x1650 pro,x1650 pro,85.0,241.0,160.89,0.53,44.0,1.93,2010.0,Desktop
x1650 xt,2016.5546875,480.0,22.4,1250.0,55.0,312.0,80.0,230.0,600000.0,25641.025641025644,10714.285714285714,1.3506493506493509,5.746203190540153,3.665569850201052,2.0806333403391006,x1600 xt,x1600 xt,116.0,356.0,,,42.0,2.75,2012.0,Desktop
x1650 xt agp,2016.509765625,480.0,21.76,1250.0,55.0,312.0,80.0,230.0,600000.0,26362.03866432337,10714.285714285714,1.3506493506493509,5.746203190540153,3.667585858794297,2.078617331745856,x1600 xt,x1600 xt,116.0,356.0,,,42.0,2.75,2012.0,Desktop
x1650 xt dual,2016.46484375,480.0,22.4,1250.0,50.0,312.0,80.0,230.0,600000.0,25641.025641025644,11764.70588235294,1.3506493506493509,5.746203190540153,3.6696018673875272,2.0766013231526257,x1600 xt,x1600 xt,116.0,356.0,,,42.0,2.75,2012.0,Desktop
x1800 gto,2016.419921875,480.0,31.68,1250.0,48.0,312.0,90.0,288.0,600000.0,18359.85312117503,12244.897959183674,1.0795847750865053,5.746203190540153,3.671617875980772,2.074585314559381,x1800 gto,x1800 gto,141.0,415.0,,,48.0,2.93,2009.0,Desktop
x1800 gto2,2016.375,480.0,32.0,1250.0,50.0,312.0,90.0,288.0,600000.0,18181.81818181818,11764.70588235294,1.0795847750865053,5.746203190540153,3.673633884574016,2.0725693059661365,x1800 gto,x1800 gto,141.0,415.0,,,48.0,2.93,2009.0,Desktop
x1900 crossfire edition,2016.330078125,480.0,46.4,1250.0,100.0,384.0,90.0,352.0,600000.0,12658.227848101264,5940.59405940594,1.0878186968838528,5.953243334287785,3.675649893167247,2.277593441120538,x1900 crossfire edition,x1900 crossfire edition,137.0,507.0,,,100.0,1.37,2011.0,Desktop
x1900 g5 mac edition,2016.28515625,480.0,38.4,1250.0,75.0,384.0,90.0,352.0,600000.0,15228.426395939086,7894.736842105263,1.0878186968838528,5.953243334287785,3.6776659017604914,2.2755774325272933,x1700 targa edition,x1700 targa edition,117.0,255.0,,,,,2012.0,Unknown
x1900 gt,2016.240234375,480.0,38.4,1250.0,75.0,384.0,90.0,352.0,600000.0,15228.426395939086,7894.736842105263,1.0878186968838528,5.953243334287785,3.6796819103537217,2.273561423934063,x1900 gt,x1900 gt,146.0,409.0,,,75.0,1.95,2009.0,Desktop
x1900 xt,2016.1953125,480.0,46.4,1250.0,100.0,384.0,90.0,352.0,600000.0,12658.227848101264,5940.59405940594,1.0878186968838528,5.953243334287785,3.6816979189469663,2.2715454153408183,x1900 gt,x1900 gt,146.0,409.0,,,75.0,1.95,2009.0,Desktop
x1900 xtx,2016.150390625,480.0,49.6,1250.0,135.0,384.0,90.0,352.0,600000.0,11857.707509881422,4411.764705882353,1.0878186968838528,5.953243334287785,3.683713927540211,2.2695294067475738,x1900 gt,x1900 gt,146.0,409.0,,,75.0,1.95,2009.0,Desktop
x1950 crossfire edition,2016.10546875,480.0,64.0,1250.0,50.0,384.0,90.0,352.0,600000.0,9230.76923076923,11764.70588235294,1.0878186968838528,5.953243334287785,3.685729936133441,2.2675133981543434,x1950 crossfire edition,x1950 crossfire edition,151.0,466.0,,,,,2009.0,Desktop
x1950 pro,2016.060546875,480.0,44.16,1250.0,66.0,312.0,80.0,230.0,600000.0,13286.093888396812,8955.223880597016,1.3506493506493509,5.746203190540153,3.687745944726686,2.058457245813467,x1950 pro,x1950 pro,113.0,318.0,,,66.0,1.71,2009.0,Desktop
x1950 pro agp,2016.015625,480.0,44.16,1250.0,66.0,312.0,80.0,230.0,600000.0,13286.093888396812,8955.223880597016,1.3506493506493509,5.746203190540153,3.689761953319916,2.0564412372202368,x1950 pro,x1950 pro,113.0,318.0,,,66.0,1.71,2009.0,Desktop
x1950 xt,2015.970703125,480.0,57.6,1250.0,96.0,384.0,90.0,352.0,600000.0,10238.907849829351,6185.567010309278,1.0878186968838528,5.953243334287785,3.6917779619131608,2.261465372374624,x1950 gt,x1950 gt,106.0,279.0,,,57.0,1.86,2010.0,Desktop
x1950 xt agp,2015.92578125,480.0,44.99,1250.0,96.0,384.0,90.0,352.0,600000.0,13046.314416177427,6185.567010309278,1.0878186968838528,5.953243334287785,3.693793970506405,2.2594493637813797,x1950 gt,x1950 gt,106.0,279.0,,,57.0,1.86,2010.0,Desktop
x1950 xtx,2015.880859375,480.0,64.0,1250.0,125.0,384.0,90.0,352.0,600000.0,9230.76923076923,4761.9047619047615,1.0878186968838528,5.953243334287785,3.695809979099636,2.257433355188149,x1950 gt,x1950 gt,106.0,279.0,,,57.0,1.86,2010.0,Desktop
x300 se hypermemory,2015.8359375,480.0,4.8,1250.0,30.0,107.0,110.0,74.0,600000.0,103448.27586206896,19354.83870967742,1.4266666666666667,4.68213122712422,3.69782598769288,0.9843052394313396,x600 256mb hypermemory,x600 256mb hypermemory,57.0,210.0,,,,,2009.0,Desktop
x850 crossfire edition,2015.791015625,480.0,34.56,1250.0,69.0,160.0,130.0,297.0,600000.0,16872.890888638918,8571.42857142857,0.5369127516778524,5.081404364984463,3.699841996286111,1.3815623686983525,x1950 crossfire edition,x1950 crossfire edition,151.0,466.0,,,,,2009.0,Desktop
xpress 1100 mobile igp,2015.74609375,480.0,40.0,1250.0,50.0,29.0,110.0,73.0,600000.0,14634.146341463416,11764.70588235294,0.3918918918918919,3.4011973816621555,3.7018580048793552,-0.3006606232171998,xpress 1100,xpress 1100,34.0,187.0,,,,,2009.0,Unknown
xpress 1150 mobile igp,2015.701171875,480.0,40.0,1250.0,50.0,29.0,110.0,73.0,600000.0,14634.146341463416,11764.70588235294,0.3918918918918919,3.4011973816621555,3.7038740134726,-0.3026766318104443,xpress 1150,xpress 1150,30.0,192.0,,,,,2009.0,Unknown
wii gpu,2015.65625,480.0,3.888,1250.0,45.0,107.0,90.0,95.0,600000.0,122749.5908346972,13043.478260869566,1.1145833333333333,4.68213122712422,3.70589002206583,0.9762412050583896,gpu,gpu,1236.0,164.0,,,,,2015.0,Mobile
es1000,2015.611328125,480.0,40.0,1250.0,50.0,8.0,180.0,80.0,600000.0,14634.146341463416,11764.70588235294,0.0987654320987654,2.19722457733622,3.7079060306590743,-1.5106814533228552,t1000,t1000,7829.0,831.0,375.72,20.84,,,2021.0,Unknown
firegl v3600,2015.56640625,120.0,16.0,1250.0,73.0,390.0,65.0,153.0,150000.0,8823.529411764706,2027.027027027027,2.5324675324675323,5.968707559985366,3.7099220392523193,2.2587855207330465,firegl v3600,firegl v3600,180.0,399.0,160.99,1.12,,,2009.0,Workstation
firegl v5600,2015.521484375,120.0,35.2,1250.0,89.0,390.0,65.0,153.0,150000.0,4143.646408839779,1666.6666666666667,2.5324675324675323,5.968707559985366,3.7119380478455497,2.256769512139816,firegl v5600,firegl v5600,341.0,445.0,225.0,1.52,,,2009.0,Workstation
firegl v7600,2015.4765625,320.0,51.2,1250.0,127.0,720.0,80.0,420.0,400000.0,7662.835249042145,3125.0,1.7102137767220902,6.580639137284949,3.7139540564387934,2.866685080846155,firegl v7600,firegl v7600,616.0,488.0,,,,,2009.0,Workstation
firegl v7700,2015.431640625,320.0,72.06,1250.0,50.0,666.0,55.0,192.0,400000.0,5474.952094169176,7843.137254901961,3.4507772020725387,6.502790045915623,3.7159700650320246,2.7868199808835987,firegl v7700,firegl v7700,660.0,422.0,69.99,9.43,,,2011.0,Workstation
firegl v8600,2015.38671875,320.0,111.1,1250.0,159.0,720.0,80.0,420.0,400000.0,3568.242640499554,2500.0,1.7102137767220902,6.580639137284949,3.717986073625269,2.86265306365968,firegl v8600,firegl v8600,839.0,406.0,,,,,2010.0,Workstation
firegl v8650,2015.341796875,320.0,111.1,1250.0,50.0,720.0,80.0,420.0,400000.0,3568.242640499554,7843.137254901961,1.7102137767220902,6.580639137284949,3.720002082218514,2.8606370550664355,firegl v8650,firegl v8650,550.0,637.0,298.99,1.84,,,2010.0,Workstation
firemv 2250,2015.296875,480.0,12.8,1250.0,32.0,105.0,90.0,100.0,600000.0,43478.260869565216,18181.81818181818,1.0396039603960396,4.663439094112067,3.722018090811744,0.9414210033003227,firemv 2250,firemv 2250,46.0,290.0,104.0,0.44,,,2009.0,Unknown
firemv 2250 pcie x1,2015.251953125,480.0,12.8,1250.0,32.0,105.0,90.0,100.0,600000.0,43478.260869565216,18181.81818181818,1.0396039603960396,4.663439094112067,3.7240340994049888,0.9394049947070782,firemv 2200 pcie,firemv 2200 pcie,36.0,259.0,89.99,0.4,,,2011.0,Workstation
mobility firegl v5250,2015.20703125,480.0,11.2,1250.0,50.0,157.0,90.0,150.0,600000.0,49180.32786885246,11764.70588235294,1.0397350993377483,5.062595033026967,3.726050107998219,1.3365449250287478,mobility firegl v5250,mobility firegl v5250,27.0,252.0,,,,,2009.0,Workstation
mobility firegl v5600,2015.162109375,120.0,12.8,1250.0,50.0,390.0,65.0,153.0,150000.0,10869.565217391304,2941.176470588235,2.5324675324675323,5.968707559985366,3.728066116591464,2.240641443393902,mobility firegl v5200,mobility firegl v5200,45.0,248.0,,,,,2012.0,Workstation
mobility hd 2300,2015.1171875,480.0,12.8,1250.0,50.0,107.0,80.0,100.0,600000.0,43478.260869565216,11764.70588235294,1.0594059405940597,4.68213122712422,3.730082125184708,0.9520491019395116,mobility hd 2300,mobility hd 2300,51.0,211.0,,,,,2012.0,Mobile
mobility hd 2400,2015.072265625,40.0,6.4,1250.0,50.0,180.0,65.0,85.0,50000.0,6756.756756756757,980.3921568627452,2.0930232558139537,5.198497031265826,3.732098133777938,1.4663988974878874,mobility hd 2400,mobility hd 2400,90.0,212.0,,,,,2010.0,Mobile
mobility hd 2400 xt,2015.02734375,40.0,6.4,1250.0,50.0,180.0,65.0,85.0,50000.0,6756.756756756757,980.3921568627452,2.0930232558139537,5.198497031265826,3.734114142371183,1.4643828888946429,mobility hd 2400 xt,mobility hd 2400 xt,102.0,246.0,,,,,2011.0,Mobile
mobility hd 2400 xt mac edition,2014.982421875,40.0,12.8,1250.0,50.0,180.0,65.0,85.0,50000.0,3623.188405797101,980.3921568627452,2.0930232558139537,5.198497031265826,3.7361301509644136,1.4623668803014125,mobility hd 2400 xt,mobility hd 2400 xt,102.0,246.0,,,,,2011.0,Mobile
mobility hd 2600,2014.9375,120.0,12.8,1250.0,50.0,390.0,65.0,153.0,150000.0,10869.565217391304,2941.176470588235,2.5324675324675323,5.968707559985366,3.738146159557658,2.230561400427708,mobility hd 2600,mobility hd 2600,168.0,267.0,,,,,2012.0,Mobile
mobility hd 2600 xt,2014.892578125,120.0,24.0,1250.0,50.0,390.0,65.0,153.0,150000.0,6000.0,2941.176470588235,2.5324675324675323,5.968707559985366,3.740162168150903,2.228545391834463,mobility hd 2600 xt,mobility hd 2600 xt,192.0,329.0,,,,,2009.0,Mobile
mobility hd 2600 xt mac edition,2014.84765625,120.0,21.92,1250.0,50.0,390.0,65.0,153.0,150000.0,6544.502617801047,2941.176470588235,2.5324675324675323,5.968707559985366,3.742178176744133,2.2265293832412327,mobility hd 2600 xt,mobility hd 2600 xt,192.0,329.0,,,,,2009.0,Mobile
mobility hd 2700,2014.802734375,120.0,22.4,1250.0,35.0,390.0,65.0,153.0,150000.0,6410.256410256411,4166.666666666667,2.5324675324675323,5.968707559985366,3.7441941853373777,2.224513374647988,mobility hd 4270,mobility hd 4270,93.0,282.0,,,,,2010.0,Mobile
mobility x1600 mac edition,2014.7578125,480.0,12.67,1250.0,50.0,157.0,90.0,150.0,600000.0,43891.73372348208,11764.70588235294,1.0397350993377483,5.062595033026967,3.7462101939306223,1.3163848390963446,mobility x600 se,mobility x600 se,49.0,233.0,,,,,2009.0,Unknown
mobility x1900,2014.712890625,480.0,30.08,1250.0,50.0,312.0,80.0,230.0,600000.0,19305.019305019305,11764.70588235294,1.3506493506493509,5.746203190540153,3.7482262025238526,1.9979769880163003,mobility x1900,mobility x1900,135.0,287.0,,,,,2010.0,Mobile
mobility x2300,2014.66796875,480.0,6.272,1250.0,50.0,105.0,90.0,100.0,600000.0,82508.2508250825,11764.70588235294,1.0396039603960396,4.663439094112067,3.750242211117097,0.9131968829949696,mobility x2300,mobility x2300,48.0,263.0,,,,,2012.0,Mobile
mobility x2300,2014.623046875,480.0,7.136,1250.0,50.0,105.0,90.0,100.0,600000.0,73746.3126843658,11764.70588235294,1.0396039603960396,4.663439094112067,3.752258219710328,0.9111808744017392,mobility x2300,mobility x2300,48.0,263.0,,,,,2012.0,Mobile
mobility x2300 hd,2014.578125,480.0,3.024,1250.0,50.0,107.0,80.0,100.0,600000.0,149105.36779324056,11764.70588235294,1.0594059405940597,4.68213122712422,3.754274228303572,0.9278569988206478,mobility x2300 hd,mobility x2300 hd,49.0,244.0,,,,,2009.0,Unknown
mobility x2500,2014.533203125,480.0,12.8,1250.0,50.0,157.0,90.0,150.0,600000.0,43478.260869565216,11764.70588235294,1.0397350993377483,5.062595033026967,3.7562902368968167,1.3063047961301502,mobility x2500,mobility x2500,82.0,235.0,,,,,2009.0,Mobile
e2400,2014.48828125,40.0,11.2,1250.0,25.0,180.0,65.0,85.0,50000.0,4098.360655737705,1923.076923076923,2.0930232558139537,5.198497031265826,3.758306245490047,1.440190785775779,e2400,e2400,52.0,287.0,,,,,2011.0,Unknown
hd 2350 pro,2014.443359375,40.0,6.4,1250.0,20.0,180.0,65.0,85.0,50000.0,6756.756756756757,2380.9523809523807,2.0930232558139537,5.198497031265826,3.760322254083292,1.4381747771825344,hd 2900 pro,hd 2900 pro,628.0,397.0,,,200.0,3.14,2011.0,Desktop
hd 2400 pro,2014.3984375,40.0,6.4,1250.0,20.0,180.0,65.0,85.0,50000.0,6756.756756756757,2380.9523809523807,2.0930232558139537,5.198497031265826,3.762338262676522,1.436158768589304,hd 2400 pro,hd 2400 pro,114.0,346.0,,,20.0,5.72,2011.0,Desktop
hd 2400 pro agp,2014.353515625,40.0,6.4,1250.0,20.0,180.0,65.0,85.0,50000.0,6756.756756756757,2380.9523809523807,2.0930232558139537,5.198497031265826,3.764354271269767,1.4341427599960594,hd 2600 pro agp,hd 2600 pro agp,110.0,137.0,,,,,2011.0,Unknown
hd 2400 pro pci,2014.30859375,40.0,6.4,1250.0,20.0,180.0,65.0,85.0,50000.0,6756.756756756757,2380.9523809523807,2.0930232558139537,5.198497031265826,3.766370279863011,1.4321267514028149,hd 2400 pro,hd 2400 pro,114.0,346.0,,,20.0,5.72,2011.0,Desktop
hd 2400 xt,2014.263671875,40.0,8.0,1250.0,25.0,180.0,65.0,85.0,50000.0,5555.555555555556,1923.076923076923,2.0930232558139537,5.198497031265826,3.7683862884562416,1.4301107428095845,hd 2400 xt,hd 2400 xt,119.0,357.0,,,25.0,4.76,2011.0,Desktop
hd 2600 pro,2014.21875,120.0,16.0,1250.0,35.0,390.0,65.0,153.0,150000.0,8823.529411764706,4166.666666666667,2.5324675324675323,5.968707559985366,3.770402297049486,2.19830526293588,hd 2600 pro,hd 2600 pro,211.0,337.0,188.44,1.12,35.0,6.04,2011.0,Desktop
hd 2600 pro agp,2014.173828125,120.0,12.67,1250.0,35.0,390.0,65.0,153.0,150000.0,10972.93343087052,4166.666666666667,2.5324675324675323,5.968707559985366,3.772418305642717,2.1962892543426493,hd 2600 pro agp,hd 2600 pro agp,110.0,137.0,,,,,2011.0,Unknown
hd 2600 xt,2014.12890625,120.0,22.4,1250.0,45.0,390.0,65.0,153.0,150000.0,6410.256410256411,3260.8695652173915,2.5324675324675323,5.968707559985366,3.774434314235961,2.1942732457494047,hd 2600 xt,hd 2600 xt,283.0,371.0,159.0,1.78,45.0,6.28,2011.0,Desktop
hd 2600 xt,2014.083984375,120.0,35.2,1250.0,50.0,390.0,65.0,153.0,150000.0,4143.646408839779,2941.176470588235,2.5324675324675323,5.968707559985366,3.7764503228292057,2.19225723715616,hd 2600 xt,hd 2600 xt,283.0,371.0,159.0,1.78,45.0,6.28,2011.0,Desktop
hd 2600 xt agp,2014.0390625,120.0,25.6,1250.0,45.0,390.0,65.0,153.0,150000.0,5639.097744360902,3260.8695652173915,2.5324675324675323,5.968707559985366,3.778466331422436,2.19024122856293,hd 2600 xt,hd 2600 xt,283.0,371.0,159.0,1.78,45.0,6.28,2011.0,Desktop
hd 2600 xt agp,2013.994140625,120.0,12.96,1250.0,45.0,378.0,55.0,135.0,150000.0,10744.985673352436,3260.8695652173915,2.7794117647058822,5.937536205082426,3.7804823400156806,2.1570538650667457,hd 2600 xt,hd 2600 xt,283.0,371.0,159.0,1.78,45.0,6.28,2011.0,Desktop
hd 2600 xt x2,2013.94921875,120.0,25.6,1250.0,50.0,390.0,65.0,153.0,150000.0,5639.097744360902,2941.176470588235,2.5324675324675323,5.968707559985366,3.782498348608925,2.1862092113764406,hd 2600 xt,hd 2600 xt,283.0,371.0,159.0,1.78,45.0,6.28,2011.0,Desktop
hd 2900 gt,2013.904296875,240.0,51.2,1250.0,150.0,720.0,80.0,420.0,300000.0,5747.126436781609,1986.754966887417,1.7102137767220902,6.580639137284949,3.784514357202156,2.7961247800827937,hd 2900 gt,hd 2900 gt,292.0,344.0,,,150.0,1.95,2012.0,Desktop
hd 2900 pro,2013.859375,320.0,51.2,1250.0,200.0,720.0,80.0,420.0,400000.0,7662.835249042145,1990.0497512437807,1.7102137767220902,6.580639137284949,3.7865303657954,2.794108771489549,hd 2900 pro,hd 2900 pro,628.0,397.0,,,200.0,3.14,2011.0,Desktop
hd 2900 xt,2013.814453125,320.0,106.0,1250.0,215.0,720.0,80.0,420.0,400000.0,3738.3177570093458,1851.851851851852,1.7102137767220902,6.580639137284949,3.7885463743886314,2.792092762896319,hd 2900 xt,hd 2900 xt,660.0,397.0,,,215.0,3.07,2012.0,Desktop
hd 3450,2013.76953125,40.0,8.0,1250.0,25.0,181.0,55.0,67.0,50000.0,5555.555555555556,1923.076923076923,2.661764705882353,5.204006687076795,3.790562382981875,1.41344430409492,hd 3450,hd 3450,118.0,29.0,89.0,1.33,25.0,4.74,2011.0,Desktop
hd 3450 x2,2013.724609375,40.0,8.0,1250.0,50.0,181.0,55.0,67.0,50000.0,5555.555555555556,980.3921568627452,2.661764705882353,5.204006687076795,3.79257839157512,1.4114282955016757,hd 4850 x2,hd 4850 x2,1132.0,542.0,,,250.0,4.53,2012.0,Desktop
hd 3850,2013.6796875,320.0,53.12,1250.0,75.0,666.0,55.0,192.0,400000.0,7390.983000739098,5263.1578947368425,3.4507772020725387,6.502790045915623,3.79459440016835,2.7081956457472733,hd 3850,hd 3850,410.0,43.0,,,75.0,5.47,2011.0,Desktop
hd 3870,2013.634765625,320.0,72.06,1250.0,106.0,666.0,55.0,192.0,400000.0,5474.952094169176,3738.3177570093458,3.4507772020725387,6.502790045915623,3.7966104087615946,2.7061796371540288,hd 3870,hd 3870,576.0,82.0,69.99,8.22,106.0,5.43,2012.0,Desktop
x1050 agp,2013.58984375,480.0,6.496,1250.0,24.0,60.0,130.0,76.0,600000.0,80042.68943436499,24000.0,0.7792207792207793,4.110873864173311,3.798626417354825,0.3122474468184864,x1050,x1050,49.0,245.0,,,,,2009.0,Desktop
x1550,2013.544921875,480.0,12.8,1250.0,27.0,107.0,90.0,100.0,600000.0,43478.260869565216,21428.571428571428,1.0594059405940597,4.68213122712422,3.8006424259480696,0.8814888011761504,x1550,x1550,67.0,253.0,155.0,0.43,27.0,2.47,2009.0,Desktop
x1550,2013.5,480.0,12.8,1250.0,27.0,105.0,90.0,100.0,600000.0,43478.260869565216,21428.571428571428,1.0396039603960396,4.663439094112067,3.802658434541314,0.8607806595707528,x1550,x1550,67.0,253.0,155.0,0.43,27.0,2.47,2009.0,Desktop
x1550,2013.455078125,480.0,5.328,1250.0,27.0,107.0,90.0,100.0,600000.0,94816.68773704172,21428.571428571428,1.0594059405940597,4.68213122712422,3.804674443134545,0.8774567839896754,x1550,x1550,67.0,253.0,155.0,0.43,27.0,2.47,2009.0,Desktop
x1550 agp,2013.41015625,480.0,5.28,1250.0,27.0,107.0,90.0,100.0,600000.0,95541.40127388536,21428.571428571428,1.0594059405940597,4.68213122712422,3.806690451727789,0.8754407753964308,x1550,x1550,67.0,253.0,155.0,0.43,27.0,2.47,2009.0,Desktop
x1550 pci,2013.365234375,480.0,4.256,1250.0,27.0,105.0,90.0,100.0,600000.0,114155.25114155252,21428.571428571428,1.0396039603960396,4.663439094112067,3.808706460321019,0.8547326337910475,x1550,x1550,67.0,253.0,155.0,0.43,27.0,2.47,2009.0,Desktop
x1600,2013.3203125,480.0,12.8,1250.0,27.0,105.0,90.0,100.0,600000.0,43478.260869565216,21428.571428571428,1.0396039603960396,4.663439094112067,3.810722468914264,0.8527166251978029,x1600,x1600,49.0,209.0,,,,,2009.0,Unknown
x1600 pro agp,2013.275390625,480.0,12.48,1250.0,41.0,157.0,90.0,150.0,600000.0,44510.38575667656,14285.714285714286,1.0397350993377483,5.062595033026967,3.8127384775075086,1.2498565555194583,x1600 pro,x1600 pro,99.0,273.0,,,41.0,2.41,2012.0,Desktop
x1600 se,2013.23046875,480.0,8.0,1250.0,27.0,107.0,90.0,100.0,600000.0,66666.66666666667,21428.571428571428,1.0594059405940597,4.68213122712422,3.814754486100739,0.867376741023481,x1650 se,x1650 se,71.0,358.0,,,,,2009.0,Unknown
x1650,2013.185546875,480.0,12.8,1250.0,50.0,157.0,90.0,150.0,600000.0,43478.260869565216,11764.70588235294,1.0397350993377483,5.062595033026967,3.816770494693984,1.2458245383329831,x1600,x1600,49.0,209.0,,,,,2009.0,Unknown
x1650,2013.140625,480.0,6.4,1250.0,50.0,105.0,90.0,100.0,600000.0,81081.08108108108,11764.70588235294,1.0396039603960396,4.663439094112067,3.818786503287228,0.8446525908248388,x1600,x1600,49.0,209.0,,,,,2009.0,Unknown
x1650 agp,2013.095703125,480.0,12.8,1250.0,50.0,157.0,90.0,150.0,600000.0,43478.260869565216,11764.70588235294,1.0397350993377483,5.062595033026967,3.8208025118804585,1.2417925211465084,x1650 pro,x1650 pro,85.0,241.0,160.89,0.53,44.0,1.93,2010.0,Desktop
x1650 gt,2013.05078125,480.0,12.8,1250.0,50.0,312.0,80.0,230.0,600000.0,43478.260869565216,11764.70588235294,1.3506493506493509,5.746203190540153,3.822818520473703,1.9233846700664496,x1650 gto,x1650 gto,75.0,384.0,,,,,2009.0,Unknown
x1650 gto,2013.005859375,480.0,12.54,1250.0,50.0,157.0,90.0,150.0,600000.0,44313.14623338257,11764.70588235294,1.0397350993377483,5.062595033026967,3.824834529066933,1.2377605039600337,x1650 gto,x1650 gto,75.0,384.0,,,,,2009.0,Unknown
x1650 pro,2012.9609375,480.0,22.4,1250.0,50.0,157.0,90.0,150.0,600000.0,25641.025641025644,11764.70588235294,1.0397350993377483,5.062595033026967,3.826850537660178,1.2357444953667889,x1650 pro,x1650 pro,85.0,241.0,160.89,0.53,44.0,1.93,2010.0,Desktop
x1650 se,2012.916015625,480.0,12.8,1250.0,27.0,107.0,90.0,100.0,600000.0,43478.260869565216,21428.571428571428,1.0594059405940597,4.68213122712422,3.828866546253423,0.8532646808707973,x1650 se,x1650 se,71.0,358.0,,,,,2009.0,Unknown
x1650 se,2012.87109375,480.0,12.8,1250.0,27.0,105.0,90.0,100.0,600000.0,43478.260869565216,21428.571428571428,1.0396039603960396,4.663439094112067,3.830882554846653,0.832556539265414,x1650 se,x1650 se,71.0,358.0,,,,,2009.0,Unknown
x1700 fsc,2012.826171875,480.0,22.24,1250.0,44.0,157.0,80.0,131.0,600000.0,25817.55593803787,13333.333333333334,1.1893939393939394,5.062595033026967,3.8328985634398975,1.2296964695870694,x700 se,x700 se,71.0,348.0,,,,,2009.0,Desktop
x1700 se,2012.78125,480.0,16.0,1250.0,50.0,312.0,80.0,230.0,600000.0,35294.117647058825,11764.70588235294,1.3506493506493509,5.746203190540153,3.834914572033128,1.911288618507025,x700 se,x700 se,71.0,348.0,,,,,2009.0,Desktop
x1950 gt,2012.736328125,480.0,38.4,1250.0,57.0,312.0,80.0,230.0,600000.0,15228.426395939086,10344.827586206897,1.3506493506493509,5.746203190540153,3.836930580626373,1.9092726099137804,x1950 gt,x1950 gt,106.0,279.0,,,57.0,1.86,2010.0,Desktop
x1950 gt agp,2012.69140625,480.0,38.4,1250.0,57.0,312.0,80.0,230.0,600000.0,15228.426395939086,10344.827586206897,1.3506493506493509,5.746203190540153,3.838946589219617,1.907256601320536,x1950 gt,x1950 gt,106.0,279.0,,,57.0,1.86,2010.0,Desktop
x1950 pro dual,2012.646484375,480.0,44.16,1250.0,130.0,312.0,80.0,230.0,600000.0,13286.093888396812,4580.152671755725,1.3506493506493509,5.746203190540153,3.840962597812848,1.9052405927273053,x1950 pro,x1950 pro,113.0,318.0,,,66.0,1.71,2009.0,Desktop
x1950 xtx uber edition,2012.6015625,480.0,67.2,1250.0,125.0,384.0,90.0,352.0,600000.0,8797.653958944282,4761.9047619047615,1.0878186968838528,5.953243334287785,3.842978606406092,2.1102647278816926,x850 xt platinum edition,x850 xt platinum edition,82.0,261.0,,,,,2011.0,Desktop
x550 xt,2012.556640625,480.0,9.6,1250.0,50.0,120.0,110.0,156.0,600000.0,56603.77358490566,11764.70588235294,0.7643312101910829,4.795790545596741,3.8449946149993215,0.950795930597419,x550xt,x550xt,56.0,224.0,,,,,2009.0,Unknown
x550 xtx,2012.51171875,480.0,4.8,1250.0,50.0,120.0,110.0,156.0,600000.0,103448.27586206896,11764.70588235294,0.7643312101910829,4.795790545596741,3.847010623592567,0.9487799220041744,x550xtx,x550xtx,71.0,240.0,,,,,2009.0,Unknown
x800 gt agp,2012.466796875,480.0,31.55,1250.0,40.0,160.0,130.0,281.0,600000.0,18433.179723502304,14634.146341463416,0.5673758865248227,5.081404364984463,3.849026632185812,1.2323777327986516,x800 gt,x800 gt,84.0,423.0,,,,,2009.0,Desktop
x800 gto,2012.421875,480.0,22.4,1250.0,49.0,160.0,130.0,289.0,600000.0,25641.025641025644,12000.0,0.5517241379310345,5.081404364984463,3.851042640779042,1.2303617242054212,x800 gto,x800 gto,115.0,162.0,,,,,2010.0,Desktop
x800 gto agp,2012.376953125,480.0,31.36,1250.0,49.0,160.0,130.0,281.0,600000.0,18541.40914709518,12000.0,0.5673758865248227,5.081404364984463,3.8530586493722874,1.2283457156121766,x800 gto,x800 gto,115.0,162.0,,,,,2010.0,Desktop
xpress 1100 igp,2012.33203125,480.0,40.0,1250.0,50.0,29.0,130.0,73.0,600000.0,14634.146341463416,11764.70588235294,0.3918918918918919,3.4011973816621555,3.855074657965531,-0.4538772763033756,xpress 1100,xpress 1100,34.0,187.0,,,,,2009.0,Unknown
xpress 1150 igp,2012.287109375,480.0,40.0,1250.0,50.0,29.0,110.0,73.0,600000.0,14634.146341463416,11764.70588235294,0.3918918918918919,3.4011973816621555,3.8570906665587614,-0.4558932848966059,xpress 1150,xpress 1150,30.0,192.0,,,,,2009.0,Unknown
xpress 1200 igp,2012.2421875,480.0,40.0,1250.0,50.0,120.0,80.0,73.0,600000.0,14634.146341463416,11764.70588235294,1.6216216216216215,4.795790545596741,3.859106675152006,0.9366838704447352,xpress 1200,xpress 1200,36.0,192.0,,,,,2009.0,Unknown
xpress 1200 igp,2012.197265625,480.0,40.0,1250.0,50.0,120.0,80.0,73.0,600000.0,14634.146341463416,11764.70588235294,1.6216216216216215,4.795790545596741,3.861122683745237,0.934667861851505,xpress 1200,xpress 1200,36.0,192.0,,,,,2009.0,Unknown
xpress 1200 mobile igp,2012.15234375,480.0,40.0,1250.0,50.0,120.0,90.0,73.0,600000.0,14634.146341463416,11764.70588235294,1.6216216216216215,4.795790545596741,3.863138692338481,0.9326518532582604,xpress 200m,xpress 200m,23.0,176.0,,,,,2009.0,Unknown
xpress 1200 mobile igp,2012.107421875,480.0,40.0,1250.0,50.0,120.0,80.0,73.0,600000.0,14634.146341463416,11764.70588235294,1.6216216216216215,4.795790545596741,3.8651547009317255,0.9306358446650158,xpress 200m,xpress 200m,23.0,176.0,,,,,2009.0,Unknown
xpress 1250 igp,2012.0625,480.0,40.0,1250.0,50.0,120.0,80.0,73.0,600000.0,14634.146341463416,11764.70588235294,1.6216216216216215,4.795790545596741,3.867170709524956,0.9286198360717854,xpress 1250,xpress 1250,43.0,197.0,,,,,2012.0,Unknown
xpress 1250 mobile igp,2012.017578125,480.0,40.0,1250.0,50.0,120.0,90.0,73.0,600000.0,14634.146341463416,11764.70588235294,1.6216216216216215,4.795790545596741,3.869186718118201,0.9266038274785408,xpress 1250,xpress 1250,43.0,197.0,,,,,2012.0,Unknown
xpress 1250 mobile igp,2011.97265625,480.0,40.0,1250.0,50.0,120.0,80.0,73.0,600000.0,14634.146341463416,11764.70588235294,1.6216216216216215,4.795790545596741,3.871202726711431,0.9245878188853104,xpress 1250,xpress 1250,43.0,197.0,,,,,2012.0,Unknown
xpress 1270 mobile igp,2011.927734375,480.0,40.0,1250.0,50.0,120.0,80.0,73.0,600000.0,14634.146341463416,11764.70588235294,1.6216216216216215,4.795790545596741,3.8732187353046754,0.922571810292066,xpress 1270,xpress 1270,27.0,191.0,,,,,2009.0,Unknown
xpress 1270 mobile igp,2011.8828125,480.0,40.0,1250.0,50.0,120.0,80.0,73.0,600000.0,14634.146341463416,11764.70588235294,1.6216216216216215,4.795790545596741,3.87523474389792,0.9205558016988212,xpress 1270,xpress 1270,27.0,191.0,,,,,2009.0,Unknown
all in wonder hd 3650,2011.79296875,120.0,19.2,1250.0,55.0,378.0,55.0,135.0,150000.0,7425.742574257426,2678.5714285714284,2.7794117647058822,5.937536205082426,3.879266761084395,2.058269443998032,all in wonder 8500dv,all in wonder 8500dv,6.0,128.0,,,,,2010.0,Unknown
firemv 2260,2011.748046875,40.0,8.0,1250.0,15.0,181.0,55.0,67.0,50000.0,5555.555555555556,3125.0,2.661764705882353,5.204006687076795,3.881282769677625,1.3227239173991698,firemv 2260,firemv 2260,117.0,488.0,88.08,1.33,15.0,7.82,2011.0,Workstation
firemv 2260 pcie x1,2011.703125,40.0,8.0,1250.0,15.0,181.0,55.0,67.0,50000.0,5555.555555555556,3125.0,2.661764705882353,5.204006687076795,3.88329877827087,1.3207079088059253,firemv 2200 pcie,firemv 2200 pcie,36.0,259.0,89.99,0.4,,,2011.0,Workstation
firemv 2400 pci,2011.658203125,480.0,16.0,1250.0,20.0,75.0,130.0,92.0,600000.0,35294.117647058825,28571.42857142857,0.8064516129032258,4.330733340286331,3.8853147868641145,0.4454185534222166,firemv 2400 pcie,firemv 2400 pcie,11.0,283.0,,,,,2011.0,Workstation
firemv 2400 pcie x1,2011.61328125,480.0,6.496,1250.0,20.0,75.0,130.0,92.0,600000.0,80042.68943436499,28571.42857142857,0.8064516129032258,4.330733340286331,3.887330795457345,0.4434025448289862,firemv 2400 pcie,firemv 2400 pcie,11.0,283.0,,,,,2011.0,Workstation
firepro 2260 pci,2011.568359375,40.0,8.0,1250.0,15.0,181.0,55.0,67.0,50000.0,5555.555555555556,3125.0,2.661764705882353,5.204006687076795,3.889346804050589,1.3146598830262055,firepro 2260,firepro 2260,113.0,431.0,,,,,2010.0,Unknown
firepro v3700,2011.5234375,40.0,15.2,1250.0,32.0,181.0,55.0,67.0,50000.0,3086.41975308642,1515.1515151515152,2.661764705882353,5.204006687076795,3.891362812643834,1.3126438744329612,firepro v8700,firepro v8700,1539.0,527.0,157.88,9.75,,,2015.0,Unknown
firepro v3750,2011.478515625,320.0,22.4,1250.0,48.0,514.0,55.0,146.0,400000.0,17094.017094017094,8163.265306122449,3.496598639455782,6.244166900663736,3.893378821237064,2.350788079426672,firepro 3d v3750,firepro 3d v3750,341.0,467.0,50.88,6.71,48.0,7.11,2009.0,Workstation
firepro v5700,2011.43359375,320.0,28.8,1250.0,56.0,514.0,55.0,146.0,400000.0,13422.818791946307,7017.543859649123,3.496598639455782,6.244166900663736,3.895394829830309,2.3487720708334274,firepro v5700,firepro v5700,465.0,469.0,188.06,2.47,,,2015.0,Unknown
firepro v8700,2011.388671875,800.0,108.8,1250.0,151.0,956.0,55.0,256.0,1000000.0,9107.468123861569,6578.9473684210525,3.719844357976654,6.863803391452954,3.8974108384235393,2.966392553029415,firepro v8700,firepro v8700,1539.0,527.0,157.88,9.75,,,2015.0,Unknown
firepro v8750,2011.34375,800.0,115.2,1250.0,151.0,956.0,55.0,256.0,1000000.0,8605.851979345955,6578.9473684210525,3.719844357976654,6.863803391452954,3.899426847016784,2.9643765444361705,firepro v8700,firepro v8700,1539.0,527.0,157.88,9.75,,,2015.0,Unknown
mobility firegl v5700,2011.298828125,120.0,22.4,1250.0,50.0,378.0,55.0,135.0,150000.0,6410.256410256411,2941.176470588235,2.7794117647058822,5.937536205082426,3.901442855610029,2.036093349472398,mobility firegl v5200,mobility firegl v5200,45.0,248.0,,,,,2012.0,Workstation
mobility hd 3410,2011.25390625,40.0,6.4,1250.0,7.0,181.0,55.0,67.0,50000.0,6756.756756756757,6250.0,2.661764705882353,5.204006687076795,3.903458864203259,1.3005478228735363,mobility hd 3410,mobility hd 3410,63.0,130.0,,,,,2010.0,Mobile
mobility hd 3430,2011.208984375,40.0,6.4,1250.0,12.0,181.0,55.0,67.0,50000.0,6756.756756756757,3846.153846153846,2.661764705882353,5.204006687076795,3.905474872796504,1.2985318142802915,mobility hd 3430,mobility hd 3430,98.0,260.0,,,,,2009.0,Mobile
mobility hd 3450,2011.1640625,40.0,6.4,1250.0,50.0,181.0,55.0,67.0,50000.0,6756.756756756757,980.3921568627452,2.661764705882353,5.204006687076795,3.9074908813897338,1.2965158056870614,mobility hd 3450,mobility hd 3450,91.0,247.0,,,,,2009.0,Mobile
mobility hd 3470,2011.119140625,40.0,6.4,1250.0,50.0,181.0,55.0,67.0,50000.0,6756.756756756757,980.3921568627452,2.661764705882353,5.204006687076795,3.9095068899829775,1.2944997970938168,mobility hd 3470,mobility hd 3470,93.0,250.0,,,,,2009.0,Mobile
mobility hd 3650,2011.07421875,120.0,22.4,1250.0,50.0,378.0,55.0,135.0,150000.0,6410.256410256411,2941.176470588235,2.7794117647058822,5.937536205082426,3.911522898576223,2.026013306506204,mobility hd 3650,mobility hd 3650,130.0,48.0,73.53,1.77,,,2009.0,Mobile
mobility hd 3670,2011.029296875,120.0,25.6,1250.0,30.0,378.0,55.0,135.0,150000.0,5639.097744360902,4838.709677419355,2.7794117647058822,5.937536205082426,3.913538907169453,2.023997297912973,mobility hd 3670,mobility hd 3670,232.0,331.0,,,,,2009.0,Mobile
mobility hd 3850,2010.984375,320.0,48.0,1250.0,35.0,666.0,55.0,192.0,400000.0,8163.265306122449,11111.111111111111,3.4507772020725387,6.502790045915623,3.915554915762698,2.587235130152925,mobility hd 3850,mobility hd 3850,366.0,248.0,,,,,2009.0,Mobile
mobility hd 3850 x2,2010.939453125,320.0,48.0,1250.0,70.0,666.0,55.0,192.0,400000.0,8163.265306122449,5633.802816901409,3.4507772020725387,6.502790045915623,3.9175709243559433,2.585219121559681,mobility hd 3870 x2,mobility hd 3870 x2,478.0,187.0,,,,,2009.0,Mobile
mobility hd 3870,2010.89453125,320.0,54.4,1250.0,55.0,666.0,55.0,192.0,400000.0,7220.216606498195,7142.857142857143,3.4507772020725387,6.502790045915623,3.919586932949173,2.5832031129664506,mobility hd 3870,mobility hd 3870,548.0,288.0,,,,,2009.0,Mobile
mobility hd 3870 x2,2010.849609375,320.0,54.4,1250.0,110.0,666.0,55.0,192.0,400000.0,7220.216606498195,3603.603603603604,3.4507772020725387,6.502790045915623,3.9216029415424174,2.581187104373206,mobility hd 3870 x2,mobility hd 3870 x2,478.0,187.0,,,,,2009.0,Mobile
2100 igp,2010.8046875,480.0,40.0,1250.0,50.0,120.0,55.0,73.0,600000.0,14634.146341463416,11764.70588235294,1.6216216216216215,4.795790545596741,3.923618950135648,0.8721715954610936,9100 igp,9100 igp,5.0,128.0,,,,,2010.0,Unknown
3100 igp,2010.759765625,40.0,40.0,1250.0,50.0,180.0,65.0,85.0,50000.0,1219.5121951219512,980.3921568627452,2.0930232558139537,5.198497031265826,3.925634958728892,1.2728620725369335,9100 igp,9100 igp,5.0,128.0,,,,,2010.0,Unknown
3100 mobile igp,2010.71484375,40.0,40.0,1250.0,50.0,180.0,65.0,85.0,50000.0,1219.5121951219512,980.3921568627452,2.0930232558139537,5.198497031265826,3.927650967322137,1.2708460639436892,gtx 1070 mobile,gtx 1070 mobile,10465.0,603.0,,,,,2019.0,Mobile
hd 2400,2010.669921875,40.0,7.92,1250.0,20.0,180.0,65.0,85.0,50000.0,5605.3811659192825,2380.9523809523807,2.0930232558139537,5.198497031265826,3.9296669759153673,1.2688300553504588,hd 2400,hd 2400,121.0,298.0,88.2,1.37,,,2012.0,Unknown
hd 2600 xt mac edition,2010.625,120.0,25.6,1250.0,45.0,390.0,65.0,153.0,150000.0,5639.097744360902,3260.8695652173915,2.5324675324675323,5.968707559985366,3.931682984508612,2.037024575476754,x800 xt platinum edition,x800 xt platinum edition,81.0,170.0,,,,,2012.0,Desktop
hd 3200 igp,2010.580078125,40.0,40.0,1250.0,50.0,180.0,65.0,85.0,50000.0,1219.5121951219512,980.3921568627452,2.0930232558139537,5.198497031265826,3.933698993101842,1.2647980381639838,hd 3200,hd 3200,82.0,227.0,,,,,2012.0,Unknown
hd 3300 igp,2010.53515625,40.0,40.0,1250.0,50.0,180.0,65.0,85.0,50000.0,1219.5121951219512,980.3921568627452,2.0930232558139537,5.198497031265826,3.935715001695087,1.2627820295707393,hd 3300,hd 3300,127.0,373.0,,,,,2009.0,Unknown
hd 3450 agp,2010.490234375,40.0,8.0,1250.0,25.0,181.0,55.0,67.0,50000.0,5555.555555555556,1923.076923076923,2.661764705882353,5.204006687076795,3.9377310102883314,1.2662756767884638,hd 4650 agp,hd 4650 agp,208.0,156.0,,,,,2011.0,Unknown
hd 3450 pci,2010.4453125,40.0,6.4,1250.0,25.0,181.0,55.0,67.0,50000.0,6756.756756756757,1923.076923076923,2.661764705882353,5.204006687076795,3.9397470188815618,1.2642596681952334,hd 2400 pci,hd 2400 pci,14.0,86.0,,,,,2009.0,Unknown
hd 3470,2010.400390625,40.0,15.2,1250.0,30.0,181.0,55.0,67.0,50000.0,3086.41975308642,1612.9032258064517,2.661764705882353,5.204006687076795,3.9417630274748063,1.2622436596019888,hd 3470,hd 3470,90.0,95.0,109.65,0.82,30.0,2.99,2011.0,Desktop
hd 3550,2010.35546875,40.0,6.336,1250.0,30.0,181.0,55.0,67.0,50000.0,6815.703380588877,1612.9032258064517,2.661764705882353,5.204006687076795,3.9437790360680367,1.2602276510087584,hd 8350,hd 8350,165.0,233.0,99.81,1.65,4.4,37.41,2013.0,Desktop
hd 3650,2010.310546875,120.0,25.6,1250.0,65.0,378.0,55.0,135.0,150000.0,5639.097744360902,2272.7272727272725,2.7794117647058822,5.937536205082426,3.945795044661281,1.991741160421145,hd 8350,hd 8350,165.0,233.0,99.81,1.65,4.4,37.41,2013.0,Desktop
hd 3650 agp,2010.265625,120.0,16.0,1250.0,65.0,378.0,55.0,135.0,150000.0,8823.529411764706,2272.7272727272725,2.7794117647058822,5.937536205082426,3.947811053254526,1.9897251518279004,hd 3650 agp,hd 3650 agp,150.0,155.0,185.0,0.81,,,2011.0,Unknown
hd 3690,2010.220703125,320.0,26.56,1250.0,75.0,666.0,55.0,192.0,400000.0,14513.78809869376,5263.1578947368425,3.4507772020725387,6.502790045915623,3.949827061847756,2.552962984067867,hd 6990,hd 6990,3013.0,630.0,498.49,6.04,375.0,8.04,2011.0,Desktop
hd 3730,2010.17578125,120.0,12.67,1250.0,65.0,378.0,55.0,135.0,150000.0,10972.93343087052,2272.7272727272725,2.7794117647058822,5.937536205082426,3.951843070441001,1.9856931346414253,hd 8330,hd 8330,252.0,68.0,,,,,2013.0,Unknown
hd 3750,2010.130859375,120.0,22.18,1250.0,65.0,378.0,55.0,135.0,150000.0,6471.095772217429,2272.7272727272725,2.7794117647058822,5.937536205082426,3.953859079034245,1.983677126048181,hd 8350,hd 8350,165.0,233.0,99.81,1.65,4.4,37.41,2013.0,Desktop
hd 3830,2010.0859375,320.0,26.5,1250.0,75.0,666.0,55.0,192.0,400000.0,14545.454545454546,5263.1578947368425,3.4507772020725387,6.502790045915623,3.955875087627476,2.546914958288148,hd 8350,hd 8350,165.0,233.0,99.81,1.65,4.4,37.41,2013.0,Desktop
hd 3850 agp,2010.041015625,320.0,52.99,1250.0,75.0,666.0,55.0,192.0,400000.0,7408.7794035932575,5263.1578947368425,3.4507772020725387,6.502790045915623,3.95789109622072,2.544898949694903,hd 3850 agp,hd 3850 agp,432.0,92.0,,,75.0,5.76,2012.0,Desktop
hd 3850 x2,2009.99609375,320.0,52.99,1250.0,140.0,666.0,55.0,192.0,400000.0,7408.7794035932575,2836.8794326241136,3.4507772020725387,6.502790045915623,3.959907104813951,2.5428829411016727,hd 3850 x2,hd 3850 x2,822.0,422.0,,,349.0,2.36,2009.0,Desktop
hd 3870 mac edition,2009.951171875,320.0,72.06,1250.0,106.0,666.0,55.0,192.0,400000.0,5474.952094169176,3738.3177570093458,3.4507772020725387,6.502790045915623,3.9619231134071953,2.540866932508428,x1700 targa edition,x1700 targa edition,117.0,255.0,,,,,2012.0,Unknown
hd 3870 x2,2009.90625,320.0,57.66,1250.0,165.0,666.0,55.0,192.0,400000.0,6818.956699624958,2409.6385542168678,3.4507772020725387,6.502790045915623,3.96393912200044,2.5388509239151835,hd 3870 x2,hd 3870 x2,709.0,224.0,,,165.0,4.29,2011.0,Desktop
hd 4350,2009.861328125,80.0,6.4,1250.0,20.0,242.0,55.0,73.0,100000.0,13513.513513513511,4761.9047619047615,3.27027027027027,5.493061443340548,3.96595513059367,1.527106312746878,hd 4350,hd 4350,103.0,34.0,102.24,1.0,20.0,5.13,2012.0,Desktop
hd 4350 agp,2009.81640625,80.0,10.4,1250.0,20.0,242.0,55.0,73.0,100000.0,8771.929824561403,4761.9047619047615,3.27027027027027,5.493061443340548,3.967971139186915,1.5250903041536334,hd 4650 agp,hd 4650 agp,208.0,156.0,,,,,2011.0,Unknown
hd 4350 pci,2009.771484375,80.0,6.4,1250.0,20.0,242.0,55.0,73.0,100000.0,13513.513513513511,4761.9047619047615,3.27027027027027,5.493061443340548,3.969987147780145,1.523074295560403,hd 2400 pci,hd 2400 pci,14.0,86.0,,,,,2009.0,Unknown
hd 4350 pcie x1,2009.7265625,80.0,6.4,1250.0,20.0,242.0,55.0,73.0,100000.0,13513.513513513511,4761.9047619047615,3.27027027027027,5.493061443340548,3.9720031563733897,1.5210582869671585,hd 2400 pci,hd 2400 pci,14.0,86.0,,,,,2009.0,Unknown
hd 4550,2009.681640625,80.0,10.48,1250.0,25.0,242.0,55.0,73.0,100000.0,8710.801393728223,3846.153846153846,3.27027027027027,5.493061443340548,3.9740191649666334,1.519042278373914,hd 4550,hd 4550,236.0,429.0,156.0,1.51,20.0,11.79,2012.0,Desktop
hd 4570,2009.63671875,80.0,8.0,1250.0,25.0,242.0,55.0,73.0,100000.0,11111.111111111111,3846.153846153846,3.27027027027027,5.493061443340548,3.9760351735598647,1.5170262697806836,hd 8570,hd 8570,991.0,308.0,98.68,10.04,66.0,15.01,2013.0,Desktop
hd 4650,2009.591796875,320.0,22.4,1250.0,48.0,514.0,55.0,146.0,400000.0,17094.017094017094,8163.265306122449,3.496598639455782,6.244166900663736,3.978051182153109,2.266115718510627,hd 4650,hd 4650,219.0,39.0,69.99,3.13,48.0,4.57,2011.0,Desktop
hd 4650 agp,2009.546875,320.0,12.8,1250.0,48.0,514.0,55.0,146.0,400000.0,28985.50724637681,8163.265306122449,3.496598639455782,6.244166900663736,3.98006719074634,2.2640997099173967,hd 4650 agp,hd 4650 agp,208.0,156.0,,,,,2011.0,Unknown
hd 4670,2009.501953125,320.0,32.0,1250.0,59.0,514.0,55.0,146.0,400000.0,12121.212121212122,6666.666666666667,3.496598639455782,6.244166900663736,3.982083199339584,2.262083701324152,hd 4670,hd 4670,384.0,50.0,142.96,2.69,59.0,6.51,2012.0,Desktop
hd 4670 x2,2009.45703125,320.0,22.4,1250.0,118.0,514.0,55.0,146.0,400000.0,17094.017094017094,3361.344537815126,3.496598639455782,6.244166900663736,3.984099207932829,2.260067692730908,hd 4870 x2,hd 4870 x2,1309.0,565.0,,,286.0,4.58,2012.0,Desktop
hd 4710,2009.412109375,320.0,25.6,1250.0,59.0,514.0,55.0,146.0,400000.0,15037.593984962405,6666.666666666667,3.496598639455782,6.244166900663736,3.986115216526059,2.258051684137677,hd 8470,hd 8470,257.0,172.0,,,35.0,7.33,2013.0,Desktop
hd 4730 oem,2009.3671875,320.0,25.34,1250.0,110.0,666.0,55.0,192.0,400000.0,15186.028853454822,3603.603603603604,3.4507772020725387,6.502790045915623,3.988131225119304,2.51465882079632,hd 8730m,hd 8730m,659.0,186.0,,,,,2015.0,Mobile
hd 4830,2009.322265625,640.0,57.6,1250.0,95.0,956.0,55.0,256.0,800000.0,13651.8771331058,8333.333333333334,3.719844357976654,6.863803391452954,3.990147233712548,2.873656157740406,hd 4830,hd 4830,860.0,81.0,59.99,14.34,95.0,9.06,2012.0,Desktop
hd 4850,2009.27734375,800.0,63.55,1250.0,110.0,956.0,55.0,256.0,1000000.0,15491.866769945778,9009.009009009009,3.719844357976654,6.863803391452954,3.9921632423057782,2.871640149147176,hd 4850,hd 4850,953.0,110.0,378.0,2.52,110.0,8.67,2012.0,Desktop
hd 4850 x2,2009.232421875,800.0,63.68,1250.0,250.0,956.0,55.0,256.0,1000000.0,15460.72974644403,3984.06374501992,3.719844357976654,6.863803391452954,3.9941792508990233,2.869624140553931,hd 4850 x2,hd 4850 x2,1132.0,542.0,,,250.0,4.53,2012.0,Desktop
hd 4870,2009.1875,800.0,115.2,1250.0,150.0,956.0,55.0,256.0,1000000.0,8605.851979345955,6622.516556291391,3.719844357976654,6.863803391452954,3.9961952594922536,2.8676081319607007,hd 4870,hd 4870,1391.0,72.0,79.99,17.39,150.0,9.27,2012.0,Desktop
hd 4870 x2,2009.142578125,800.0,115.2,1250.0,286.0,956.0,55.0,256.0,1000000.0,8605.851979345955,3484.320557491289,3.719844357976654,6.863803391452954,3.998211268085498,2.865592123367456,hd 4870 x2,hd 4870 x2,1309.0,565.0,,,286.0,4.58,2012.0,Desktop
x1050,2009.09765625,480.0,3.2,1250.0,24.0,120.0,110.0,156.0,600000.0,142857.14285714284,24000.0,0.7643312101910829,4.795790545596741,4.000227276678743,0.7955632689179986,x1050,x1050,49.0,245.0,,,,,2009.0,Desktop
xpress 2100 igp,2009.052734375,40.0,40.0,1250.0,50.0,180.0,65.0,85.0,50000.0,1219.5121951219512,980.3921568627452,2.0930232558139537,5.198497031265826,4.002243285271973,1.196253745993853,xpress 200,xpress 200,30.0,188.0,,,,,2009.0,Unknown
firepro 2450 multi view,2008.962890625,40.0,6.4,1250.0,32.0,181.0,55.0,67.0,50000.0,6756.756756756757,1515.1515151515152,2.661764705882353,5.204006687076795,4.006275302458448,1.197731384618347,firepro 2450,firepro 2450,51.0,482.0,89.99,0.57,36.0,1.42,2010.0,Workstation
firepro m5725,2008.873046875,320.0,25.6,1250.0,35.0,514.0,55.0,146.0,400000.0,15037.593984962405,11111.111111111111,3.496598639455782,6.244166900663736,4.010307319644937,2.233859581018799,firepro m5950,firepro m5950,1314.0,574.0,,,,,2011.0,Workstation
firepro m7740,2008.828125,640.0,54.14,1250.0,60.0,826.0,40.0,137.0,800000.0,14508.523757707651,13114.754098360656,5.985507246376812,6.717804695023691,4.012323328238168,2.7054813667855235,firepro m7740,firepro m7740,665.0,415.0,,,,,2009.0,Workstation
firepro v7750,2008.783203125,320.0,28.8,1250.0,76.0,514.0,55.0,146.0,400000.0,13422.818791946307,5194.805194805195,3.496598639455782,6.244166900663736,4.014339336831412,2.229827563832324,firepro 3d v7750,firepro 3d v7750,545.0,468.0,350.0,1.56,76.0,7.17,2009.0,Workstation
mobility firegl v5725,2008.73828125,120.0,25.6,1250.0,50.0,378.0,55.0,135.0,150000.0,5639.097744360902,2941.176470588235,2.7794117647058822,5.937536205082426,4.016355345424643,1.921180859657784,mobility firegl v5725,mobility firegl v5725,219.0,405.0,,,,,2009.0,Workstation
mobility hd 4100 igp,2008.693359375,40.0,40.0,1250.0,50.0,181.0,55.0,67.0,50000.0,1219.5121951219512,980.3921568627452,2.661764705882353,5.204006687076795,4.018371354017887,1.185635333058908,mobility 9100 igp,mobility 9100 igp,3.0,128.0,,,,,2009.0,Unknown
mobility hd 4200 igp,2008.6484375,40.0,40.0,1250.0,50.0,181.0,55.0,67.0,50000.0,1219.5121951219512,980.3921568627452,2.661764705882353,5.204006687076795,4.020387362611132,1.1836193244656634,mobility hd 4200,mobility hd 4200,91.0,260.0,,,,,2011.0,Mobile
mobility hd 4330,2008.603515625,80.0,9.6,1250.0,50.0,242.0,55.0,73.0,100000.0,9433.962264150943,1960.7843137254904,3.27027027027027,5.493061443340548,4.022403371204362,1.4706580721361862,mobility hd 4330,mobility hd 4330,135.0,377.0,,,,,2009.0,Mobile
mobility hd 4350,2008.55859375,80.0,12.8,1250.0,50.0,242.0,55.0,73.0,100000.0,7246.376811594202,1960.7843137254904,3.27027027027027,5.493061443340548,4.024419379797607,1.4686420635429416,mobility hd 4350,mobility hd 4350,148.0,369.0,,,,,2011.0,Unknown
mobility hd 4530,2008.513671875,80.0,11.2,1250.0,50.0,242.0,55.0,73.0,100000.0,8196.72131147541,1960.7843137254904,3.27027027027027,5.493061443340548,4.026435388390851,1.466626054949697,mobility hd 5730,mobility hd 5730,487.0,144.0,,,26.0,18.75,2010.0,Mobile
mobility hd 4570,2008.46875,80.0,12.8,1250.0,50.0,242.0,55.0,73.0,100000.0,7246.376811594202,1960.7843137254904,3.27027027027027,5.493061443340548,4.028451396984082,1.4646100463564666,mobility hd 4570,mobility hd 4570,135.0,26.0,75.9,1.78,,,2011.0,Mobile
mobility hd 4650,2008.423828125,320.0,21.34,1250.0,35.0,514.0,55.0,146.0,400000.0,17905.102954341986,11111.111111111111,3.496598639455782,6.244166900663736,4.030467405577326,2.21369949508641,mobility hd 4650,mobility hd 4650,401.0,320.0,,,,,2009.0,Mobile
mobility hd 4670,2008.37890625,320.0,25.6,1250.0,35.0,514.0,55.0,146.0,400000.0,15037.593984962405,11111.111111111111,3.496598639455782,6.244166900663736,4.032483414170557,2.21168348649318,mobility hd 4670,mobility hd 4670,463.0,375.0,,,,,2009.0,Mobile
mobility hd 4670 mac edition,2008.333984375,320.0,25.28,1250.0,35.0,514.0,55.0,146.0,400000.0,15220.700152207,11111.111111111111,3.496598639455782,6.244166900663736,4.034499422763801,2.2096674778999352,mobility hd 4670,mobility hd 4670,463.0,375.0,,,,,2009.0,Mobile
mobility hd 4830,2008.2890625,640.0,25.6,1250.0,50.0,826.0,40.0,137.0,800000.0,30075.18796992481,15686.27450980392,5.985507246376812,6.717804695023691,4.036515431357046,2.681289263666645,mobility hd 4830,mobility hd 4830,512.0,285.0,,,,,2012.0,Mobile
mobility hd 4850,2008.244140625,800.0,54.4,1250.0,50.0,956.0,55.0,256.0,1000000.0,18050.54151624549,19607.843137254906,3.719844357976654,6.863803391452954,4.038531439950276,2.8252719515026783,mobility hd 4850,mobility hd 4850,866.0,472.0,,,,,2009.0,Mobile
mobility hd 4850 mac edition,2008.19921875,800.0,54.4,1250.0,50.0,956.0,55.0,256.0,1000000.0,18050.54151624549,19607.843137254906,3.719844357976654,6.863803391452954,4.040547448543521,2.8232559429094337,mobility hd 4850,mobility hd 4850,866.0,472.0,,,,,2009.0,Mobile
mobility hd 4850 x2,2008.154296875,800.0,89.6,1250.0,50.0,956.0,55.0,256.0,1000000.0,11037.527593818986,19607.843137254906,3.719844357976654,6.863803391452954,4.042563457136751,2.821239934316204,mobility hd 4850,mobility hd 4850,866.0,472.0,,,,,2009.0,Mobile
mobility hd 4860,2008.109375,640.0,64.0,1250.0,50.0,826.0,40.0,137.0,800000.0,12307.692307692309,15686.27450980392,5.985507246376812,6.717804695023691,4.044579465729996,2.6732252292936955,mobility hd 4870,mobility hd 4870,720.0,416.0,,,,,2010.0,Mobile
mobility hd 4870,2008.064453125,800.0,56.83,1250.0,50.0,956.0,55.0,256.0,1000000.0,17292.062943109115,19607.843137254906,3.719844357976654,6.863803391452954,4.04659547432324,2.817207917129714,mobility hd 4870,mobility hd 4870,720.0,416.0,,,,,2010.0,Mobile
mobility hd 4870 x2,2008.01953125,800.0,89.6,1250.0,50.0,956.0,55.0,256.0,1000000.0,11037.527593818986,19607.843137254906,3.719844357976654,6.863803391452954,4.048611482916471,2.815191908536484,mobility hd 3870 x2,mobility hd 3870 x2,478.0,187.0,,,,,2009.0,Mobile
3000 igp,2007.974609375,40.0,40.0,1250.0,50.0,180.0,65.0,85.0,50000.0,1219.5121951219512,980.3921568627452,2.0930232558139537,5.198497031265826,4.050627491509715,1.147869539756111,9100 igp,9100 igp,5.0,128.0,,,,,2010.0,Unknown
e4690 mxm,2007.9296875,320.0,22.4,1250.0,30.0,514.0,55.0,146.0,400000.0,17094.017094017094,12903.225806451614,3.496598639455782,6.244166900663736,4.0526435001029455,2.191523400560791,e4690,e4690,405.0,347.0,,,,,2011.0,Unknown
e4690 mxm,2007.884765625,320.0,22.4,1250.0,30.0,514.0,55.0,146.0,400000.0,17094.017094017094,12903.225806451614,3.496598639455782,6.244166900663736,4.05465950869619,2.1895073919675463,e4690,e4690,405.0,347.0,,,,,2011.0,Unknown
e4690 pcie,2007.83984375,320.0,22.4,1250.0,30.0,514.0,55.0,146.0,400000.0,17094.017094017094,12903.225806451614,3.496598639455782,6.244166900663736,4.056675517289435,2.1874913833743017,e4690,e4690,405.0,347.0,,,,,2011.0,Unknown
hd 3200 mobile igp,2007.794921875,40.0,40.0,1250.0,50.0,180.0,65.0,85.0,50000.0,1219.5121951219512,980.3921568627452,2.0930232558139537,5.198497031265826,4.058691525882665,1.139805505383161,rtx 2080 mobile,rtx 2080 mobile,15107.0,812.0,,,150.0,100.71,2019.0,Mobile
hd 3410,2007.75,40.0,6.336,1250.0,20.0,180.0,65.0,85.0,50000.0,6815.703380588877,2380.9523809523807,2.0930232558139537,5.198497031265826,4.06070753447591,1.1377894967899165,hd 7340,hd 7340,157.0,57.0,552.69,0.28,,,2012.0,Unknown
hd 3610,2007.705078125,120.0,12.67,1250.0,35.0,390.0,65.0,153.0,150000.0,10972.93343087052,4166.666666666667,2.5324675324675323,5.968707559985366,4.062723543069154,1.905984016916212,hd 7310,hd 7310,130.0,45.0,,,,,2012.0,Unknown
hd 4200 igp,2007.66015625,40.0,40.0,1250.0,50.0,181.0,55.0,67.0,50000.0,1219.5121951219512,980.3921568627452,2.661764705882353,5.204006687076795,4.0647395516623845,1.1392671354144106,hd 4200,hd 4200,112.0,372.0,,,,,2012.0,Desktop
hd 4250,2007.615234375,40.0,6.336,1250.0,25.0,181.0,55.0,67.0,50000.0,6815.703380588877,1923.076923076923,2.661764705882353,5.204006687076795,4.066755560255629,1.137251126821166,hd 4250,hd 4250,123.0,408.0,,,,,2012.0,Desktop
hd 4520,2007.5703125,80.0,6.4,1250.0,25.0,242.0,55.0,73.0,100000.0,13513.513513513511,3846.153846153846,3.27027027027027,5.493061443340548,4.06877156884886,1.4242898744916888,hd 7450,hd 7450,221.0,147.0,49.99,4.42,18.0,12.28,2012.0,Desktop
hd 4570 rebrand,2007.525390625,120.0,12.67,1250.0,65.0,378.0,55.0,135.0,150000.0,10972.93343087052,2272.7272727272725,2.7794117647058822,5.937536205082426,4.070787577442104,1.8667486276403225,hd 4650 agp,hd 4650 agp,208.0,156.0,,,,,2011.0,Unknown
hd 4670 agp,2007.48046875,320.0,25.6,1250.0,59.0,514.0,55.0,146.0,400000.0,15037.593984962405,6666.666666666667,3.496598639455782,6.244166900663736,4.072803586035349,2.171363314628388,hd 4650 agp,hd 4650 agp,208.0,156.0,,,,,2011.0,Unknown
hd 4730,2007.435546875,640.0,57.6,1250.0,110.0,956.0,55.0,256.0,800000.0,13651.8771331058,7207.207207207207,3.719844357976654,6.863803391452954,4.074819594628579,2.788983796824376,hd 8470,hd 8470,257.0,172.0,,,35.0,7.33,2013.0,Desktop
hd 4750,2007.390625,640.0,51.2,1250.0,100.0,826.0,40.0,137.0,800000.0,15325.67049808429,7920.792079207921,5.985507246376812,6.717804695023691,4.076835603221824,2.640969091801868,hd 8470,hd 8470,257.0,172.0,,,35.0,7.33,2013.0,Desktop
hd 4770,2007.345703125,640.0,51.2,1250.0,80.0,826.0,40.0,137.0,800000.0,15325.67049808429,9876.543209876543,5.985507246376812,6.717804695023691,4.078851611815054,2.638953083208637,hd 4770,hd 4770,906.0,172.0,59.99,15.1,80.0,11.32,2011.0,Desktop
hd 4810,2007.30078125,640.0,57.6,1250.0,95.0,956.0,55.0,256.0,800000.0,13651.8771331058,8333.333333333334,3.719844357976654,6.863803391452954,4.0808676204082985,2.782935771044656,hd 4810,hd 4810,769.0,425.0,,,95.0,8.1,2014.0,Desktop
hd 4860,2007.255859375,640.0,96.0,1250.0,130.0,959.0,55.0,282.0,800000.0,8247.422680412372,6106.8702290076335,3.3886925795053005,6.866933284461882,4.082883629001543,2.784049655460339,hd 4890,hd 4890,1533.0,103.0,89.99,17.04,190.0,8.07,2012.0,Desktop
hd 4870 mac edition,2007.2109375,800.0,108.8,1250.0,150.0,956.0,55.0,256.0,1000000.0,9107.468123861569,6622.516556291391,3.719844357976654,6.863803391452954,4.0848996375947735,2.778903753858181,x1700 targa edition,x1700 targa edition,117.0,255.0,,,,,2012.0,Unknown
hd 4890,2007.166015625,800.0,124.8,1250.0,190.0,959.0,55.0,282.0,1000000.0,7949.12559618442,5235.602094240838,3.3886925795053005,6.866933284461882,4.086915646188018,2.780017638273864,hd 4890,hd 4890,1533.0,103.0,89.99,17.04,190.0,8.07,2012.0,Desktop
hd 5750,2007.12109375,720.0,73.6,1250.0,86.0,1.0,40.0,166.0,900000.0,12064.343163538875,10344.827586206897,0.0059880239520958,0.6931471805599453,4.088931654781248,-3.395784474221303,hd 5750,hd 5750,1156.0,336.0,69.99,16.52,86.0,13.44,2012.0,Desktop
hd 5770,2007.076171875,800.0,76.8,1250.0,108.0,1.0,40.0,166.0,1000000.0,12853.470437017995,9174.311926605504,0.0059880239520958,0.6931471805599453,4.090947663374493,-3.397800482814548,hd 5770,hd 5770,1351.0,328.0,189.99,7.11,108.0,12.51,2012.0,Desktop
hd 5850,2007.03125,1440.0,128.0,1250.0,151.0,2.0,40.0,334.0,1800000.0,13953.488372093025,11842.105263157897,0.0059701492537313,1.0986122886681098,4.092963671967738,-2.994351383299628,hd 5850,hd 5850,1966.0,404.0,288.99,6.8,151.0,13.02,2012.0,Desktop
hd 5870,2006.986328125,1600.0,153.6,1250.0,188.0,2.0,40.0,334.0,2000000.0,12936.6106080207,10582.010582010582,0.0059701492537313,1.0986122886681098,4.094979680560968,-2.996367391892858,hd 5870,hd 5870,2266.0,410.0,295.0,7.68,228.0,9.94,2012.0,Desktop
hd 5970,2006.94140625,1600.0,128.0,1250.0,294.0,2.0,40.0,334.0,2000000.0,15503.875968992248,6779.661016949152,0.0059701492537313,1.0986122886681098,4.0969956891542125,-2.9983834004861025,hd 5970,hd 5970,2249.0,393.0,179.99,12.5,294.0,7.65,2012.0,Desktop
firepro 2460 multi view,2006.896484375,80.0,32.0,1250.0,17.0,292.0,40.0,59.0,100000.0,3030.3030303030305,5555.555555555556,4.866666666666666,5.680172609017068,4.099011697747457,1.5811609112696106,firepro 2460,firepro 2460,170.0,352.0,83.99,2.03,17.0,10.02,2012.0,Workstation
firepro m5800,2006.8515625,400.0,51.2,1250.0,26.0,627.0,40.0,104.0,500000.0,9578.544061302682,18518.51851851852,5.971428571428572,6.442540166468199,4.101027706340688,2.341512460127511,firepro v5800,firepro v5800,1186.0,339.0,53.0,22.37,,,2016.0,Unknown
firepro m7820,2006.806640625,800.0,64.0,1250.0,50.0,1.0,40.0,166.0,1000000.0,15384.615384615385,19607.843137254906,0.0059880239520958,0.6931471805599453,4.103043714933932,-3.4098965343739867,firepro v7800,firepro v7800,2034.0,290.0,190.0,10.7,,,2018.0,Unknown
firepro v3800,2006.76171875,400.0,14.4,1250.0,43.0,627.0,40.0,104.0,500000.0,32467.532467532463,11363.636363636364,5.971428571428572,6.442540166468199,4.105059723527162,2.337480442941036,firepro v3800,firepro v3800,332.0,188.0,124.99,2.66,,,2016.0,Unknown
firepro v4800,2006.716796875,400.0,57.6,1250.0,69.0,627.0,40.0,104.0,500000.0,8532.423208191127,7142.857142857143,5.971428571428572,6.442540166468199,4.107075732120407,2.3354644343477915,firepro v9800,firepro v9800,2727.0,655.0,474.0,5.75,,,2016.0,Unknown
firepro v5800,2006.671875,800.0,64.0,1250.0,74.0,1.0,40.0,166.0,1000000.0,15384.615384615385,13333.333333333334,0.0059880239520958,0.6931471805599453,4.109091740713652,-3.415944560153706,firepro v5800,firepro v5800,1186.0,339.0,53.0,22.37,,,2016.0,Unknown
firepro v5800 dvi,2006.626953125,800.0,64.0,1250.0,74.0,1.0,40.0,166.0,1000000.0,15384.615384615385,13333.333333333334,0.0059880239520958,0.6931471805599453,4.111107749306882,-3.4179605687469365,firepro v5800,firepro v5800,1186.0,339.0,53.0,22.37,,,2016.0,Unknown
firepro v7800,2006.58203125,1440.0,128.0,1250.0,150.0,2.0,40.0,334.0,1800000.0,13953.488372093025,11920.529801324505,0.0059701492537313,1.0986122886681098,4.113123757900127,-3.0145114692320165,firepro v7800,firepro v7800,2034.0,290.0,190.0,10.7,,,2018.0,Unknown
firepro v8800,2006.537109375,1600.0,147.2,1250.0,208.0,2.0,40.0,334.0,2000000.0,13495.276653171391,9569.37799043062,0.0059701492537313,1.0986122886681098,4.115139766493357,-3.016527477825247,firepro v8800,firepro v8800,2223.0,471.0,198.0,11.23,,,2020.0,Unknown
firepro v9800,2006.4921875,1600.0,147.2,1250.0,250.0,2.0,40.0,334.0,2000000.0,13495.276653171391,7968.12749003984,0.0059701492537313,1.0986122886681098,4.1171557750866015,-3.0185434864184915,firepro v9800,firepro v9800,2727.0,655.0,474.0,5.75,,,2016.0,Unknown
firepro v9800p,2006.447265625,1600.0,147.2,1250.0,225.0,2.0,40.0,334.0,2000000.0,13495.276653171391,8849.557522123894,0.0059701492537313,1.0986122886681098,4.119171783679846,-3.020559495011736,firepro v9800,firepro v9800,2727.0,655.0,474.0,5.75,,,2016.0,Unknown
mobility hd 4225 igp,2006.40234375,40.0,40.0,1250.0,9.0,181.0,55.0,67.0,50000.0,1219.5121951219512,5000.0,2.661764705882353,5.204006687076795,4.121187792273076,1.0828188948037187,mobility hd 4225,mobility hd 4225,66.0,174.0,,,,,2010.0,Mobile
mobility hd 4250 igp,2006.357421875,40.0,40.0,560.0,50.0,181.0,55.0,67.0,22400.0,546.3414634146342,439.2156862745098,2.661764705882353,5.204006687076795,4.123203800866321,1.0808028862104742,mobility hd 4250,mobility hd 4250,98.0,280.0,,,,,2010.0,Mobile
mobility hd 4270 igp,2006.3125,40.0,40.0,1250.0,50.0,181.0,55.0,67.0,50000.0,1219.5121951219512,980.3921568627452,2.661764705882353,5.204006687076795,4.125219809459551,1.0787868776172438,mobility hd 4270,mobility hd 4270,93.0,282.0,,,,,2010.0,Mobile
mobility hd 4550,2006.267578125,80.0,11.2,1250.0,50.0,242.0,55.0,73.0,100000.0,8196.72131147541,1960.7843137254904,3.27027027027027,5.493061443340548,4.127235818052796,1.3658256252877523,mobility hd 4550,mobility hd 4550,191.0,290.0,,,,,2010.0,Mobile
mobility hd 5145,2006.22265625,80.0,14.4,1250.0,15.0,242.0,55.0,73.0,100000.0,6493.506493506493,6250.0,3.27027027027027,5.493061443340548,4.1292518266460405,1.3638096166945075,mobility hd 545v,mobility hd 545v,200.0,270.0,,,,,2010.0,Mobile
mobility hd 5165,2006.177734375,320.0,25.6,1250.0,35.0,514.0,55.0,146.0,400000.0,15037.593984962405,11111.111111111111,3.496598639455782,6.244166900663736,4.131267835239271,2.112899065424465,mobility hd 5165,mobility hd 5165,284.0,362.0,,,35.0,8.12,2010.0,Mobile
mobility hd 530v,2006.1328125,80.0,8.0,1250.0,10.0,242.0,55.0,73.0,100000.0,11111.111111111111,9090.90909090909,3.27027027027027,5.493061443340548,4.133283843832516,1.3597775995080328,mobility hd 530v,mobility hd 530v,175.0,353.0,,,,,2010.0,Mobile
mobility hd 530v,2006.087890625,80.0,9.6,1250.0,10.0,242.0,55.0,73.0,100000.0,9433.962264150943,9090.90909090909,3.27027027027027,5.493061443340548,4.13529985242576,1.3577615909147882,mobility hd 530v,mobility hd 530v,175.0,353.0,,,,,2010.0,Mobile
mobility hd 540v,2006.04296875,80.0,11.2,1250.0,15.0,242.0,55.0,73.0,100000.0,8196.72131147541,6250.0,3.27027027027027,5.493061443340548,4.13731586101899,1.3557455823215578,mobility hd 540v,mobility hd 540v,188.0,382.0,,,,,2010.0,Unknown
mobility hd 540v,2005.998046875,80.0,12.8,1250.0,15.0,242.0,55.0,73.0,100000.0,7246.376811594202,6250.0,3.27027027027027,5.493061443340548,4.139331869612235,1.3537295737283133,mobility hd 540v,mobility hd 540v,188.0,382.0,,,,,2010.0,Unknown
mobility hd 5430,2005.953125,80.0,12.8,1250.0,7.0,292.0,40.0,59.0,100000.0,7246.376811594202,12500.0,4.866666666666666,5.680172609017068,4.141347878205465,1.5388247308116023,mobility hd 5430,mobility hd 5430,181.0,330.0,,,7.0,25.88,2010.0,Mobile
mobility hd 5450,2005.908203125,80.0,10.67,1250.0,11.0,292.0,40.0,59.0,100000.0,8568.98029134533,8333.333333333334,4.866666666666666,5.680172609017068,4.14336388679871,1.5368087222183575,mobility hd 5450,mobility hd 5450,214.0,320.0,,,11.0,19.5,2010.0,Mobile
mobility hd 5450,2005.86328125,80.0,12.8,1250.0,11.0,292.0,40.0,59.0,100000.0,7246.376811594202,8333.333333333334,4.866666666666666,5.680172609017068,4.1453798953919545,1.5347927136251132,mobility hd 5450,mobility hd 5450,214.0,320.0,,,11.0,19.5,2010.0,Mobile
mobility hd 545v,2005.818359375,80.0,12.0,1250.0,15.0,242.0,55.0,73.0,100000.0,7692.307692307692,6250.0,3.27027027027027,5.493061443340548,4.147395903985185,1.3456655393553634,mobility hd 545v,mobility hd 545v,200.0,270.0,,,,,2010.0,Mobile
mobility hd 545v,2005.7734375,80.0,12.8,1250.0,15.0,242.0,55.0,73.0,100000.0,7246.376811594202,6250.0,3.27027027027027,5.493061443340548,4.1494119125784295,1.3436495307621188,mobility hd 545v,mobility hd 545v,200.0,270.0,,,,,2010.0,Mobile
mobility hd 5470,2005.728515625,80.0,25.6,1250.0,15.0,292.0,40.0,59.0,100000.0,3759.398496240601,6250.0,4.866666666666666,5.680172609017068,4.15142792117166,1.5287446878454078,mobility hd 5470,mobility hd 5470,236.0,362.0,,,13.0,18.19,2012.0,Mobile
mobility hd 5470,2005.728515625,80.0,25.6,1250.0,15.0,292.0,40.0,59.0,100000.0,3759.398496240601,6250.0,4.866666666666666,5.680172609017068,4.15142792117166,1.5287446878454078,mobility hd 5470,mobility hd 5470,215.0,398.0,,,13.0,16.56,2013.0,Mobile
mobility hd 550v,2005.68359375,320.0,19.2,1250.0,10.0,514.0,55.0,146.0,400000.0,19801.980198019803,36363.63636363636,3.496598639455782,6.244166900663736,4.153443929764904,2.090722970898832,mobility hd 550v,mobility hd 550v,266.0,398.0,,,,,2010.0,Mobile
mobility hd 560v,2005.638671875,320.0,22.4,1250.0,15.0,514.0,55.0,146.0,400000.0,17094.017094017094,25000.0,3.496598639455782,6.244166900663736,4.155459938358149,2.0887069623055874,mobility hd 560v,mobility hd 560v,318.0,366.0,,,,,2010.0,Mobile
mobility hd 5650,2005.59375,400.0,25.6,1250.0,15.0,627.0,40.0,104.0,500000.0,18796.992481203008,31250.0,5.971428571428572,6.442540166468199,4.157475946951379,2.285064219516819,mobility hd 5650,mobility hd 5650,451.0,143.0,,,15.0,30.05,2012.0,Mobile
mobility hd 565v,2005.548828125,320.0,25.6,1250.0,20.0,514.0,55.0,146.0,400000.0,15037.593984962405,19047.61904761905,3.496598639455782,6.244166900663736,4.159491955544624,2.0846749451191124,mobility hd 565v,mobility hd 565v,353.0,318.0,,,,,2011.0,Mobile
mobility hd 5670 mac edition,2005.50390625,400.0,25.44,1250.0,15.0,627.0,40.0,104.0,500000.0,18910.741301059,31250.0,5.971428571428572,6.442540166468199,4.161507964137854,2.281032202330344,mobility hd 5000 serisi,mobility hd 5000 serisi,479.0,305.0,,,,,2013.0,Unknown
mobility hd 5730,2005.458984375,400.0,25.6,1250.0,26.0,627.0,40.0,104.0,500000.0,18796.992481203008,18518.51851851852,5.971428571428572,6.442540166468199,4.163523972731099,2.2790161937371,mobility hd 5730,mobility hd 5730,487.0,144.0,,,26.0,18.75,2010.0,Mobile
mobility hd 5750,2005.4140625,400.0,51.2,1250.0,25.0,627.0,40.0,104.0,500000.0,9578.544061302682,19230.76923076923,5.971428571428572,6.442540166468199,4.165539981324343,2.277000185143855,mobility hd 5870,mobility hd 5870,1062.0,207.0,,,50.0,21.24,2012.0,Mobile
mobility hd 5770,2005.369140625,400.0,51.2,1250.0,30.0,627.0,40.0,104.0,500000.0,9578.544061302682,16129.032258064515,5.971428571428572,6.442540166468199,4.167555989917574,2.2749841765506247,mobility hd 5870,mobility hd 5870,1062.0,207.0,,,50.0,21.24,2012.0,Mobile
mobility hd 5830,2005.32421875,800.0,25.6,1250.0,24.0,1.0,40.0,166.0,1000000.0,37593.984962406015,40000.0,0.0059880239520958,0.6931471805599453,4.169571998510818,-3.476424817950873,mobility hd 5870,mobility hd 5870,1062.0,207.0,,,50.0,21.24,2012.0,Mobile
mobility hd 5850,2005.279296875,800.0,64.0,1250.0,30.0,1.0,40.0,166.0,1000000.0,15384.615384615385,32258.064516129038,0.0059880239520958,0.6931471805599453,4.171588007104063,-3.4784408265441176,mobility hd 5850,mobility hd 5850,763.0,403.0,,,31.0,24.62,2010.0,Mobile
mobility hd 5850 mac edition,2005.234375,800.0,64.0,1250.0,30.0,1.0,40.0,166.0,1000000.0,15384.615384615385,32258.064516129038,0.0059880239520958,0.6931471805599453,4.173604015697293,-3.480456835137348,mobility hd 5850,mobility hd 5850,763.0,403.0,,,31.0,24.62,2010.0,Mobile
mobility hd 5870,2005.189453125,800.0,64.0,1250.0,50.0,1.0,40.0,166.0,1000000.0,15384.615384615385,19607.843137254906,0.0059880239520958,0.6931471805599453,4.175620024290538,-3.4824728437305925,mobility hd 5870,mobility hd 5870,1062.0,207.0,,,50.0,21.24,2012.0,Mobile
hd 3570,2005.14453125,40.0,7.92,1250.0,30.0,181.0,55.0,67.0,50000.0,5605.3811659192825,1612.9032258064517,2.661764705882353,5.204006687076795,4.177636032883768,1.0263706541930269,hd 8570,hd 8570,991.0,308.0,98.68,10.04,66.0,15.01,2013.0,Desktop
hd 4250 igp,2005.099609375,40.0,40.0,1250.0,50.0,181.0,55.0,67.0,50000.0,1219.5121951219512,980.3921568627452,2.661764705882353,5.204006687076795,4.179652041477013,1.0243546455997825,hd 4650 agp,hd 4650 agp,208.0,156.0,,,,,2011.0,Unknown
hd 4290 igp,2005.0546875,40.0,40.0,1250.0,50.0,181.0,55.0,67.0,50000.0,1219.5121951219512,980.3921568627452,2.661764705882353,5.204006687076795,4.181668050070257,1.0223386370065377,hd 4290,hd 4290,141.0,442.0,,,,,2010.0,Desktop
hd 4700,2005.009765625,320.0,12.8,1250.0,50.0,514.0,55.0,146.0,400000.0,28985.50724637681,7843.137254901961,3.496598639455782,6.244166900663736,4.183684058663488,2.060482842000249,hd 8470,hd 8470,257.0,172.0,,,35.0,7.33,2013.0,Desktop
hd 4855,2004.96484375,640.0,115.2,1250.0,110.0,956.0,55.0,256.0,800000.0,6884.681583476764,7207.207207207207,3.719844357976654,6.863803391452954,4.185700067256732,2.678103324196222,hd 4850,hd 4850,953.0,110.0,378.0,2.52,110.0,8.67,2012.0,Desktop
hd 5450,2004.919921875,80.0,6.4,1250.0,19.0,292.0,40.0,59.0,100000.0,13513.513513513511,5000.0,4.866666666666666,5.680172609017068,4.187716075849963,1.492456533167105,hd 5450,hd 5450,138.0,149.0,94.96,1.45,19.1,7.22,2012.0,Desktop
hd 5450 pci,2004.875,80.0,5.328,1250.0,19.0,292.0,40.0,59.0,100000.0,15802.781289506953,5000.0,4.866666666666666,5.680172609017068,4.189732084443207,1.4904405245738603,hd 2400 pci,hd 2400 pci,14.0,86.0,,,,,2009.0,Unknown
hd 5450 pcie x1,2004.830078125,80.0,8.0,1250.0,19.0,292.0,40.0,59.0,100000.0,11111.111111111111,5000.0,4.866666666666666,5.680172609017068,4.191748093036452,1.4884245159806158,hd 2400 pci,hd 2400 pci,14.0,86.0,,,,,2009.0,Unknown
hd 5550,2004.78515625,320.0,51.2,1250.0,39.0,627.0,40.0,104.0,400000.0,7662.835249042145,10000.0,5.971428571428572,6.442540166468199,4.193764101629682,2.248776064838516,hd 5550,hd 5550,383.0,187.0,54.99,6.97,39.0,9.83,2010.0,Desktop
hd 5570,2004.740234375,400.0,25.6,1250.0,39.0,627.0,40.0,104.0,500000.0,18796.992481203008,12500.0,5.971428571428572,6.442540166468199,4.195780110222927,2.246760056245272,hd 5570,hd 5570,473.0,177.0,163.99,2.89,39.0,12.14,2012.0,Desktop
hd 5570,2004.6953125,400.0,51.2,1250.0,39.0,627.0,40.0,104.0,500000.0,9578.544061302682,12500.0,5.971428571428572,6.442540166468199,4.197796118816171,2.244744047652027,hd 5570,hd 5570,473.0,177.0,163.99,2.89,39.0,12.14,2012.0,Desktop
hd 5570 oem,2004.650390625,320.0,21.34,1250.0,39.0,627.0,40.0,104.0,400000.0,17905.102954341986,10000.0,5.971428571428572,6.442540166468199,4.199812127409402,2.2427280390587967,hd 5570,hd 5570,473.0,177.0,163.99,2.89,39.0,12.14,2012.0,Desktop
hd 5670,2004.60546875,400.0,64.0,1250.0,64.0,627.0,40.0,104.0,500000.0,7692.307692307692,7692.307692307692,5.971428571428572,6.442540166468199,4.201828136002646,2.240712030465552,hd 5670,hd 5670,784.0,279.0,67.0,11.71,64.0,12.26,2012.0,Desktop
hd 5670 640sp edition,2004.560546875,640.0,64.0,1250.0,64.0,1.0,40.0,166.0,800000.0,12307.692307692309,12307.692307692309,0.0059880239520958,0.6931471805599453,4.203844144595877,-3.510696964035932,3dp edition,3dp edition,827.0,931.0,1159.99,0.71,,,2018.0,Unknown
hd 5770 mac edition,2004.515625,800.0,76.48,1250.0,108.0,1.0,40.0,166.0,1000000.0,12906.556530717604,9174.311926605504,0.0059880239520958,0.6931471805599453,4.205860153189121,-3.512712972629176,x1700 targa edition,x1700 targa edition,117.0,255.0,,,,,2012.0,Unknown
hd 5770 x2,2004.470703125,800.0,76.8,1250.0,50.0,1.0,40.0,166.0,1000000.0,12853.470437017995,19607.843137254906,0.0059880239520958,0.6931471805599453,4.207876161782366,-3.5147289812224205,hd 5770,hd 5770,1351.0,328.0,189.99,7.11,108.0,12.51,2012.0,Desktop
hd 5830,2004.42578125,1120.0,128.0,1250.0,175.0,2.0,40.0,334.0,1400000.0,10852.713178294574,7954.545454545455,0.0059701492537313,1.0986122886681098,4.209892170375596,-3.1112798817074863,hd 5830,hd 5830,1735.0,382.0,258.99,6.7,175.0,9.91,2012.0,Desktop
hd 5870 mac edition,2004.3359375,1600.0,153.0,1250.0,228.0,2.0,40.0,334.0,2000000.0,12987.012987012988,8733.624454148472,0.0059701492537313,1.0986122886681098,4.213924187562071,-3.115311898893961,x1700 targa edition,x1700 targa edition,117.0,255.0,,,,,2012.0,Unknown
xbox 360 s gpu,2004.291015625,240.0,22.4,1250.0,133.0,372.0,45.0,168.0,300000.0,12820.512820512822,2238.805970149254,2.201183431952663,5.921578419643816,4.215940196155316,1.7056382234885,rtx 3060 laptop gpu,rtx 3060 laptop gpu,12674.0,551.0,479.99,26.41,115.0,110.21,2021.0,Mobile
firepro v7800p,2004.24609375,1440.0,128.0,1250.0,138.0,2.0,40.0,334.0,1800000.0,13953.488372093025,12949.640287769784,0.0059701492537313,1.0986122886681098,4.21795620474856,-3.1193439160804504,firepro v7800,firepro v7800,2034.0,290.0,190.0,10.7,,,2018.0,Unknown
hd 4450,2004.201171875,80.0,6.4,1250.0,25.0,242.0,55.0,73.0,100000.0,13513.513513513511,3846.153846153846,3.27027027027027,5.493061443340548,4.219972213341791,1.2730892299987575,hd 7450,hd 7450,221.0,147.0,49.99,4.42,18.0,12.28,2012.0,Desktop
hd 4580,2004.15625,120.0,22.18,1250.0,65.0,378.0,55.0,135.0,150000.0,6471.095772217429,2272.7272727272725,2.7794117647058822,5.937536205082426,4.221988221935035,1.715547983147391,hd 7450,hd 7450,221.0,147.0,49.99,4.42,18.0,12.28,2012.0,Desktop
hd 4720,2004.111328125,320.0,21.34,1250.0,55.0,514.0,55.0,146.0,400000.0,17905.102954341986,7142.857142857143,3.496598639455782,6.244166900663736,4.224004230528266,2.0201626701354707,hd 8470,hd 8470,257.0,172.0,,,35.0,7.33,2013.0,Desktop
hd 5530,2004.06640625,80.0,9.6,1250.0,19.0,292.0,40.0,59.0,100000.0,9433.962264150943,5000.0,4.866666666666666,5.680172609017068,4.22602023912151,1.4541523698955574,hd 5850,hd 5850,1966.0,404.0,288.99,6.8,151.0,13.02,2012.0,Desktop
hd 5570,2004.021484375,320.0,16.0,1250.0,39.0,716.0,40.0,118.0,400000.0,23529.41176470588,10000.0,6.016806722689076,6.57507584059962,4.228036247714755,2.3470395928848653,hd 5570,hd 5570,473.0,177.0,163.99,2.89,39.0,12.14,2012.0,Desktop
hd 5630,2003.9765625,320.0,12.48,1250.0,39.0,627.0,40.0,104.0,400000.0,29673.59050445104,10000.0,5.971428571428572,6.442540166468199,4.230052256307985,2.2124879101602133,hd 6350,hd 6350,141.0,171.0,59.0,2.39,19.1,7.38,2011.0,Desktop
hd 5690,2003.931640625,400.0,32.0,1250.0,64.0,627.0,40.0,104.0,500000.0,15151.515151515152,7692.307692307692,5.971428571428572,6.442540166468199,4.23206826490123,2.2104719015669687,hd 6990,hd 6990,3013.0,630.0,498.49,6.04,375.0,8.04,2011.0,Desktop
hd 5730,2003.88671875,400.0,64.0,1250.0,64.0,627.0,40.0,104.0,500000.0,7692.307692307692,7692.307692307692,5.971428571428572,6.442540166468199,4.234084273494474,2.208455892973724,hd 8570,hd 8570,991.0,308.0,98.68,10.04,66.0,15.01,2013.0,Desktop
firepro v7760,2003.841796875,800.0,27.2,1250.0,76.0,956.0,55.0,256.0,1000000.0,35460.99290780142,12987.012987012988,3.719844357976654,6.863803391452954,4.236100282087705,2.6277031093652496,firepro v8700,firepro v8700,1539.0,527.0,157.88,9.75,,,2015.0,Unknown
firepro v7770,2003.796875,800.0,33.6,1250.0,76.0,956.0,55.0,256.0,1000000.0,28901.73410404624,12987.012987012988,3.719844357976654,6.863803391452954,4.238116290680949,2.625687100772005,firepro v8700,firepro v8700,1539.0,527.0,157.88,9.75,,,2015.0,Unknown
mobility hd 5570,2003.751953125,400.0,25.6,1250.0,20.0,627.0,40.0,104.0,500000.0,18796.992481203008,23809.52380952381,5.971428571428572,6.442540166468199,4.24013229927418,2.202407867194019,mobility hd 5570,mobility hd 5570,544.0,246.0,,,,,2011.0,Unknown
hd 5470,2003.70703125,80.0,6.4,1250.0,19.0,292.0,40.0,59.0,100000.0,13513.513513513511,5000.0,4.866666666666666,5.680172609017068,4.242148307867424,1.4380243011496434,hd 5470,hd 5470,268.0,298.0,,,,,2014.0,Unknown
hd 5490,2003.662109375,80.0,8.0,1250.0,19.0,292.0,40.0,59.0,100000.0,11111.111111111111,5000.0,4.866666666666666,5.680172609017068,4.244164316460669,1.4360082925563988,hd 8490,hd 8490,265.0,173.0,89.99,2.94,35.0,7.57,2014.0,Desktop
xbox 360 e gpu,2003.6171875,240.0,22.4,1250.0,120.0,372.0,45.0,168.0,300000.0,12820.512820512822,2479.3388429752067,2.201183431952663,5.921578419643816,4.246180325053899,1.6753980945899167,rtx 3060 laptop gpu,rtx 3060 laptop gpu,12674.0,551.0,479.99,26.41,115.0,110.21,2021.0,Mobile
all in wonder 9500,2003.572265625,480.0,8.64,1250.0,50.0,110.0,150.0,215.0,600000.0,62240.66390041493,11764.70588235294,0.5092592592592593,4.709530201312334,4.248196333647144,0.4613338676651901,all in wonder 9800,all in wonder 9800,23.0,139.0,,,,,2011.0,Unknown
all in wonder 7500,2003.52734375,480.0,5.76,1250.0,50.0,60.0,150.0,83.0,600000.0,88757.39644970415,11764.70588235294,0.7142857142857143,4.110873864173311,4.250212342240374,-0.1393384780670628,all in wonder 8500dv,all in wonder 8500dv,6.0,128.0,,,,,2010.0,Unknown
all in wonder 7500 ve,2003.482421875,480.0,8.0,1250.0,50.0,60.0,150.0,83.0,600000.0,66666.66666666667,11764.70588235294,0.7142857142857143,4.110873864173311,4.252228350833619,-0.1413544866603073,all in wonder 8500dv,all in wonder 8500dv,6.0,128.0,,,,,2010.0,Unknown
firegl 9500 z1 128,2003.4375,480.0,19.84,1250.0,50.0,110.0,150.0,215.0,600000.0,28790.786948176585,11764.70588235294,0.5092592592592593,4.709530201312334,4.254244359426863,0.4552858418854706,firegl t2 128,firegl t2 128,31.0,178.0,,,,,2009.0,Workstation
firegl 9700 x1 128,2003.392578125,480.0,19.84,1250.0,50.0,110.0,150.0,215.0,600000.0,28790.786948176585,11764.70588235294,0.5092592592592593,4.709530201312334,4.256260368020094,0.4532698332922402,firegl t2 128,firegl t2 128,31.0,178.0,,,,,2009.0,Workstation
firegl 9700 x1 256,2003.34765625,480.0,19.84,1250.0,37.0,110.0,150.0,215.0,600000.0,28790.786948176585,15789.473684210529,0.5092592592592593,4.709530201312334,4.258276376613338,0.4512538246989956,firegl x1,firegl x1,59.0,167.0,,,,,2009.0,Unknown
firegl 9700 x1 256p,2003.302734375,480.0,17.66,1250.0,37.0,110.0,150.0,215.0,600000.0,32154.340836012863,15789.473684210529,0.5092592592592593,4.709530201312334,4.260292385206569,0.4492378161057653,firegl v7700,firegl v7700,660.0,422.0,69.99,9.43,,,2011.0,Workstation
mobility firegl 9000,2003.2578125,480.0,6.4,1250.0,50.0,36.0,150.0,81.0,600000.0,81081.08108108108,11764.70588235294,0.4390243902439024,3.610917912644224,4.262308393799813,-0.6513904811555888,mobility firegl v5000,mobility firegl v5000,82.0,223.0,,,,,2009.0,Workstation
mobility 9000,2003.212890625,480.0,3.2,1250.0,50.0,36.0,150.0,81.0,600000.0,142857.14285714284,11764.70588235294,0.4390243902439024,3.610917912644224,4.264324402393058,-0.6534064897488334,mobility 9000,mobility 9000,4.0,153.0,,,,,2011.0,Unknown
mobility 9000,2003.212890625,480.0,3.2,1250.0,50.0,36.0,150.0,81.0,600000.0,142857.14285714284,11764.70588235294,0.4390243902439024,3.610917912644224,4.264324402393058,-0.6534064897488334,mobility 9000,mobility 9000,3.0,111.0,,,,,2009.0,Mobile
mobility 9000,2003.16796875,480.0,3.2,1250.0,50.0,36.0,150.0,81.0,600000.0,142857.14285714284,11764.70588235294,0.4390243902439024,3.610917912644224,4.266340410986288,-0.6554224983420638,mobility 9000,mobility 9000,4.0,153.0,,,,,2011.0,Unknown
mobility 9000,2003.16796875,480.0,3.2,1250.0,50.0,36.0,150.0,81.0,600000.0,142857.14285714284,11764.70588235294,0.4390243902439024,3.610917912644224,4.266340410986288,-0.6554224983420638,mobility 9000,mobility 9000,3.0,111.0,,,,,2009.0,Mobile
mobility 9000,2003.123046875,480.0,3.2,1250.0,50.0,36.0,150.0,81.0,600000.0,142857.14285714284,11764.70588235294,0.4390243902439024,3.610917912644224,4.268356419579533,-0.6574385069353084,mobility 9000,mobility 9000,4.0,153.0,,,,,2011.0,Unknown
mobility 9000,2003.123046875,480.0,3.2,1250.0,50.0,36.0,150.0,81.0,600000.0,142857.14285714284,11764.70588235294,0.4390243902439024,3.610917912644224,4.268356419579533,-0.6574385069353084,mobility 9000,mobility 9000,3.0,111.0,,,,,2009.0,Mobile
mobility p,2003.078125,480.0,2.656,1250.0,50.0,30.0,180.0,115.0,600000.0,164113.78555798688,11764.70588235294,0.2586206896551724,3.4339872044851463,4.270372428172777,-0.836385223687631,mobility x700,mobility x700,67.0,200.0,,,,,2010.0,Mobile
7500 mac edition,2003.033203125,480.0,5.76,1250.0,23.0,60.0,150.0,83.0,600000.0,88757.39644970415,25000.0,0.7142857142857143,4.110873864173311,4.272388436766008,-0.1615145725926963,x1700 targa edition,x1700 targa edition,117.0,255.0,,,,,2012.0,Unknown
8500 le,2002.98828125,480.0,8.0,1250.0,23.0,60.0,150.0,120.0,600000.0,66666.66666666667,25000.0,0.4958677685950413,4.110873864173311,4.274404445359252,-0.1635305811859408,7500 le,7500 le,87.0,82.0,,,,,2012.0,Desktop
9000,2002.943359375,480.0,6.4,1250.0,28.0,36.0,150.0,97.0,600000.0,81081.08108108108,20689.655172413797,0.3673469387755102,3.610917912644224,4.276420453952483,-0.6655025413082583,9000,9000,5.0,126.0,,,,,2009.0,Desktop
9000 le,2002.8984375,480.0,6.4,1250.0,28.0,36.0,150.0,97.0,600000.0,81081.08108108108,20689.655172413797,0.3673469387755102,3.610917912644224,4.278436462545727,-0.6675185499015028,9000,9000,5.0,126.0,,,,,2009.0,Desktop
9000 pro,2002.853515625,480.0,8.8,1250.0,28.0,36.0,150.0,97.0,600000.0,61224.489795918365,20689.655172413797,0.3673469387755102,3.610917912644224,4.280452471138972,-0.6695345584947474,9800 pro,9800 pro,59.0,153.0,,,,,2009.0,Desktop
9500 pro,2002.80859375,480.0,8.64,1250.0,50.0,110.0,150.0,215.0,600000.0,62240.66390041493,11764.70588235294,0.5092592592592593,4.709530201312334,4.282468479732202,0.4270617215801318,9800 pro,9800 pro,59.0,153.0,,,,,2009.0,Desktop
9700,2002.763671875,480.0,17.28,1250.0,37.0,110.0,150.0,215.0,600000.0,32822.75711159737,15789.473684210529,0.5092592592592593,4.709530201312334,4.284484488325447,0.4250457129868872,x700,x700,73.0,248.0,,,,,2010.0,Desktop
9700 pro,2002.71875,480.0,19.84,1250.0,50.0,110.0,150.0,215.0,600000.0,28790.786948176585,11764.70588235294,0.5092592592592593,4.709530201312334,4.286500496918677,0.4230297043936568,9700 pro,9700 pro,54.0,149.0,,,,,2009.0,Desktop
9700 pro x4,2002.673828125,480.0,19.84,1250.0,50.0,110.0,150.0,215.0,600000.0,28790.786948176585,11764.70588235294,0.5092592592592593,4.709530201312334,4.288516505511922,0.4210136958004122,9700 pro,9700 pro,54.0,149.0,,,,,2009.0,Desktop
igp 320,2002.62890625,480.0,40.0,1250.0,50.0,30.0,180.0,73.0,600000.0,14634.146341463416,11764.70588235294,0.4054054054054054,3.4339872044851463,4.290532514105166,-0.85654530962002,igp 320,igp 320,4.0,44.0,,,,,2013.0,Unknown
igp 320m,2002.583984375,480.0,40.0,1250.0,50.0,30.0,180.0,73.0,600000.0,14634.146341463416,11764.70588235294,0.4054054054054054,3.4339872044851463,4.292548522698397,-0.8585613182132503,igp 320m,igp 320m,4.0,101.0,,,,,2009.0,Unknown
igp 330m,2002.5390625,480.0,40.0,1250.0,50.0,30.0,180.0,73.0,600000.0,14634.146341463416,11764.70588235294,0.4054054054054054,3.4339872044851463,4.294564531291641,-0.8605773268064949,igp 350m,igp 350m,6.0,136.0,,,,,2009.0,Unknown
igp 340,2002.494140625,480.0,40.0,1250.0,50.0,30.0,180.0,73.0,600000.0,14634.146341463416,11764.70588235294,0.4054054054054054,3.4339872044851463,4.296580539884872,-0.8625933353997253,igp 340m,igp 340m,3.0,102.0,,,,,2009.0,Unknown
igp 340,2002.494140625,480.0,40.0,1250.0,50.0,30.0,180.0,73.0,600000.0,14634.146341463416,11764.70588235294,0.4054054054054054,3.4339872044851463,4.296580539884872,-0.8625933353997253,igp 340m,igp 340m,1.0,39.0,,,,,2009.0,Unknown
igp 340m,2002.44921875,480.0,40.0,1250.0,50.0,30.0,180.0,73.0,600000.0,14634.146341463416,11764.70588235294,0.4054054054054054,3.4339872044851463,4.298596548478116,-0.8646093439929698,igp 340m,igp 340m,3.0,102.0,,,,,2009.0,Unknown
igp 340m,2002.44921875,480.0,40.0,1250.0,50.0,30.0,180.0,73.0,600000.0,14634.146341463416,11764.70588235294,0.4054054054054054,3.4339872044851463,4.298596548478116,-0.8646093439929698,igp 340m,igp 340m,1.0,39.0,,,,,2009.0,Unknown
igp 345m,2002.404296875,480.0,40.0,1250.0,50.0,30.0,180.0,73.0,600000.0,14634.146341463416,11764.70588235294,0.4054054054054054,3.4339872044851463,4.300612557071361,-0.8666253525862144,igp 345m,igp 345m,3.0,82.0,,,,,2009.0,Unknown
igp 350m,2002.359375,480.0,40.0,1250.0,50.0,30.0,180.0,73.0,600000.0,14634.146341463416,11764.70588235294,0.4054054054054054,3.4339872044851463,4.302628565664591,-0.8686413611794448,igp 350m,igp 350m,6.0,136.0,,,,,2009.0,Unknown
extreme graphics,2002.314453125,480.0,40.0,1250.0,50.0,29.0,150.0,154.0,600000.0,14634.146341463416,11764.70588235294,0.1870967741935484,3.4011973816621555,4.304644574257836,-0.9034471925956802,extreme ax850 pro,extreme ax850 pro,120.0,218.0,,,,,2018.0,Unknown
i830mg graphics,2002.26953125,480.0,40.0,166.0,50.0,29.0,150.0,154.0,79680.0,1943.4146341463413,1562.3529411764705,0.1870967741935484,3.4011973816621555,4.30666058285108,-0.9054632011889248,hd 6320 graphic,hd 6320 graphic,216.0,159.0,,,,,2011.0,Unknown
parhelia 128 mb,2002.134765625,480.0,16.0,1250.0,50.0,80.0,150.0,174.0,600000.0,35294.117647058825,11764.70588235294,0.4571428571428571,4.394449154672439,4.3127086086307855,0.0817405460416536,matrox parhelia 128mb,matrox parhelia 128mb,3.0,107.0,393.99,0.01,,,2009.0,Unknown
parhelia 128 mb,2002.08984375,480.0,17.6,1250.0,50.0,80.0,150.0,174.0,600000.0,32258.06451612903,11764.70588235294,0.4571428571428571,4.394449154672439,4.31472461722403,0.079724537448409,matrox parhelia 128mb,matrox parhelia 128mb,3.0,107.0,393.99,0.01,,,2009.0,Unknown
parhelia 256 mb,2002.044921875,480.0,16.0,1250.0,50.0,80.0,150.0,174.0,600000.0,35294.117647058825,11764.70588235294,0.4571428571428571,4.394449154672439,4.316740625817275,0.0777085288551644,matrox parhelia 256mb,matrox parhelia 256mb,9.0,140.0,,,,,2009.0,Unknown
xabre 200,2002.0,480.0,6.4,1250.0,50.0,24.0,150.0,154.0,600000.0,81081.08108108108,11764.70588235294,0.1548387096774193,3.218875824868201,4.318756634410505,-1.0998808095423045,xpress 200,xpress 200,30.0,188.0,,,,,2009.0,Unknown
xabre 400,2002.0,480.0,6.4,1250.0,50.0,24.0,150.0,154.0,600000.0,81081.08108108108,11764.70588235294,0.1548387096774193,3.218875824868201,4.318756634410505,-1.0998808095423045,xabre,xabre,5.0,28.0,,,,,2012.0,Unknown
xabre 600,2002.0,480.0,9.6,1250.0,50.0,24.0,130.0,154.0,600000.0,56603.77358490566,11764.70588235294,0.1548387096774193,3.218875824868201,4.318756634410505,-1.0998808095423045,xabre,xabre,5.0,28.0,,,,,2012.0,Unknown
xabre 80,2002.0,480.0,5.312,1250.0,50.0,24.0,150.0,154.0,600000.0,95057.03422053232,11764.70588235294,0.1548387096774193,3.218875824868201,4.318756634410505,-1.0998808095423045,xabre,xabre,5.0,28.0,,,,,2012.0,Unknown
extreme graphics 2,2002.1094527363184,480.0,40.0,266.0,50.0,29.0,130.0,154.0,127680.0,3114.1463414634145,2503.529411764706,0.1870967741935484,3.4011973816621555,4.313844603090104,-0.9126472214279482,intel hd graphics 620,intel hd graphics 620,923.0,218.0,,,,,2016.0,Unknown
extreme graphics 2,2002.2189054726368,480.0,40.0,266.0,50.0,29.0,130.0,154.0,127680.0,3114.1463414634145,2503.529411764706,0.1870967741935484,3.4011973816621555,4.308932571769688,-0.9077351901075326,intel hd graphics 620,intel hd graphics 620,923.0,218.0,,,,,2016.0,Unknown
i852gm graphics,2002.328358208956,480.0,40.0,266.0,50.0,29.0,130.0,154.0,127680.0,3114.1463414634145,2503.529411764706,0.1870967741935484,3.4011973816621555,4.304020540449258,-0.9028231587871028,hd 6320 graphic,hd 6320 graphic,216.0,159.0,,,,,2011.0,Unknown
gma 900,2002.4378109452737,480.0,40.0,1250.0,50.0,29.0,130.0,154.0,600000.0,14634.146341463416,11764.70588235294,0.1870967741935484,3.4011973816621555,4.299108509128871,-0.8979111274667155,vega 9,vega 9,1669.0,442.0,,,,,2019.0,Unknown
gma 900,2002.547263681592,480.0,40.0,1250.0,50.0,29.0,130.0,154.0,600000.0,14634.146341463416,11764.70588235294,0.1870967741935484,3.4011973816621555,4.29419647780847,-0.8929990961463141,vega 9,vega 9,1669.0,442.0,,,,,2019.0,Unknown
gma 950,2002.6567164179105,480.0,40.0,1250.0,7.0,29.0,90.0,154.0,600000.0,14634.146341463416,75000.0,0.1870967741935484,3.4011973816621555,4.289284446488054,-0.8880870648258985,gtx 950,gtx 950,5392.0,641.0,141.99,37.98,90.0,59.91,2015.0,Desktop
gma 950,2002.766169154229,480.0,40.0,400.0,7.0,29.0,90.0,154.0,192000.0,4682.926829268293,24000.0,0.1870967741935484,3.4011973816621555,4.2843724151676525,-0.8831750335054971,gtx 950,gtx 950,5392.0,641.0,141.99,37.98,90.0,59.91,2015.0,Desktop
gma 3000,2002.875621890548,480.0,40.0,1250.0,13.0,29.0,90.0,154.0,600000.0,14634.146341463416,42857.142857142855,0.1870967741935484,3.4011973816621555,4.279460383847237,-0.8782630021850815,hd 3000,hd 3000,96.0,264.0,,,,,2014.0,Unknown
gma 3000,2002.9850746268653,480.0,40.0,1250.0,13.0,29.0,90.0,154.0,600000.0,14634.146341463416,42857.142857142855,0.1870967741935484,3.4011973816621555,4.27454835252685,-0.8733509708646943,hd 3000,hd 3000,96.0,264.0,,,,,2014.0,Unknown
gma 3000,2003.094527363184,480.0,40.0,1250.0,13.0,29.0,90.0,154.0,600000.0,14634.146341463416,42857.142857142855,0.1870967741935484,3.4011973816621555,4.269636321206434,-0.8684389395442786,hd 3000,hd 3000,96.0,264.0,,,,,2014.0,Unknown
gma 3000,2003.2039800995024,480.0,40.0,1250.0,13.0,29.0,90.0,154.0,600000.0,14634.146341463416,42857.142857142855,0.1870967741935484,3.4011973816621555,4.264724289886033,-0.8635269082238772,hd 3000,hd 3000,96.0,264.0,,,,,2014.0,Unknown
gma 950,2003.313432835821,480.0,40.0,1250.0,7.0,29.0,90.0,154.0,600000.0,14634.146341463416,75000.0,0.1870967741935484,3.4011973816621555,4.259812258565617,-0.8586148769034616,gtx 950,gtx 950,5392.0,641.0,141.99,37.98,90.0,59.91,2015.0,Desktop
gma x3000,2003.4228855721392,480.0,40.0,1250.0,13.0,29.0,90.0,154.0,600000.0,14634.146341463416,42857.142857142855,0.1870967741935484,3.4011973816621555,4.254900227245216,-0.8537028455830602,gigabyte x300,gigabyte x300,41.0,209.0,,,,,2009.0,Unknown
gma x3000,2003.5323383084576,480.0,40.0,1250.0,13.0,29.0,90.0,154.0,600000.0,14634.146341463416,42857.142857142855,0.1870967741935484,3.4011973816621555,4.2499881959248,-0.8487908142626446,gigabyte x300,gigabyte x300,41.0,209.0,,,,,2009.0,Unknown
gma 3100,2003.641791044776,480.0,40.0,1250.0,13.0,29.0,90.0,154.0,600000.0,14634.146341463416,42857.142857142855,0.1870967741935484,3.4011973816621555,4.245076164604399,-0.8438787829422432,vega 10,vega 10,1557.0,385.0,,,,,2019.0,Unknown
gma 3100,2003.7512437810944,480.0,40.0,1250.0,13.0,29.0,90.0,154.0,600000.0,14634.146341463416,42857.142857142855,0.1870967741935484,3.4011973816621555,4.240164133283983,-0.8389667516218275,vega 10,vega 10,1557.0,385.0,,,,,2019.0,Unknown
gma 3100,2003.8606965174129,480.0,40.0,1250.0,13.0,29.0,90.0,154.0,600000.0,14634.146341463416,42857.142857142855,0.1870967741935484,3.4011973816621555,4.235252101963582,-0.8340547203014261,vega 10,vega 10,1557.0,385.0,,,,,2019.0,Unknown
gma 3150,2003.9701492537315,16.0,40.0,1250.0,13.0,123.0,45.0,66.0,20000.0,487.8048780487805,1428.571428571429,1.835820895522388,4.820281565605037,4.230340070643166,0.5899414949618711,vega 10,vega 10,1557.0,385.0,,,,,2019.0,Unknown
gma 3150,2004.0796019900497,16.0,40.0,1250.0,13.0,123.0,45.0,66.0,20000.0,487.8048780487805,1428.571428571429,1.835820895522388,4.820281565605037,4.225428039322765,0.5948535262822725,vega 10,vega 10,1557.0,385.0,,,,,2019.0,Unknown
gma x3100,2004.189054726368,480.0,40.0,1250.0,13.0,29.0,90.0,154.0,600000.0,14634.146341463416,42857.142857142855,0.1870967741935484,3.4011973816621555,4.220516008002363,-0.8193186263402077,gigabyte x300,gigabyte x300,41.0,209.0,,,,,2009.0,Unknown
gma x3100,2004.2985074626863,480.0,40.0,1250.0,13.0,29.0,90.0,154.0,600000.0,14634.146341463416,42857.142857142855,0.1870967741935484,3.4011973816621555,4.215603976681962,-0.8144065950198063,gigabyte x300,gigabyte x300,41.0,209.0,,,,,2009.0,Unknown
gma x3500,2004.407960199005,480.0,40.0,1250.0,13.0,29.0,90.0,154.0,600000.0,14634.146341463416,42857.142857142855,0.1870967741935484,3.4011973816621555,4.210691945361546,-0.8094945636993907,mx350,mx350,2855.0,243.0,,,,,2020.0,Unknown
gma 3600,2004.517412935324,32.0,40.0,1250.0,13.0,29.0,65.0,154.0,40000.0,975.609756097561,2857.1428571428573,0.1870967741935484,3.4011973816621555,4.205779914041116,-0.8045825323789608,go 7600,go 7600,128.0,220.0,,,,,2009.0,Mobile
gma 3650,2004.6268656716416,32.0,40.0,1250.0,13.0,29.0,65.0,154.0,40000.0,975.609756097561,2857.1428571428573,0.1870967741935484,3.4011973816621555,4.200867882720729,-0.7996705010585736,gtx 650,gtx 650,1769.0,346.0,109.98,16.08,64.0,27.63,2012.0,Desktop
gma 500,2004.73631840796,32.0,40.0,1250.0,50.0,29.0,130.0,154.0,40000.0,975.609756097561,784.3137254901961,0.1870967741935484,3.4011973816621555,4.195955851400328,-0.7947584697381722,gt 530,gt 530,676.0,227.0,49.0,13.79,50.0,13.52,2011.0,Desktop
gma x4500,2004.8457711442784,80.0,40.0,1250.0,13.0,29.0,65.0,154.0,100000.0,2439.0243902439024,7142.857142857143,0.1870967741935484,3.4011973816621555,4.191043820079912,-0.7898464384177566,mx450,mx450,3743.0,295.0,,,,,2020.0,Unknown
gma x4500m,2004.955223880597,80.0,40.0,1250.0,13.0,29.0,65.0,154.0,100000.0,2439.0243902439024,7142.857142857143,0.1870967741935484,3.4011973816621555,4.186131788759496,-0.784934407097341,mx450,mx450,3743.0,295.0,,,,,2020.0,Unknown
gma x4700mhd,2005.1741293532336,80.0,40.0,1250.0,13.0,29.0,65.0,154.0,100000.0,2439.0243902439024,7142.857142857143,0.1870967741935484,3.4011973816621555,4.176307726118694,-0.7751103444565381,gtx 470m,gtx 470m,1953.0,413.0,,,50.0,39.07,2010.0,Mobile
gma 600,2005.502487562189,32.0,40.0,1250.0,50.0,140.0,45.0,62.0,40000.0,975.609756097561,784.3137254901961,2.2222222222222223,4.948759890378168,4.161571632157475,0.7871882582206933,go 7600,go 7600,128.0,220.0,,,,,2009.0,Mobile
hd graphics 12eu,2005.6119402985075,96.0,40.0,1250.0,35.0,177.0,45.0,114.0,120000.0,2926.829268292683,3333.333333333333,1.5391304347826087,5.181783550292085,4.156659600837045,1.0251239494550397,intel hd graphics 620,intel hd graphics 620,923.0,218.0,,,,,2016.0,Unknown
hd graphics 2000,2005.8308457711444,48.0,40.0,1000.0,50.0,504.0,32.0,131.0,48000.0,1170.7317073170732,941.1764705882352,3.8181818181818175,6.22455842927536,4.146835538196228,2.077722891079132,intel hd graphics 620,intel hd graphics 620,923.0,218.0,,,,,2016.0,Unknown
hd graphics 3000,2005.9402985074628,96.0,40.0,1350.0,50.0,1.0,32.0,216.0,129600.0,3160.9756097560976,2541.176470588235,0.0046082949308755,0.6931471805599453,4.141923506875827,-3.448776326315881,intel hd graphics 620,intel hd graphics 620,923.0,218.0,,,,,2016.0,Unknown
hd graphics 3000,2006.0497512437807,96.0,40.0,1100.0,50.0,624.0,32.0,149.0,105600.0,2575.609756097561,2070.5882352941176,4.16,6.437751649736401,4.13701147555544,2.300740174180961,intel hd graphics 620,intel hd graphics 620,923.0,218.0,,,,,2016.0,Unknown
hd graphics 3000 mobile,2006.1592039801,96.0,40.0,1000.0,50.0,624.0,32.0,149.0,96000.0,2341.4634146341464,1882.3529411764705,4.16,6.437751649736401,4.13209944423501,2.3056522055013917,vega 3 mobile,vega 3 mobile,1029.0,310.0,,,,,2017.0,Unknown
hd graphics 3000 mobile,2006.2686567164176,96.0,40.0,1300.0,50.0,1.0,32.0,216.0,124800.0,3043.9024390243903,2447.058823529412,0.0046082949308755,0.6931471805599453,4.127187412914623,-3.4340402323546773,vega 3 mobile,vega 3 mobile,1029.0,310.0,,,,,2017.0,Unknown
hd graphics 6eu mobile,2006.378109452736,48.0,40.0,800.0,50.0,504.0,32.0,131.0,38400.0,936.5853658536586,752.9411764705883,3.8181818181818175,6.22455842927536,4.122275381594221,2.102283047681139,intel hd graphics 620,intel hd graphics 620,923.0,218.0,,,,,2016.0,Unknown
hd graphics p3000,2006.4875621890544,96.0,40.0,1350.0,50.0,624.0,32.0,149.0,129600.0,3160.9756097560976,2541.176470588235,4.16,6.437751649736401,4.117363350273806,2.3203882994625955,intel hd graphics 620,intel hd graphics 620,923.0,218.0,,,,,2016.0,Unknown
hd graphics 4000,2006.597014925373,128.0,40.0,1050.0,50.0,1.0,22.0,133.0,134400.0,3278.048780487805,2635.294117647059,0.0074626865671641,0.6931471805599453,4.11245131895339,-3.4193041383934446,intel hd graphics 620,intel hd graphics 620,923.0,218.0,,,,,2016.0,Unknown
hd graphics 6eu,2006.81592039801,48.0,40.0,1050.0,50.0,392.0,22.0,94.0,50400.0,1229.2682926829268,988.2352941176472,4.126315789473685,5.973809611869261,4.102627256312573,1.871182355556688,intel hd graphics 620,intel hd graphics 620,923.0,218.0,,,,,2016.0,Unknown
hd graphics 6eu mobile,2006.9253731343283,48.0,40.0,1000.0,45.0,392.0,22.0,94.0,48000.0,1170.7317073170732,1043.4782608695652,4.126315789473685,5.973809611869261,4.097715224992157,1.876094386877104,intel hd graphics 620,intel hd graphics 620,923.0,218.0,,,,,2016.0,Unknown
hd graphics p4000,2007.0348258706467,128.0,40.0,1250.0,45.0,1.0,22.0,133.0,160000.0,3902.439024390244,3478.260869565217,0.0074626865671641,0.6931471805599453,4.092803193671756,-3.3996560131118105,intel hd graphics 620,intel hd graphics 620,923.0,218.0,,,,,2016.0,Unknown
hd graphics 10eu,2007.4726368159204,80.0,40.0,1000.0,45.0,29.0,22.0,154.0,80000.0,1951.219512195122,1739.1304347826087,0.1870967741935484,3.4011973816621555,4.073155068390122,-0.6719576867279664,intel hd graphics 620,intel hd graphics 620,923.0,218.0,,,,,2016.0,Unknown
hd graphics 10eu mobile,2007.5820895522388,80.0,40.0,850.0,45.0,29.0,22.0,154.0,68000.0,1658.5365853658536,1478.2608695652175,0.1870967741935484,3.4011973816621555,4.0682430370697205,-0.667045655407565,vega 10 mobile,vega 10 mobile,1465.0,338.0,,,,,2017.0,Unknown
hd graphics 32eu mobile,2007.6915422885568,32.0,40.0,646.0,4.0,29.0,22.0,154.0,20672.0,504.1951219512195,4134.4,0.1870967741935484,3.4011973816621555,4.063331005749333,-0.6621336240871778,vega 3 mobile,vega 3 mobile,1029.0,310.0,,,,,2017.0,Unknown
hd graphics 4200 mobile,2007.800995024876,160.0,40.0,850.0,4.0,29.0,22.0,154.0,136000.0,3317.0731707317077,27200.0,0.1870967741935484,3.4011973816621555,4.058418974428875,-0.6572215927667195,intel hd graphics 620,intel hd graphics 620,923.0,218.0,,,,,2016.0,Unknown
hd graphics 4400,2007.910447761194,160.0,40.0,1150.0,20.0,29.0,22.0,154.0,184000.0,4487.804878048781,8761.904761904761,0.1870967741935484,3.4011973816621555,4.053506943108488,-0.6523095614463323,intel hd graphics 620,intel hd graphics 620,923.0,218.0,,,,,2016.0,Unknown
hd graphics 4600,2008.129353233831,160.0,40.0,1100.0,45.0,29.0,22.0,154.0,176000.0,4292.682926829269,3826.086956521739,0.1870967741935484,3.4011973816621555,4.043682880467671,-0.6424854988055153,intel hd graphics 620,intel hd graphics 620,923.0,218.0,,,,,2016.0,Unknown
hd graphics 4600 mobile,2008.238805970149,160.0,40.0,1100.0,20.0,29.0,22.0,154.0,176000.0,4292.682926829269,8380.952380952382,0.1870967741935484,3.4011973816621555,4.038770849147284,-0.6375734674851281,intel hd graphics 620,intel hd graphics 620,923.0,218.0,,,,,2016.0,Unknown
hd graphics p4600,2008.457711442786,160.0,40.0,1200.0,84.0,29.0,22.0,154.0,192000.0,4682.926829268293,2258.823529411765,0.1870967741935484,3.4011973816621555,4.0289467865064665,-0.6277494048443111,intel hd graphics 620,intel hd graphics 620,923.0,218.0,,,,,2016.0,Unknown
hd graphics p4700,2008.5671641791048,160.0,40.0,1300.0,86.0,29.0,22.0,154.0,208000.0,5073.170731707317,2390.8045977011493,0.1870967741935484,3.4011973816621555,4.024034755186037,-0.6228373735238812,intel hd graphics 620,intel hd graphics 620,923.0,218.0,,,,,2016.0,Unknown
iris graphics 5100 mobile,2008.676616915423,320.0,40.0,1100.0,30.0,1.0,22.0,181.0,352000.0,8585.365853658537,11354.83870967742,0.0054945054945054,0.6931471805599453,4.019122723865635,-3.32597554330569,vega 10 mobile,vega 10 mobile,1465.0,338.0,,,,,2017.0,Unknown
iris pro graphics 5200,2008.7860696517407,320.0,40.0,1150.0,45.0,29.0,22.0,154.0,368000.0,8975.609756097561,8000.0,0.1870967741935484,3.4011973816621555,4.014210692545234,-0.6130133108830784,intel iris pro graphics 6200,intel iris pro graphics 6200,1429.0,563.0,,,,,2015.0,Unknown
iris pro graphics 5200 mobile,2008.89552238806,320.0,40.0,1200.0,30.0,29.0,22.0,154.0,384000.0,9365.853658536584,12387.09677419355,0.1870967741935484,3.4011973816621555,4.009298661224804,-0.6081012795626486,intel iris pro graphics 6200,intel iris pro graphics 6200,1429.0,563.0,,,,,2015.0,Unknown
hd graphics 5300 mobile,2009.3333333333333,192.0,40.0,800.0,15.0,29.0,14.0,154.0,153600.0,3746.3414634146334,9600.0,0.1870967741935484,3.4011973816621555,3.9896505359431984,-0.588453154281043,vega 3 mobile,vega 3 mobile,1029.0,310.0,,,,,2017.0,Unknown
hd graphics 5600 mobile,2009.55223880597,192.0,40.0,1050.0,15.0,29.0,14.0,154.0,201600.0,4917.073170731707,12600.0,0.1870967741935484,3.4011973816621555,3.979826473302381,-0.5786290916402259,intel hd graphics 620,intel hd graphics 620,923.0,218.0,,,,,2016.0,Unknown
hd graphics 6000 mobile,2009.6616915422885,384.0,40.0,950.0,15.0,29.0,14.0,133.0,364800.0,8897.560975609756,22800.0,0.2164179104477611,3.4011973816621555,3.9749144419819658,-0.5737170603198103,intel hd graphics 620,intel hd graphics 620,923.0,218.0,,,,,2016.0,Unknown
hd graphics p5700,2009.771144278607,192.0,40.0,1000.0,15.0,29.0,14.0,154.0,192000.0,4682.926829268293,12000.0,0.1870967741935484,3.4011973816621555,3.970002410661564,-0.5688050289994089,intel hd graphics 620,intel hd graphics 620,923.0,218.0,,,,,2016.0,Unknown
iris graphics 6100 mobile,2009.880597014925,384.0,40.0,1000.0,15.0,29.0,14.0,133.0,384000.0,9365.853658536584,24000.0,0.2164179104477611,3.4011973816621555,3.965090379341163,-0.5638929976790075,intel iris pro graphics 6200,intel iris pro graphics 6200,1429.0,563.0,,,,,2015.0,Unknown
iris pro graphics 6200,2009.990049751244,384.0,40.0,1100.0,15.0,29.0,14.0,154.0,422400.0,10302.439024390244,26400.0,0.1870967741935484,3.4011973816621555,3.960178348020733,-0.5589809663585776,intel iris pro graphics 6200,intel iris pro graphics 6200,1429.0,563.0,,,,,2015.0,Unknown
iris pro graphics 6200 mobile,2010.0995024875624,384.0,40.0,1100.0,15.0,29.0,14.0,154.0,422400.0,10302.439024390244,26400.0,0.1870967741935484,3.4011973816621555,3.955266316700332,-0.5540689350381762,intel iris pro graphics 6200,intel iris pro graphics 6200,1429.0,563.0,,,,,2015.0,Unknown
iris pro graphics p6300,2010.2089552238808,384.0,40.0,800.0,15.0,29.0,14.0,154.0,307200.0,7492.682926829269,19200.0,0.1870967741935484,3.4011973816621555,3.950354285379916,-0.5491569037177606,intel iris pro graphics 6200,intel iris pro graphics 6200,1429.0,563.0,,,,,2015.0,Unknown
hd graphics 400 mobile,2010.537313432836,96.0,40.0,600.0,6.0,29.0,14.0,154.0,57600.0,1404.878048780488,8228.57142857143,0.1870967741935484,3.4011973816621555,3.9356181914186976,-0.5344208097565422,vega 10 mobile,vega 10 mobile,1465.0,338.0,,,,,2017.0,Unknown
hd graphics 405 mobile,2010.6467661691545,128.0,40.0,600.0,6.0,29.0,14.0,154.0,76800.0,1873.1707317073167,10971.42857142857,0.1870967741935484,3.4011973816621555,3.930706160098282,-0.5295087784361265,vega 10 mobile,vega 10 mobile,1465.0,338.0,,,,,2017.0,Unknown
hd graphics 500 mobile,2010.756218905473,96.0,40.0,650.0,6.0,29.0,14.0,154.0,62400.0,1521.9512195121952,8914.285714285714,0.1870967741935484,3.4011973816621555,3.9257941287778806,-0.5245967471157251,vega 10 mobile,vega 10 mobile,1465.0,338.0,,,,,2017.0,Unknown
hd graphics 510,2010.865671641791,96.0,40.0,950.0,15.0,29.0,14.0,154.0,91200.0,2224.390243902439,5700.0,0.1870967741935484,3.4011973816621555,3.920882097457479,-0.5196847157953237,intel hd graphics 620,intel hd graphics 620,923.0,218.0,,,,,2016.0,Unknown
hd graphics 510 mobile,2010.9751243781093,96.0,40.0,900.0,15.0,29.0,14.0,154.0,86400.0,2107.317073170732,5400.0,0.1870967741935484,3.4011973816621555,3.915970066137092,-0.5147726844749365,vega 10 mobile,vega 10 mobile,1465.0,338.0,,,,,2017.0,Unknown
hd graphics 515 mobile,2011.084577114428,192.0,40.0,800.0,15.0,29.0,14.0,123.0,153600.0,3746.3414634146334,9600.0,0.2338709677419354,3.4011973816621555,3.911058034816662,-0.5098606531545067,vega 10 mobile,vega 10 mobile,1465.0,338.0,,,,,2017.0,Unknown
hd graphics 520 mobile,2011.1940298507463,192.0,40.0,900.0,15.0,29.0,14.0,123.0,172800.0,4214.634146341464,10800.0,0.2338709677419354,3.4011973816621555,3.9061460034962607,-0.5049486218341053,intel hd graphics 620,intel hd graphics 620,923.0,218.0,,,,,2016.0,Unknown
hd graphics 530,2011.3034825870648,192.0,40.0,950.0,15.0,29.0,14.0,123.0,182400.0,4448.780487804878,11400.0,0.2338709677419354,3.4011973816621555,3.901233972175845,-0.5000365905136896,intel hd graphics 620,intel hd graphics 620,923.0,218.0,,,,,2016.0,Unknown
hd graphics 530 mobile,2011.4129353233832,192.0,40.0,950.0,15.0,29.0,14.0,123.0,182400.0,4448.780487804878,11400.0,0.2338709677419354,3.4011973816621555,3.896321940855444,-0.4951245591932882,vega 3 mobile,vega 3 mobile,1029.0,310.0,,,,,2017.0,Unknown
hd graphics p530,2011.5223880597016,192.0,40.0,1000.0,15.0,29.0,14.0,123.0,192000.0,4682.926829268293,12000.0,0.2338709677419354,3.4011973816621555,3.891409909535028,-0.4902125278728726,intel hd graphics 620,intel hd graphics 620,923.0,218.0,,,,,2016.0,Unknown
iris pro graphics 580 mobile,2011.8507462686568,576.0,40.0,950.0,15.0,29.0,14.0,154.0,547200.0,13346.341463414634,34200.0,0.1870967741935484,3.4011973816621555,3.8766738155738096,-0.4754764339116542,intel iris pro graphics 6200,intel iris pro graphics 6200,1429.0,563.0,,,,,2015.0,Unknown
iris pro graphics p555,2011.960199004975,384.0,40.0,1000.0,15.0,29.0,14.0,154.0,384000.0,9365.853658536584,24000.0,0.1870967741935484,3.4011973816621555,3.871761784253408,-0.4705644025912527,intel iris pro graphics 6200,intel iris pro graphics 6200,1429.0,563.0,,,,,2015.0,Unknown
iris pro graphics p580,2012.0696517412928,576.0,40.0,1000.0,15.0,29.0,14.0,154.0,576000.0,14048.780487804876,36000.0,0.1870967741935484,3.4011973816621555,3.866849752933021,-0.4656523712708655,intel iris pro graphics 6200,intel iris pro graphics 6200,1429.0,563.0,,,,,2015.0,Unknown
iris pro graphics p580 mobile,2012.179104477612,576.0,40.0,1050.0,15.0,29.0,14.0,154.0,604800.0,14751.219512195124,37800.0,0.1870967741935484,3.4011973816621555,3.861937721612591,-0.4607403399504357,intel iris pro graphics 6200,intel iris pro graphics 6200,1429.0,563.0,,,,,2015.0,Unknown
hd graphics 505 mobile,2012.2885572139303,144.0,40.0,650.0,6.0,29.0,14.0,154.0,93600.0,2282.9268292682927,13371.42857142857,0.1870967741935484,3.4011973816621555,3.85702569029219,-0.4558283086300343,vega 10 mobile,vega 10 mobile,1465.0,338.0,,,,,2017.0,Unknown
hd graphics 610,2012.3980099502487,96.0,40.0,1050.0,5.0,29.0,14.0,154.0,100800.0,2458.5365853658536,16800.0,0.1870967741935484,3.4011973816621555,3.852113658971774,-0.4509162773096187,intel hd graphics 620,intel hd graphics 620,923.0,218.0,,,,,2016.0,Unknown
hd graphics 610 mobile,2012.5074626865671,96.0,40.0,900.0,5.0,29.0,14.0,154.0,86400.0,2107.317073170732,14400.0,0.1870967741935484,3.4011973816621555,3.8472016276513727,-0.4460042459892173,vega 10 mobile,vega 10 mobile,1465.0,338.0,,,,,2017.0,Unknown
hd graphics 615 mobile,2012.6169154228853,192.0,40.0,850.0,5.0,29.0,14.0,154.0,163200.0,3980.487804878049,27200.0,0.1870967741935484,3.4011973816621555,3.8422895963309713,-0.4410922146688159,vega 10 mobile,vega 10 mobile,1465.0,338.0,,,,,2017.0,Unknown
hd graphics 620 mobile,2012.726368159204,192.0,40.0,1000.0,15.0,29.0,14.0,154.0,192000.0,4682.926829268293,12000.0,0.1870967741935484,3.4011973816621555,3.837377565010556,-0.4361801833484002,intel hd graphics 620,intel hd graphics 620,923.0,218.0,,,,,2016.0,Unknown
hd graphics 630,2012.8358208955224,192.0,40.0,1000.0,15.0,29.0,14.0,154.0,192000.0,4682.926829268293,12000.0,0.1870967741935484,3.4011973816621555,3.8324655336901534,-0.4312681520279988,intel hd graphics 620,intel hd graphics 620,923.0,218.0,,,,,2016.0,Unknown
hd graphics 630 mobile,2012.9452736318408,192.0,40.0,1000.0,15.0,29.0,14.0,154.0,192000.0,4682.926829268293,12000.0,0.1870967741935484,3.4011973816621555,3.8275535023697382,-0.4263561207075832,intel hd graphics 620,intel hd graphics 620,923.0,218.0,,,,,2016.0,Unknown
hd graphics p630 mobile,2013.0547263681592,192.0,40.0,1100.0,15.0,29.0,14.0,154.0,211200.0,5151.219512195122,13200.0,0.1870967741935484,3.4011973816621555,3.822641471049337,-0.4214440893871818,intel hd graphics 620,intel hd graphics 620,923.0,218.0,,,,,2016.0,Unknown
iris plus graphics 640 mobile,2013.1641791044776,384.0,40.0,1100.0,15.0,29.0,14.0,154.0,422400.0,10302.439024390244,26400.0,0.1870967741935484,3.4011973816621555,3.8177294397289216,-0.4165320580667662,intel iris pro graphics 6200,intel iris pro graphics 6200,1429.0,563.0,,,,,2015.0,Unknown
iris plus graphics 650 mobile,2013.273631840796,384.0,40.0,1150.0,15.0,29.0,14.0,154.0,441600.0,10770.731707317073,27600.0,0.1870967741935484,3.4011973816621555,3.81281740840852,-0.4116200267463648,intel iris pro graphics 6200,intel iris pro graphics 6200,1429.0,563.0,,,,,2015.0,Unknown
uhd graphics 600 mobile,2013.3830845771145,96.0,40.0,650.0,5.0,29.0,14.0,154.0,62400.0,1521.9512195121952,10400.0,0.1870967741935484,3.4011973816621555,3.8079053770881046,-0.4067079954259491,intel uhd graphics 620,intel uhd graphics 620,1037.0,247.0,,,,,2017.0,Desktop
uhd graphics 605 mobile,2013.4925373134329,144.0,40.0,750.0,5.0,29.0,14.0,154.0,108000.0,2634.1463414634145,18000.0,0.1870967741935484,3.4011973816621555,3.802993345767703,-0.4017959641055477,intel uhd graphics 620,intel uhd graphics 620,1037.0,247.0,,,,,2017.0,Desktop
uhd graphics 620 mobile,2013.6019900497515,192.0,40.0,1000.0,15.0,29.0,14.0,154.0,192000.0,4682.926829268293,12000.0,0.1870967741935484,3.4011973816621555,3.798081314447274,-0.3968839327851179,intel uhd graphics 620,intel uhd graphics 620,1037.0,247.0,,,,,2017.0,Desktop
uhd graphics 630,2013.7114427860697,184.0,40.0,1050.0,15.0,29.0,14.0,154.0,193200.0,4712.195121951219,12075.0,0.1870967741935484,3.4011973816621555,3.793169283126886,-0.3919719014647307,intel uhd graphics 620,intel uhd graphics 620,1037.0,247.0,,,,,2017.0,Desktop
uhd graphics 630,2013.820895522388,192.0,40.0,1050.0,15.0,29.0,14.0,154.0,201600.0,4917.073170731707,12600.0,0.1870967741935484,3.4011973816621555,3.7882572518064848,-0.3870598701443293,intel uhd graphics 620,intel uhd graphics 620,1037.0,247.0,,,,,2017.0,Desktop
uhd graphics 610,2014.039800995025,96.0,40.0,1050.0,15.0,29.0,14.0,154.0,100800.0,2458.5365853658536,6300.0,0.1870967741935484,3.4011973816621555,3.7784331891656535,-0.377235807503498,intel uhd graphics 620,intel uhd graphics 620,1037.0,247.0,,,,,2017.0,Desktop
uhd graphics 610 mobile,2014.149253731344,96.0,40.0,900.0,15.0,29.0,14.0,154.0,86400.0,2107.317073170732,5400.0,0.1870967741935484,3.4011973816621555,3.773521157845238,-0.3723237761830824,intel uhd graphics 620,intel uhd graphics 620,1037.0,247.0,,,,,2017.0,Desktop
uhd graphics 615 mobile,2014.2587064676616,192.0,40.0,900.0,15.0,29.0,14.0,154.0,172800.0,4214.634146341464,10800.0,0.1870967741935484,3.4011973816621555,3.7686091265248503,-0.3674117448626952,intel uhd graphics 620,intel uhd graphics 620,1037.0,247.0,,,,,2017.0,Desktop
uhd graphics 617 mobile,2014.36815920398,192.0,40.0,1050.0,15.0,29.0,14.0,154.0,201600.0,4917.073170731707,12600.0,0.1870967741935484,3.4011973816621555,3.763697095204449,-0.3624997135422938,intel uhd graphics 620,intel uhd graphics 620,1037.0,247.0,,,,,2017.0,Desktop
uhd graphics 620 mobile,2014.4776119402984,192.0,40.0,1000.0,15.0,29.0,14.0,154.0,192000.0,4682.926829268293,12000.0,0.1870967741935484,3.4011973816621555,3.7587850638840337,-0.3575876822218782,intel uhd graphics 620,intel uhd graphics 620,1037.0,247.0,,,,,2017.0,Desktop
uhd graphics 630 mobile,2014.5870646766168,192.0,40.0,1000.0,15.0,29.0,14.0,154.0,192000.0,4682.926829268293,12000.0,0.1870967741935484,3.4011973816621555,3.753873032563632,-0.3526756509014768,intel uhd graphics 620,intel uhd graphics 620,1037.0,247.0,,,,,2017.0,Desktop
uhd graphics p630,2014.6965174129352,192.0,40.0,1100.0,15.0,29.0,14.0,154.0,211200.0,5151.219512195122,13200.0,0.1870967741935484,3.4011973816621555,3.7489610012432166,-0.3477636195810611,intel uhd graphics 620,intel uhd graphics 620,1037.0,247.0,,,,,2017.0,Desktop
uhd graphics p630 mobile,2014.8059701492537,192.0,40.0,1200.0,15.0,29.0,14.0,154.0,230400.0,5619.512195121952,14400.0,0.1870967741935484,3.4011973816621555,3.744048969922815,-0.3428515882606597,intel uhd graphics 620,intel uhd graphics 620,1037.0,247.0,,,,,2017.0,Desktop
uhd graphics 24eu mobile,2015.134328358209,192.0,40.0,1050.0,15.0,29.0,14.0,154.0,201600.0,4917.073170731707,12600.0,0.1870967741935484,3.4011973816621555,3.729312875961583,-0.3281154942994271,intel uhd graphics 620,intel uhd graphics 620,1037.0,247.0,,,,,2017.0,Desktop
uhd graphics 24eu mobile,2015.2437810945275,192.0,40.0,1000.0,15.0,29.0,14.0,154.0,192000.0,4682.926829268293,12000.0,0.1870967741935484,3.4011973816621555,3.724400844641167,-0.3232034629790115,intel uhd graphics 620,intel uhd graphics 620,1037.0,247.0,,,,,2017.0,Desktop
uhd graphics 24eu mobile,2015.3532338308453,192.0,40.0,900.0,15.0,29.0,14.0,154.0,172800.0,4214.634146341464,10800.0,0.1870967741935484,3.4011973816621555,3.71948881332078,-0.3182914316586243,intel uhd graphics 620,intel uhd graphics 620,1037.0,247.0,,,,,2017.0,Desktop
h3c xg310,2015.5721393034823,768.0,68.26,1100.0,300.0,29.0,10.0,95.0,844800.0,12197.51660410049,2806.644518272425,0.3020833333333333,3.4011973816621555,3.7096647506799623,-0.3084673690178072,hd 7310,hd 7310,130.0,45.0,,,,,2012.0,Unknown
uhd graphics 16eu mobile,2016.228855721393,128.0,40.0,750.0,9.0,29.0,10.0,154.0,96000.0,2341.4634146341464,9600.0,0.1870967741935484,3.4011973816621555,3.680192562757512,-0.2789951810953561,intel uhd graphics 620,intel uhd graphics 620,1037.0,247.0,,,,,2017.0,Desktop
uhd graphics 32eu mobile,2016.3383084577115,256.0,40.0,750.0,9.0,29.0,10.0,154.0,192000.0,4682.926829268293,19200.0,0.1870967741935484,3.4011973816621555,3.675280531437096,-0.2740831497749405,intel uhd graphics 620,intel uhd graphics 620,1037.0,247.0,,,,,2017.0,Desktop
uhd graphics 610,2016.44776119403,96.0,40.0,1050.0,15.0,29.0,14.0,154.0,100800.0,2458.5365853658536,6300.0,0.1870967741935484,3.4011973816621555,3.670368500116695,-0.2691711184545391,intel uhd graphics 620,intel uhd graphics 620,1037.0,247.0,,,,,2017.0,Desktop
uhd graphics 630,2016.5572139303483,192.0,40.0,1200.0,15.0,29.0,14.0,154.0,230400.0,5619.512195121952,14400.0,0.1870967741935484,3.4011973816621555,3.665456468796279,-0.2642590871341235,intel uhd graphics 620,intel uhd graphics 620,1037.0,247.0,,,,,2017.0,Desktop
uhd graphics 630,2016.6666666666667,184.0,40.0,1150.0,15.0,29.0,14.0,154.0,211600.0,5160.975609756098,13225.0,0.1870967741935484,3.4011973816621555,3.6605444374758775,-0.2593470558137221,intel uhd graphics 620,intel uhd graphics 620,1037.0,247.0,,,,,2017.0,Desktop
uhd graphics p630,2016.995024875622,192.0,40.0,1200.0,15.0,29.0,14.0,154.0,230400.0,5619.512195121952,14400.0,0.1870967741935484,3.4011973816621555,3.645808343514645,-0.2446109618524894,intel uhd graphics 620,intel uhd graphics 620,1037.0,247.0,,,,,2017.0,Desktop
uhd graphics p630 mobile,2017.1044776119404,192.0,40.0,1250.0,15.0,29.0,14.0,154.0,240000.0,5853.658536585366,15000.0,0.1870967741935484,3.4011973816621555,3.640896312194244,-0.239698930532088,intel uhd graphics 620,intel uhd graphics 620,1037.0,247.0,,,,,2017.0,Desktop
uhd graphics 16eu,2017.5422885572136,128.0,40.0,900.0,15.0,29.0,14.0,154.0,115200.0,2809.756097560976,7200.0,0.1870967741935484,3.4011973816621555,3.621248186912624,-0.2200508052504681,intel uhd graphics 620,intel uhd graphics 620,1037.0,247.0,,,,,2017.0,Desktop
uhd graphics 16eu mobile,2017.6517412935325,128.0,40.0,750.0,10.0,29.0,10.0,154.0,96000.0,2341.4634146341464,8727.272727272728,0.1870967741935484,3.4011973816621555,3.616336155592208,-0.2151387739300525,intel uhd graphics 620,intel uhd graphics 620,1037.0,247.0,,,,,2017.0,Desktop
uhd graphics 16eu mobile,2017.761194029851,128.0,40.0,1450.0,15.0,29.0,10.0,154.0,185600.0,4526.829268292683,11600.0,0.1870967741935484,3.4011973816621555,3.611424124271792,-0.2102267426096369,intel uhd graphics 620,intel uhd graphics 620,1037.0,247.0,,,,,2017.0,Desktop
uhd graphics 24eu mobile,2017.870646766169,192.0,40.0,800.0,10.0,29.0,10.0,154.0,153600.0,3746.3414634146334,13963.636363636364,0.1870967741935484,3.4011973816621555,3.606512092951391,-0.2053147112892355,intel uhd graphics 620,intel uhd graphics 620,1037.0,247.0,,,,,2017.0,Desktop
uhd graphics 32eu mobile,2017.9800995024875,256.0,40.0,1350.0,15.0,29.0,10.0,154.0,345600.0,8429.268292682927,21600.0,0.1870967741935484,3.4011973816621555,3.6016000616309896,-0.2004026799688341,intel uhd graphics 620,intel uhd graphics 620,1037.0,247.0,,,,,2017.0,Desktop
uhd graphics 32eu mobile,2018.089552238806,256.0,40.0,850.0,10.0,29.0,10.0,154.0,217600.0,5307.317073170731,19781.81818181818,0.1870967741935484,3.4011973816621555,3.596688030310574,-0.1954906486484184,intel uhd graphics 620,intel uhd graphics 620,1037.0,247.0,,,,,2017.0,Desktop
uhd graphics 730,2018.1990049751244,192.0,40.0,1300.0,15.0,29.0,14.0,154.0,249600.0,6087.804878048781,15600.0,0.1870967741935484,3.4011973816621555,3.5917759989901725,-0.190578617328017,intel uhd graphics 620,intel uhd graphics 620,1037.0,247.0,,,,,2017.0,Desktop
uhd graphics 750,2018.3084577114428,256.0,40.0,1300.0,15.0,29.0,14.0,154.0,332800.0,8117.073170731707,20800.0,0.1870967741935484,3.4011973816621555,3.586863967669757,-0.1856665860076014,intel uhd graphics 620,intel uhd graphics 620,1037.0,247.0,,,,,2017.0,Desktop
uhd graphics 770,2018.4179104477607,256.0,40.0,1450.0,15.0,29.0,10.0,154.0,371200.0,9053.658536585366,23200.0,0.1870967741935484,3.4011973816621555,3.5819519363493697,-0.1807545546872142,intel uhd graphics 620,intel uhd graphics 620,1037.0,247.0,,,,,2017.0,Desktop
uhd graphics p750,2018.52736318408,256.0,40.0,1300.0,15.0,29.0,14.0,154.0,332800.0,8117.073170731707,20800.0,0.1870967741935484,3.4011973816621555,3.5770399050289257,-0.1758425233667702,intel uhd graphics 620,intel uhd graphics 620,1037.0,247.0,,,,,2017.0,Desktop
arc a310,2018.636815920398,768.0,124.0,1750.0,30.0,7.0,6.0,157.0,1344000.0,10752.0,43354.83870967742,0.0443037974683544,2.079441541679836,3.5721278737085385,-1.4926863320287027,r5 310,r5 310,332.0,545.0,499.0,0.66,,,2015.0,Unknown
arc a350,2018.7462686567164,768.0,124.0,2000.0,25.0,7.0,6.0,157.0,1536000.0,12288.0,59076.92307692308,0.0443037974683544,2.079441541679836,3.567215842388137,-1.4877743007083013,r9 350,r9 350,2007.0,552.0,299.0,6.71,60.0,33.45,2016.0,Desktop
arc a350m,2018.8557213930349,768.0,112.0,2200.0,25.0,7.0,6.0,157.0,1689600.0,14952.212389380533,64984.61538461538,0.0443037974683544,2.079441541679836,3.562303811067721,-1.4828622693878857,r9 350,r9 350,2007.0,552.0,299.0,6.71,60.0,33.45,2016.0,Desktop
arc a370m,2018.9651741293533,1024.0,112.0,2050.0,35.0,7.0,6.0,157.0,2099200.0,18576.99115044248,58311.11111111111,0.0443037974683544,2.079441541679836,3.55739177974732,-1.4779502380674845,r7 a370,r7 a370,1281.0,742.0,,,,,2016.0,Unknown
arc a380,2019.074626865672,1024.0,186.0,2050.0,75.0,7.0,6.0,157.0,2099200.0,11225.66844919786,27621.052631578947,0.0443037974683544,2.079441541679836,3.55247974842689,-1.4730382067470544,r9 380,r9 380,6275.0,675.0,89.99,69.73,190.0,33.02,2016.0,Desktop
arc a550m,2019.18407960199,2048.0,224.0,2050.0,60.0,21.0,6.0,406.0,4198400.0,18659.555555555555,68826.22950819672,0.0515970515970515,3.091042453358316,3.547567717106503,-0.4565252637481869,rx 5500m,rx 5500m,4010.0,414.0,,,85.0,47.17,2020.0,Mobile
arc a730m,2019.2935323383083,3072.0,336.0,2050.0,80.0,21.0,6.0,406.0,6297600.0,18687.240356083086,77748.14814814815,0.0515970515970515,3.091042453358316,3.5426556857861016,-0.4516132324277855,r7 a370,r7 a370,1281.0,742.0,,,,,2016.0,Unknown
arc a750,2019.402985074627,3584.0,512.0,2400.0,225.0,21.0,6.0,406.0,8601600.0,16767.251461988304,38060.176991150445,0.0515970515970515,3.091042453358316,3.537743654465686,-0.4467012011073699,r9 a375,r9 a375,1024.0,232.0,,,,,2020.0,Unknown
arc a770,2019.512437810945,4096.0,512.0,2400.0,225.0,21.0,6.0,406.0,9830400.0,19162.573099415204,43497.345132743365,0.0515970515970515,3.091042453358316,3.5328316231452845,-0.4417891697869684,r7 a370,r7 a370,1281.0,742.0,,,,,2016.0,Unknown
arc a770m,2019.621890547264,4096.0,512.0,2050.0,120.0,21.0,6.0,406.0,8396800.0,16368.03118908382,69395.04132231405,0.0515970515970515,3.091042453358316,3.5279195918248547,-0.4368771384665386,r7 a370,r7 a370,1281.0,742.0,,,,,2016.0,Unknown
arc pro a30m,2019.7313432835824,1024.0,128.0,2000.0,50.0,7.0,6.0,157.0,2048000.0,15875.96899224806,40156.86274509804,0.0443037974683544,2.079441541679836,3.5230075605044533,-1.4435660188246175,pro 5300m,pro 5300m,5840.0,636.0,,,85.0,68.7,2019.0,Unknown
arc pro a40,2019.8407960199008,1024.0,192.0,1700.0,50.0,7.0,6.0,157.0,1740800.0,9019.689119170984,34133.333333333336,0.0443037974683544,2.079441541679836,3.5180955291840377,-1.438653987504202,pro 460,pro 460,3453.0,679.0,,,,,2017.0,Unknown
arc pro a50,2019.9502487562188,1024.0,192.0,2350.0,75.0,7.0,6.0,157.0,2406400.0,12468.39378238342,31663.157894736843,0.0443037974683544,2.079441541679836,3.5131834978636505,-1.4337419561838147,r7 pro a8 8650b,r7 pro a8 8650b,740.0,192.0,,,,,2015.0,Unknown
uhd graphics 16eu mobile,2020.6069651741293,128.0,40.0,1200.0,15.0,29.0,10.0,154.0,153600.0,3746.3414634146334,9600.0,0.1870967741935484,3.4011973816621555,3.4837113099412,-0.0825139282790439,intel uhd graphics 620,intel uhd graphics 620,1037.0,247.0,,,,,2017.0,Desktop
uhd graphics 24eu mobile,2020.716417910448,192.0,40.0,1200.0,15.0,29.0,10.0,154.0,230400.0,5619.512195121952,14400.0,0.1870967741935484,3.4011973816621555,3.478799278620784,-0.0776018969586282,intel uhd graphics 620,intel uhd graphics 620,1037.0,247.0,,,,,2017.0,Desktop
uhd graphics 64eu mobile,2020.9353233830848,512.0,40.0,1400.0,45.0,29.0,10.0,154.0,716800.0,17482.926829268294,15582.608695652174,0.1870967741935484,3.4011973816621555,3.4689752159799667,-0.0677778343178112,intel uhd graphics 620,intel uhd graphics 620,1037.0,247.0,,,,,2017.0,Desktop
uhd graphics 710,2021.044776119403,128.0,40.0,1300.0,15.0,29.0,10.0,154.0,166400.0,4058.5365853658536,10400.0,0.1870967741935484,3.4011973816621555,3.4640631846595653,-0.0628658029974098,intel uhd graphics 620,intel uhd graphics 620,1037.0,247.0,,,,,2017.0,Desktop
uhd graphics 730,2021.1542288557207,192.0,40.0,1400.0,15.0,29.0,10.0,154.0,268800.0,6556.09756097561,16800.0,0.1870967741935484,3.4011973816621555,3.459151153339178,-0.0579537716770226,intel uhd graphics 620,intel uhd graphics 620,1037.0,247.0,,,,,2017.0,Desktop
uhd graphics 770,2021.26368159204,256.0,40.0,1550.0,15.0,29.0,10.0,154.0,396800.0,9678.048780487805,24800.0,0.1870967741935484,3.4011973816621555,3.4542391220187483,-0.0530417403565928,intel uhd graphics 620,intel uhd graphics 620,1037.0,247.0,,,,,2017.0,Desktop
uhd graphics 770 mobile,2021.3731343283584,256.0,40.0,1500.0,45.0,29.0,10.0,154.0,384000.0,9365.853658536584,8347.826086956522,0.1870967741935484,3.4011973816621555,3.4493270906983327,-0.0481297090361771,intel uhd graphics 620,intel uhd graphics 620,1037.0,247.0,,,,,2017.0,Desktop
arc a380m,2021.4825870646769,1024.0,186.0,2000.0,35.0,7.0,6.0,157.0,2048000.0,10951.87165775401,56888.88888888889,0.0443037974683544,2.079441541679836,3.4444150593779312,-1.3649735176980955,r9 380,r9 380,6275.0,675.0,89.99,69.73,190.0,33.02,2016.0,Desktop
arc a530m,2021.592039800995,1536.0,224.0,1300.0,65.0,11.0,6.0,269.0,1996800.0,8874.666666666666,30254.545454545456,0.0407407407407407,2.4849066497880004,3.43950302805753,-0.9545963782695296,rx 5300m,rx 5300m,3562.0,366.0,,,85.0,41.91,2020.0,Mobile
arc a570m,2021.7014925373128,2048.0,224.0,1300.0,75.0,11.0,6.0,269.0,2662400.0,11832.888888888889,35031.57894736842,0.0407407407407407,2.4849066497880004,3.4345909967371284,-0.949684346949128,rx 570x,rx 570x,1923.0,750.0,279.99,6.87,120.0,16.03,2020.0,Desktop
arc a580,2021.810945273632,3072.0,512.0,2000.0,175.0,21.0,6.0,406.0,6144000.0,11976.608187134503,34909.09090909091,0.0515970515970515,3.091042453358316,3.429678965416713,-0.3386365120583967,rx 580,rx 580,8907.0,772.0,349.0,25.52,185.0,48.14,2017.0,Desktop
arc pro a60,2022.358208955224,2048.0,384.0,2050.0,130.0,11.0,6.0,269.0,4198400.0,10904.935064935064,32048.85496183206,0.0407407407407407,2.4849066497880004,3.4051188088146773,-0.920212159026677,r7 pro a8 9600,r7 pro a8 9600,1049.0,482.0,,,,,2016.0,Unknown
arc pro a60m,2022.4676616915424,2048.0,256.0,1300.0,95.0,11.0,6.0,269.0,2662400.0,10359.53307392996,27733.33333333333,0.0407407407407407,2.4849066497880004,3.4002067774942617,-0.9153001277062612,r7 pro a8 9600,r7 pro a8 9600,1049.0,482.0,,,,,2016.0,Unknown
uhd graphics 64eu mobile,2023.233830845771,512.0,40.0,1250.0,15.0,29.0,10.0,154.0,640000.0,15609.756097560976,40000.0,0.1870967741935484,3.4011973816621555,3.3658225582514234,0.035374823410732,intel uhd graphics 620,intel uhd graphics 620,1037.0,247.0,,,,,2017.0,Desktop
uhd graphics 710 mobile,2023.3432835820893,128.0,40.0,1200.0,15.0,29.0,10.0,154.0,153600.0,3746.3414634146334,9600.0,0.1870967741935484,3.4011973816621555,3.360910526931022,0.0402868547311334,vega 10 mobile,vega 10 mobile,1465.0,338.0,,,,,2017.0,Unknown
uhd graphics 710 mobile,2023.452736318408,128.0,40.0,1450.0,15.0,29.0,10.0,154.0,185600.0,4526.829268292683,11600.0,0.1870967741935484,3.4011973816621555,3.3559984956106064,0.045198886051549,vega 10 mobile,vega 10 mobile,1465.0,338.0,,,,,2017.0,Unknown
uhd graphics 730,2023.5621890547263,192.0,40.0,1550.0,15.0,29.0,10.0,154.0,297600.0,7258.536585365854,18600.0,0.1870967741935484,3.4011973816621555,3.3510864642901907,0.0501109173719647,intel uhd graphics 620,intel uhd graphics 620,1037.0,247.0,,,,,2017.0,Desktop
uhd graphics 770 mobile,2023.6716417910447,256.0,40.0,1600.0,15.0,29.0,10.0,154.0,409600.0,9990.243902439024,25600.0,0.1870967741935484,3.4011973816621555,3.3461744329697893,0.0550229486923661,intel uhd graphics 620,intel uhd graphics 620,1037.0,247.0,,,,,2017.0,Desktop
arc 130v mobile,2023.7810945273632,896.0,40.0,1850.0,37.0,29.0,3.0,172.0,1657600.0,40429.26829268293,43621.05263157895,0.1676300578034682,3.4011973816621555,3.3412624016493737,0.0599349800127817,vega 10 mobile,vega 10 mobile,1465.0,338.0,,,,,2017.0,Unknown
arc 140v mobile,2023.8905472636816,1024.0,40.0,1950.0,37.0,29.0,3.0,172.0,1996800.0,48702.439024390245,52547.36842105263,0.1676300578034682,3.4011973816621555,3.3363503703289723,0.0648470113331831,vega 10 mobile,vega 10 mobile,1465.0,338.0,,,,,2017.0,Unknown
arc b580,2024.0,2560.0,456.0,2670.0,190.0,19.0,5.0,272.0,6835200.0,14956.673960612692,35786.38743455497,0.0695970695970696,2.995732273553991,3.3314383390085567,-0.3357060654545658,rx 580,rx 580,8907.0,772.0,349.0,25.52,185.0,48.14,2017.0,Desktop
arc 130t mobile,2024.0,896.0,40.0,2200.0,35.0,29.0,5.0,154.0,1971200.0,48078.04878048781,54755.55555555556,0.1870967741935484,3.4011973816621555,3.3314383390085567,0.0697590426535987,vega 10 mobile,vega 10 mobile,1465.0,338.0,,,,,2017.0,Unknown
arc 140t mobile,2024.0,1024.0,40.0,2350.0,35.0,29.0,5.0,154.0,2406400.0,58692.68292682927,66844.44444444444,0.1870967741935484,3.4011973816621555,3.3314383390085567,0.0697590426535987,vega 10 mobile,vega 10 mobile,1465.0,338.0,,,,,2017.0,Unknown
arc b570,2024.0,2304.0,380.0,2500.0,150.0,19.0,5.0,272.0,5760000.0,15118.110236220473,38145.69536423841,0.0695970695970696,2.995732273553991,3.3314383390085567,-0.3357060654545658,rx 570x,rx 570x,1923.0,750.0,279.99,6.87,120.0,16.03,2020.0,Desktop
arc pro b50,2024.0,2048.0,224.0,2600.0,70.0,19.0,5.0,272.0,5324800.0,23665.777777777777,74997.18309859154,0.0695970695970696,2.995732273553991,3.3314383390085567,-0.3357060654545658,pro 580,pro 580,7753.0,943.0,,,,,2018.0,Unknown
arc pro b60,2024.0,2560.0,456.0,2400.0,200.0,19.0,5.0,272.0,6144000.0,13444.201312910283,30567.16417910448,0.0695970695970696,2.995732273553991,3.3314383390085567,-0.3357060654545658,pro 560,pro 560,3475.0,724.0,,,,,2017.0,Unknown
millenium p650,2024.0,480.0,7.36,1250.0,50.0,80.0,150.0,130.0,600000.0,71770.33492822967,11764.70588235294,0.6106870229007634,4.394449154672439,3.3314383390085567,1.0630108156638824,matrox millennium p650 pcie 128,matrox millennium p650 pcie 128,5.0,287.0,,,,,2009.0,Unknown
millenium p650 lp mdd pcie,2024.0,480.0,8.64,1250.0,50.0,80.0,150.0,130.0,600000.0,62240.66390041493,11764.70588235294,0.6106870229007634,4.394449154672439,3.3314383390085567,1.0630108156638824,matrox millennium p650 pcie 128,matrox millennium p650 pcie 128,5.0,287.0,,,,,2009.0,Unknown
millenium p650 pcie,2024.0,480.0,8.8,1250.0,50.0,80.0,150.0,130.0,600000.0,61224.489795918365,11764.70588235294,0.6106870229007634,4.394449154672439,3.3314383390085567,1.0630108156638824,matrox millennium p650 pcie 128,matrox millennium p650 pcie 128,5.0,287.0,,,,,2009.0,Unknown
parhelia dl256,2024.0,480.0,4.0,1250.0,50.0,80.0,150.0,174.0,600000.0,120000.0,11764.70588235294,0.4571428571428571,4.394449154672439,3.3314383390085567,1.0630108156638824,matrox parhelia 256mb,matrox parhelia 256mb,9.0,140.0,,,,,2009.0,Unknown
parhelia hr256,2024.0,480.0,4.0,1250.0,50.0,80.0,150.0,174.0,600000.0,120000.0,11764.70588235294,0.4571428571428571,4.394449154672439,3.3314383390085567,1.0630108156638824,matrox parhelia 256mb,matrox parhelia 256mb,9.0,140.0,,,,,2009.0,Unknown
parhelia pci,2024.0,480.0,4.0,1250.0,50.0,80.0,150.0,174.0,600000.0,120000.0,11764.70588235294,0.4571428571428571,4.394449154672439,3.3314383390085567,1.0630108156638824,matrox parhelia apve,matrox parhelia apve,6.0,275.0,,,,,2009.0,Unknown
parhelia 128 mb,2024.0,480.0,19.2,1250.0,50.0,80.0,150.0,174.0,600000.0,29702.970297029704,11764.70588235294,0.4571428571428571,4.394449154672439,3.3314383390085567,1.0630108156638824,matrox parhelia 128mb,matrox parhelia 128mb,3.0,107.0,393.99,0.01,,,2009.0,Unknown
parhelia 256 mb,2024.0,480.0,20.8,1250.0,50.0,80.0,150.0,174.0,600000.0,27522.93577981651,11764.70588235294,0.4571428571428571,4.394449154672439,3.3314383390085567,1.0630108156638824,matrox parhelia 256mb,matrox parhelia 256mb,9.0,140.0,,,,,2009.0,Unknown
qid pro,2024.0,480.0,4.8,1250.0,50.0,29.0,40.0,154.0,600000.0,103448.27586206896,11764.70588235294,0.1870967741935484,3.4011973816621555,3.3314383390085567,0.0697590426535987,quadro2 pro,quadro2 pro,1.0,143.0,,,,,2009.0,Workstation
parhelia apve,2024.0,480.0,8.0,1250.0,50.0,80.0,150.0,174.0,600000.0,66666.66666666667,11764.70588235294,0.4571428571428571,4.394449154672439,3.3314383390085567,1.0630108156638824,matrox parhelia apve,matrox parhelia apve,6.0,275.0,,,,,2009.0,Unknown
4 410 go,2024.0,480.0,3.2,1250.0,50.0,29.0,150.0,65.0,600000.0,142857.14285714284,11764.70588235294,0.4393939393939394,3.4011973816621555,3.3314383390085567,0.0697590426535987,4 440 go,4 440 go,4.0,140.0,,,,,2009.0,Mobile
4 420 go,2024.0,480.0,3.2,1250.0,50.0,29.0,150.0,65.0,600000.0,142857.14285714284,11764.70588235294,0.4393939393939394,3.4011973816621555,3.3314383390085567,0.0697590426535987,4 420 go,4 420 go,3.0,147.0,,,,,2009.0,Mobile
4 440 go,2024.0,480.0,7.04,1250.0,50.0,29.0,150.0,65.0,600000.0,74626.8656716418,11764.70588235294,0.4393939393939394,3.4011973816621555,3.3314383390085567,0.0697590426535987,4 440 go,4 440 go,4.0,140.0,,,,,2009.0,Mobile
4 448 go,2024.0,480.0,6.4,1250.0,50.0,29.0,150.0,65.0,600000.0,81081.08108108108,11764.70588235294,0.4393939393939394,3.4011973816621555,3.3314383390085567,0.0697590426535987,4 448 go,4 448 go,6.0,199.0,,,,,2009.0,Unknown
4 460 go,2024.0,480.0,8.0,1250.0,50.0,29.0,150.0,65.0,600000.0,66666.66666666667,11764.70588235294,0.4393939393939394,3.4011973816621555,3.3314383390085567,0.0697590426535987,4 440 go,4 440 go,4.0,140.0,,,,,2009.0,Mobile
4 488 go,2024.0,480.0,8.8,1250.0,50.0,29.0,150.0,65.0,600000.0,61224.489795918365,11764.70588235294,0.4393939393939394,3.4011973816621555,3.3314383390085567,0.0697590426535987,4 448 go,4 448 go,6.0,199.0,,,,,2009.0,Unknown
4 go 4200,2024.0,480.0,3.2,1250.0,50.0,63.0,150.0,142.0,600000.0,142857.14285714284,11764.70588235294,0.4405594405594406,4.158883083359672,3.3314383390085567,0.8274447443511148,4 ti 4200,4 ti 4200,6.0,154.0,,,,,2009.0,Unknown
4 mx nforce2,2024.0,480.0,40.0,1250.0,50.0,29.0,150.0,65.0,600000.0,14634.146341463416,11764.70588235294,0.4393939393939394,3.4011973816621555,3.3314383390085567,0.0697590426535987,4 mx 420,4 mx 420,5.0,168.0,,,,,2009.0,Desktop
4 mx 420,2024.0,480.0,2.656,1250.0,50.0,29.0,150.0,65.0,600000.0,164113.78555798688,11764.70588235294,0.4393939393939394,3.4011973816621555,3.3314383390085567,0.0697590426535987,4 mx 420,4 mx 420,5.0,168.0,,,,,2009.0,Desktop
4 mx 420 pci,2024.0,480.0,1.328,1250.0,50.0,29.0,150.0,65.0,600000.0,257731.95876288656,11764.70588235294,0.4393939393939394,3.4011973816621555,3.3314383390085567,0.0697590426535987,4 mx 420,4 mx 420,5.0,168.0,,,,,2009.0,Desktop
4 mx 440,2024.0,480.0,6.4,1250.0,50.0,29.0,150.0,65.0,600000.0,81081.08108108108,11764.70588235294,0.4393939393939394,3.4011973816621555,3.3314383390085567,0.0697590426535987,4 mx 440,4 mx 440,5.0,140.0,,,,,2009.0,Desktop
4 mx 440 mac edition,2024.0,480.0,6.4,1250.0,50.0,29.0,150.0,65.0,600000.0,81081.08108108108,11764.70588235294,0.4393939393939394,3.4011973816621555,3.3314383390085567,0.0697590426535987,x1700 targa edition,x1700 targa edition,117.0,255.0,,,,,2012.0,Unknown
4 mx 440 8x,2024.0,480.0,8.0,1250.0,50.0,29.0,150.0,65.0,600000.0,66666.66666666667,11764.70588235294,0.4393939393939394,3.4011973816621555,3.3314383390085567,0.0697590426535987,4 mx 440,4 mx 440,5.0,140.0,,,,,2009.0,Desktop
4 mx 440 8x,2024.0,480.0,2.0,1250.0,50.0,29.0,150.0,65.0,600000.0,200000.0,11764.70588235294,0.4393939393939394,3.4011973816621555,3.3314383390085567,0.0697590426535987,4 mx 440,4 mx 440,5.0,140.0,,,,,2009.0,Desktop
4 mx 440 se,2024.0,480.0,3.2,1250.0,50.0,29.0,150.0,65.0,600000.0,142857.14285714284,11764.70588235294,0.4393939393939394,3.4011973816621555,3.3314383390085567,0.0697590426535987,4 mx 440se,4 mx 440se,5.0,159.0,,,,,2009.0,Unknown
4 mx 440 se,2024.0,480.0,5.312,1250.0,50.0,29.0,150.0,65.0,600000.0,95057.03422053232,11764.70588235294,0.4393939393939394,3.4011973816621555,3.3314383390085567,0.0697590426535987,4 mx 440se,4 mx 440se,5.0,159.0,,,,,2009.0,Unknown
4 mx 440 se,2024.0,480.0,5.312,1250.0,50.0,29.0,150.0,65.0,600000.0,95057.03422053232,11764.70588235294,0.4393939393939394,3.4011973816621555,3.3314383390085567,0.0697590426535987,4 mx 440se,4 mx 440se,5.0,159.0,,,,,2009.0,Unknown
4 mx 460,2024.0,480.0,7.2,1250.0,50.0,29.0,150.0,65.0,600000.0,73170.73170731709,11764.70588235294,0.4393939393939394,3.4011973816621555,3.3314383390085567,0.0697590426535987,4 mx 460,4 mx 460,4.0,176.0,,,,,2009.0,Desktop
4 ti 4200,2024.0,480.0,8.0,1250.0,50.0,63.0,150.0,142.0,600000.0,66666.66666666667,11764.70588235294,0.4405594405594406,4.158883083359672,3.3314383390085567,0.8274447443511148,4 ti 4200,4 ti 4200,6.0,154.0,,,,,2009.0,Unknown
4 ti 4200,2024.0,480.0,4.0,1250.0,50.0,63.0,150.0,142.0,600000.0,120000.0,11764.70588235294,0.4405594405594406,4.158883083359672,3.3314383390085567,0.8274447443511148,4 ti 4200,4 ti 4200,6.0,154.0,,,,,2009.0,Unknown
4 ti 4200 8x,2024.0,480.0,4.0,1250.0,50.0,63.0,150.0,142.0,600000.0,120000.0,11764.70588235294,0.4405594405594406,4.158883083359672,3.3314383390085567,0.8274447443511148,4 ti 4200,4 ti 4200,6.0,154.0,,,,,2009.0,Unknown
4 ti 4200 8x,2024.0,480.0,4.0,1250.0,50.0,63.0,150.0,142.0,600000.0,120000.0,11764.70588235294,0.4405594405594406,4.158883083359672,3.3314383390085567,0.8274447443511148,4 ti 4200,4 ti 4200,6.0,154.0,,,,,2009.0,Unknown
4 ti 4400,2024.0,480.0,8.8,1250.0,50.0,63.0,150.0,142.0,600000.0,61224.489795918365,11764.70588235294,0.4405594405594406,4.158883083359672,3.3314383390085567,0.8274447443511148,4 ti 4400,4 ti 4400,7.0,170.0,,,,,2009.0,Unknown
4 ti 4600,2024.0,480.0,10.37,1250.0,50.0,63.0,150.0,142.0,600000.0,52770.44854881267,11764.70588235294,0.4405594405594406,4.158883083359672,3.3314383390085567,0.8274447443511148,4 ti 4600,4 ti 4600,6.0,173.0,53.99,0.1,,,2009.0,Desktop
quadro4 380 xgl,2024.0,480.0,8.192,1250.0,50.0,29.0,150.0,65.0,600000.0,65274.15143603133,11764.70588235294,0.4393939393939394,3.4011973816621555,3.3314383390085567,0.0697590426535987,quadro4 380 xgl,quadro4 380 xgl,7.0,225.0,,,,,2009.0,Unknown
quadro4 500 go gl,2024.0,480.0,3.52,1250.0,50.0,29.0,150.0,65.0,600000.0,132743.36283185842,11764.70588235294,0.4393939393939394,3.4011973816621555,3.3314383390085567,0.0697590426535987,quadro4 900 xgl,quadro4 900 xgl,5.0,194.0,,,,,2009.0,Unknown
quadro4 500 xgl,2024.0,480.0,2.656,1250.0,50.0,29.0,150.0,65.0,600000.0,164113.78555798688,11764.70588235294,0.4393939393939394,3.4011973816621555,3.3314383390085567,0.0697590426535987,quadro4 900 xgl,quadro4 900 xgl,5.0,194.0,,,,,2009.0,Unknown
quadro4 550 xgl,2024.0,480.0,6.4,1250.0,50.0,29.0,150.0,65.0,600000.0,81081.08108108108,11764.70588235294,0.4393939393939394,3.4011973816621555,3.3314383390085567,0.0697590426535987,quadro4 980 xgl,quadro4 980 xgl,5.0,181.0,341.43,0.01,,,2009.0,Unknown
quadro4 580 xgl,2024.0,480.0,6.4,1250.0,50.0,29.0,150.0,65.0,600000.0,81081.08108108108,11764.70588235294,0.4393939393939394,3.4011973816621555,3.3314383390085567,0.0697590426535987,quadro4 980 xgl,quadro4 980 xgl,5.0,181.0,341.43,0.01,,,2009.0,Unknown
quadro4 700 xgl,2024.0,480.0,7.2,1250.0,50.0,63.0,150.0,142.0,600000.0,73170.73170731709,11764.70588235294,0.4405594405594406,4.158883083359672,3.3314383390085567,0.8274447443511148,quadro4 900 xgl,quadro4 900 xgl,5.0,194.0,,,,,2009.0,Unknown
quadro4 750 xgl,2024.0,480.0,7.2,1250.0,50.0,63.0,150.0,142.0,600000.0,73170.73170731709,11764.70588235294,0.4405594405594406,4.158883083359672,3.3314383390085567,0.8274447443511148,quadro4 980 xgl,quadro4 980 xgl,5.0,181.0,341.43,0.01,,,2009.0,Unknown
quadro4 900 xgl,2024.0,480.0,10.4,1250.0,50.0,63.0,150.0,142.0,600000.0,52631.57894736842,11764.70588235294,0.4405594405594406,4.158883083359672,3.3314383390085567,0.8274447443511148,quadro4 900 xgl,quadro4 900 xgl,5.0,194.0,,,,,2009.0,Unknown
quadro4 980 xgl,2024.0,480.0,10.4,1250.0,50.0,63.0,150.0,142.0,600000.0,52631.57894736842,11764.70588235294,0.4405594405594406,4.158883083359672,3.3314383390085567,0.8274447443511148,quadro4 980 xgl,quadro4 980 xgl,5.0,181.0,341.43,0.01,,,2009.0,Unknown
6200 agp,2024.0,480.0,1.056,1250.0,50.0,29.0,150.0,65.0,600000.0,291828.79377431906,11764.70588235294,0.4393939393939394,3.4011973816621555,3.3314383390085567,0.0697590426535987,6200a,6200a,4.0,117.0,54.99,0.07,,,2014.0,Desktop
fx 5100,2024.0,480.0,2.656,1250.0,50.0,45.0,150.0,124.0,600000.0,164113.78555798688,11764.70588235294,0.36,3.828641396489095,3.3314383390085567,0.4972030574805384,fx 5100,fx 5100,8.0,247.0,,,,,2009.0,Unknown
fx 5200,2024.0,480.0,6.4,1250.0,50.0,29.0,150.0,65.0,600000.0,81081.08108108108,11764.70588235294,0.4393939393939394,3.4011973816621555,3.3314383390085567,0.0697590426535987,fx 5200,fx 5200,8.0,154.0,129.0,0.06,,,2010.0,Desktop
fx 5200,2024.0,480.0,6.4,1250.0,50.0,45.0,150.0,124.0,600000.0,81081.08108108108,11764.70588235294,0.36,3.828641396489095,3.3314383390085567,0.4972030574805384,fx 5200,fx 5200,8.0,154.0,129.0,0.06,,,2010.0,Desktop
fx 5200 le,2024.0,480.0,2.656,1250.0,50.0,45.0,150.0,124.0,600000.0,164113.78555798688,11764.70588235294,0.36,3.828641396489095,3.3314383390085567,0.4972030574805384,fx 5200le,fx 5200le,7.0,170.0,42.99,0.16,,,2009.0,Unknown
fx 5200 pci,2024.0,480.0,6.4,1250.0,50.0,45.0,150.0,91.0,600000.0,81081.08108108108,11764.70588235294,0.4891304347826087,3.828641396489095,3.3314383390085567,0.4972030574805384,fx 5200,fx 5200,8.0,154.0,129.0,0.06,,,2010.0,Desktop
fx 5200 rev 2,2024.0,480.0,3.2,1250.0,50.0,45.0,150.0,91.0,600000.0,142857.14285714284,11764.70588235294,0.4891304347826087,3.828641396489095,3.3314383390085567,0.4972030574805384,fx 5200se,fx 5200se,12.0,194.0,,,,,2013.0,Unknown
fx 5200 ultra,2024.0,480.0,10.4,1250.0,50.0,45.0,150.0,124.0,600000.0,52631.57894736842,11764.70588235294,0.36,3.828641396489095,3.3314383390085567,0.4972030574805384,fx 5200 ultra,fx 5200 ultra,12.0,138.0,,,,,2009.0,Desktop
fx 5200 ultra mac edition,2024.0,480.0,10.4,1250.0,50.0,45.0,150.0,124.0,600000.0,52631.57894736842,11764.70588235294,0.36,3.828641396489095,3.3314383390085567,0.4972030574805384,fx 5200 ultra,fx 5200 ultra,12.0,138.0,,,,,2009.0,Desktop
fx 5600,2024.0,480.0,8.0,1250.0,37.0,80.0,130.0,121.0,600000.0,66666.66666666667,15789.473684210529,0.6557377049180327,4.394449154672439,3.3314383390085567,1.0630108156638824,fx 5600,fx 5600,13.0,168.0,,,,,2009.0,Desktop
fx 5600 ultra,2024.0,480.0,12.8,1250.0,50.0,80.0,130.0,121.0,600000.0,43478.260869565216,11764.70588235294,0.6557377049180327,4.394449154672439,3.3314383390085567,1.0630108156638824,fx 5600 ultra,fx 5600 ultra,17.0,122.0,,,,,2009.0,Desktop
fx 5600 xt,2024.0,480.0,6.4,1250.0,50.0,80.0,130.0,121.0,600000.0,81081.08108108108,11764.70588235294,0.6557377049180327,4.394449154672439,3.3314383390085567,1.0630108156638824,fx 5600xt,fx 5600xt,9.0,166.0,,,,,2009.0,Unknown
fx 5600 xt pci,2024.0,480.0,6.4,1250.0,50.0,80.0,130.0,121.0,600000.0,81081.08108108108,11764.70588235294,0.6557377049180327,4.394449154672439,3.3314383390085567,1.0630108156638824,fx 5600xt,fx 5600xt,9.0,166.0,,,,,2009.0,Unknown
fx 5700,2024.0,480.0,8.0,1250.0,25.0,82.0,130.0,133.0,600000.0,66666.66666666667,23076.92307692308,0.6119402985074627,4.418840607796598,3.3314383390085567,1.0874022687880416,fx 5700,fx 5700,41.0,173.0,,,,,2009.0,Desktop
fx 5700 ultra,2024.0,480.0,14.5,1250.0,46.0,82.0,130.0,133.0,600000.0,38709.67741935484,12765.95744680851,0.6119402985074627,4.418840607796598,3.3314383390085567,1.0874022687880416,fx 5700 ultra,fx 5700 ultra,34.0,126.0,,,,,2009.0,Desktop
fx 5800,2024.0,480.0,12.8,1250.0,44.0,125.0,130.0,199.0,600000.0,43478.260869565216,13333.333333333334,0.625,4.836281906951478,3.3314383390085567,1.5048435679429213,fx 5900,fx 5900,35.0,188.0,,,,,2009.0,Desktop
fx 5800 ultra,2024.0,480.0,16.0,1250.0,50.0,125.0,130.0,199.0,600000.0,35294.117647058825,11764.70588235294,0.625,4.836281906951478,3.3314383390085567,1.5048435679429213,fx 5900 ultra,fx 5900 ultra,41.0,170.0,,,,,2009.0,Desktop
fx 5900,2024.0,480.0,27.2,1250.0,50.0,135.0,130.0,207.0,600000.0,21276.595744680853,11764.70588235294,0.6490384615384616,4.912654885736052,3.3314383390085567,1.5812165467274957,fx 5900,fx 5900,35.0,188.0,,,,,2009.0,Desktop
fx 5900 ultra,2024.0,480.0,27.2,1250.0,59.0,135.0,130.0,207.0,600000.0,21276.595744680853,10000.0,0.6490384615384616,4.912654885736052,3.3314383390085567,1.5812165467274957,fx 5900 ultra,fx 5900 ultra,41.0,170.0,,,,,2009.0,Desktop
fx 5900 xt,2024.0,480.0,22.4,1250.0,35.0,135.0,130.0,207.0,600000.0,25641.025641025644,16666.666666666668,0.6490384615384616,4.912654885736052,3.3314383390085567,1.5812165467274957,fx 5900xt,fx 5900xt,40.0,134.0,,,,,2009.0,Desktop
fx 5900 zt,2024.0,480.0,22.4,1250.0,50.0,135.0,130.0,207.0,600000.0,25641.025641025644,11764.70588235294,0.6490384615384616,4.912654885736052,3.3314383390085567,1.5812165467274957,fx 5900zt,fx 5900zt,33.0,129.0,,,,,2009.0,Desktop
fx 5950 ultra,2024.0,480.0,30.4,1250.0,74.0,135.0,130.0,207.0,600000.0,19108.28025477707,8000.0,0.6490384615384616,4.912654885736052,3.3314383390085567,1.5812165467274957,fx 5950 ultra,fx 5950 ultra,59.0,274.0,,,,,2009.0,Desktop
fx go5100,2024.0,480.0,3.2,1250.0,50.0,45.0,150.0,124.0,600000.0,142857.14285714284,11764.70588235294,0.36,3.828641396489095,3.3314383390085567,0.4972030574805384,fx go5700,fx go5700,51.0,171.0,,,,,2009.0,Unknown
fx go5200,2024.0,480.0,6.4,1250.0,50.0,45.0,150.0,124.0,600000.0,81081.08108108108,11764.70588235294,0.36,3.828641396489095,3.3314383390085567,0.4972030574805384,fx go 5200,fx go 5200,8.0,190.0,,,,,2010.0,Mobile
fx go5200,2024.0,480.0,6.4,1250.0,50.0,45.0,150.0,91.0,600000.0,81081.08108108108,11764.70588235294,0.4891304347826087,3.828641396489095,3.3314383390085567,0.4972030574805384,fx go 5200,fx go 5200,8.0,190.0,,,,,2010.0,Mobile
fx go5200 32m,2024.0,480.0,3.2,1250.0,50.0,45.0,150.0,124.0,600000.0,142857.14285714284,11764.70588235294,0.36,3.828641396489095,3.3314383390085567,0.4972030574805384,fx go 5200,fx go 5200,8.0,190.0,,,,,2010.0,Mobile
fx go5200 64m,2024.0,480.0,8.0,1250.0,50.0,45.0,150.0,91.0,600000.0,66666.66666666667,11764.70588235294,0.4891304347826087,3.828641396489095,3.3314383390085567,0.4972030574805384,fx go 5200,fx go 5200,8.0,190.0,,,,,2010.0,Mobile
fx go5200 npb 32m,2024.0,480.0,3.2,1250.0,50.0,45.0,150.0,91.0,600000.0,142857.14285714284,11764.70588235294,0.4891304347826087,3.828641396489095,3.3314383390085567,0.4972030574805384,fx go 5200,fx go 5200,8.0,190.0,,,,,2010.0,Mobile
fx go5200 npb 64m,2024.0,480.0,8.0,1250.0,50.0,45.0,150.0,91.0,600000.0,66666.66666666667,11764.70588235294,0.4891304347826087,3.828641396489095,3.3314383390085567,0.4972030574805384,fx go 5200,fx go 5200,8.0,190.0,,,,,2010.0,Mobile
fx go5250,2024.0,480.0,8.0,1250.0,50.0,45.0,150.0,124.0,600000.0,66666.66666666667,11764.70588235294,0.36,3.828641396489095,3.3314383390085567,0.4972030574805384,fx go5650,fx go5650,17.0,211.0,,,,,2009.0,Unknown
fx go5300,2024.0,480.0,8.0,1250.0,50.0,45.0,150.0,124.0,600000.0,66666.66666666667,11764.70588235294,0.36,3.828641396489095,3.3314383390085567,0.4972030574805384,fx go5300,fx go5300,13.0,159.0,,,,,2009.0,Unknown
fx go5350,2024.0,480.0,8.8,1250.0,50.0,45.0,150.0,124.0,600000.0,61224.489795918365,11764.70588235294,0.36,3.828641396489095,3.3314383390085567,0.4972030574805384,fx go5650,fx go5650,17.0,211.0,,,,,2009.0,Unknown
fx go5600,2024.0,480.0,8.0,1250.0,50.0,80.0,130.0,121.0,600000.0,66666.66666666667,11764.70588235294,0.6557377049180327,4.394449154672439,3.3314383390085567,1.0630108156638824,fx go 5600,fx go 5600,18.0,186.0,,,,,2009.0,Mobile
fx go5650,2024.0,480.0,9.44,1250.0,50.0,80.0,130.0,121.0,600000.0,57471.2643678161,11764.70588235294,0.6557377049180327,4.394449154672439,3.3314383390085567,1.0630108156638824,fx go5650,fx go5650,17.0,211.0,,,,,2009.0,Unknown
pcx 5900,2024.0,480.0,17.6,1250.0,50.0,135.0,130.0,207.0,600000.0,32258.06451612903,11764.70588235294,0.6490384615384616,4.912654885736052,3.3314383390085567,1.5812165467274957,pcx 5900,pcx 5900,34.0,258.0,,,,,2009.0,Desktop
4 mx 4000,2024.0,480.0,2.656,1250.0,50.0,29.0,150.0,65.0,600000.0,164113.78555798688,11764.70588235294,0.4393939393939394,3.4011973816621555,3.3314383390085567,0.0697590426535987,4 mx 4000,4 mx 4000,5.0,131.0,,,,,2009.0,Unknown
4 mx 4000 pci,2024.0,480.0,2.656,1250.0,50.0,29.0,150.0,65.0,600000.0,164113.78555798688,11764.70588235294,0.4393939393939394,3.4011973816621555,3.3314383390085567,0.0697590426535987,4 mx 4000,4 mx 4000,5.0,131.0,,,,,2009.0,Unknown
4 mx 4000 rev 2,2024.0,480.0,2.656,1250.0,50.0,29.0,150.0,65.0,600000.0,164113.78555798688,11764.70588235294,0.4393939393939394,3.4011973816621555,3.3314383390085567,0.0697590426535987,4 mx 4000,4 mx 4000,5.0,131.0,,,,,2009.0,Unknown
4 ti 4800,2024.0,480.0,10.4,1250.0,50.0,63.0,150.0,142.0,600000.0,52631.57894736842,11764.70588235294,0.4405594405594406,4.158883083359672,3.3314383390085567,0.8274447443511148,4 ti 4800,4 ti 4800,6.0,190.0,,,,,2009.0,Unknown
4 ti 4800,2024.0,480.0,10.4,1250.0,50.0,63.0,150.0,142.0,600000.0,52631.57894736842,11764.70588235294,0.4405594405594406,4.158883083359672,3.3314383390085567,0.8274447443511148,4 ti 4800,4 ti 4800,6.0,190.0,,,,,2009.0,Unknown
4 ti 4800 se,2024.0,480.0,8.8,1250.0,50.0,63.0,150.0,142.0,600000.0,61224.489795918365,11764.70588235294,0.4405594405594406,4.158883083359672,3.3314383390085567,0.8274447443511148,4 ti 4800 se,4 ti 4800 se,7.0,187.0,,,,,2009.0,Unknown
quadro fx 1000,2024.0,480.0,9.6,1250.0,50.0,125.0,130.0,199.0,600000.0,56603.77358490566,11764.70588235294,0.625,4.836281906951478,3.3314383390085567,1.5048435679429213,quadro fx 1000,quadro fx 1000,34.0,266.0,,,,,2009.0,Workstation
quadro fx 2000,2024.0,480.0,12.8,1250.0,50.0,125.0,130.0,199.0,600000.0,43478.260869565216,11764.70588235294,0.625,4.836281906951478,3.3314383390085567,1.5048435679429213,quadro fx 2000,quadro fx 2000,18.0,146.0,,,,,2009.0,Workstation
quadro fx 3000,2024.0,480.0,27.2,1250.0,50.0,135.0,130.0,207.0,600000.0,21276.595744680853,11764.70588235294,0.6490384615384616,4.912654885736052,3.3314383390085567,1.5812165467274957,quadro fx 3000,quadro fx 3000,69.0,178.0,166.61,0.41,,,2009.0,Workstation
quadro fx 3000g,2024.0,480.0,27.2,1250.0,50.0,135.0,130.0,207.0,600000.0,21276.595744680853,11764.70588235294,0.6490384615384616,4.912654885736052,3.3314383390085567,1.5812165467274957,quadro fx 3000,quadro fx 3000,69.0,178.0,166.61,0.41,,,2009.0,Workstation
quadro fx 500,2024.0,480.0,7.68,1250.0,50.0,45.0,150.0,124.0,600000.0,69124.42396313364,11764.70588235294,0.36,3.828641396489095,3.3314383390085567,0.4972030574805384,quadro fx 5800,quadro fx 5800,1248.0,134.0,274.0,4.55,189.0,6.6,2009.0,Workstation
quadro fx go700,2024.0,480.0,9.44,1250.0,50.0,80.0,130.0,121.0,600000.0,57471.2643678161,11764.70588235294,0.6557377049180327,4.394449154672439,3.3314383390085567,1.0630108156638824,quadro fx go1400,quadro fx go1400,102.0,223.0,,,,,2009.0,Unknown
quadro nvs 210s,2024.0,480.0,40.0,1250.0,11.0,29.0,90.0,154.0,600000.0,14634.146341463416,50000.0,0.1870967741935484,3.4011973816621555,3.3314383390085567,0.0697590426535987,quadro nvs 210s,quadro nvs 210s,24.0,265.0,,,,,2009.0,Unknown
quadro nvs 280 pci,2024.0,480.0,4.0,1250.0,13.0,45.0,150.0,91.0,600000.0,120000.0,42857.142857142855,0.4891304347826087,3.828641396489095,3.3314383390085567,0.4972030574805384,quadro nvs 280 pci,quadro nvs 280 pci,8.0,261.0,130.0,0.06,,,2009.0,Unknown
quadro4 100 nvs,2024.0,480.0,5.312,1250.0,10.0,29.0,150.0,65.0,600000.0,95057.03422053232,54545.454545454544,0.4393939393939394,3.4011973816621555,3.3314383390085567,0.0697590426535987,quadro t1000,quadro t1000,6513.0,448.0,441.99,14.74,,,2019.0,Mobile
quadro4 100 nvs pci,2024.0,480.0,5.312,1250.0,10.0,29.0,150.0,65.0,600000.0,95057.03422053232,54545.454545454544,0.4393939393939394,3.4011973816621555,3.3314383390085567,0.0697590426535987,quadro 280 nvs pcie,quadro 280 nvs pcie,6.0,185.0,,,,,2009.0,Unknown
quadro4 200 nvs,2024.0,480.0,8.0,1250.0,11.0,29.0,150.0,65.0,600000.0,66666.66666666667,50000.0,0.4393939393939394,3.4011973816621555,3.3314383390085567,0.0697590426535987,quadro 2000 d,quadro 2000 d,1239.0,594.0,,,,,2011.0,Unknown
quadro4 700 go gl,2024.0,480.0,7.136,1250.0,50.0,63.0,150.0,142.0,600000.0,73746.3126843658,11764.70588235294,0.4405594405594406,4.158883083359672,3.3314383390085567,0.8274447443511148,quadro4 900 xgl,quadro4 900 xgl,5.0,194.0,,,,,2009.0,Unknown
6100,2024.0,480.0,40.0,1250.0,50.0,29.0,90.0,154.0,600000.0,14634.146341463416,11764.70588235294,0.1870967741935484,3.4011973816621555,3.3314383390085567,0.0697590426535987,6100,6100,27.0,44.0,,,,,2009.0,Unknown
6100 nforce 400,2024.0,480.0,40.0,1250.0,50.0,29.0,90.0,154.0,600000.0,14634.146341463416,11764.70588235294,0.1870967741935484,3.4011973816621555,3.3314383390085567,0.0697590426535987,6100 nforce 400,6100 nforce 400,25.0,242.0,,,,,2009.0,Unknown
6100 nforce 405,2024.0,480.0,40.0,1250.0,50.0,29.0,90.0,154.0,600000.0,14634.146341463416,11764.70588235294,0.1870967741935484,3.4011973816621555,3.3314383390085567,0.0697590426535987,6100 nforce 405,6100 nforce 405,25.0,108.0,,,,,2009.0,Unknown
6100 nforce 420,2024.0,480.0,40.0,1250.0,50.0,29.0,90.0,154.0,600000.0,14634.146341463416,11764.70588235294,0.1870967741935484,3.4011973816621555,3.3314383390085567,0.0697590426535987,6100 nforce 420,6100 nforce 420,25.0,234.0,,,,,2009.0,Unknown
6100 nforce 430,2024.0,480.0,40.0,1250.0,50.0,29.0,90.0,154.0,600000.0,14634.146341463416,11764.70588235294,0.1870967741935484,3.4011973816621555,3.3314383390085567,0.0697590426535987,6100 nforce 430,6100 nforce 430,23.0,249.0,,,,,2009.0,Unknown
6150,2024.0,480.0,40.0,1250.0,50.0,29.0,90.0,154.0,600000.0,14634.146341463416,11764.70588235294,0.1870967741935484,3.4011973816621555,3.3314383390085567,0.0697590426535987,6150,6150,22.0,250.0,329.0,0.07,,,2012.0,Unknown
6150 le,2024.0,480.0,40.0,1250.0,50.0,29.0,90.0,154.0,600000.0,14634.146341463416,11764.70588235294,0.1870967741935484,3.4011973816621555,3.3314383390085567,0.0697590426535987,6150 le,6150 le,33.0,30.0,,,,,2012.0,Unknown
6150 se nforce 430,2024.0,480.0,40.0,1250.0,50.0,29.0,90.0,154.0,600000.0,14634.146341463416,11764.70588235294,0.1870967741935484,3.4011973816621555,3.3314383390085567,0.0697590426535987,6150se nforce 430,6150se nforce 430,30.0,21.0,,,,,2012.0,Unknown
6200,2024.0,480.0,8.8,1250.0,50.0,146.0,110.0,154.0,600000.0,61224.489795918365,11764.70588235294,0.9419354838709676,4.990432586778736,3.3314383390085567,1.6589942477701791,6200,6200,35.0,58.0,99.99,0.35,,,2009.0,Desktop
6200 le agp 512 mb,2024.0,480.0,8.8,1250.0,50.0,75.0,110.0,110.0,600000.0,61224.489795918365,11764.70588235294,0.6756756756756757,4.330733340286331,3.3314383390085567,0.9992950012777744,9600 gso 512,9600 gso 512,345.0,111.0,,,90.0,3.83,2009.0,Desktop
6200 le pci,2024.0,480.0,4.256,1250.0,50.0,146.0,110.0,154.0,600000.0,114155.25114155252,11764.70588235294,0.9419354838709676,4.990432586778736,3.3314383390085567,1.6589942477701791,6200 le,6200 le,31.0,89.0,41.24,0.75,,,2012.0,Desktop
6200 se turbocache,2024.0,480.0,2.0,1250.0,50.0,75.0,110.0,110.0,600000.0,200000.0,11764.70588235294,0.6756756756756757,4.330733340286331,3.3314383390085567,0.9992950012777744,6200se turbocache,6200se turbocache,37.0,146.0,,,,,2009.0,Unknown
6200 turbocache,2024.0,480.0,4.0,1250.0,50.0,75.0,110.0,110.0,600000.0,120000.0,11764.70588235294,0.6756756756756757,4.330733340286331,3.3314383390085567,0.9992950012777744,6200 turbocache,6200 turbocache,46.0,78.0,,,,,2009.0,Unknown
6600,2024.0,480.0,8.0,1250.0,50.0,146.0,110.0,154.0,600000.0,66666.66666666667,11764.70588235294,0.9419354838709676,4.990432586778736,3.3314383390085567,1.6589942477701791,6600,6600,88.0,69.0,264.0,0.33,,,2009.0,Desktop
6600 agp,2024.0,480.0,8.0,1250.0,50.0,146.0,110.0,154.0,600000.0,66666.66666666667,11764.70588235294,0.9419354838709676,4.990432586778736,3.3314383390085567,1.6589942477701791,6600 gt,6600 gt,137.0,67.0,64.95,2.11,,,2010.0,Desktop
6600 gt,2024.0,480.0,16.0,1250.0,50.0,146.0,110.0,154.0,600000.0,35294.117647058825,11764.70588235294,0.9419354838709676,4.990432586778736,3.3314383390085567,1.6589942477701791,6600 gt,6600 gt,137.0,67.0,64.95,2.11,,,2010.0,Desktop
6600 gt agp,2024.0,480.0,15.2,1250.0,47.0,146.0,110.0,154.0,600000.0,37037.03703703704,12500.0,0.9419354838709676,4.990432586778736,3.3314383390085567,1.6589942477701791,6600 gt,6600 gt,137.0,67.0,64.95,2.11,,,2010.0,Desktop
6600 gt dual,2024.0,480.0,17.92,1250.0,50.0,146.0,110.0,154.0,600000.0,31712.473572938685,11764.70588235294,0.9419354838709676,4.990432586778736,3.3314383390085567,1.6589942477701791,6600 gt,6600 gt,137.0,67.0,64.95,2.11,,,2010.0,Desktop
6610 xl,2024.0,480.0,12.8,1250.0,50.0,146.0,110.0,154.0,600000.0,43478.260869565216,11764.70588235294,0.9419354838709676,4.990432586778736,3.3314383390085567,1.6589942477701791,6610 xl,6610 xl,89.0,288.0,,,,,2009.0,Unknown
6700 xl,2024.0,480.0,17.6,1250.0,50.0,146.0,110.0,154.0,600000.0,32258.06451612903,11764.70588235294,0.9419354838709676,4.990432586778736,3.3314383390085567,1.6589942477701791,6700 xl,6700 xl,95.0,243.0,,,,,2009.0,Unknown
6800,2024.0,480.0,22.4,1250.0,50.0,222.0,110.0,287.0,600000.0,25641.025641025644,11764.70588235294,0.7708333333333334,5.407171771460119,3.3314383390085567,2.075733432451562,6800,6800,113.0,258.0,559.29,0.2,,,2009.0,Desktop
6800,2024.0,480.0,19.2,1250.0,50.0,190.0,130.0,225.0,600000.0,29702.970297029704,11764.70588235294,0.8407079646017699,5.25227342804663,3.3314383390085567,1.9208350890380728,6800,6800,113.0,258.0,559.29,0.2,,,2009.0,Desktop
6800,2024.0,480.0,22.4,1250.0,50.0,222.0,130.0,287.0,600000.0,25641.025641025644,11764.70588235294,0.7708333333333334,5.407171771460119,3.3314383390085567,2.075733432451562,6800,6800,113.0,258.0,559.29,0.2,,,2009.0,Desktop
6800 gt,2024.0,480.0,16.0,1250.0,50.0,222.0,130.0,287.0,600000.0,35294.117647058825,11764.70588235294,0.7708333333333334,5.407171771460119,3.3314383390085567,2.075733432451562,6800 gt,6800 gt,142.0,212.0,,,,,2009.0,Desktop
6800 gt,2024.0,480.0,32.0,1250.0,67.0,222.0,130.0,287.0,600000.0,18181.81818181818,8823.529411764706,0.7708333333333334,5.407171771460119,3.3314383390085567,2.075733432451562,6800 gt,6800 gt,142.0,212.0,,,,,2009.0,Desktop
6800 gt,2024.0,480.0,32.0,1250.0,50.0,222.0,110.0,287.0,600000.0,18181.81818181818,11764.70588235294,0.7708333333333334,5.407171771460119,3.3314383390085567,2.075733432451562,6800 gt,6800 gt,142.0,212.0,,,,,2009.0,Desktop
6800 gt ddl,2024.0,480.0,32.0,1250.0,80.0,222.0,130.0,287.0,600000.0,18181.81818181818,7407.407407407408,0.7708333333333334,5.407171771460119,3.3314383390085567,2.075733432451562,6800 gt,6800 gt,142.0,212.0,,,,,2009.0,Desktop
6800 gt dual,2024.0,480.0,32.0,1250.0,50.0,222.0,130.0,287.0,600000.0,18181.81818181818,11764.70588235294,0.7708333333333334,5.407171771460119,3.3314383390085567,2.075733432451562,6800 gt,6800 gt,142.0,212.0,,,,,2009.0,Desktop
6800 gto,2024.0,480.0,32.0,1250.0,50.0,222.0,130.0,287.0,600000.0,18181.81818181818,11764.70588235294,0.7708333333333334,5.407171771460119,3.3314383390085567,2.075733432451562,6800 gt,6800 gt,142.0,212.0,,,,,2009.0,Desktop
6800 le,2024.0,480.0,22.4,1250.0,50.0,222.0,130.0,287.0,600000.0,25641.025641025644,11764.70588235294,0.7708333333333334,5.407171771460119,3.3314383390085567,2.075733432451562,6800 le,6800 le,110.0,166.0,,,,,2009.0,Desktop
6800 ultra,2024.0,480.0,35.2,1250.0,81.0,222.0,130.0,287.0,600000.0,16574.585635359115,7317.073170731707,0.7708333333333334,5.407171771460119,3.3314383390085567,2.075733432451562,6800 ultra,6800 ultra,139.0,153.0,,,,,2009.0,Desktop
6800 ultra,2024.0,480.0,35.2,1250.0,50.0,222.0,130.0,287.0,600000.0,16574.585635359115,11764.70588235294,0.7708333333333334,5.407171771460119,3.3314383390085567,2.075733432451562,6800 ultra,6800 ultra,139.0,153.0,,,,,2009.0,Desktop
6800 ultra ddl,2024.0,480.0,35.2,1250.0,100.0,222.0,130.0,287.0,600000.0,16574.585635359115,5940.59405940594,0.7708333333333334,5.407171771460119,3.3314383390085567,2.075733432451562,6800 ultra,6800 ultra,139.0,153.0,,,,,2009.0,Desktop
fx 5500,2024.0,480.0,5.312,1250.0,50.0,45.0,150.0,91.0,600000.0,95057.03422053232,11764.70588235294,0.4891304347826087,3.828641396489095,3.3314383390085567,0.4972030574805384,fx 5500,fx 5500,8.0,152.0,153.97,0.05,,,2009.0,Desktop
fx 5500 pci,2024.0,480.0,6.4,1250.0,50.0,45.0,150.0,91.0,600000.0,81081.08108108108,11764.70588235294,0.4891304347826087,3.828641396489095,3.3314383390085567,0.4972030574805384,fx 5500,fx 5500,8.0,152.0,153.97,0.05,,,2009.0,Desktop
fx 5700 ep,2024.0,480.0,3.2,1250.0,50.0,82.0,130.0,133.0,600000.0,142857.14285714284,11764.70588235294,0.6119402985074627,4.418840607796598,3.3314383390085567,1.0874022687880416,fx 5700ve,fx 5700ve,33.0,161.0,,,,,2009.0,Desktop
fx 5700 le,2024.0,480.0,3.2,1250.0,50.0,82.0,130.0,133.0,600000.0,142857.14285714284,11764.70588235294,0.6119402985074627,4.418840607796598,3.3314383390085567,1.0874022687880416,fx 5700le,fx 5700le,25.0,147.0,,,,,2009.0,Desktop
fx 5700 ve,2024.0,480.0,6.4,1250.0,50.0,82.0,130.0,133.0,600000.0,81081.08108108108,11764.70588235294,0.6119402985074627,4.418840607796598,3.3314383390085567,1.0874022687880416,fx 5700ve,fx 5700ve,33.0,161.0,,,,,2009.0,Desktop
go 6800,2024.0,480.0,35.2,1250.0,45.0,190.0,130.0,225.0,600000.0,16574.585635359115,13043.478260869566,0.8407079646017699,5.25227342804663,3.3314383390085567,1.9208350890380728,go 6800,go 6800,106.0,205.0,,,,,2009.0,Mobile
pcx 4300,2024.0,480.0,2.656,1250.0,50.0,29.0,150.0,65.0,600000.0,164113.78555798688,11764.70588235294,0.4393939393939394,3.4011973816621555,3.3314383390085567,0.0697590426535987,pcx 5300,pcx 5300,6.0,197.0,,,,,2009.0,Desktop
pcx 5300,2024.0,480.0,6.4,1250.0,50.0,45.0,150.0,91.0,600000.0,81081.08108108108,11764.70588235294,0.4891304347826087,3.828641396489095,3.3314383390085567,0.4972030574805384,pcx 5300,pcx 5300,6.0,197.0,,,,,2009.0,Desktop
pcx 5750,2024.0,480.0,8.8,1250.0,50.0,82.0,130.0,125.0,600000.0,61224.489795918365,11764.70588235294,0.6507936507936508,4.418840607796598,3.3314383390085567,1.0874022687880416,pcx 5750,pcx 5750,35.0,310.0,,,,,2010.0,Desktop
pcx 5950,2024.0,480.0,27.2,1250.0,57.0,135.0,130.0,207.0,600000.0,21276.595744680853,10344.827586206897,0.6490384615384616,4.912654885736052,3.3314383390085567,1.5812165467274957,pcx 5900,pcx 5900,34.0,258.0,,,,,2009.0,Desktop
quadro fx 1100,2024.0,480.0,10.4,1250.0,50.0,82.0,130.0,133.0,600000.0,52631.57894736842,11764.70588235294,0.6119402985074627,4.418840607796598,3.3314383390085567,1.0874022687880416,quadro fx 1100,quadro fx 1100,36.0,178.0,212.99,0.17,,,2009.0,Workstation
quadro fx 1300,2024.0,480.0,17.6,1250.0,55.0,135.0,130.0,207.0,600000.0,32258.06451612903,10714.285714285714,0.6490384615384616,4.912654885736052,3.3314383390085567,1.5812165467274957,quadro fx 1300,quadro fx 1300,34.0,276.0,,,55.0,0.63,2009.0,Workstation
quadro fx 1400,2024.0,480.0,19.2,1250.0,55.0,190.0,130.0,225.0,600000.0,29702.970297029704,10714.285714285714,0.8407079646017699,5.25227342804663,3.3314383390085567,1.9208350890380728,quadro fx 1400,quadro fx 1400,124.0,152.0,245.01,0.51,70.0,1.77,2011.0,Workstation
quadro fx 330,2024.0,480.0,3.2,1250.0,21.0,45.0,150.0,91.0,600000.0,142857.14285714284,27272.727272727272,0.4891304347826087,3.828641396489095,3.3314383390085567,0.4972030574805384,quadro fx 380,quadro fx 380,186.0,151.0,72.5,2.56,34.0,5.46,2012.0,Workstation
quadro fx 3400,2024.0,480.0,28.8,1250.0,101.0,222.0,130.0,287.0,600000.0,20134.228187919463,5882.35294117647,0.7708333333333334,5.407171771460119,3.3314383390085567,2.075733432451562,quadro fx 4800,quadro fx 4800,979.0,106.0,204.0,4.8,150.0,6.52,2012.0,Workstation
quadro fx 4000,2024.0,480.0,32.0,1250.0,142.0,222.0,130.0,287.0,600000.0,18181.81818181818,4195.804195804196,0.7708333333333334,5.407171771460119,3.3314383390085567,2.075733432451562,quadro fx 4000,quadro fx 4000,101.0,78.0,,,142.0,0.71,2009.0,Workstation
quadro fx 4000 sdi,2024.0,480.0,32.0,1250.0,150.0,190.0,130.0,225.0,600000.0,18181.81818181818,3973.509933774834,0.8407079646017699,5.25227342804663,3.3314383390085567,1.9208350890380728,quadro fx 3450 4000 sdi,quadro fx 3450 4000 sdi,186.0,130.0,,,,,2009.0,Workstation
quadro fx 540,2024.0,480.0,8.0,1250.0,25.0,146.0,110.0,154.0,600000.0,66666.66666666667,23076.92307692308,0.9419354838709676,4.990432586778736,3.3314383390085567,1.6589942477701791,quadro fx 540,quadro fx 540,81.0,294.0,59.99,1.35,35.0,2.31,2009.0,Workstation
quadro fx 600 pci,2024.0,480.0,7.68,1250.0,50.0,45.0,150.0,124.0,600000.0,69124.42396313364,11764.70588235294,0.36,3.828641396489095,3.3314383390085567,0.4972030574805384,quadro fx 500 600 pci,quadro fx 500 600 pci,14.0,203.0,,,,,2009.0,Unknown
quadro fx 700,2024.0,480.0,8.8,1250.0,50.0,135.0,130.0,207.0,600000.0,61224.489795918365,11764.70588235294,0.6490384615384616,4.912654885736052,3.3314383390085567,1.5812165467274957,quadro fx 3700,quadro fx 3700,384.0,158.0,213.27,1.8,78.0,4.93,2010.0,Workstation
quadro fx go1000,2024.0,480.0,9.12,1250.0,50.0,82.0,130.0,133.0,600000.0,59288.53754940712,11764.70588235294,0.6119402985074627,4.418840607796598,3.3314383390085567,1.0874022687880416,quadro fx go1400,quadro fx go1400,102.0,223.0,,,,,2009.0,Unknown
quadro fx go540,2024.0,480.0,7.2,1250.0,25.0,146.0,110.0,154.0,600000.0,73170.73170731709,23076.92307692308,0.9419354838709676,4.990432586778736,3.3314383390085567,1.6589942477701791,quadro fx 540,quadro fx 540,81.0,294.0,59.99,1.35,35.0,2.31,2009.0,Workstation
quadro nvs 280 agp,2024.0,480.0,8.0,1250.0,13.0,45.0,150.0,124.0,600000.0,66666.66666666667,42857.142857142855,0.36,3.828641396489095,3.3314383390085567,0.4972030574805384,quadro nvs 280 pci,quadro nvs 280 pci,8.0,261.0,130.0,0.06,,,2009.0,Unknown
quadro nvs 280 pcie,2024.0,480.0,8.0,1250.0,13.0,45.0,150.0,91.0,600000.0,66666.66666666667,42857.142857142855,0.4891304347826087,3.828641396489095,3.3314383390085567,0.4972030574805384,quadro nvs 280 pci,quadro nvs 280 pci,8.0,261.0,130.0,0.06,,,2009.0,Unknown
quadro4 400 nvs pci,2024.0,480.0,5.312,1250.0,18.0,29.0,150.0,65.0,600000.0,95057.03422053232,31578.947368421053,0.4393939393939394,3.4011973816621555,3.3314383390085567,0.0697590426535987,quadro 280 nvs pcie,quadro 280 nvs pcie,6.0,185.0,,,,,2009.0,Unknown
6200 agp,2024.0,480.0,4.0,1250.0,50.0,75.0,110.0,110.0,600000.0,120000.0,11764.70588235294,0.6756756756756757,4.330733340286331,3.3314383390085567,0.9992950012777744,6200a,6200a,4.0,117.0,54.99,0.07,,,2014.0,Desktop
6200 agp,2024.0,480.0,4.256,1250.0,50.0,75.0,110.0,110.0,600000.0,114155.25114155252,11764.70588235294,0.6756756756756757,4.330733340286331,3.3314383390085567,0.9992950012777744,6200a,6200a,4.0,117.0,54.99,0.07,,,2014.0,Desktop
6200 le,2024.0,480.0,4.256,1250.0,50.0,75.0,110.0,110.0,600000.0,114155.25114155252,11764.70588235294,0.6756756756756757,4.330733340286331,3.3314383390085567,0.9992950012777744,6200 le,6200 le,31.0,89.0,41.24,0.75,,,2012.0,Desktop
6200 le,2024.0,480.0,2.128,1250.0,50.0,75.0,110.0,110.0,600000.0,191815.8567774936,11764.70588235294,0.6756756756756757,4.330733340286331,3.3314383390085567,0.9992950012777744,6200 le,6200 le,31.0,89.0,41.24,0.75,,,2012.0,Desktop
6200 le agp,2024.0,480.0,4.256,1250.0,50.0,75.0,110.0,110.0,600000.0,114155.25114155252,11764.70588235294,0.6756756756756757,4.330733340286331,3.3314383390085567,0.9992950012777744,6200 le,6200 le,31.0,89.0,41.24,0.75,,,2012.0,Desktop
6500,2024.0,480.0,8.512,1250.0,50.0,75.0,110.0,110.0,600000.0,63078.21698906644,11764.70588235294,0.6756756756756757,4.330733340286331,3.3314383390085567,0.9992950012777744,6500,6500,38.0,300.0,,,,,2009.0,Desktop
6600 le,2024.0,480.0,8.0,1250.0,50.0,146.0,110.0,154.0,600000.0,66666.66666666667,11764.70588235294,0.9419354838709676,4.990432586778736,3.3314383390085567,1.6589942477701791,6600 le,6600 le,51.0,234.0,,,,,2009.0,Desktop
6600 le agp,2024.0,480.0,6.4,1250.0,50.0,146.0,110.0,154.0,600000.0,81081.08108108108,11764.70588235294,0.9419354838709676,4.990432586778736,3.3314383390085567,1.6589942477701791,6600 le,6600 le,51.0,234.0,,,,,2009.0,Desktop
6600 ve,2024.0,480.0,6.4,1250.0,50.0,146.0,110.0,154.0,600000.0,81081.08108108108,11764.70588235294,0.9419354838709676,4.990432586778736,3.3314383390085567,1.6589942477701791,6600 le,6600 le,51.0,234.0,,,,,2009.0,Desktop
6800 gs,2024.0,480.0,32.0,1250.0,50.0,190.0,130.0,225.0,600000.0,18181.81818181818,11764.70588235294,0.8407079646017699,5.25227342804663,3.3314383390085567,1.9208350890380728,6800 gs,6800 gs,195.0,121.0,,,,,2009.0,Desktop
6800 gs,2024.0,480.0,32.0,1250.0,50.0,222.0,130.0,287.0,600000.0,18181.81818181818,11764.70588235294,0.7708333333333334,5.407171771460119,3.3314383390085567,2.075733432451562,6800 gs,6800 gs,195.0,121.0,,,,,2009.0,Desktop
6800 le,2024.0,480.0,19.2,1250.0,50.0,190.0,130.0,225.0,600000.0,29702.970297029704,11764.70588235294,0.8407079646017699,5.25227342804663,3.3314383390085567,1.9208350890380728,6800 le,6800 le,110.0,166.0,,,,,2009.0,Desktop
6800 xe,2024.0,480.0,8.512,1250.0,50.0,222.0,130.0,287.0,600000.0,63078.21698906644,11764.70588235294,0.7708333333333334,5.407171771460119,3.3314383390085567,2.075733432451562,6800 xe,6800 xe,59.0,166.0,,,,,2009.0,Unknown
6800 xt,2024.0,480.0,8.512,1250.0,50.0,222.0,110.0,287.0,600000.0,63078.21698906644,11764.70588235294,0.7708333333333334,5.407171771460119,3.3314383390085567,2.075733432451562,6800 xt,6800 xt,128.0,150.0,,,,,2009.0,Desktop
6800 xt,2024.0,480.0,22.4,1250.0,50.0,222.0,130.0,287.0,600000.0,25641.025641025644,11764.70588235294,0.7708333333333334,5.407171771460119,3.3314383390085567,2.075733432451562,6800 xt,6800 xt,128.0,150.0,,,,,2009.0,Desktop
6800 xt,2024.0,480.0,32.0,1250.0,50.0,190.0,130.0,225.0,600000.0,18181.81818181818,11764.70588235294,0.8407079646017699,5.25227342804663,3.3314383390085567,1.9208350890380728,6800 xt,6800 xt,128.0,150.0,,,,,2009.0,Desktop
6800 xt,2024.0,480.0,38.4,1250.0,50.0,202.0,110.0,222.0,600000.0,15228.426395939086,11764.70588235294,0.905829596412556,5.313205979041787,3.3314383390085567,1.9817676400332305,6800 xt,6800 xt,128.0,150.0,,,,,2009.0,Desktop
7800 gt,2024.0,480.0,32.0,1250.0,65.0,302.0,110.0,333.0,600000.0,18181.81818181818,9090.90909090909,0.9041916167664672,5.713732805509369,3.3314383390085567,2.382294466500812,7800 gt,7800 gt,244.0,273.0,80.0,3.05,,,2009.0,Desktop
7800 gt dual,2024.0,480.0,32.0,1250.0,120.0,302.0,110.0,333.0,600000.0,18181.81818181818,4958.677685950413,0.9041916167664672,5.713732805509369,3.3314383390085567,2.382294466500812,7800 gt,7800 gt,244.0,273.0,80.0,3.05,,,2009.0,Desktop
7800 gtx,2024.0,480.0,38.4,1250.0,86.0,302.0,110.0,333.0,600000.0,15228.426395939086,6896.551724137931,0.9041916167664672,5.713732805509369,3.3314383390085567,2.382294466500812,7800 gtx,7800 gtx,291.0,196.0,71.6,4.06,86.0,3.38,2009.0,Desktop
7800 gtx 512,2024.0,480.0,51.2,1250.0,108.0,302.0,110.0,333.0,600000.0,11494.25287356322,5504.587155963302,0.9041916167664672,5.713732805509369,3.3314383390085567,2.382294466500812,8800 gts 512,8800 gts 512,591.0,109.0,,,135.0,4.38,2012.0,Desktop
fx go5700,2024.0,480.0,8.8,1250.0,50.0,82.0,130.0,133.0,600000.0,61224.489795918365,11764.70588235294,0.6119402985074627,4.418840607796598,3.3314383390085567,1.0874022687880416,fx go5700,fx go5700,51.0,171.0,,,,,2009.0,Unknown
go 6200 te,2024.0,480.0,4.8,1250.0,50.0,146.0,110.0,154.0,600000.0,103448.27586206896,11764.70588235294,0.9419354838709676,4.990432586778736,3.3314383390085567,1.6589942477701791,go 6200,go 6200,15.0,204.0,,,,,2009.0,Mobile
go 6600,2024.0,480.0,11.2,1250.0,50.0,146.0,110.0,154.0,600000.0,49180.32786885246,11764.70588235294,0.9419354838709676,4.990432586778736,3.3314383390085567,1.6589942477701791,go 6600,go 6600,69.0,209.0,,,,,2009.0,Mobile
go 6600 npb 128m,2024.0,480.0,9.6,1250.0,50.0,146.0,110.0,154.0,600000.0,56603.77358490566,11764.70588235294,0.9419354838709676,4.990432586778736,3.3314383390085567,1.6589942477701791,go 6600,go 6600,69.0,209.0,,,,,2009.0,Mobile
go 6600 te,2024.0,480.0,6.4,1250.0,50.0,146.0,110.0,154.0,600000.0,81081.08108108108,11764.70588235294,0.9419354838709676,4.990432586778736,3.3314383390085567,1.6589942477701791,go 6600,go 6600,69.0,209.0,,,,,2009.0,Mobile
go 6800 ultra,2024.0,480.0,38.4,1250.0,89.0,190.0,130.0,225.0,600000.0,15228.426395939086,6666.666666666667,0.8407079646017699,5.25227342804663,3.3314383390085567,1.9208350890380728,go 6800 ultra,go 6800 ultra,138.0,198.0,,,,,2009.0,Mobile
go 7800 gtx,2024.0,480.0,35.2,1250.0,65.0,302.0,110.0,333.0,600000.0,16574.585635359115,9090.90909090909,0.9041916167664672,5.713732805509369,3.3314383390085567,2.382294466500812,go 7800 gtx,go 7800 gtx,210.0,239.0,,,65.0,3.22,2009.0,Mobile
quadro fx 2500m,2024.0,480.0,38.4,1250.0,45.0,278.0,90.0,196.0,600000.0,15228.426395939086,13043.478260869566,1.4111675126903551,5.631211781821365,3.3314383390085567,2.2997734428128087,quadro fx 2500m,quadro fx 2500m,218.0,272.0,17.5,12.45,45.0,4.84,2009.0,Workstation
quadro fx 3450,2024.0,480.0,32.0,1250.0,83.0,190.0,130.0,225.0,600000.0,18181.81818181818,7142.857142857143,0.8407079646017699,5.25227342804663,3.3314383390085567,1.9208350890380728,quadro fx 3450,quadro fx 3450,149.0,235.0,119.99,1.24,83.0,1.8,2009.0,Workstation
quadro fx 4400,2024.0,480.0,33.6,1250.0,83.0,222.0,130.0,287.0,600000.0,17341.040462427743,7142.857142857143,0.7708333333333334,5.407171771460119,3.3314383390085567,2.075733432451562,quadro fx 4800,quadro fx 4800,979.0,106.0,204.0,4.8,150.0,6.52,2012.0,Workstation
quadro fx 4400g,2024.0,480.0,33.6,1250.0,83.0,222.0,130.0,287.0,600000.0,17341.040462427743,7142.857142857143,0.7708333333333334,5.407171771460119,3.3314383390085567,2.075733432451562,quadro fx 4800,quadro fx 4800,979.0,106.0,204.0,4.8,150.0,6.52,2012.0,Workstation
quadro fx 4500,2024.0,480.0,33.6,1250.0,109.0,302.0,110.0,333.0,600000.0,17341.040462427743,5454.545454545455,0.9041916167664672,5.713732805509369,3.3314383390085567,2.382294466500812,quadro fx 4500,quadro fx 4500,226.0,143.0,169.0,1.34,109.0,2.08,2009.0,Workstation
quadro fx go1400,2024.0,480.0,18.88,1250.0,50.0,190.0,130.0,225.0,600000.0,30181.08651911469,11764.70588235294,0.8407079646017699,5.25227342804663,3.3314383390085567,1.9208350890380728,quadro fx go1400,quadro fx go1400,102.0,223.0,,,,,2009.0,Unknown
quadro nvs 280 sd,2024.0,480.0,3.2,1250.0,10.0,29.0,150.0,65.0,600000.0,142857.14285714284,54545.454545454544,0.4393939393939394,3.4011973816621555,3.3314383390085567,0.0697590426535987,quadro nvs 280 sd,quadro nvs 280 sd,2.0,119.0,,,,,2009.0,Unknown
quadro nvs 50 pci,2024.0,480.0,3.2,1250.0,10.0,29.0,150.0,65.0,600000.0,142857.14285714284,54545.454545454544,0.4393939393939394,3.4011973816621555,3.3314383390085567,0.0697590426535987,quadro nvs 280 pci,quadro nvs 280 pci,8.0,261.0,130.0,0.06,,,2009.0,Unknown
quadro nvs 55 pci,2024.0,480.0,3.2,1250.0,10.0,45.0,150.0,91.0,600000.0,142857.14285714284,54545.454545454544,0.4891304347826087,3.828641396489095,3.3314383390085567,0.4972030574805384,quadro nvs 55 280 pci,quadro nvs 55 280 pci,6.0,116.0,,,,,2009.0,Unknown
7000m nforce 610m,2024.0,480.0,40.0,1250.0,50.0,112.0,90.0,81.0,600000.0,14634.146341463416,11764.70588235294,1.3658536585365857,4.727387818712341,3.3314383390085567,1.395949479703784,7000m nforce 610m,7000m nforce 610m,13.0,188.0,,,,,2009.0,Unknown
7025 nforce 630a,2024.0,480.0,40.0,1250.0,50.0,29.0,90.0,154.0,600000.0,14634.146341463416,11764.70588235294,0.1870967741935484,3.4011973816621555,3.3314383390085567,0.0697590426535987,7025 nforce 630a,7025 nforce 630a,34.0,17.0,,,,,2012.0,Unknown
7025 nforce 630a,2024.0,480.0,40.0,1250.0,50.0,112.0,90.0,81.0,600000.0,14634.146341463416,11764.70588235294,1.3658536585365857,4.727387818712341,3.3314383390085567,1.395949479703784,7025 nforce 630a,7025 nforce 630a,34.0,17.0,,,,,2012.0,Unknown
7025 nforce 630a,2024.0,480.0,40.0,1250.0,50.0,112.0,90.0,81.0,600000.0,14634.146341463416,11764.70588235294,1.3658536585365857,4.727387818712341,3.3314383390085567,1.395949479703784,7025 nforce 630a,7025 nforce 630a,34.0,17.0,,,,,2012.0,Unknown
7050 nforce 630a,2024.0,480.0,40.0,1250.0,50.0,29.0,90.0,154.0,600000.0,14634.146341463416,11764.70588235294,0.1870967741935484,3.4011973816621555,3.3314383390085567,0.0697590426535987,7050 nforce 630i,7050 nforce 630i,38.0,145.0,,,,,2010.0,Unknown
7050 pv nforce 630a,2024.0,480.0,40.0,1250.0,50.0,112.0,90.0,81.0,600000.0,14634.146341463416,11764.70588235294,1.3658536585365857,4.727387818712341,3.3314383390085567,1.395949479703784,7050 pv nforce 630a,7050 pv nforce 630a,31.0,109.0,,,,,2009.0,Unknown
7050 se nforce 630a,2024.0,480.0,40.0,1250.0,50.0,112.0,90.0,81.0,600000.0,14634.146341463416,11764.70588235294,1.3658536585365857,4.727387818712341,3.3314383390085567,1.395949479703784,7050 pv nforce 630a,7050 pv nforce 630a,31.0,109.0,,,,,2009.0,Unknown
7100 gs,2024.0,480.0,4.256,1250.0,50.0,75.0,110.0,110.0,600000.0,114155.25114155252,11764.70588235294,0.6756756756756757,4.330733340286331,3.3314383390085567,0.9992950012777744,7100 gs,7100 gs,52.0,133.0,,,,,2009.0,Desktop
7200 gs,2024.0,480.0,5.344,1250.0,50.0,112.0,90.0,81.0,600000.0,94577.55359394704,11764.70588235294,1.3658536585365857,4.727387818712341,3.3314383390085567,1.395949479703784,7200 gs,7200 gs,23.0,98.0,,,,,2009.0,Desktop
7300 gs,2024.0,480.0,4.256,1250.0,23.0,112.0,90.0,81.0,600000.0,114155.25114155252,25000.0,1.3658536585365857,4.727387818712341,3.3314383390085567,1.395949479703784,7300 gs,7300 gs,82.0,57.0,,,,,2009.0,Desktop
7300 gt,2024.0,480.0,10.4,1250.0,24.0,177.0,90.0,125.0,600000.0,52631.57894736842,24000.0,1.4047619047619049,5.181783550292085,3.3314383390085567,1.8503452112835284,7300 gt,7300 gt,135.0,39.0,149.99,0.9,,,2009.0,Desktop
7300 gt,2024.0,480.0,10.4,1250.0,24.0,177.0,80.0,100.0,600000.0,52631.57894736842,24000.0,1.7524752475247525,5.181783550292085,3.3314383390085567,1.8503452112835284,7300 gt,7300 gt,135.0,39.0,149.99,0.9,,,2009.0,Desktop
7300 gt agp,2024.0,480.0,10.4,1250.0,24.0,177.0,80.0,100.0,600000.0,52631.57894736842,24000.0,1.7524752475247525,5.181783550292085,3.3314383390085567,1.8503452112835284,7300 gt,7300 gt,135.0,39.0,149.99,0.9,,,2009.0,Desktop
7300 gt mac edition,2024.0,480.0,16.0,1250.0,24.0,177.0,90.0,125.0,600000.0,35294.117647058825,24000.0,1.4047619047619049,5.181783550292085,3.3314383390085567,1.8503452112835284,x1700 targa edition,x1700 targa edition,117.0,255.0,,,,,2012.0,Unknown
7300 le,2024.0,480.0,5.184,1250.0,50.0,112.0,90.0,81.0,600000.0,97024.57956015524,11764.70588235294,1.3658536585365857,4.727387818712341,3.3314383390085567,1.395949479703784,7300 le,7300 le,78.0,85.0,32.0,2.43,,,2012.0,Desktop
7300 se,2024.0,480.0,4.256,1250.0,50.0,112.0,90.0,81.0,600000.0,114155.25114155252,11764.70588235294,1.3658536585365857,4.727387818712341,3.3314383390085567,1.395949479703784,7300 se,7300 se,39.0,251.0,,,,,2009.0,Desktop
7350 le,2024.0,480.0,6.4,1250.0,50.0,112.0,90.0,81.0,600000.0,81081.08108108108,11764.70588235294,1.3658536585365857,4.727387818712341,3.3314383390085567,1.395949479703784,7350 le,7350 le,74.0,281.0,,,,,2009.0,Unknown
7500 le,2024.0,480.0,6.48,1250.0,50.0,112.0,90.0,81.0,600000.0,80213.9037433155,11764.70588235294,1.3658536585365857,4.727387818712341,3.3314383390085567,1.395949479703784,7500 le,7500 le,87.0,82.0,,,,,2012.0,Desktop
7600 gs,2024.0,480.0,12.8,1250.0,27.0,177.0,80.0,100.0,600000.0,43478.260869565216,21428.571428571428,1.7524752475247525,5.181783550292085,3.3314383390085567,1.8503452112835284,7600 gs,7600 gs,158.0,55.0,175.0,0.9,,,2012.0,Desktop
7600 gs agp,2024.0,480.0,23.2,1250.0,27.0,278.0,90.0,196.0,600000.0,24793.388429752067,21428.571428571428,1.4111675126903551,5.631211781821365,3.3314383390085567,2.2997734428128087,7600 gs,7600 gs,158.0,55.0,175.0,0.9,,,2012.0,Desktop
7600 gs agp,2024.0,480.0,12.8,1250.0,27.0,177.0,80.0,100.0,600000.0,43478.260869565216,21428.571428571428,1.7524752475247525,5.181783550292085,3.3314383390085567,1.8503452112835284,7600 gs,7600 gs,158.0,55.0,175.0,0.9,,,2012.0,Desktop
7600 gt,2024.0,480.0,22.4,1250.0,40.0,177.0,80.0,100.0,600000.0,25641.025641025644,14634.146341463416,1.7524752475247525,5.181783550292085,3.3314383390085567,1.8503452112835284,7600 gt,7600 gt,204.0,101.0,199.0,1.02,,,2009.0,Desktop
7600 gt mac edition,2024.0,480.0,22.4,1250.0,40.0,177.0,90.0,125.0,600000.0,25641.025641025644,14634.146341463416,1.4047619047619049,5.181783550292085,3.3314383390085567,1.8503452112835284,x1700 targa edition,x1700 targa edition,117.0,255.0,,,,,2012.0,Unknown
7600 gt mac edition,2024.0,480.0,22.4,1250.0,40.0,177.0,80.0,100.0,600000.0,25641.025641025644,14634.146341463416,1.7524752475247525,5.181783550292085,3.3314383390085567,1.8503452112835284,x1700 targa edition,x1700 targa edition,117.0,255.0,,,,,2012.0,Unknown
7600 le,2024.0,480.0,12.8,1250.0,50.0,177.0,80.0,100.0,600000.0,43478.260869565216,11764.70588235294,1.7524752475247525,5.181783550292085,3.3314383390085567,1.8503452112835284,7500 le,7500 le,87.0,82.0,,,,,2012.0,Desktop
7650 gs,2024.0,480.0,12.8,1250.0,50.0,177.0,80.0,100.0,600000.0,43478.260869565216,11764.70588235294,1.7524752475247525,5.181783550292085,3.3314383390085567,1.8503452112835284,7650 gs,7650 gs,134.0,335.0,,,,,2009.0,Unknown
7800 gs agp,2024.0,480.0,38.4,1250.0,75.0,302.0,110.0,333.0,600000.0,15228.426395939086,7894.736842105263,0.9041916167664672,5.713732805509369,3.3314383390085567,2.382294466500812,7800 gs,7800 gs,177.0,199.0,,,,,2009.0,Desktop
7800 gs agp,2024.0,480.0,38.4,1250.0,75.0,278.0,90.0,196.0,600000.0,15228.426395939086,7894.736842105263,1.4111675126903551,5.631211781821365,3.3314383390085567,2.2997734428128087,7800 gs,7800 gs,177.0,199.0,,,,,2009.0,Desktop
7900 gs,2024.0,480.0,42.24,1250.0,49.0,278.0,90.0,196.0,600000.0,13876.040703052728,12000.0,1.4111675126903551,5.631211781821365,3.3314383390085567,2.2997734428128087,7900 gs,7900 gs,254.0,68.0,,,,,2009.0,Desktop
7900 gs agp,2024.0,480.0,42.24,1250.0,65.0,278.0,90.0,196.0,600000.0,13876.040703052728,9090.90909090909,1.4111675126903551,5.631211781821365,3.3314383390085567,2.2997734428128087,7900 gs,7900 gs,254.0,68.0,,,,,2009.0,Desktop
7900 gt,2024.0,480.0,42.24,1250.0,48.0,278.0,90.0,196.0,600000.0,13876.040703052728,12244.897959183674,1.4111675126903551,5.631211781821365,3.3314383390085567,2.2997734428128087,7900 gt,7900 gt,258.0,160.0,199.0,1.3,,,2009.0,Desktop
7900 gto,2024.0,480.0,42.24,1250.0,81.0,278.0,90.0,196.0,600000.0,13876.040703052728,7317.073170731707,1.4111675126903551,5.631211781821365,3.3314383390085567,2.2997734428128087,7900 gt,7900 gt,258.0,160.0,199.0,1.3,,,2009.0,Desktop
7900 gtx,2024.0,480.0,51.2,1250.0,84.0,278.0,90.0,196.0,600000.0,11494.25287356322,7058.823529411765,1.4111675126903551,5.631211781821365,3.3314383390085567,2.2997734428128087,7900 gtx,7900 gtx,388.0,165.0,,,,,2009.0,Desktop
7900 gx2,2024.0,480.0,38.4,1250.0,110.0,278.0,90.0,196.0,600000.0,15228.426395939086,5405.405405405405,1.4111675126903551,5.631211781821365,3.3314383390085567,2.2997734428128087,9800 gx2,9800 gx2,798.0,518.0,195.0,4.09,197.0,4.05,2009.0,Desktop
7950 gt,2024.0,480.0,44.8,1250.0,65.0,278.0,90.0,196.0,600000.0,13100.436681222707,9090.90909090909,1.4111675126903551,5.631211781821365,3.3314383390085567,2.2997734428128087,7950 gt,7950 gt,344.0,189.0,203.99,1.69,,,2011.0,Desktop
7950 gx2,2024.0,480.0,38.4,1250.0,110.0,278.0,90.0,196.0,600000.0,15228.426395939086,5405.405405405405,1.4111675126903551,5.631211781821365,3.3314383390085567,2.2997734428128087,7950 gx2,7950 gx2,202.0,413.0,54.99,3.67,,,2009.0,Desktop
8800 gts 640,2024.0,96.0,63.36,1250.0,143.0,681.0,90.0,484.0,120000.0,1864.512119328776,833.3333333333334,1.404123711340206,6.525029657843462,3.3314383390085567,3.1935913188349057,8800 gts,8800 gts,440.0,56.0,79.99,5.5,146.0,3.01,2012.0,Desktop
8800 gtx,2024.0,128.0,86.4,1250.0,155.0,681.0,90.0,484.0,160000.0,1830.663615560641,1025.6410256410256,1.404123711340206,6.525029657843462,3.3314383390085567,3.1935913188349057,8800 gtx,8800 gtx,597.0,105.0,119.99,4.98,155.0,3.85,2012.0,Desktop
go 6100 nforce go 430,2024.0,480.0,40.0,1250.0,50.0,29.0,90.0,154.0,600000.0,14634.146341463416,11764.70588235294,0.1870967741935484,3.4011973816621555,3.3314383390085567,0.0697590426535987,6100 nforce 430,6100 nforce 430,23.0,249.0,,,,,2009.0,Unknown
go 6150 nforce go 430,2024.0,480.0,40.0,1250.0,50.0,29.0,90.0,154.0,600000.0,14634.146341463416,11764.70588235294,0.1870967741935484,3.4011973816621555,3.3314383390085567,0.0697590426535987,6150se nforce 430,6150se nforce 430,30.0,21.0,,,,,2012.0,Unknown
go 6200,2024.0,480.0,4.8,1250.0,16.0,75.0,110.0,110.0,600000.0,103448.27586206896,35294.117647058825,0.6756756756756757,4.330733340286331,3.3314383390085567,0.9992950012777744,go 6200,go 6200,15.0,204.0,,,,,2009.0,Mobile
go 6250,2024.0,480.0,5.6,1250.0,10.0,75.0,110.0,110.0,600000.0,90909.09090909093,54545.454545454544,0.6756756756756757,4.330733340286331,3.3314383390085567,0.9992950012777744,go 6200,go 6200,15.0,204.0,,,,,2009.0,Mobile
go 6400,2024.0,480.0,5.6,1250.0,50.0,75.0,110.0,110.0,600000.0,90909.09090909093,11764.70588235294,0.6756756756756757,4.330733340286331,3.3314383390085567,0.9992950012777744,go 6400,go 6400,24.0,212.0,,,,,2009.0,Mobile
go 7200,2024.0,480.0,2.8,1250.0,50.0,112.0,90.0,81.0,600000.0,157894.73684210528,11764.70588235294,1.3658536585365857,4.727387818712341,3.3314383390085567,1.395949479703784,go 7200,go 7200,45.0,199.0,,,,,2012.0,Mobile
go 7300,2024.0,480.0,5.6,1250.0,50.0,112.0,90.0,81.0,600000.0,90909.09090909093,11764.70588235294,1.3658536585365857,4.727387818712341,3.3314383390085567,1.395949479703784,go 7300,go 7300,52.0,114.0,,,,,2012.0,Mobile
go 7300t,2024.0,480.0,5.6,1250.0,50.0,112.0,90.0,81.0,600000.0,90909.09090909093,11764.70588235294,1.3658536585365857,4.727387818712341,3.3314383390085567,1.395949479703784,go 7300,go 7300,52.0,114.0,,,,,2012.0,Mobile
go 7400,2024.0,480.0,3.6,1250.0,50.0,112.0,90.0,81.0,600000.0,130434.78260869566,11764.70588235294,1.3658536585365857,4.727387818712341,3.3314383390085567,1.395949479703784,go 7400,go 7400,66.0,112.0,,,,,2009.0,Mobile
go 7400,2024.0,480.0,7.2,1250.0,50.0,112.0,90.0,81.0,600000.0,73170.73170731709,11764.70588235294,1.3658536585365857,4.727387818712341,3.3314383390085567,1.395949479703784,go 7400,go 7400,66.0,112.0,,,,,2009.0,Mobile
go 7400t,2024.0,480.0,7.2,1250.0,50.0,112.0,90.0,81.0,600000.0,73170.73170731709,11764.70588235294,1.3658536585365857,4.727387818712341,3.3314383390085567,1.395949479703784,go 7400,go 7400,66.0,112.0,,,,,2009.0,Mobile
go 7450,2024.0,480.0,12.8,1250.0,50.0,112.0,90.0,81.0,600000.0,43478.260869565216,11764.70588235294,1.3658536585365857,4.727387818712341,3.3314383390085567,1.395949479703784,go 7400,go 7400,66.0,112.0,,,,,2009.0,Mobile
go 7600,2024.0,480.0,11.2,1250.0,50.0,177.0,90.0,125.0,600000.0,49180.32786885246,11764.70588235294,1.4047619047619049,5.181783550292085,3.3314383390085567,1.8503452112835284,go 7600,go 7600,128.0,220.0,,,,,2009.0,Mobile
go 7600 gt,2024.0,480.0,19.2,1250.0,50.0,177.0,80.0,100.0,600000.0,29702.970297029704,11764.70588235294,1.7524752475247525,5.181783550292085,3.3314383390085567,1.8503452112835284,go 7600 gt,go 7600 gt,210.0,125.0,,,,,2009.0,Mobile
go 7700,2024.0,480.0,16.0,1250.0,50.0,177.0,80.0,100.0,600000.0,35294.117647058825,11764.70588235294,1.7524752475247525,5.181783550292085,3.3314383390085567,1.8503452112835284,go 7700,go 7700,148.0,232.0,,,,,2009.0,Mobile
go 7800,2024.0,480.0,35.2,1250.0,35.0,302.0,110.0,333.0,600000.0,16574.585635359115,16666.666666666668,0.9041916167664672,5.713732805509369,3.3314383390085567,2.382294466500812,go 7800,go 7800,115.0,209.0,,,35.0,3.28,2009.0,Mobile
go 7900 gs,2024.0,480.0,32.0,1250.0,20.0,278.0,90.0,196.0,600000.0,18181.81818181818,28571.42857142857,1.4111675126903551,5.631211781821365,3.3314383390085567,2.2997734428128087,go 7900 gs,go 7900 gs,176.0,254.0,,,20.0,8.81,2009.0,Mobile
go 7900 gtx,2024.0,480.0,38.4,1250.0,45.0,278.0,90.0,196.0,600000.0,15228.426395939086,13043.478260869566,1.4111675126903551,5.631211781821365,3.3314383390085567,2.2997734428128087,go 7900 gtx,go 7900 gtx,270.0,264.0,,,45.0,6.01,2009.0,Mobile
go 7900 se,2024.0,480.0,21.31,1250.0,20.0,177.0,90.0,125.0,600000.0,26893.76961004034,28571.42857142857,1.4047619047619049,5.181783550292085,3.3314383390085567,1.8503452112835284,go 7900 gs,go 7900 gs,176.0,254.0,,,20.0,8.81,2009.0,Mobile
go 7950 gtx,2024.0,480.0,44.8,1250.0,45.0,278.0,90.0,196.0,600000.0,13100.436681222707,13043.478260869566,1.4111675126903551,5.631211781821365,3.3314383390085567,2.2997734428128087,go 7950 gtx,go 7950 gtx,264.0,283.0,,,45.0,5.86,2009.0,Mobile
go 7950 gtx mxm iv,2024.0,480.0,44.8,1250.0,45.0,278.0,90.0,196.0,600000.0,13100.436681222707,13043.478260869566,1.4111675126903551,5.631211781821365,3.3314383390085567,2.2997734428128087,go 7950 gtx,go 7950 gtx,264.0,283.0,,,45.0,5.86,2009.0,Mobile
quadro fx 1500,2024.0,480.0,40.0,1250.0,65.0,278.0,90.0,196.0,600000.0,14634.146341463416,9090.90909090909,1.4111675126903551,5.631211781821365,3.3314383390085567,2.2997734428128087,quadro fx 1500,quadro fx 1500,190.0,105.0,115.01,1.65,65.0,2.92,2009.0,Workstation
quadro fx 1500m,2024.0,480.0,32.0,1250.0,45.0,278.0,90.0,196.0,600000.0,18181.81818181818,13043.478260869566,1.4111675126903551,5.631211781821365,3.3314383390085567,2.2997734428128087,quadro fx 1500m,quadro fx 1500m,171.0,275.0,,,45.0,3.8,2009.0,Workstation
quadro fx 350,2024.0,480.0,6.48,1250.0,21.0,112.0,90.0,81.0,600000.0,80213.9037433155,27272.727272727272,1.3658536585365857,4.727387818712341,3.3314383390085567,1.395949479703784,quadro fx 350,quadro fx 350,86.0,378.0,,,21.0,4.09,2009.0,Workstation
quadro fx 3500,2024.0,480.0,42.24,1250.0,80.0,278.0,90.0,196.0,600000.0,13876.040703052728,7407.407407407408,1.4111675126903551,5.631211781821365,3.3314383390085567,2.2997734428128087,quadro fx 3500,quadro fx 3500,292.0,106.0,68.98,4.23,80.0,3.65,2009.0,Workstation
quadro fx 350m,2024.0,480.0,14.4,1250.0,15.0,112.0,90.0,81.0,600000.0,38961.03896103896,37500.0,1.3658536585365857,4.727387818712341,3.3314383390085567,1.395949479703784,quadro fx 350m,quadro fx 350m,45.0,132.0,,,15.0,2.98,2009.0,Workstation
quadro fx 4500 sdi,2024.0,480.0,33.6,1250.0,116.0,302.0,110.0,333.0,600000.0,17341.040462427743,5128.205128205128,0.9041916167664672,5.713732805509369,3.3314383390085567,2.382294466500812,quadro fx 3450 4000 sdi,quadro fx 3450 4000 sdi,186.0,130.0,,,,,2009.0,Workstation
quadro fx 4500 x2,2024.0,480.0,38.72,1250.0,145.0,278.0,90.0,196.0,600000.0,15105.740181268882,4109.58904109589,1.4111675126903551,5.631211781821365,3.3314383390085567,2.2997734428128087,quadro fx 4500 x2,quadro fx 4500 x2,236.0,653.0,,,,,2010.0,Unknown
quadro fx 550,2024.0,480.0,12.8,1250.0,30.0,146.0,110.0,154.0,600000.0,43478.260869565216,19354.83870967742,0.9419354838709676,4.990432586778736,3.3314383390085567,1.6589942477701791,quadro fx 550,quadro fx 550,64.0,325.0,287.82,0.22,25.0,2.55,2009.0,Workstation
quadro fx 5500,2024.0,480.0,32.32,1250.0,96.0,278.0,90.0,196.0,600000.0,18007.20288115246,6185.567010309278,1.4111675126903551,5.631211781821365,3.3314383390085567,2.2997734428128087,quadro fx 5500,quadro fx 5500,242.0,394.0,1999.0,0.12,96.0,2.53,2009.0,Workstation
quadro fx 5500 sdi,2024.0,480.0,32.32,1250.0,104.0,278.0,90.0,196.0,600000.0,18007.20288115246,5714.285714285715,1.4111675126903551,5.631211781821365,3.3314383390085567,2.2997734428128087,quadro fx 5500,quadro fx 5500,242.0,394.0,1999.0,0.12,96.0,2.53,2009.0,Workstation
quadro fx 550m,2024.0,480.0,16.0,1250.0,35.0,177.0,90.0,125.0,600000.0,35294.117647058825,16666.666666666668,1.4047619047619049,5.181783550292085,3.3314383390085567,1.8503452112835284,quadro fx 550,quadro fx 550,64.0,325.0,287.82,0.22,25.0,2.55,2009.0,Workstation
quadro fx 560,2024.0,480.0,19.2,1250.0,30.0,177.0,90.0,125.0,600000.0,29702.970297029704,19354.83870967742,1.4047619047619049,5.181783550292085,3.3314383390085567,1.8503452112835284,quadro fx 560,quadro fx 560,114.0,360.0,150.25,0.76,30.0,3.8,2009.0,Workstation
quadro nvs 110m,2024.0,480.0,4.8,1250.0,10.0,112.0,90.0,81.0,600000.0,103448.27586206896,54545.454545454544,1.3658536585365857,4.727387818712341,3.3314383390085567,1.395949479703784,quadro nvs 110m,quadro nvs 110m,48.0,236.0,,,10.0,4.76,2009.0,Workstation
quadro nvs 120m,2024.0,480.0,11.2,1250.0,10.0,112.0,90.0,81.0,600000.0,49180.32786885246,54545.454545454544,1.3658536585365857,4.727387818712341,3.3314383390085567,1.395949479703784,quadro nvs 120m,quadro nvs 120m,47.0,274.0,,,10.0,4.7,2009.0,Workstation
quadro nvs 285,2024.0,480.0,4.8,1250.0,18.0,75.0,110.0,110.0,600000.0,103448.27586206896,31578.947368421053,0.6756756756756757,4.330733340286331,3.3314383390085567,0.9992950012777744,quadro nvs 285,quadro nvs 285,39.0,185.0,169.86,0.23,,,2012.0,Unknown
quadro nvs 300m,2024.0,480.0,22.4,1250.0,16.0,177.0,90.0,125.0,600000.0,25641.025641025644,35294.117647058825,1.4047619047619049,5.181783550292085,3.3314383390085567,1.8503452112835284,quadro nvs 320m,quadro nvs 320m,128.0,109.0,,,20.0,6.39,2009.0,Workstation
quadro nvs 440 pcie x1,2024.0,480.0,8.0,1250.0,31.0,146.0,110.0,154.0,600000.0,66666.66666666667,18750.0,0.9419354838709676,4.990432586778736,3.3314383390085567,1.6589942477701791,quadro nvs 280 pci,quadro nvs 280 pci,8.0,261.0,130.0,0.06,,,2009.0,Unknown
quadro nvs 440 pcie x16,2024.0,480.0,8.0,1250.0,31.0,146.0,110.0,154.0,600000.0,66666.66666666667,18750.0,0.9419354838709676,4.990432586778736,3.3314383390085567,1.6589942477701791,quadro nvs 280 pci,quadro nvs 280 pci,8.0,261.0,130.0,0.06,,,2009.0,Unknown
quadro nvs 510m,2024.0,480.0,19.2,1250.0,35.0,278.0,90.0,196.0,600000.0,29702.970297029704,16666.666666666668,1.4111675126903551,5.631211781821365,3.3314383390085567,2.2997734428128087,quadro nvs 510m,quadro nvs 510m,254.0,317.0,,,45.0,5.63,2010.0,Workstation
7050 nforce 620i,2024.0,480.0,40.0,630.0,50.0,112.0,90.0,81.0,302400.0,7375.609756097561,5929.411764705882,1.3658536585365857,4.727387818712341,3.3314383390085567,1.395949479703784,7050 nforce 620i,7050 nforce 620i,39.0,129.0,,,,,2009.0,Unknown
7050 nforce 630i,2024.0,480.0,40.0,630.0,50.0,112.0,90.0,81.0,302400.0,7375.609756097561,5929.411764705882,1.3658536585365857,4.727387818712341,3.3314383390085567,1.395949479703784,7050 nforce 630i,7050 nforce 630i,38.0,145.0,,,,,2010.0,Unknown
7100 nforce 630i,2024.0,480.0,40.0,1250.0,50.0,112.0,90.0,81.0,600000.0,14634.146341463416,11764.70588235294,1.3658536585365857,4.727387818712341,3.3314383390085567,1.395949479703784,7100 nforce 630i,7100 nforce 630i,35.0,67.0,,,,,2009.0,Desktop
7150 nforce 630i,2024.0,480.0,40.0,1250.0,50.0,112.0,90.0,81.0,600000.0,14634.146341463416,11764.70588235294,1.3658536585365857,4.727387818712341,3.3314383390085567,1.395949479703784,7150 nforce 630i,7150 nforce 630i,33.0,254.0,,,,,2012.0,Unknown
7150m nforce 630m,2024.0,480.0,40.0,1250.0,50.0,112.0,90.0,81.0,600000.0,14634.146341463416,11764.70588235294,1.3658536585365857,4.727387818712341,3.3314383390085567,1.395949479703784,7150m nforce 630m,7150m nforce 630m,18.0,194.0,,,,,2009.0,Unknown
7600 gt agp,2024.0,480.0,22.4,1250.0,40.0,177.0,80.0,100.0,600000.0,25641.025641025644,14634.146341463416,1.7524752475247525,5.181783550292085,3.3314383390085567,1.8503452112835284,7600 gt,7600 gt,204.0,101.0,199.0,1.02,,,2009.0,Desktop
7950 gt agp,2024.0,480.0,38.4,1250.0,65.0,278.0,90.0,196.0,600000.0,15228.426395939086,9090.90909090909,1.4111675126903551,5.631211781821365,3.3314383390085567,2.2997734428128087,7950 gt,7950 gt,344.0,189.0,203.99,1.69,,,2011.0,Desktop
8300 gs,2024.0,8.0,6.4,1250.0,40.0,210.0,80.0,127.0,10000.0,1351.3513513513512,243.90243902439025,1.640625,5.351858133476067,3.3314383390085567,2.02041979446751,8300 gs,8300 gs,67.0,314.0,,,40.0,1.67,2009.0,Desktop
8400,2024.0,8.0,8.0,1250.0,25.0,210.0,65.0,86.0,10000.0,1111.111111111111,384.61538461538464,2.413793103448276,5.351858133476067,3.3314383390085567,2.02041979446751,8400,8400,81.0,160.0,589.99,0.14,,,2009.0,Unknown
8400 gs,2024.0,16.0,6.4,1250.0,40.0,210.0,80.0,127.0,20000.0,2702.7027027027025,487.8048780487805,1.640625,5.351858133476067,3.3314383390085567,2.02041979446751,8400 gs,8400 gs,128.0,32.0,85.97,1.49,40.0,3.21,2012.0,Desktop
8400 gs pci,2024.0,8.0,5.328,1250.0,25.0,210.0,65.0,86.0,10000.0,1580.2781289506952,384.61538461538464,2.413793103448276,5.351858133476067,3.3314383390085567,2.02041979446751,8400 gs,8400 gs,128.0,32.0,85.97,1.49,40.0,3.21,2012.0,Desktop
8400 gs rev 2,2024.0,8.0,6.4,1250.0,25.0,210.0,65.0,86.0,10000.0,1351.3513513513512,384.61538461538464,2.413793103448276,5.351858133476067,3.3314383390085567,2.02041979446751,8400 se,8400 se,68.0,290.0,,,,,2009.0,Unknown
8400m g,2024.0,8.0,6.4,1250.0,10.0,210.0,80.0,127.0,10000.0,1351.3513513513512,909.0909090909092,1.640625,5.351858133476067,3.3314383390085567,2.02041979446751,8400m g,8400m g,59.0,241.0,,,10.0,5.87,2009.0,Mobile
8400m gs,2024.0,16.0,6.4,1250.0,11.0,210.0,80.0,127.0,20000.0,2702.7027027027025,1666.6666666666667,1.640625,5.351858133476067,3.3314383390085567,2.02041979446751,8400m gs,8400m gs,98.0,47.0,78.2,1.25,11.0,8.91,2009.0,Mobile
8400m gt,2024.0,16.0,19.26,1250.0,14.0,210.0,80.0,127.0,20000.0,987.1668311944718,1333.3333333333333,1.640625,5.351858133476067,3.3314383390085567,2.02041979446751,8400m gt,8400m gt,64.0,68.0,,,14.0,4.56,2009.0,Mobile
8500 gt,2024.0,16.0,12.8,1250.0,30.0,210.0,80.0,127.0,20000.0,1449.2753623188405,645.1612903225806,1.640625,5.351858133476067,3.3314383390085567,2.02041979446751,8500 gt,8500 gt,115.0,39.0,,,45.0,2.57,2009.0,Desktop
8600 gs,2024.0,16.0,12.8,1250.0,47.0,289.0,80.0,169.0,20000.0,1449.2753623188405,416.6666666666667,1.7,5.66988092298052,3.3314383390085567,2.338442583971963,8600 gs,8600 gs,92.0,100.0,,,47.0,1.96,2009.0,Desktop
8600 gt,2024.0,32.0,22.4,1250.0,47.0,289.0,80.0,169.0,40000.0,1709.4017094017097,833.3333333333334,1.7,5.66988092298052,3.3314383390085567,2.338442583971963,8600 gt,8600 gt,117.0,63.0,196.0,0.6,47.0,2.49,2012.0,Desktop
8600 gt mac edition,2024.0,32.0,24.0,1250.0,47.0,289.0,80.0,169.0,40000.0,1600.0,833.3333333333334,1.7,5.66988092298052,3.3314383390085567,2.338442583971963,x800 xt platinum edition,x800 xt platinum edition,81.0,170.0,,,,,2012.0,Desktop
8600 gts,2024.0,32.0,32.0,1250.0,60.0,289.0,80.0,169.0,40000.0,1212.121212121212,655.7377049180328,1.7,5.66988092298052,3.3314383390085567,2.338442583971963,8600 gts,8600 gts,161.0,35.0,241.99,0.67,75.0,2.15,2012.0,Desktop
8600 gts mac edition,2024.0,32.0,32.26,1250.0,75.0,289.0,80.0,169.0,40000.0,1202.6458208057727,526.3157894736842,1.7,5.66988092298052,3.3314383390085567,2.338442583971963,x800 xt platinum edition,x800 xt platinum edition,81.0,170.0,,,,,2012.0,Desktop
8600m gs,2024.0,16.0,12.8,1250.0,20.0,210.0,80.0,127.0,20000.0,1449.2753623188405,952.3809523809524,1.640625,5.351858133476067,3.3314383390085567,2.02041979446751,8600m gs,8600m gs,73.0,57.0,,,20.0,3.67,2009.0,Mobile
8600m gt,2024.0,32.0,12.8,1250.0,20.0,289.0,80.0,169.0,40000.0,2898.550724637681,1904.7619047619048,1.7,5.66988092298052,3.3314383390085567,2.338442583971963,8600m gt,8600m gt,89.0,42.0,108.1,0.82,20.0,4.45,2011.0,Mobile
8600m gt,2024.0,32.0,22.4,1250.0,20.0,289.0,80.0,169.0,40000.0,1709.4017094017097,1904.7619047619048,1.7,5.66988092298052,3.3314383390085567,2.338442583971963,8600m gt,8600m gt,89.0,42.0,108.1,0.82,20.0,4.45,2011.0,Mobile
8600m gt mac edition,2024.0,32.0,20.32,1250.0,20.0,289.0,80.0,169.0,40000.0,1876.172607879925,1904.7619047619048,1.7,5.66988092298052,3.3314383390085567,2.338442583971963,x800 xt platinum edition,x800 xt platinum edition,81.0,170.0,,,,,2012.0,Desktop
8700m gt,2024.0,32.0,25.6,1250.0,29.0,289.0,80.0,169.0,40000.0,1503.7593984962405,1333.3333333333333,1.7,5.66988092298052,3.3314383390085567,2.338442583971963,8700m gt,8700m gt,124.0,97.0,,,29.0,4.28,2009.0,Mobile
8800 gt,2024.0,112.0,57.6,1250.0,125.0,754.0,65.0,324.0,140000.0,2389.078498293515,1111.111111111111,2.32,6.626717749249025,3.3314383390085567,3.295279410240468,8800 gt,8800 gt,519.0,85.0,69.99,7.42,125.0,4.15,2009.0,Desktop
8800 gts 320,2024.0,96.0,63.36,1250.0,143.0,681.0,90.0,484.0,120000.0,1864.512119328776,833.3333333333334,1.404123711340206,6.525029657843462,3.3314383390085567,3.1935913188349057,8800 gts 512,8800 gts 512,591.0,109.0,,,135.0,4.38,2012.0,Desktop
8800 gts 512,2024.0,128.0,52.48,1250.0,135.0,754.0,65.0,324.0,160000.0,2991.7726252804787,1176.470588235294,2.32,6.626717749249025,3.3314383390085567,3.295279410240468,8800 gts 512,8800 gts 512,591.0,109.0,,,135.0,4.38,2012.0,Desktop
8800 gts core 112,2024.0,112.0,64.0,1250.0,150.0,681.0,90.0,484.0,140000.0,2153.846153846154,927.1523178807948,1.404123711340206,6.525029657843462,3.3314383390085567,3.1935913188349057,8800 gts 512,8800 gts 512,591.0,109.0,,,135.0,4.38,2012.0,Desktop
8800 ultra,2024.0,128.0,103.7,1250.0,171.0,681.0,90.0,484.0,160000.0,1528.175740210124,930.2325581395348,1.404123711340206,6.525029657843462,3.3314383390085567,3.1935913188349057,8800 ultra,8800 ultra,639.0,372.0,,,171.0,3.73,2009.0,Desktop
8800m gts,2024.0,64.0,51.2,1250.0,50.0,754.0,65.0,324.0,80000.0,1532.5670498084291,1568.6274509803925,2.32,6.626717749249025,3.3314383390085567,3.295279410240468,8800m gts,8800m gts,382.0,159.0,,,50.0,7.64,2012.0,Mobile
8800m gtx,2024.0,96.0,51.2,1250.0,65.0,754.0,65.0,324.0,120000.0,2298.850574712644,1818.1818181818185,2.32,6.626717749249025,3.3314383390085567,3.295279410240468,8800m gtx,8800m gtx,462.0,175.0,,,65.0,7.11,2009.0,Mobile
quadro fx 1600m,2024.0,32.0,25.6,1250.0,50.0,289.0,80.0,169.0,40000.0,1503.7593984962405,784.3137254901961,1.7,5.66988092298052,3.3314383390085567,2.338442583971963,quadro fx 1600m,quadro fx 1600m,186.0,211.0,149.9,1.24,50.0,3.71,2009.0,Workstation
quadro fx 1700,2024.0,32.0,25.6,1250.0,42.0,289.0,80.0,169.0,40000.0,1503.7593984962405,930.2325581395348,1.7,5.66988092298052,3.3314383390085567,2.338442583971963,quadro fx 1700,quadro fx 1700,118.0,44.0,350.14,0.34,42.0,2.8,2009.0,Workstation
quadro fx 3500m,2024.0,480.0,38.4,1250.0,45.0,278.0,90.0,196.0,600000.0,15228.426395939086,13043.478260869566,1.4111675126903551,5.631211781821365,3.3314383390085567,2.2997734428128087,quadro fx 3500m,quadro fx 3500m,306.0,309.0,99.99,3.06,45.0,6.81,2009.0,Workstation
quadro fx 360m,2024.0,16.0,6.4,1250.0,17.0,210.0,80.0,127.0,20000.0,2702.7027027027025,1111.111111111111,1.640625,5.351858133476067,3.3314383390085567,2.02041979446751,quadro fx 360m,quadro fx 360m,87.0,308.0,,,17.0,5.11,2009.0,Workstation
quadro fx 370,2024.0,16.0,8.0,1250.0,35.0,289.0,80.0,169.0,20000.0,2222.222222222222,555.5555555555555,1.7,5.66988092298052,3.3314383390085567,2.338442583971963,quadro fx 370,quadro fx 370,84.0,385.0,125.0,0.67,35.0,2.39,2009.0,Workstation
quadro fx 4600,2024.0,96.0,67.2,1250.0,134.0,681.0,90.0,484.0,120000.0,1759.5307917888565,888.8888888888889,1.404123711340206,6.525029657843462,3.3314383390085567,3.1935913188349057,quadro fx 4600,quadro fx 4600,437.0,202.0,333.25,1.31,134.0,3.26,2009.0,Workstation
quadro fx 4600 sdi,2024.0,96.0,67.2,1250.0,154.0,681.0,90.0,484.0,120000.0,1759.5307917888565,774.1935483870968,1.404123711340206,6.525029657843462,3.3314383390085567,3.1935913188349057,quadro fx 4600,quadro fx 4600,437.0,202.0,333.25,1.31,134.0,3.26,2009.0,Workstation
quadro fx 5600,2024.0,128.0,76.8,1250.0,171.0,681.0,90.0,484.0,160000.0,2056.5552699228792,930.2325581395348,1.404123711340206,6.525029657843462,3.3314383390085567,3.1935913188349057,quadro fx 5600,quadro fx 5600,562.0,168.0,295.0,1.9,,,2009.0,Unknown
quadro fx 5600 mac edition,2024.0,128.0,76.8,1250.0,171.0,681.0,90.0,484.0,160000.0,2056.5552699228792,930.2325581395348,1.404123711340206,6.525029657843462,3.3314383390085567,3.1935913188349057,quadro fx 500 600 pci,quadro fx 500 600 pci,14.0,203.0,,,,,2009.0,Unknown
quadro fx 570,2024.0,16.0,12.8,1250.0,38.0,289.0,80.0,169.0,20000.0,1449.2753623188405,512.8205128205128,1.7,5.66988092298052,3.3314383390085567,2.338442583971963,quadro fx 570,quadro fx 570,156.0,140.0,115.0,1.36,38.0,4.1,2009.0,Workstation
quadro fx 570m,2024.0,32.0,22.46,1250.0,45.0,289.0,80.0,169.0,40000.0,1705.0298380221652,869.5652173913044,1.7,5.66988092298052,3.3314383390085567,2.338442583971963,quadro fx 570m,quadro fx 570m,111.0,49.0,,,45.0,2.47,2009.0,Workstation
quadro nvs 130m,2024.0,8.0,11.2,1250.0,10.0,210.0,80.0,127.0,10000.0,819.672131147541,909.0909090909092,1.640625,5.351858133476067,3.3314383390085567,2.02041979446751,quadro nvs 130m,quadro nvs 130m,97.0,190.0,,,10.0,9.73,2009.0,Workstation
quadro nvs 135m,2024.0,16.0,9.504,1250.0,10.0,210.0,80.0,127.0,20000.0,1904.036557501904,1818.1818181818185,1.640625,5.351858133476067,3.3314383390085567,2.02041979446751,quadro nvs 135m,quadro nvs 135m,67.0,74.0,,,10.0,6.67,2010.0,Workstation
quadro nvs 140m,2024.0,16.0,9.6,1250.0,10.0,210.0,80.0,127.0,20000.0,1886.7924528301887,1818.1818181818185,1.640625,5.351858133476067,3.3314383390085567,2.02041979446751,quadro nvs 140m,quadro nvs 140m,49.0,99.0,,,10.0,4.85,2009.0,Workstation
quadro nvs 290,2024.0,16.0,6.4,1250.0,21.0,210.0,80.0,127.0,20000.0,2702.7027027027025,909.0909090909092,1.640625,5.351858133476067,3.3314383390085567,2.02041979446751,quadro nvs 290,quadro nvs 290,205.0,59.0,59.0,3.47,,,2009.0,Unknown
quadro nvs 320m,2024.0,32.0,22.4,1250.0,20.0,289.0,80.0,169.0,40000.0,1709.4017094017097,1904.7619047619048,1.7,5.66988092298052,3.3314383390085567,2.338442583971963,quadro nvs 320m,quadro nvs 320m,128.0,109.0,,,20.0,6.39,2009.0,Workstation
tesla c870,2024.0,128.0,76.8,1250.0,171.0,681.0,90.0,484.0,160000.0,2056.5552699228792,930.2325581395348,1.404123711340206,6.525029657843462,3.3314383390085567,3.1935913188349057,tesla c2070,tesla c2070,3101.0,494.0,604.0,5.13,247.0,12.56,2011.0,Workstation
tesla d870,2024.0,128.0,76.8,1250.0,520.0,681.0,90.0,484.0,160000.0,2056.5552699228792,307.1017274472169,1.404123711340206,6.525029657843462,3.3314383390085567,3.1935913188349057,tesla c2070,tesla c2070,3101.0,494.0,604.0,5.13,247.0,12.56,2011.0,Workstation
tesla s870,2024.0,128.0,76.8,1250.0,800.0,681.0,90.0,484.0,160000.0,2056.5552699228792,199.75031210986268,1.404123711340206,6.525029657843462,3.3314383390085567,3.1935913188349057,tesla c2070,tesla c2070,3101.0,494.0,604.0,5.13,247.0,12.56,2011.0,Workstation
8100 nforce 720a,2024.0,16.0,40.0,1250.0,40.0,210.0,80.0,127.0,20000.0,487.8048780487805,487.8048780487805,1.640625,5.351858133476067,3.3314383390085567,2.02041979446751,8100 nforce 720a,8100 nforce 720a,79.0,308.0,,,,,2009.0,Unknown
8200,2024.0,16.0,40.0,1250.0,40.0,210.0,80.0,127.0,20000.0,487.8048780487805,487.8048780487805,1.640625,5.351858133476067,3.3314383390085567,2.02041979446751,8200,8200,153.0,163.0,,,,,2009.0,Unknown
8200m g mgpu,2024.0,16.0,40.0,1250.0,12.0,210.0,80.0,127.0,20000.0,487.8048780487805,1538.4615384615386,1.640625,5.351858133476067,3.3314383390085567,2.02041979446751,8200m g,8200m g,72.0,72.0,,,19.2,3.74,2009.0,Mobile
8300,2024.0,16.0,40.0,1250.0,40.0,210.0,80.0,127.0,20000.0,487.8048780487805,487.8048780487805,1.640625,5.351858133476067,3.3314383390085567,2.02041979446751,8300,8300,102.0,168.0,22.68,4.48,,,2009.0,Unknown
8400 se,2024.0,16.0,6.4,1250.0,50.0,210.0,80.0,127.0,20000.0,2702.7027027027025,392.15686274509807,1.640625,5.351858133476067,3.3314383390085567,2.02041979446751,8400 se,8400 se,68.0,290.0,,,,,2009.0,Unknown
8800 gs,2024.0,96.0,38.4,1250.0,105.0,754.0,65.0,324.0,120000.0,3045.6852791878173,1132.0754716981132,2.32,6.626717749249025,3.3314383390085567,3.295279410240468,8800 gs,8800 gs,332.0,154.0,,,105.0,3.16,2009.0,Desktop
8800 gs mac edition,2024.0,64.0,51.14,1250.0,105.0,754.0,65.0,324.0,80000.0,1534.3306482546989,754.7169811320755,2.32,6.626717749249025,3.3314383390085567,3.295279410240468,x800 xt platinum edition,x800 xt platinum edition,81.0,170.0,,,,,2012.0,Desktop
8800 gt mac edition,2024.0,112.0,57.6,1250.0,125.0,754.0,65.0,324.0,140000.0,2389.078498293515,1111.111111111111,2.32,6.626717749249025,3.3314383390085567,3.295279410240468,x800 xt platinum edition,x800 xt platinum edition,81.0,170.0,,,,,2012.0,Desktop
9100,2024.0,16.0,40.0,1250.0,40.0,210.0,80.0,127.0,20000.0,487.8048780487805,487.8048780487805,1.640625,5.351858133476067,3.3314383390085567,2.02041979446751,9100,9100,82.0,345.0,,,,,2009.0,Unknown
9100m g mgpu,2024.0,16.0,40.0,1250.0,12.0,210.0,80.0,127.0,20000.0,487.8048780487805,1538.4615384615386,1.640625,5.351858133476067,3.3314383390085567,2.02041979446751,9100m g,9100m g,70.0,54.0,,,,,2009.0,Unknown
9200,2024.0,16.0,40.0,1250.0,40.0,314.0,65.0,144.0,20000.0,487.8048780487805,487.8048780487805,2.1655172413793102,5.752572638825633,3.3314383390085567,2.4211342998170764,9200,9200,171.0,31.0,,,,,2009.0,Unknown
9200,2024.0,16.0,40.0,1250.0,40.0,314.0,65.0,144.0,20000.0,487.8048780487805,487.8048780487805,2.1655172413793102,5.752572638825633,3.3314383390085567,2.4211342998170764,9200,9200,4.0,135.0,153.63,0.02,,,2009.0,Desktop
9200,2024.0,16.0,40.0,1250.0,40.0,210.0,80.0,127.0,20000.0,487.8048780487805,487.8048780487805,1.640625,5.351858133476067,3.3314383390085567,2.02041979446751,9200,9200,171.0,31.0,,,,,2009.0,Unknown
9200,2024.0,16.0,40.0,1250.0,40.0,210.0,80.0,127.0,20000.0,487.8048780487805,487.8048780487805,1.640625,5.351858133476067,3.3314383390085567,2.02041979446751,9200,9200,4.0,135.0,153.63,0.02,,,2009.0,Desktop
9200m,2024.0,16.0,40.0,1250.0,12.0,314.0,65.0,144.0,20000.0,487.8048780487805,1538.4615384615386,2.1655172413793102,5.752572638825633,3.3314383390085567,2.4211342998170764,920m,920m,723.0,119.0,,,,,2015.0,Unknown
9200m gs,2024.0,8.0,6.4,1250.0,13.0,210.0,65.0,86.0,10000.0,1351.3513513513512,714.2857142857143,2.413793103448276,5.351858133476067,3.3314383390085567,2.02041979446751,9200m gs,9200m gs,111.0,55.0,,,13.0,8.58,2009.0,Mobile
9200m gs gddr3,2024.0,8.0,11.23,1250.0,13.0,210.0,55.0,80.0,10000.0,817.6614881439084,714.2857142857143,2.592592592592593,5.351858133476067,3.3314383390085567,2.02041979446751,9200m gs,9200m gs,111.0,55.0,,,13.0,8.58,2009.0,Mobile
9300 nforce 730i,2024.0,16.0,40.0,1250.0,40.0,314.0,65.0,144.0,20000.0,487.8048780487805,487.8048780487805,2.1655172413793102,5.752572638825633,3.3314383390085567,2.4211342998170764,9300 nforce 730i,9300 nforce 730i,129.0,367.0,,,,,2009.0,Unknown
9300 ge,2024.0,8.0,6.4,1250.0,50.0,210.0,55.0,80.0,10000.0,1351.3513513513512,196.07843137254903,2.592592592592593,5.351858133476067,3.3314383390085567,2.02041979446751,9300 ge,9300 ge,84.0,54.0,22.99,3.66,,,2009.0,Desktop
9300 gs,2024.0,8.0,5.328,1250.0,50.0,210.0,65.0,86.0,10000.0,1580.2781289506952,196.07843137254903,2.413793103448276,5.351858133476067,3.3314383390085567,2.02041979446751,9300 gs,9300 gs,111.0,95.0,59.95,1.85,,,2009.0,Desktop
9300 se,2024.0,8.0,6.4,1250.0,50.0,210.0,65.0,86.0,10000.0,1351.3513513513512,196.07843137254903,2.413793103448276,5.351858133476067,3.3314383390085567,2.02041979446751,9300 se,9300 se,82.0,344.0,,,,,2015.0,Unknown
9300m g,2024.0,16.0,6.4,1250.0,13.0,210.0,80.0,127.0,20000.0,2702.7027027027025,1428.571428571429,1.640625,5.351858133476067,3.3314383390085567,2.02041979446751,9300m g,9300m g,85.0,242.0,,,13.0,6.52,2009.0,Mobile
9300m gs,2024.0,8.0,6.4,1250.0,13.0,210.0,65.0,86.0,10000.0,1351.3513513513512,714.2857142857143,2.413793103448276,5.351858133476067,3.3314383390085567,2.02041979446751,9300m gs,9300m gs,92.0,33.0,43.42,2.12,13.0,7.1,2009.0,Mobile
9300m gs gddr3,2024.0,8.0,11.23,1250.0,13.0,210.0,55.0,80.0,10000.0,817.6614881439084,714.2857142857143,2.592592592592593,5.351858133476067,3.3314383390085567,2.02041979446751,9300m gs,9300m gs,92.0,33.0,43.42,2.12,13.0,7.1,2009.0,Mobile
9400,2024.0,16.0,40.0,1250.0,40.0,314.0,65.0,144.0,20000.0,487.8048780487805,487.8048780487805,2.1655172413793102,5.752572638825633,3.3314383390085567,2.4211342998170764,9400,9400,112.0,99.0,,,,,2009.0,Unknown
9400,2024.0,16.0,40.0,1250.0,40.0,314.0,65.0,144.0,20000.0,487.8048780487805,487.8048780487805,2.1655172413793102,5.752572638825633,3.3314383390085567,2.4211342998170764,9400,9400,112.0,99.0,,,,,2009.0,Unknown
9400,2024.0,16.0,40.0,1250.0,40.0,210.0,80.0,127.0,20000.0,487.8048780487805,487.8048780487805,1.640625,5.351858133476067,3.3314383390085567,2.02041979446751,9400,9400,112.0,99.0,,,,,2009.0,Unknown
9400 gt,2024.0,16.0,9.6,1250.0,50.0,210.0,80.0,127.0,20000.0,1886.7924528301887,392.15686274509807,1.640625,5.351858133476067,3.3314383390085567,2.02041979446751,9400 gt,9400 gt,105.0,60.0,159.99,0.66,50.0,2.11,2010.0,Desktop
9400 gt,2024.0,16.0,12.8,1250.0,50.0,314.0,55.0,121.0,20000.0,1449.2753623188405,392.15686274509807,2.5737704918032787,5.752572638825633,3.3314383390085567,2.4211342998170764,9400 gt,9400 gt,105.0,60.0,159.99,0.66,50.0,2.11,2010.0,Desktop
9400 gt pci,2024.0,16.0,12.8,1250.0,50.0,314.0,55.0,121.0,20000.0,1449.2753623188405,392.15686274509807,2.5737704918032787,5.752572638825633,3.3314383390085567,2.4211342998170764,9400 gt,9400 gt,105.0,60.0,159.99,0.66,50.0,2.11,2010.0,Desktop
9400 gt rev 2,2024.0,16.0,12.8,1250.0,50.0,314.0,55.0,121.0,20000.0,1449.2753623188405,392.15686274509807,2.5737704918032787,5.752572638825633,3.3314383390085567,2.4211342998170764,9400 gt,9400 gt,105.0,60.0,159.99,0.66,50.0,2.11,2010.0,Desktop
9400m,2024.0,16.0,40.0,1250.0,12.0,314.0,65.0,144.0,20000.0,487.8048780487805,1538.4615384615386,2.1655172413793102,5.752572638825633,3.3314383390085567,2.4211342998170764,9400m,9400m,106.0,161.0,,,,,2009.0,Unknown
9400m,2024.0,16.0,40.0,1250.0,12.0,314.0,65.0,144.0,20000.0,487.8048780487805,1538.4615384615386,2.1655172413793102,5.752572638825633,3.3314383390085567,2.4211342998170764,9400m,9400m,75.0,102.0,,,,,2009.0,Unknown
9400m,2024.0,16.0,40.0,1250.0,12.0,314.0,65.0,144.0,20000.0,487.8048780487805,1538.4615384615386,2.1655172413793102,5.752572638825633,3.3314383390085567,2.4211342998170764,9400m,9400m,106.0,161.0,,,,,2009.0,Unknown
9400m,2024.0,16.0,40.0,1250.0,12.0,314.0,65.0,144.0,20000.0,487.8048780487805,1538.4615384615386,2.1655172413793102,5.752572638825633,3.3314383390085567,2.4211342998170764,9400m,9400m,75.0,102.0,,,,,2009.0,Unknown
9400m g,2024.0,16.0,40.0,1250.0,12.0,314.0,65.0,144.0,20000.0,487.8048780487805,1538.4615384615386,2.1655172413793102,5.752572638825633,3.3314383390085567,2.4211342998170764,9400m g,9400m g,68.0,61.0,,,12.0,5.65,2009.0,Mobile
9500 gs,2024.0,32.0,16.13,1250.0,40.0,314.0,65.0,144.0,40000.0,2335.0846468184477,975.609756097561,2.1655172413793102,5.752572638825633,3.3314383390085567,2.4211342998170764,9500 gs,9500 gs,157.0,66.0,,,,,2012.0,Unknown
9500 gs rev 2,2024.0,32.0,16.0,1250.0,40.0,314.0,55.0,121.0,40000.0,2352.9411764705883,975.609756097561,2.5737704918032787,5.752572638825633,3.3314383390085567,2.4211342998170764,9500 gs,9500 gs,157.0,66.0,,,,,2012.0,Unknown
9500 gt,2024.0,32.0,32.0,1250.0,50.0,314.0,65.0,144.0,40000.0,1212.121212121212,784.3137254901961,2.1655172413793102,5.752572638825633,3.3314383390085567,2.4211342998170764,9500 gt,9500 gt,135.0,40.0,85.99,1.57,50.0,2.7,2009.0,Desktop
9500 gt rev 2,2024.0,32.0,28.8,1250.0,50.0,314.0,55.0,121.0,40000.0,1342.2818791946308,784.3137254901961,2.5737704918032787,5.752572638825633,3.3314383390085567,2.4211342998170764,9500 gt,9500 gt,135.0,40.0,85.99,1.57,50.0,2.7,2009.0,Desktop
9500 gt rev 3,2024.0,32.0,25.6,1250.0,50.0,314.0,55.0,121.0,40000.0,1503.7593984962405,784.3137254901961,2.5737704918032787,5.752572638825633,3.3314383390085567,2.4211342998170764,9500 gt,9500 gt,135.0,40.0,85.99,1.57,50.0,2.7,2009.0,Desktop
9500m g,2024.0,16.0,25.6,1250.0,20.0,314.0,65.0,144.0,20000.0,751.8796992481202,952.3809523809524,2.1655172413793102,5.752572638825633,3.3314383390085567,2.4211342998170764,9500m g,9500m g,122.0,172.0,,,20.0,6.08,2009.0,Mobile
9500m gs,2024.0,32.0,22.4,1250.0,20.0,289.0,80.0,169.0,40000.0,1709.4017094017097,1904.7619047619048,1.7,5.66988092298052,3.3314383390085567,2.338442583971963,9500m gs,9500m gs,104.0,74.0,,,20.0,5.18,2009.0,Mobile
9600 gs oem,2024.0,48.0,48.0,1250.0,50.0,505.0,65.0,240.0,60000.0,1224.4897959183672,1176.470588235294,2.095435684647303,6.226536669287466,3.3314383390085567,2.895098330278909,9600 gso,9600 gso,350.0,118.0,49.99,7.0,84.0,4.17,2009.0,Desktop
9600 gso,2024.0,96.0,38.4,1250.0,84.0,754.0,65.0,324.0,120000.0,3045.6852791878173,1411.764705882353,2.32,6.626717749249025,3.3314383390085567,3.295279410240468,9600 gso,9600 gso,350.0,118.0,49.99,7.0,84.0,4.17,2009.0,Desktop
9600 gso 512,2024.0,48.0,57.6,1250.0,90.0,505.0,65.0,240.0,60000.0,1023.8907849829352,659.3406593406594,2.095435684647303,6.226536669287466,3.3314383390085567,2.895098330278909,9600 gso 512,9600 gso 512,345.0,111.0,,,90.0,3.83,2009.0,Desktop
9600 gt,2024.0,64.0,57.6,1250.0,95.0,505.0,65.0,240.0,80000.0,1365.1877133105802,833.3333333333334,2.095435684647303,6.226536669287466,3.3314383390085567,2.895098330278909,9600 gt,9600 gt,505.0,60.0,64.99,7.77,95.0,5.32,2011.0,Desktop
9600 gt green edition,2024.0,64.0,44.8,1250.0,95.0,505.0,65.0,240.0,80000.0,1746.7248908296945,833.3333333333334,2.095435684647303,6.226536669287466,3.3314383390085567,2.895098330278909,r7 a10 extreme edition,r7 a10 extreme edition,816.0,286.0,,,,,2016.0,Unknown
9600 gt mac edition,2024.0,64.0,17.02,1250.0,95.0,505.0,65.0,240.0,80000.0,4439.511653718091,833.3333333333334,2.095435684647303,6.226536669287466,3.3314383390085567,2.895098330278909,x1700 targa edition,x1700 targa edition,117.0,255.0,,,,,2012.0,Unknown
9600 gt rev 2,2024.0,64.0,57.6,1250.0,95.0,505.0,55.0,196.0,80000.0,1365.1877133105802,833.3333333333334,2.563451776649746,6.226536669287466,3.3314383390085567,2.895098330278909,9600 gt,9600 gt,505.0,60.0,64.99,7.77,95.0,5.32,2011.0,Desktop
9600m gs,2024.0,32.0,25.6,1250.0,20.0,314.0,55.0,121.0,40000.0,1503.7593984962405,1904.7619047619048,2.5737704918032787,5.752572638825633,3.3314383390085567,2.4211342998170764,9600m gs,9600m gs,119.0,67.0,,,20.0,5.95,2009.0,Mobile
9600m gt,2024.0,32.0,25.34,1250.0,23.0,314.0,55.0,121.0,40000.0,1518.6028853454825,1666.6666666666667,2.5737704918032787,5.752572638825633,3.3314383390085567,2.4211342998170764,9600m gt,9600m gt,132.0,39.0,78.2,1.69,23.0,5.75,2009.0,Mobile
9600m gt mac edition,2024.0,32.0,25.34,1250.0,23.0,314.0,55.0,121.0,40000.0,1518.6028853454825,1666.6666666666667,2.5737704918032787,5.752572638825633,3.3314383390085567,2.4211342998170764,x1700 targa edition,x1700 targa edition,117.0,255.0,,,,,2012.0,Unknown
9650m gs,2024.0,32.0,25.6,1250.0,29.0,289.0,80.0,169.0,40000.0,1503.7593984962405,1333.3333333333333,1.7,5.66988092298052,3.3314383390085567,2.338442583971963,9650m gs,9650m gs,270.0,328.0,,,29.0,9.32,2009.0,Mobile
9650m gt,2024.0,32.0,25.6,1250.0,23.0,314.0,55.0,121.0,40000.0,1503.7593984962405,1666.6666666666667,2.5737704918032787,5.752572638825633,3.3314383390085567,2.4211342998170764,9650m gt,9650m gt,137.0,62.0,117.3,1.17,23.0,5.96,2009.0,Mobile
9700m gt,2024.0,32.0,25.6,1250.0,45.0,314.0,65.0,144.0,40000.0,1503.7593984962405,869.5652173913044,2.1655172413793102,5.752572638825633,3.3314383390085567,2.4211342998170764,9700m gt,9700m gt,217.0,156.0,,,45.0,4.82,2009.0,Mobile
9700m gts,2024.0,48.0,51.2,1250.0,60.0,505.0,65.0,240.0,60000.0,1149.425287356322,983.6065573770492,2.095435684647303,6.226536669287466,3.3314383390085567,2.895098330278909,9700m gts,9700m gts,326.0,106.0,,,60.0,5.43,2010.0,Mobile
9800 gt,2024.0,112.0,57.6,1250.0,125.0,754.0,65.0,324.0,140000.0,2389.078498293515,1111.111111111111,2.32,6.626717749249025,3.3314383390085567,3.295279410240468,9800 gt,9800 gt,481.0,94.0,74.99,6.41,125.0,3.84,2012.0,Desktop
9800 gt,2024.0,112.0,57.6,1250.0,125.0,754.0,55.0,260.0,140000.0,2389.078498293515,1111.111111111111,2.888888888888889,6.626717749249025,3.3314383390085567,3.295279410240468,9800 gt,9800 gt,481.0,94.0,74.99,6.41,125.0,3.84,2012.0,Desktop
9800 gt rebrand,2024.0,128.0,64.0,1250.0,125.0,754.0,65.0,324.0,160000.0,2461.538461538461,1269.84126984127,2.32,6.626717749249025,3.3314383390085567,3.295279410240468,9800 gt,9800 gt,481.0,94.0,74.99,6.41,125.0,3.84,2012.0,Desktop
9800 gtx,2024.0,128.0,70.4,1250.0,140.0,754.0,65.0,324.0,160000.0,2240.896358543417,1134.7517730496454,2.32,6.626717749249025,3.3314383390085567,3.295279410240468,9800 gtx,9800 gtx,769.0,366.0,74.99,10.26,140.0,5.49,2009.0,Desktop
9800 gtx,2024.0,128.0,70.4,1250.0,140.0,754.0,65.0,324.0,160000.0,2240.896358543417,1134.7517730496454,2.32,6.626717749249025,3.3314383390085567,3.295279410240468,9800 gtx,9800 gtx,538.0,139.0,,,141.0,3.82,2012.0,Desktop
9800 gx2,2024.0,128.0,64.0,1250.0,197.0,754.0,65.0,324.0,160000.0,2461.538461538461,808.0808080808081,2.32,6.626717749249025,3.3314383390085567,3.295279410240468,9800 gx2,9800 gx2,798.0,518.0,195.0,4.09,197.0,4.05,2009.0,Desktop
9800m gs,2024.0,64.0,51.2,1250.0,60.0,505.0,65.0,240.0,80000.0,1532.5670498084291,1311.4754098360656,2.095435684647303,6.226536669287466,3.3314383390085567,2.895098330278909,9800m gs,9800m gs,460.0,109.0,,,60.0,7.67,2012.0,Mobile
9800m gt,2024.0,96.0,51.2,1250.0,65.0,754.0,65.0,324.0,120000.0,2298.850574712644,1818.1818181818185,2.32,6.626717749249025,3.3314383390085567,3.295279410240468,9800m gt,9800m gt,424.0,130.0,,,65.0,6.53,2009.0,Mobile
9800m gts,2024.0,64.0,51.2,1250.0,75.0,505.0,65.0,240.0,80000.0,1532.5670498084291,1052.6315789473683,2.095435684647303,6.226536669287466,3.3314383390085567,2.895098330278909,9800m gts,9800m gts,379.0,135.0,,,75.0,5.05,2009.0,Mobile
9800m gts,2024.0,64.0,51.2,1250.0,75.0,505.0,65.0,240.0,80000.0,1532.5670498084291,1052.6315789473683,2.095435684647303,6.226536669287466,3.3314383390085567,2.895098330278909,9800m gts,9800m gts,379.0,135.0,,,75.0,5.05,2009.0,Mobile
9800m gtx,2024.0,112.0,51.2,1250.0,75.0,754.0,65.0,324.0,140000.0,2681.992337164751,1842.1052631578948,2.32,6.626717749249025,3.3314383390085567,3.295279410240468,9800m gtx,9800m gtx,462.0,117.0,328.5,1.41,75.0,6.15,2009.0,Mobile
9800s,2024.0,64.0,51.14,1250.0,75.0,505.0,65.0,240.0,80000.0,1534.3306482546989,1052.6315789473683,2.095435684647303,6.226536669287466,3.3314383390085567,2.895098330278909,9800 s,9800 s,636.0,427.0,,,,,2012.0,Unknown
gt 120m mac edition,2024.0,32.0,25.34,1250.0,14.0,314.0,55.0,121.0,40000.0,1518.6028853454825,2666.6666666666665,2.5737704918032787,5.752572638825633,3.3314383390085567,2.4211342998170764,x1700 targa edition,x1700 targa edition,117.0,255.0,,,,,2012.0,Unknown
gt 130 mac edition,2024.0,48.0,38.02,1250.0,75.0,505.0,55.0,196.0,60000.0,1537.6729882111736,789.4736842105264,2.563451776649746,6.226536669287466,3.3314383390085567,2.895098330278909,r7 a10 extreme edition,r7 a10 extreme edition,816.0,286.0,,,,,2016.0,Unknown
ion,2024.0,16.0,40.0,1250.0,20.0,282.0,65.0,162.0,20000.0,487.8048780487805,952.3809523809524,1.7300613496932515,5.645446897643238,3.3314383390085567,2.314008558634681,ion,ion,86.0,20.0,229.99,0.37,,,2009.0,Unknown
ion,2024.0,16.0,40.0,1250.0,20.0,314.0,65.0,144.0,20000.0,487.8048780487805,952.3809523809524,2.1655172413793102,5.752572638825633,3.3314383390085567,2.4211342998170764,ion,ion,86.0,20.0,229.99,0.37,,,2009.0,Unknown
ion,2024.0,16.0,40.0,1250.0,20.0,282.0,65.0,162.0,20000.0,487.8048780487805,952.3809523809524,1.7300613496932515,5.645446897643238,3.3314383390085567,2.314008558634681,ion,ion,86.0,20.0,229.99,0.37,,,2009.0,Unknown
ion,2024.0,16.0,40.0,1250.0,20.0,282.0,65.0,162.0,20000.0,487.8048780487805,952.3809523809524,1.7300613496932515,5.645446897643238,3.3314383390085567,2.314008558634681,ion,ion,86.0,20.0,229.99,0.37,,,2009.0,Unknown
ion hx,2024.0,16.0,40.0,1250.0,20.0,282.0,65.0,162.0,20000.0,487.8048780487805,952.3809523809524,1.7300613496932515,5.645446897643238,3.3314383390085567,2.314008558634681,ion le,ion le,98.0,96.0,,,,,2009.0,Unknown
ion le,2024.0,16.0,40.0,1250.0,20.0,282.0,65.0,162.0,20000.0,487.8048780487805,952.3809523809524,1.7300613496932515,5.645446897643238,3.3314383390085567,2.314008558634681,ion le,ion le,98.0,96.0,,,,,2009.0,Unknown
quadro fx 1700 mac edition,2024.0,32.0,20.8,1250.0,42.0,289.0,80.0,169.0,40000.0,1834.8623853211009,930.2325581395348,1.7,5.66988092298052,3.3314383390085567,2.338442583971963,quadro fx 1700m,quadro fx 1700m,173.0,135.0,,,50.0,3.45,2009.0,Workstation
quadro fx 1700m,2024.0,32.0,25.6,1250.0,50.0,314.0,65.0,144.0,40000.0,1503.7593984962405,784.3137254901961,2.1655172413793102,5.752572638825633,3.3314383390085567,2.4211342998170764,quadro fx 1700m,quadro fx 1700m,173.0,135.0,,,50.0,3.45,2009.0,Workstation
quadro fx 2700m,2024.0,48.0,51.14,1250.0,65.0,505.0,65.0,240.0,60000.0,1150.7479861910242,909.0909090909092,2.095435684647303,6.226536669287466,3.3314383390085567,2.895098330278909,quadro fx 2700m,quadro fx 2700m,358.0,74.0,99.95,3.58,65.0,5.51,2009.0,Workstation
quadro fx 3600m,2024.0,64.0,51.14,1250.0,70.0,754.0,65.0,324.0,80000.0,1534.3306482546989,1126.7605633802816,2.32,6.626717749249025,3.3314383390085567,3.295279410240468,quadro fx 3600m,quadro fx 3600m,467.0,365.0,,,70.0,6.67,2009.0,Workstation
quadro fx 3600m,2024.0,96.0,51.2,1250.0,70.0,754.0,65.0,324.0,120000.0,2298.850574712644,1690.1408450704223,2.32,6.626717749249025,3.3314383390085567,3.295279410240468,quadro fx 3600m,quadro fx 3600m,467.0,365.0,,,70.0,6.67,2009.0,Workstation
quadro fx 370 lp,2024.0,8.0,8.0,1250.0,25.0,210.0,65.0,86.0,10000.0,1111.111111111111,384.61538461538464,2.413793103448276,5.351858133476067,3.3314383390085567,2.02041979446751,quadro fx 370 lp,quadro fx 370 lp,108.0,481.0,,,25.0,4.32,2012.0,Workstation
quadro fx 3700,2024.0,112.0,51.2,1250.0,78.0,754.0,65.0,324.0,140000.0,2681.992337164751,1772.1518987341772,2.32,6.626717749249025,3.3314383390085567,3.295279410240468,quadro fx 3700,quadro fx 3700,384.0,158.0,213.27,1.8,78.0,4.93,2010.0,Workstation
quadro fx 3700m,2024.0,128.0,51.2,1250.0,75.0,754.0,65.0,324.0,160000.0,3065.1340996168583,2105.2631578947367,2.32,6.626717749249025,3.3314383390085567,3.295279410240468,quadro fx 3700m,quadro fx 3700m,467.0,117.0,925.0,0.5,75.0,6.23,2009.0,Workstation
quadro fx 370m,2024.0,8.0,6.4,1250.0,20.0,210.0,65.0,86.0,10000.0,1351.3513513513512,476.1904761904762,2.413793103448276,5.351858133476067,3.3314383390085567,2.02041979446751,quadro fx 370m,quadro fx 370m,93.0,334.0,,,20.0,4.66,2009.0,Workstation
quadro fx 3800m,2024.0,128.0,64.0,1250.0,100.0,754.0,55.0,260.0,160000.0,2461.538461538461,1584.1584158415842,2.888888888888889,6.626717749249025,3.3314383390085567,3.295279410240468,quadro fx 3800m,quadro fx 3800m,628.0,68.0,,,100.0,6.28,2009.0,Workstation
quadro fx 470 mgpu,2024.0,16.0,40.0,1250.0,38.0,314.0,65.0,144.0,20000.0,487.8048780487805,512.8205128205128,2.1655172413793102,5.752572638825633,3.3314383390085567,2.4211342998170764,quadro fx 370 lp,quadro fx 370 lp,108.0,481.0,,,25.0,4.32,2012.0,Workstation
quadro fx 4700 x2,2024.0,128.0,51.2,1250.0,226.0,754.0,65.0,324.0,160000.0,3065.1340996168583,704.8458149779735,2.32,6.626717749249025,3.3314383390085567,3.295279410240468,quadro fx 4700 x2,quadro fx 4700 x2,676.0,509.0,,,,,2014.0,Unknown
quadro fx 770m,2024.0,32.0,25.6,1250.0,35.0,314.0,65.0,144.0,40000.0,1503.7593984962405,1111.111111111111,2.1655172413793102,5.752572638825633,3.3314383390085567,2.4211342998170764,quadro fx 770m,quadro fx 770m,198.0,92.0,527.0,0.38,35.0,5.65,2009.0,Workstation
quadro nvs 150m,2024.0,8.0,11.2,1250.0,10.0,210.0,65.0,86.0,10000.0,819.672131147541,909.0909090909092,2.413793103448276,5.351858133476067,3.3314383390085567,2.02041979446751,quadro nvs 150m,quadro nvs 150m,93.0,327.0,,,10.0,9.26,2009.0,Workstation
quadro nvs 160m,2024.0,8.0,11.2,1250.0,12.0,210.0,65.0,86.0,10000.0,819.672131147541,769.2307692307693,2.413793103448276,5.351858133476067,3.3314383390085567,2.02041979446751,quadro nvs 160m,quadro nvs 160m,76.0,46.0,,,12.0,6.36,2009.0,Workstation
quadro nvs 450,2024.0,8.0,11.2,1250.0,35.0,210.0,55.0,80.0,10000.0,819.672131147541,277.77777777777777,2.592592592592593,5.351858133476067,3.3314383390085567,2.02041979446751,quadro nvs 450,quadro nvs 450,64.0,154.0,159.0,0.4,,,2009.0,Unknown
quadro plex 1000 model iv,2024.0,128.0,76.8,1250.0,320.0,681.0,90.0,484.0,160000.0,2056.5552699228792,498.4423676012461,1.404123711340206,6.525029657843462,3.3314383390085567,3.1935913188349057,quadro rtx 5000 mobile,quadro rtx 5000 mobile,14832.0,705.0,,,110.0,134.84,2019.0,"Mobile, Workstation"
quadro plex 2100 d4,2024.0,128.0,51.2,1250.0,640.0,754.0,65.0,324.0,160000.0,3065.1340996168583,249.609984399376,2.32,6.626717749249025,3.3314383390085567,3.295279410240468,quadro 2000 d,quadro 2000 d,1239.0,594.0,,,,,2011.0,Unknown
quadro plex 2100 s4,2024.0,128.0,76.8,1250.0,640.0,681.0,90.0,484.0,160000.0,2056.5552699228792,249.609984399376,1.404123711340206,6.525029657843462,3.3314383390085567,3.1935913188349057,quadro fx 2700,quadro fx 2700,543.0,465.0,,,,,2014.0,Unknown
quadro vx 200,2024.0,112.0,51.2,1250.0,75.0,754.0,65.0,324.0,140000.0,2681.992337164751,1842.1052631578948,2.32,6.626717749249025,3.3314383390085567,3.295279410240468,quadro fx 2700,quadro fx 2700,543.0,465.0,,,,,2014.0,Unknown
gtx 260,2024.0,192.0,111.9,1250.0,182.0,1.0,65.0,576.0,240000.0,2125.77502214349,1311.4754098360656,0.0017331022530329,0.6931471805599453,3.3314383390085567,-2.6382911584486117,gtx 260,gtx 260,1221.0,88.0,79.99,15.27,202.0,6.05,2012.0,Desktop
gtx 260 core 216,2024.0,216.0,111.9,1250.0,182.0,1.0,65.0,576.0,270000.0,2391.4968999114258,1475.4098360655737,0.0017331022530329,0.6931471805599453,3.3314383390085567,-2.6382911584486117,gtx 560 se,gtx 560 se,2087.0,413.0,89.99,23.19,150.0,13.91,2012.0,Desktop
gtx 260 rev 2,2024.0,192.0,111.9,1250.0,182.0,1.0,55.0,470.0,240000.0,2125.77502214349,1311.4754098360656,0.0021231422505307,0.6931471805599453,3.3314383390085567,-2.6382911584486117,gtx 460 v2,gtx 460 v2,2005.0,459.0,199.99,10.02,160.0,12.53,2011.0,Desktop
gtx 280,2024.0,240.0,141.7,1250.0,236.0,1.0,65.0,576.0,300000.0,2102.312543798178,1265.822784810127,0.0017331022530329,0.6931471805599453,3.3314383390085567,-2.6382911584486117,gtx 280,gtx 280,1181.0,121.0,522.78,2.26,236.0,5.0,2012.0,Desktop
gtx 285,2024.0,240.0,159.0,1250.0,204.0,1.0,55.0,470.0,300000.0,1875.0,1463.4146341463415,0.0021231422505307,0.6931471805599453,3.3314383390085567,-2.6382911584486117,gtx 285,gtx 285,1550.0,117.0,119.99,12.92,204.0,7.6,2009.0,Desktop
ion,2024.0,16.0,40.0,1250.0,20.0,260.0,40.0,57.0,20000.0,487.8048780487805,952.3809523809524,4.482758620689655,5.564520407322694,3.3314383390085567,2.233082068314137,ion,ion,86.0,20.0,229.99,0.37,,,2009.0,Unknown
ion 2,2024.0,16.0,40.0,1250.0,20.0,260.0,40.0,57.0,20000.0,487.8048780487805,952.3809523809524,4.482758620689655,5.564520407322694,3.3314383390085567,2.233082068314137,ion,ion,86.0,20.0,229.99,0.37,,,2009.0,Unknown
quadro cx,2024.0,192.0,76.8,1250.0,150.0,1.0,55.0,470.0,240000.0,3084.832904884319,1589.4039735099338,0.0021231422505307,0.6931471805599453,3.3314383390085567,-2.6382911584486117,quadro cx,quadro cx,947.0,454.0,149.95,6.32,,,2009.0,Unknown
quadro fx 4800,2024.0,192.0,76.8,1250.0,150.0,1.0,55.0,470.0,240000.0,3084.832904884319,1589.4039735099338,0.0021231422505307,0.6931471805599453,3.3314383390085567,-2.6382911584486117,quadro fx 4800,quadro fx 4800,979.0,106.0,204.0,4.8,150.0,6.52,2012.0,Workstation
quadro fx 4800 mac edition,2024.0,192.0,76.8,1250.0,150.0,1.0,55.0,470.0,240000.0,3084.832904884319,1589.4039735099338,0.0021231422505307,0.6931471805599453,3.3314383390085567,-2.6382911584486117,quadro fx 4800,quadro fx 4800,979.0,106.0,204.0,4.8,150.0,6.52,2012.0,Workstation
quadro fx 5800,2024.0,240.0,102.4,1250.0,189.0,1.0,55.0,470.0,300000.0,2901.3539651837523,1578.9473684210527,0.0021231422505307,0.6931471805599453,3.3314383390085567,-2.6382911584486117,quadro fx 5800,quadro fx 5800,1248.0,134.0,274.0,4.55,189.0,6.6,2009.0,Workstation
quadro plex 2200 d2,2024.0,240.0,102.4,1250.0,640.0,1.0,55.0,470.0,300000.0,2901.3539651837523,468.01872074882994,0.0021231422505307,0.6931471805599453,3.3314383390085567,-2.6382911584486117,quadro p2200,quadro p2200,9486.0,971.0,577.17,16.43,75.0,126.47,2019.0,Workstation
quadro plex 2200 s4,2024.0,240.0,102.4,1250.0,600.0,1.0,55.0,470.0,300000.0,2901.3539651837523,499.16805324459233,0.0021231422505307,0.6931471805599453,3.3314383390085567,-2.6382911584486117,quadro p2200,quadro p2200,9486.0,971.0,577.17,16.43,75.0,126.47,2019.0,Workstation
tesla m1060,2024.0,240.0,102.4,1250.0,188.0,1.0,55.0,470.0,300000.0,2901.3539651837523,1587.3015873015872,0.0021231422505307,0.6931471805599453,3.3314383390085567,-2.6382911584486117,tesla m60,tesla m60,7771.0,563.0,787.9,9.86,,,2017.0,Unknown
tesla s1070,2024.0,240.0,102.4,1250.0,800.0,1.0,55.0,470.0,300000.0,2901.3539651837523,374.5318352059925,0.0021231422505307,0.6931471805599453,3.3314383390085567,-2.6382911584486117,tesla c2070,tesla c2070,3101.0,494.0,604.0,5.13,247.0,12.56,2011.0,Workstation
tesla s1075,2024.0,240.0,102.4,1250.0,800.0,1.0,55.0,470.0,300000.0,2901.3539651837523,374.5318352059925,0.0021231422505307,0.6931471805599453,3.3314383390085567,-2.6382911584486117,tesla c2075,tesla c2075,3118.0,589.0,646.0,4.83,,,2012.0,Unknown
6200 pci,2024.0,480.0,3.2,1250.0,50.0,75.0,110.0,110.0,600000.0,142857.14285714284,11764.70588235294,0.6756756756756757,4.330733340286331,3.3314383390085567,0.9992950012777744,hd 2400 pci,hd 2400 pci,14.0,86.0,,,,,2009.0,Unknown
6200 x2 pci,2024.0,480.0,3.2,1250.0,50.0,75.0,110.0,110.0,600000.0,142857.14285714284,11764.70588235294,0.6756756756756757,4.330733340286331,3.3314383390085567,0.9992950012777744,hd 2400 pci,hd 2400 pci,14.0,86.0,,,,,2009.0,Unknown
7050 nforce 610i,2024.0,480.0,40.0,1250.0,50.0,112.0,90.0,81.0,600000.0,14634.146341463416,11764.70588235294,1.3658536585365857,4.727387818712341,3.3314383390085567,1.395949479703784,7050 nforce 610i,7050 nforce 610i,24.0,148.0,,,,,2009.0,Unknown
quadro plex 1000 model ii,2024.0,480.0,33.6,1250.0,640.0,302.0,110.0,333.0,600000.0,17341.040462427743,936.03744149766,0.9041916167664672,5.713732805509369,3.3314383390085567,2.382294466500812,quadro rtx 5000 mobile,quadro rtx 5000 mobile,14832.0,705.0,,,110.0,134.84,2019.0,"Mobile, Workstation"
205 oem,2024.0,16.0,6.4,1250.0,31.0,260.0,40.0,57.0,20000.0,2702.7027027027025,625.0,4.482758620689655,5.564520407322694,3.3314383390085567,2.233082068314137,g205m,g205m,92.0,294.0,,,,,2010.0,Unknown
210,2024.0,16.0,6.4,1250.0,31.0,260.0,40.0,57.0,20000.0,2702.7027027027025,625.0,4.482758620689655,5.564520407322694,3.3314383390085567,2.233082068314137,210,210,97.0,39.0,54.92,1.77,30.5,3.19,2009.0,Desktop
210 oem,2024.0,16.0,6.4,1250.0,31.0,486.0,40.0,100.0,20000.0,2702.7027027027025,625.0,4.811881188118812,6.18826412308259,3.3314383390085567,2.856825784074033,g210m,g210m,122.0,36.0,,,14.0,8.72,2009.0,Mobile
210 pci,2024.0,16.0,6.4,1250.0,31.0,486.0,40.0,100.0,20000.0,2702.7027027027025,625.0,4.811881188118812,6.18826412308259,3.3314383390085567,2.856825784074033,hd 2400 pci,hd 2400 pci,14.0,86.0,,,,,2009.0,Unknown
310 oem,2024.0,16.0,5.328,1250.0,31.0,260.0,40.0,57.0,20000.0,3160.5562579013904,625.0,4.482758620689655,5.564520407322694,3.3314383390085567,2.233082068314137,310m,310m,111.0,27.0,,,14.0,7.96,2012.0,Mobile
9600 gtx,2024.0,96.0,44.8,1250.0,140.0,754.0,65.0,324.0,120000.0,2620.087336244542,851.063829787234,2.32,6.626717749249025,3.3314383390085567,3.295279410240468,9600 gt,9600 gt,505.0,60.0,64.99,7.77,95.0,5.32,2011.0,Desktop
9800 gtx,2024.0,128.0,70.4,1250.0,141.0,754.0,55.0,260.0,160000.0,2240.896358543417,1126.7605633802816,2.888888888888889,6.626717749249025,3.3314383390085567,3.295279410240468,9800 gtx,9800 gtx,769.0,366.0,74.99,10.26,140.0,5.49,2009.0,Desktop
9800 gtx,2024.0,128.0,70.4,1250.0,141.0,754.0,55.0,260.0,160000.0,2240.896358543417,1126.7605633802816,2.888888888888889,6.626717749249025,3.3314383390085567,3.295279410240468,9800 gtx,9800 gtx,538.0,139.0,,,141.0,3.82,2012.0,Desktop
g100 oem,2024.0,8.0,6.4,1250.0,35.0,210.0,65.0,86.0,10000.0,1351.3513513513512,277.77777777777777,2.413793103448276,5.351858133476067,3.3314383390085567,2.02041979446751,g100,g100,147.0,56.0,19.99,7.33,,,2012.0,Unknown
g102m,2024.0,16.0,40.0,1250.0,14.0,314.0,65.0,144.0,20000.0,487.8048780487805,1333.3333333333333,2.1655172413793102,5.752572638825633,3.3314383390085567,2.4211342998170764,g102m,g102m,134.0,137.0,,,,,2009.0,Unknown
g103m,2024.0,8.0,8.0,1250.0,14.0,210.0,65.0,86.0,10000.0,1111.111111111111,666.6666666666666,2.413793103448276,5.351858133476067,3.3314383390085567,2.02041979446751,g 103m,g 103m,61.0,37.0,,,14.0,4.39,2012.0,Mobile
g105m,2024.0,16.0,11.2,1250.0,14.0,260.0,40.0,57.0,20000.0,1639.344262295082,1333.3333333333333,4.482758620689655,5.564520407322694,3.3314383390085567,2.233082068314137,g105m,g105m,108.0,46.0,,,,,2009.0,Unknown
g105m,2024.0,16.0,12.64,1250.0,14.0,260.0,40.0,57.0,20000.0,1466.275659824047,1333.3333333333333,4.482758620689655,5.564520407322694,3.3314383390085567,2.233082068314137,g105m,g105m,108.0,46.0,,,,,2009.0,Unknown
g105m,2024.0,8.0,11.2,1250.0,14.0,210.0,65.0,86.0,10000.0,819.672131147541,666.6666666666666,2.413793103448276,5.351858133476067,3.3314383390085567,2.02041979446751,g105m,g105m,108.0,46.0,,,,,2009.0,Unknown
g110m,2024.0,16.0,11.2,1250.0,14.0,314.0,55.0,121.0,20000.0,1639.344262295082,1333.3333333333333,2.5737704918032787,5.752572638825633,3.3314383390085567,2.4211342998170764,g210m,g210m,122.0,36.0,,,14.0,8.72,2009.0,Mobile
g205m,2024.0,16.0,40.0,1250.0,14.0,314.0,65.0,144.0,20000.0,487.8048780487805,1333.3333333333333,2.1655172413793102,5.752572638825633,3.3314383390085567,2.4211342998170764,g205m,g205m,92.0,294.0,,,,,2010.0,Unknown
g210 oem,2024.0,16.0,8.064,1250.0,31.0,314.0,55.0,121.0,20000.0,2206.531332744925,625.0,2.5737704918032787,5.752572638825633,3.3314383390085567,2.4211342998170764,g210m,g210m,122.0,36.0,,,14.0,8.72,2009.0,Mobile
g210m,2024.0,16.0,12.64,1250.0,14.0,260.0,40.0,57.0,20000.0,1466.275659824047,1333.3333333333333,4.482758620689655,5.564520407322694,3.3314383390085567,2.233082068314137,g210m,g210m,122.0,36.0,,,14.0,8.72,2009.0,Mobile
gt 120 mac edition,2024.0,32.0,25.6,1250.0,50.0,314.0,55.0,121.0,40000.0,1503.7593984962405,784.3137254901961,2.5737704918032787,5.752572638825633,3.3314383390085567,2.4211342998170764,r7 a10 extreme edition,r7 a10 extreme edition,816.0,286.0,,,,,2016.0,Unknown
gt 120 oem,2024.0,32.0,16.13,1250.0,50.0,314.0,55.0,121.0,40000.0,2335.0846468184477,784.3137254901961,2.5737704918032787,5.752572638825633,3.3314383390085567,2.4211342998170764,gt 120m,gt 120m,266.0,272.0,,,23.0,11.55,2009.0,Mobile
gt 120m,2024.0,32.0,16.0,1250.0,14.0,314.0,55.0,121.0,40000.0,2352.9411764705883,2666.6666666666665,2.5737704918032787,5.752572638825633,3.3314383390085567,2.4211342998170764,gt 120m,gt 120m,266.0,272.0,,,23.0,11.55,2009.0,Mobile
gt 130 oem,2024.0,48.0,24.0,1250.0,75.0,505.0,55.0,196.0,60000.0,2400.0,789.4736842105264,2.563451776649746,6.226536669287466,3.3314383390085567,2.895098330278909,gt 130m,gt 130m,146.0,35.0,,,23.0,6.36,2009.0,Mobile
gt 130m,2024.0,32.0,25.6,1250.0,23.0,314.0,55.0,121.0,40000.0,1503.7593984962405,1666.6666666666667,2.5737704918032787,5.752572638825633,3.3314383390085567,2.4211342998170764,gt 130m,gt 130m,146.0,35.0,,,23.0,6.36,2009.0,Mobile
gt 140 oem,2024.0,64.0,57.6,1250.0,105.0,505.0,55.0,196.0,80000.0,1365.1877133105802,754.7169811320755,2.563451776649746,6.226536669287466,3.3314383390085567,2.895098330278909,gt 140,gt 140,658.0,225.0,,,105.0,6.26,2009.0,Desktop
gt 220,2024.0,48.0,12.8,1250.0,58.0,486.0,40.0,100.0,60000.0,4347.826086956521,1016.9491525423728,4.811881188118812,6.18826412308259,3.3314383390085567,2.856825784074033,gt 220,gt 220,211.0,56.0,39.99,5.28,58.0,3.64,2012.0,Desktop
gt 220 oem,2024.0,48.0,22.4,1250.0,58.0,727.0,40.0,144.0,60000.0,2564.1025641025644,1016.9491525423728,5.0137931034482754,6.590301048196686,3.3314383390085567,3.2588627091881293,gt 220m,gt 220m,121.0,92.0,,,14.0,8.68,2009.0,Mobile
gt 220m,2024.0,32.0,16.0,1250.0,14.0,314.0,55.0,121.0,40000.0,2352.9411764705883,2666.6666666666665,2.5737704918032787,5.752572638825633,3.3314383390085567,2.4211342998170764,gt 220m,gt 220m,121.0,92.0,,,14.0,8.68,2009.0,Mobile
gt 230,2024.0,48.0,57.6,1250.0,75.0,505.0,55.0,196.0,60000.0,1023.8907849829352,789.4736842105264,2.563451776649746,6.226536669287466,3.3314383390085567,2.895098330278909,gt 230,gt 230,322.0,80.0,43.99,7.32,,,2009.0,Unknown
gt 230 oem,2024.0,96.0,24.0,1250.0,75.0,754.0,55.0,260.0,120000.0,4800.0,1578.9473684210527,2.888888888888889,6.626717749249025,3.3314383390085567,3.295279410240468,gt 230m,gt 230m,201.0,47.0,,,23.0,8.74,2009.0,Mobile
gt 230m,2024.0,48.0,25.28,1250.0,23.0,486.0,40.0,100.0,60000.0,2283.10502283105,2500.0,4.811881188118812,6.18826412308259,3.3314383390085567,2.856825784074033,gt 230m,gt 230m,201.0,47.0,,,23.0,8.74,2009.0,Mobile
gt 240,2024.0,96.0,54.4,1250.0,69.0,727.0,40.0,144.0,120000.0,2166.0649819494583,1714.2857142857142,5.0137931034482754,6.590301048196686,3.3314383390085567,3.2588627091881293,gt 240,gt 240,543.0,78.0,160.97,3.37,69.0,7.87,2012.0,Desktop
gt 240m,2024.0,48.0,25.28,1250.0,23.0,486.0,40.0,100.0,60000.0,2283.10502283105,2500.0,4.811881188118812,6.18826412308259,3.3314383390085567,2.856825784074033,gt 240m,gt 240m,205.0,61.0,,,23.0,8.92,2009.0,Mobile
gt 320m,2024.0,32.0,16.0,1250.0,14.0,314.0,55.0,121.0,40000.0,2352.9411764705883,2666.6666666666665,2.5737704918032787,5.752572638825633,3.3314383390085567,2.4211342998170764,gt 320m,gt 320m,107.0,41.0,,,14.0,7.64,2010.0,Mobile
gts 150 oem,2024.0,128.0,64.0,1250.0,141.0,754.0,65.0,324.0,160000.0,2461.538461538461,1126.7605633802816,2.32,6.626717749249025,3.3314383390085567,3.295279410240468,gts 150m,gts 150m,504.0,407.0,,,,,2014.0,Mobile
gts 150m,2024.0,64.0,51.2,1250.0,45.0,505.0,65.0,240.0,80000.0,1532.5670498084291,1739.1304347826087,2.095435684647303,6.226536669287466,3.3314383390085567,2.895098330278909,gts 150m,gts 150m,504.0,407.0,,,,,2014.0,Mobile
gts 160m,2024.0,64.0,51.2,1250.0,60.0,505.0,65.0,240.0,80000.0,1532.5670498084291,1311.4754098360656,2.095435684647303,6.226536669287466,3.3314383390085567,2.895098330278909,gts 160m,gts 160m,679.0,308.0,,,60.0,11.31,2009.0,Mobile
gts 240 oem,2024.0,112.0,70.4,1250.0,120.0,754.0,55.0,260.0,140000.0,1960.78431372549,1157.0247933884298,2.888888888888889,6.626717749249025,3.3314383390085567,3.295279410240468,gts 240,gts 240,622.0,212.0,64.99,9.57,120.0,5.18,2009.0,Desktop
gts 250,2024.0,128.0,64.51,1250.0,150.0,754.0,55.0,260.0,160000.0,2442.3752098916198,1059.6026490066224,2.888888888888889,6.626717749249025,3.3314383390085567,3.295279410240468,gts 250,gts 250,618.0,91.0,69.99,8.84,150.0,4.12,2012.0,Desktop
gts 250,2024.0,128.0,64.0,1250.0,150.0,754.0,55.0,260.0,160000.0,2461.538461538461,1059.6026490066224,2.888888888888889,6.626717749249025,3.3314383390085567,3.295279410240468,gts 250,gts 250,618.0,91.0,69.99,8.84,150.0,4.12,2012.0,Desktop
gts 250m,2024.0,96.0,50.56,1250.0,28.0,727.0,40.0,144.0,120000.0,2327.3855702094647,4137.931034482759,5.0137931034482754,6.590301048196686,3.3314383390085567,3.2588627091881293,gts 250m,gts 250m,569.0,69.0,,,28.0,20.33,2009.0,Mobile
gts 260m,2024.0,96.0,54.4,1250.0,38.0,727.0,40.0,144.0,120000.0,2166.0649819494583,3076.923076923077,5.0137931034482754,6.590301048196686,3.3314383390085567,3.2588627091881293,gtx 260m,gtx 260m,412.0,59.0,,,65.0,6.34,2012.0,Mobile
gtx 260 oem,2024.0,192.0,112.9,1250.0,150.0,1.0,65.0,576.0,240000.0,2107.1115013169447,1589.4039735099338,0.0017331022530329,0.6931471805599453,3.3314383390085567,-2.6382911584486117,gtx 260m,gtx 260m,412.0,59.0,,,65.0,6.34,2012.0,Mobile
gtx 260m,2024.0,112.0,60.8,1250.0,65.0,754.0,65.0,324.0,140000.0,2265.37216828479,2121.212121212121,2.32,6.626717749249025,3.3314383390085567,3.295279410240468,gtx 260m,gtx 260m,412.0,59.0,,,65.0,6.34,2012.0,Mobile
gtx 275,2024.0,240.0,127.0,1250.0,219.0,1.0,55.0,470.0,300000.0,2343.75,1363.6363636363635,0.0021231422505307,0.6931471805599453,3.3314383390085567,-2.6382911584486117,gtx 275,gtx 275,1401.0,106.0,431.72,3.24,219.0,6.4,2012.0,Desktop
gtx 280m,2024.0,128.0,60.8,1250.0,75.0,754.0,55.0,260.0,160000.0,2588.9967637540453,2105.2631578947367,2.888888888888889,6.626717749249025,3.3314383390085567,3.295279410240468,gtx 280m,gtx 280m,621.0,440.0,,,75.0,8.28,2009.0,Mobile
gtx 285 mac edition,2024.0,240.0,159.0,1250.0,204.0,1.0,55.0,470.0,300000.0,1875.0,1463.4146341463415,0.0021231422505307,0.6931471805599453,3.3314383390085567,-2.6382911584486117,gtx 680m ky bullet edition,gtx 680m ky bullet edition,3569.0,581.0,,,,,2017.0,Unknown
gtx 285 x2,2024.0,240.0,147.5,1250.0,315.0,1.0,55.0,470.0,300000.0,2020.20202020202,949.367088607595,0.0021231422505307,0.6931471805599453,3.3314383390085567,-2.6382911584486117,gtx 285,gtx 285,1550.0,117.0,119.99,12.92,204.0,7.6,2009.0,Desktop
gtx 295,2024.0,240.0,111.9,1250.0,289.0,1.0,55.0,470.0,300000.0,2657.218777679362,1034.4827586206898,0.0021231422505307,0.6931471805599453,3.3314383390085567,-2.6382911584486117,gtx 295,gtx 295,1171.0,150.0,159.99,7.32,289.0,4.05,2009.0,Desktop
quadro fx 1800,2024.0,64.0,38.4,1250.0,59.0,505.0,65.0,240.0,80000.0,2030.4568527918784,1333.3333333333333,2.095435684647303,6.226536669287466,3.3314383390085567,2.895098330278909,quadro fx 1800,quadro fx 1800,405.0,90.0,135.0,3.0,59.0,6.87,2009.0,Workstation
quadro fx 1800m,2024.0,72.0,25.28,1250.0,45.0,727.0,40.0,144.0,90000.0,3424.657534246576,1956.5217391304348,5.0137931034482754,6.590301048196686,3.3314383390085567,3.2588627091881293,quadro fx 1800m,quadro fx 1800m,469.0,73.0,,,45.0,10.42,2010.0,Workstation
quadro fx 2800m,2024.0,96.0,64.0,1250.0,75.0,754.0,55.0,260.0,120000.0,1846.1538461538464,1578.9473684210527,2.888888888888889,6.626717749249025,3.3314383390085567,3.295279410240468,quadro fx 2800m,quadro fx 2800m,433.0,80.0,190.0,2.28,75.0,5.77,2010.0,Workstation
quadro fx 380,2024.0,16.0,22.4,1250.0,34.0,314.0,65.0,144.0,20000.0,854.7008547008547,571.4285714285714,2.1655172413793102,5.752572638825633,3.3314383390085567,2.4211342998170764,quadro fx 380,quadro fx 380,186.0,151.0,72.5,2.56,34.0,5.46,2012.0,Workstation
quadro fx 380 lp,2024.0,16.0,12.8,1250.0,28.0,260.0,40.0,57.0,20000.0,1449.2753623188405,689.6551724137931,4.482758620689655,5.564520407322694,3.3314383390085567,2.233082068314137,quadro fx 380 lp,quadro fx 380 lp,136.0,128.0,,,28.0,4.85,2010.0,Workstation
quadro fx 3800,2024.0,192.0,51.2,1250.0,108.0,1.0,55.0,470.0,240000.0,4597.701149425287,2201.834862385321,0.0021231422505307,0.6931471805599453,3.3314383390085567,-2.6382911584486117,quadro fx 3800,quadro fx 3800,780.0,100.0,259.13,3.01,108.0,7.22,2009.0,Workstation
quadro fx 580,2024.0,32.0,25.6,1250.0,40.0,314.0,55.0,121.0,40000.0,1503.7593984962405,975.609756097561,2.5737704918032787,5.752572638825633,3.3314383390085567,2.4211342998170764,quadro fx 580,quadro fx 580,155.0,58.0,130.0,1.19,40.0,3.88,2009.0,Workstation
quadro nvs 295,2024.0,8.0,11.12,1250.0,23.0,210.0,65.0,86.0,10000.0,825.0825082508252,416.6666666666667,2.413793103448276,5.351858133476067,3.3314383390085567,2.02041979446751,quadro nvs 295,quadro nvs 295,75.0,73.0,63.0,1.19,23.0,3.27,2009.0,Workstation
quadro nvs 420,2024.0,8.0,11.2,1250.0,40.0,210.0,65.0,86.0,10000.0,819.672131147541,243.90243902439025,2.413793103448276,5.351858133476067,3.3314383390085567,2.02041979446751,quadro nvs 420,quadro nvs 420,70.0,186.0,150.0,0.47,,,2009.0,Unknown
tesla c1060,2024.0,240.0,102.4,1250.0,188.0,1.0,55.0,470.0,300000.0,2901.3539651837523,1587.3015873015872,0.0021231422505307,0.6931471805599453,3.3314383390085567,-2.6382911584486117,tesla c2070,tesla c2070,3101.0,494.0,604.0,5.13,247.0,12.56,2011.0,Workstation
tesla c1080,2024.0,240.0,102.4,1250.0,188.0,1.0,55.0,470.0,300000.0,2901.3539651837523,1587.3015873015872,0.0021231422505307,0.6931471805599453,3.3314383390085567,-2.6382911584486117,tesla c2070,tesla c2070,3101.0,494.0,604.0,5.13,247.0,12.56,2011.0,Workstation
305m,2024.0,16.0,11.2,1250.0,14.0,260.0,40.0,57.0,20000.0,1639.344262295082,1333.3333333333333,4.482758620689655,5.564520407322694,3.3314383390085567,2.233082068314137,305m,305m,151.0,149.0,,,14.0,10.76,2012.0,Mobile
310m,2024.0,16.0,12.64,1250.0,14.0,260.0,40.0,57.0,20000.0,1466.275659824047,1333.3333333333333,4.482758620689655,5.564520407322694,3.3314383390085567,2.233082068314137,310m,310m,111.0,27.0,,,14.0,7.96,2012.0,Mobile
310m,2024.0,16.0,10.67,1250.0,14.0,260.0,40.0,57.0,20000.0,1713.796058269066,1333.3333333333333,4.482758620689655,5.564520407322694,3.3314383390085567,2.233082068314137,310m,310m,111.0,27.0,,,14.0,7.96,2012.0,Mobile
310m,2024.0,16.0,12.64,1250.0,14.0,260.0,40.0,57.0,20000.0,1466.275659824047,1333.3333333333333,4.482758620689655,5.564520407322694,3.3314383390085567,2.233082068314137,310m,310m,111.0,27.0,,,14.0,7.96,2012.0,Mobile
315 oem,2024.0,48.0,12.64,1250.0,33.0,486.0,40.0,100.0,60000.0,4398.826979472141,1764.7058823529412,4.811881188118812,6.18826412308259,3.3314383390085567,2.856825784074033,315m,315m,116.0,52.0,,,14.0,8.31,2011.0,Mobile
320m mac edition,2024.0,48.0,40.0,1250.0,23.0,486.0,40.0,100.0,60000.0,1463.4146341463415,2500.0,4.811881188118812,6.18826412308259,3.3314383390085567,2.856825784074033,3dp edition,3dp edition,827.0,931.0,1159.99,0.71,,,2018.0,Unknown
405 oem,2024.0,16.0,12.64,1250.0,25.0,260.0,40.0,57.0,20000.0,1466.275659824047,769.2307692307693,4.482758620689655,5.564520407322694,3.3314383390085567,2.233082068314137,405,405,122.0,60.0,24.64,4.96,,,2011.0,Unknown
405 oem,2024.0,48.0,12.8,1250.0,25.0,486.0,40.0,100.0,60000.0,4347.826086956521,2307.692307692308,4.811881188118812,6.18826412308259,3.3314383390085567,2.856825784074033,405,405,122.0,60.0,24.64,4.96,,,2011.0,Unknown
405 oem,2024.0,24.0,12.8,1250.0,25.0,486.0,40.0,100.0,30000.0,2173.9130434782605,1153.8461538461538,4.811881188118812,6.18826412308259,3.3314383390085567,2.856825784074033,405,405,122.0,60.0,24.64,4.96,,,2011.0,Unknown
8400 gs rev 3,2024.0,8.0,6.4,1250.0,25.0,260.0,40.0,57.0,10000.0,1351.3513513513512,384.61538461538464,4.482758620689655,5.564520407322694,3.3314383390085567,2.233082068314137,8400 se,8400 se,68.0,290.0,,,,,2009.0,Unknown
9500 gt mac edition,2024.0,32.0,25.6,1250.0,50.0,314.0,55.0,121.0,40000.0,1503.7593984962405,784.3137254901961,2.5737704918032787,5.752572638825633,3.3314383390085567,2.4211342998170764,x1700 targa edition,x1700 targa edition,117.0,255.0,,,,,2012.0,Unknown
gt 220,2024.0,48.0,22.4,1250.0,58.0,505.0,65.0,240.0,60000.0,2564.1025641025644,1016.9491525423728,2.095435684647303,6.226536669287466,3.3314383390085567,2.895098330278909,gt 220,gt 220,211.0,56.0,39.99,5.28,58.0,3.64,2012.0,Desktop
gt 240m le,2024.0,32.0,25.6,1250.0,23.0,314.0,55.0,121.0,40000.0,1503.7593984962405,1666.6666666666667,2.5737704918032787,5.752572638825633,3.3314383390085567,2.4211342998170764,gt 640m le,gt 640m le,673.0,166.0,849.99,0.79,32.0,21.03,2012.0,Mobile
gt 320 oem,2024.0,72.0,25.28,1250.0,43.0,727.0,40.0,144.0,90000.0,3424.657534246576,2045.4545454545453,5.0137931034482754,6.590301048196686,3.3314383390085567,3.2588627091881293,gt 320m,gt 320m,107.0,41.0,,,14.0,7.64,2010.0,Mobile
gt 320m,2024.0,24.0,25.28,1250.0,23.0,486.0,40.0,100.0,30000.0,1141.552511415525,1250.0,4.811881188118812,6.18826412308259,3.3314383390085567,2.856825784074033,gt 320m,gt 320m,107.0,41.0,,,14.0,7.64,2010.0,Mobile
gt 325m,2024.0,48.0,22.4,1250.0,23.0,486.0,40.0,100.0,60000.0,2564.1025641025644,2500.0,4.811881188118812,6.18826412308259,3.3314383390085567,2.856825784074033,gt 325m,gt 325m,171.0,52.0,,,23.0,7.42,2011.0,Mobile
gt 330 oem,2024.0,96.0,16.32,1250.0,75.0,754.0,55.0,260.0,120000.0,6928.406466512702,1578.9473684210527,2.888888888888889,6.626717749249025,3.3314383390085567,3.295279410240468,gt 330m,gt 330m,209.0,57.0,,,23.0,9.1,2012.0,Mobile
gt 330 oem,2024.0,96.0,25.28,1250.0,75.0,727.0,40.0,144.0,120000.0,4566.2100456621,1578.9473684210527,5.0137931034482754,6.590301048196686,3.3314383390085567,3.2588627091881293,gt 330m,gt 330m,209.0,57.0,,,23.0,9.1,2012.0,Mobile
gt 330 oem,2024.0,96.0,32.0,1250.0,75.0,727.0,40.0,144.0,120000.0,3636.363636363637,1578.9473684210527,5.0137931034482754,6.590301048196686,3.3314383390085567,3.2588627091881293,gt 330m,gt 330m,209.0,57.0,,,23.0,9.1,2012.0,Mobile
gt 330 oem,2024.0,96.0,51.2,1250.0,75.0,754.0,65.0,324.0,120000.0,2298.850574712644,1578.9473684210527,2.32,6.626717749249025,3.3314383390085567,3.295279410240468,gt 330m,gt 330m,209.0,57.0,,,23.0,9.1,2012.0,Mobile
gt 330m,2024.0,24.0,25.28,1250.0,23.0,486.0,40.0,100.0,30000.0,1141.552511415525,1250.0,4.811881188118812,6.18826412308259,3.3314383390085567,2.856825784074033,gt 330m,gt 330m,209.0,57.0,,,23.0,9.1,2012.0,Mobile
gt 330m,2024.0,48.0,25.28,1250.0,23.0,486.0,40.0,100.0,60000.0,2283.10502283105,2500.0,4.811881188118812,6.18826412308259,3.3314383390085567,2.856825784074033,gt 330m,gt 330m,209.0,57.0,,,23.0,9.1,2012.0,Mobile
gt 330m,2024.0,48.0,22.4,1250.0,23.0,486.0,40.0,100.0,60000.0,2564.1025641025644,2500.0,4.811881188118812,6.18826412308259,3.3314383390085567,2.856825784074033,gt 330m,gt 330m,209.0,57.0,,,23.0,9.1,2012.0,Mobile
gt 330m mac edition,2024.0,48.0,25.28,1250.0,23.0,486.0,40.0,100.0,60000.0,2283.10502283105,2500.0,4.811881188118812,6.18826412308259,3.3314383390085567,2.856825784074033,gtx 680m ky bullet edition,gtx 680m ky bullet edition,3569.0,581.0,,,,,2017.0,Unknown
gt 335m,2024.0,72.0,25.28,1250.0,28.0,727.0,40.0,144.0,90000.0,3424.657534246576,3103.448275862069,5.0137931034482754,6.590301048196686,3.3314383390085567,3.2588627091881293,gt 335m,gt 335m,400.0,49.0,,,28.0,14.28,2010.0,Mobile
gt 340 oem,2024.0,96.0,27.2,1250.0,69.0,727.0,40.0,144.0,120000.0,4255.319148936171,1714.2857142857142,5.0137931034482754,6.590301048196686,3.3314383390085567,3.2588627091881293,gt 340,gt 340,774.0,469.0,52.99,14.62,69.0,11.22,2011.0,Desktop
gt 415 oem,2024.0,48.0,10.66,1250.0,32.0,486.0,40.0,100.0,60000.0,5145.797598627787,1818.1818181818185,4.811881188118812,6.18826412308259,3.3314383390085567,2.856825784074033,gt 415m,gt 415m,286.0,221.0,,,12.0,23.84,2011.0,Mobile
gt 415m,2024.0,48.0,25.6,1250.0,12.0,585.0,40.0,116.0,60000.0,2255.6390977443607,4615.384615384615,5.0,6.373319789577012,3.3314383390085567,3.0418814505684555,gt 415m,gt 415m,286.0,221.0,,,12.0,23.84,2011.0,Mobile
gt 420 oem,2024.0,48.0,28.8,1250.0,50.0,585.0,40.0,116.0,60000.0,2013.4228187919464,1176.470588235294,5.0,6.373319789577012,3.3314383390085567,3.0418814505684555,gt 420m,gt 420m,418.0,83.0,,,23.0,18.19,2010.0,Mobile
gt 420m,2024.0,96.0,25.6,1250.0,23.0,585.0,40.0,116.0,120000.0,4511.278195488721,5000.0,5.0,6.373319789577012,3.3314383390085567,3.0418814505684555,gt 420m,gt 420m,418.0,83.0,,,23.0,18.19,2010.0,Mobile
gt 425m,2024.0,96.0,25.6,1250.0,23.0,585.0,40.0,116.0,120000.0,4511.278195488721,5000.0,5.0,6.373319789577012,3.3314383390085567,3.0418814505684555,gt 425m,gt 425m,517.0,175.0,,,23.0,22.46,2010.0,Mobile
gt 430,2024.0,96.0,12.8,1250.0,49.0,585.0,40.0,116.0,120000.0,8695.652173913042,2400.0,5.0,6.373319789577012,3.3314383390085567,3.0418814505684555,gt 430,gt 430,603.0,191.0,139.99,4.31,49.0,12.3,2012.0,Desktop
gt 430,2024.0,96.0,12.8,1250.0,49.0,585.0,40.0,116.0,120000.0,8695.652173913042,2400.0,5.0,6.373319789577012,3.3314383390085567,3.0418814505684555,gt 430,gt 430,223.0,325.0,142.88,1.56,,,2013.0,Unknown
gt 430 oem,2024.0,96.0,25.6,1250.0,49.0,585.0,40.0,116.0,120000.0,4511.278195488721,2400.0,5.0,6.373319789577012,3.3314383390085567,3.0418814505684555,gt 430,gt 430,603.0,191.0,139.99,4.31,49.0,12.3,2012.0,Desktop
gt 430 oem,2024.0,96.0,25.6,1250.0,49.0,585.0,40.0,116.0,120000.0,4511.278195488721,2400.0,5.0,6.373319789577012,3.3314383390085567,3.0418814505684555,gt 430,gt 430,223.0,325.0,142.88,1.56,,,2013.0,Unknown
gt 430 pci,2024.0,96.0,9.6,1250.0,49.0,585.0,40.0,116.0,120000.0,11320.754716981131,2400.0,5.0,6.373319789577012,3.3314383390085567,3.0418814505684555,gt 430,gt 430,603.0,191.0,139.99,4.31,49.0,12.3,2012.0,Desktop
gt 430 pci,2024.0,96.0,9.6,1250.0,49.0,585.0,40.0,116.0,120000.0,11320.754716981131,2400.0,5.0,6.373319789577012,3.3314383390085567,3.0418814505684555,gt 430,gt 430,223.0,325.0,142.88,1.56,,,2013.0,Unknown
gt 435m,2024.0,96.0,25.6,1250.0,35.0,585.0,40.0,116.0,120000.0,4511.278195488721,3333.333333333333,5.0,6.373319789577012,3.3314383390085567,3.0418814505684555,gt 435m,gt 435m,521.0,208.0,,,35.0,14.9,2012.0,Mobile
gt 440 oem,2024.0,144.0,43.2,1250.0,65.0,1.0,40.0,238.0,180000.0,4072.3981900452486,2727.2727272727275,0.00418410041841,0.6931471805599453,3.3314383390085567,-2.6382911584486117,gt 440,gt 440,766.0,238.0,225.0,3.4,65.0,11.78,2010.0,Desktop
gt 445m,2024.0,144.0,38.4,1250.0,35.0,1.0,40.0,238.0,180000.0,4568.527918781726,5000.0,0.00418410041841,0.6931471805599453,3.3314383390085567,-2.6382911584486117,gt 445m,gt 445m,881.0,250.0,,,35.0,25.17,2010.0,Mobile
gt 445m,2024.0,144.0,40.0,1250.0,35.0,1.0,40.0,238.0,180000.0,4390.243902439024,5000.0,0.00418410041841,0.6931471805599453,3.3314383390085567,-2.6382911584486117,gt 445m,gt 445m,881.0,250.0,,,35.0,25.17,2010.0,Mobile
gts 350m,2024.0,96.0,50.56,1250.0,28.0,727.0,40.0,144.0,120000.0,2327.3855702094647,4137.931034482759,5.0137931034482754,6.590301048196686,3.3314383390085567,3.2588627091881293,gts 350m,gts 350m,408.0,113.0,,,28.0,14.56,2010.0,Mobile
gts 360m,2024.0,96.0,57.6,1250.0,38.0,727.0,40.0,144.0,120000.0,2047.7815699658704,3076.923076923077,5.0137931034482754,6.590301048196686,3.3314383390085567,3.2588627091881293,gts 360m,gts 360m,655.0,71.0,,,38.0,17.23,2010.0,Mobile
gts 450,2024.0,192.0,57.73,1250.0,106.0,1.0,40.0,238.0,240000.0,4086.497531074409,2242.990654205608,0.00418410041841,0.6931471805599453,3.3314383390085567,-2.6382911584486117,gts 450,gts 450,1321.0,303.0,79.99,16.52,106.0,12.47,2012.0,Desktop
gts 450 oem,2024.0,144.0,57.73,1250.0,106.0,1.0,40.0,238.0,180000.0,3064.8731483058064,1682.2429906542056,0.00418410041841,0.6931471805599453,3.3314383390085567,-2.6382911584486117,gts 450,gts 450,1321.0,303.0,79.99,16.52,106.0,12.47,2012.0,Desktop
gts 450 oem,2024.0,144.0,96.0,1250.0,106.0,1.0,40.0,238.0,180000.0,1855.6701030927836,1682.2429906542056,0.00418410041841,0.6931471805599453,3.3314383390085567,-2.6382911584486117,gts 450,gts 450,1321.0,303.0,79.99,16.52,106.0,12.47,2012.0,Desktop
gtx 285m,2024.0,128.0,64.0,1250.0,75.0,754.0,55.0,260.0,160000.0,2461.538461538461,2105.2631578947367,2.888888888888889,6.626717749249025,3.3314383390085567,3.295279410240468,gtx 285m,gtx 285m,676.0,246.0,,,75.0,9.01,2010.0,Mobile
gtx 460,2024.0,336.0,115.2,1250.0,160.0,1.0,40.0,332.0,420000.0,3614.457831325301,2608.695652173913,0.003003003003003,0.6931471805599453,3.3314383390085567,-2.6382911584486117,gtx 460,gtx 460,2289.0,381.0,89.99,25.44,150.0,15.26,2012.0,Desktop
gtx 460,2024.0,336.0,86.4,1250.0,160.0,1.0,40.0,332.0,420000.0,4805.491990846682,2608.695652173913,0.003003003003003,0.6931471805599453,3.3314383390085567,-2.6382911584486117,gtx 460,gtx 460,2289.0,381.0,89.99,25.44,150.0,15.26,2012.0,Desktop
gtx 460 oem,2024.0,336.0,108.8,1250.0,150.0,1.0,40.0,332.0,420000.0,3825.136612021858,2781.456953642384,0.003003003003003,0.6931471805599453,3.3314383390085567,-2.6382911584486117,gtx 460 se,gtx 460 se,1974.0,359.0,159.99,12.34,150.0,13.16,2012.0,Desktop
gtx 460 se,2024.0,288.0,108.8,1250.0,150.0,1.0,40.0,332.0,360000.0,3278.688524590164,2384.1059602649007,0.003003003003003,0.6931471805599453,3.3314383390085567,-2.6382911584486117,gtx 460 se,gtx 460 se,1974.0,359.0,159.99,12.34,150.0,13.16,2012.0,Desktop
gtx 460 se v2,2024.0,288.0,81.6,1250.0,150.0,1.0,40.0,332.0,360000.0,4358.353510895884,2384.1059602649007,0.003003003003003,0.6931471805599453,3.3314383390085567,-2.6382911584486117,gtx 460 v2,gtx 460 v2,2005.0,459.0,199.99,10.02,160.0,12.53,2011.0,Desktop
gtx 460m,2024.0,192.0,60.0,1250.0,50.0,1.0,40.0,238.0,240000.0,3934.4262295081967,4705.882352941177,0.00418410041841,0.6931471805599453,3.3314383390085567,-2.6382911584486117,gtx 460m,gtx 460m,1198.0,246.0,,,50.0,23.95,2012.0,Mobile
gtx 465,2024.0,352.0,102.7,1250.0,200.0,3.0,40.0,529.0,440000.0,4243.008678881389,2189.054726368159,0.0056603773584905,1.3862943611198906,3.3314383390085567,-1.945143977888666,gtx 465,gtx 465,2681.0,454.0,195.0,13.75,200.0,13.41,2012.0,Desktop
gtx 470,2024.0,448.0,133.9,1250.0,215.0,3.0,40.0,529.0,560000.0,4151.223128243143,2592.5925925925926,0.0056603773584905,1.3862943611198906,3.3314383390085567,-1.945143977888666,gtx 470,gtx 470,3147.0,381.0,59.99,52.45,215.0,14.64,2012.0,Desktop
gtx 470m,2024.0,288.0,72.0,1250.0,75.0,1.0,40.0,332.0,360000.0,4931.506849315068,4736.8421052631575,0.003003003003003,0.6931471805599453,3.3314383390085567,-2.6382911584486117,gtx 470m,gtx 470m,1953.0,413.0,,,50.0,39.07,2010.0,Mobile
gtx 480,2024.0,480.0,177.4,1250.0,250.0,3.0,40.0,529.0,600000.0,3363.228699551569,2390.438247011952,0.0056603773584905,1.3862943611198906,3.3314383390085567,-1.945143977888666,gtx 480,gtx 480,4110.0,447.0,169.99,24.18,250.0,16.44,2012.0,Desktop
gtx 480m,2024.0,352.0,76.8,1250.0,100.0,3.0,40.0,529.0,440000.0,5655.526992287918,4356.435643564357,0.0056603773584905,1.3862943611198906,3.3314383390085567,-1.945143977888666,gtx 480m,gtx 480m,2051.0,536.0,,,100.0,20.51,2010.0,Mobile
gtx 570,2024.0,480.0,152.0,1250.0,219.0,3.0,40.0,520.0,600000.0,3921.56862745098,2727.2727272727275,0.0057581573896353,1.3862943611198906,3.3314383390085567,-1.945143977888666,gtx 570,gtx 570,3902.0,466.0,149.99,26.02,219.0,17.82,2012.0,Desktop
gtx 570 rev 2,2024.0,480.0,152.0,1250.0,219.0,3.0,40.0,520.0,600000.0,3921.56862745098,2727.2727272727275,0.0057581573896353,1.3862943611198906,3.3314383390085567,-1.945143977888666,gtx 570,gtx 570,3902.0,466.0,149.99,26.02,219.0,17.82,2012.0,Desktop
gtx 580,2024.0,512.0,192.4,1250.0,244.0,3.0,40.0,520.0,640000.0,3309.203722854188,2612.244897959184,0.0057581573896353,1.3862943611198906,3.3314383390085567,-1.945143977888666,gtx 580,gtx 580,4538.0,456.0,139.92,32.43,244.0,18.6,2012.0,Desktop
nvs 2100m,2024.0,16.0,12.64,1250.0,11.0,260.0,40.0,57.0,20000.0,1466.275659824047,1666.6666666666667,4.482758620689655,5.564520407322694,3.3314383390085567,2.233082068314137,nvs 2100m,nvs 2100m,139.0,221.0,,,14.0,9.94,2010.0,Workstation
nvs 3100m,2024.0,16.0,12.64,1250.0,14.0,260.0,40.0,57.0,20000.0,1466.275659824047,1333.3333333333333,4.482758620689655,5.564520407322694,3.3314383390085567,2.233082068314137,nvs 3100m,nvs 3100m,115.0,42.0,,,14.0,8.19,2011.0,Workstation
nvs 5100m,2024.0,48.0,25.6,1250.0,35.0,486.0,40.0,100.0,60000.0,2255.6390977443607,1666.6666666666667,4.811881188118812,6.18826412308259,3.3314383390085567,2.856825784074033,nvs 5100m,nvs 5100m,190.0,87.0,,,35.0,5.44,2010.0,Workstation
quadro 2000,2024.0,192.0,41.6,1250.0,62.0,1.0,40.0,238.0,240000.0,5633.802816901408,3809.5238095238096,0.00418410041841,0.6931471805599453,3.3314383390085567,-2.6382911584486117,quadro 2000,quadro 2000,942.0,294.0,213.23,4.42,62.0,15.2,2010.0,Workstation
quadro 4000,2024.0,256.0,89.86,1250.0,142.0,3.0,40.0,529.0,320000.0,3521.901826986573,2237.762237762238,0.0056603773584905,1.3862943611198906,3.3314383390085567,-1.945143977888666,quadro 4000,quadro 4000,1489.0,366.0,978.99,1.52,142.0,10.49,2010.0,Workstation
quadro 5000m,2024.0,320.0,76.8,1250.0,100.0,3.0,40.0,529.0,400000.0,5141.388174807198,3960.3960396039606,0.0056603773584905,1.3862943611198906,3.3314383390085567,-1.945143977888666,quadro 5000m,quadro 5000m,2060.0,426.0,,,100.0,20.6,2010.0,Workstation
quadro 600,2024.0,96.0,25.6,1250.0,40.0,585.0,40.0,116.0,120000.0,4511.278195488721,2926.829268292683,5.0,6.373319789577012,3.3314383390085567,3.0418814505684555,quadro 600,quadro 600,546.0,225.0,76.0,7.18,40.0,13.64,2012.0,Workstation
quadro 6000,2024.0,448.0,143.4,1250.0,204.0,3.0,40.0,529.0,560000.0,3878.1163434903046,2731.7073170731705,0.0056603773584905,1.3862943611198906,3.3314383390085567,-1.945143977888666,quadro 6000,quadro 6000,2689.0,458.0,4092.38,0.66,204.0,13.18,2010.0,Workstation
quadro fx 380m,2024.0,16.0,12.64,1250.0,25.0,260.0,40.0,57.0,20000.0,1466.275659824047,769.2307692307693,4.482758620689655,5.564520407322694,3.3314383390085567,2.233082068314137,quadro fx 380m,quadro fx 380m,124.0,124.0,,,25.0,4.96,2010.0,Workstation
quadro fx 880m,2024.0,48.0,25.28,1250.0,35.0,486.0,40.0,100.0,60000.0,2283.10502283105,1666.6666666666667,4.811881188118812,6.18826412308259,3.3314383390085567,2.856825784074033,quadro fx 880m,quadro fx 880m,219.0,80.0,,,35.0,6.25,2010.0,Workstation
tegra 2 gpu,2024.0,480.0,2.664,400.0,20.0,29.0,40.0,154.0,192000.0,52401.74672489083,9142.857142857143,0.1870967741935484,3.4011973816621555,3.3314383390085567,0.0697590426535987,2 integrated gpu,2 integrated gpu,4.0,171.0,,,,,2009.0,Unknown
315 oem,2024.0,48.0,5.6,1250.0,33.0,727.0,40.0,144.0,60000.0,9090.909090909092,1764.7058823529412,5.0137931034482754,6.590301048196686,3.3314383390085567,3.2588627091881293,315m,315m,116.0,52.0,,,14.0,8.31,2011.0,Mobile
315 oem,2024.0,16.0,9.6,1250.0,33.0,260.0,40.0,57.0,20000.0,1886.7924528301887,588.2352941176471,4.482758620689655,5.564520407322694,3.3314383390085567,2.233082068314137,315m,315m,116.0,52.0,,,14.0,8.31,2011.0,Mobile
315m,2024.0,16.0,12.64,1250.0,14.0,260.0,40.0,57.0,20000.0,1466.275659824047,1333.3333333333333,4.482758620689655,5.564520407322694,3.3314383390085567,2.233082068314137,315m,315m,116.0,52.0,,,14.0,8.31,2011.0,Mobile
405m,2024.0,16.0,12.64,1250.0,14.0,260.0,40.0,57.0,20000.0,1466.275659824047,1333.3333333333333,4.482758620689655,5.564520407322694,3.3314383390085567,2.233082068314137,405,405,122.0,60.0,24.64,4.96,,,2011.0,Unknown
410m,2024.0,48.0,12.8,1250.0,12.0,292.0,40.0,79.0,60000.0,4347.826086956521,4615.384615384615,3.65,5.680172609017068,3.3314383390085567,2.348734270008511,410m,410m,250.0,129.0,,,12.0,20.8,2011.0,Mobile
510 oem,2024.0,48.0,14.37,1250.0,25.0,292.0,40.0,79.0,60000.0,3903.7085230969424,2307.692307692308,3.65,5.680172609017068,3.3314383390085567,2.348734270008511,510,510,257.0,199.0,69.99,3.67,25.0,10.27,2011.0,Desktop
610,2024.0,48.0,14.4,1250.0,12.0,292.0,40.0,79.0,60000.0,3896.103896103896,4615.384615384615,3.65,5.680172609017068,3.3314383390085567,2.348734270008511,6150,6150,22.0,250.0,329.0,0.07,,,2012.0,Unknown
610m,2024.0,48.0,12.8,1250.0,12.0,292.0,40.0,79.0,60000.0,4347.826086956521,4615.384615384615,3.65,5.680172609017068,3.3314383390085567,2.348734270008511,610m,610m,292.0,103.0,,,,,2012.0,Unknown
610m,2024.0,48.0,14.4,1250.0,12.0,585.0,28.0,116.0,60000.0,3896.103896103896,4615.384615384615,5.0,6.373319789577012,3.3314383390085567,3.0418814505684555,610m,610m,292.0,103.0,,,,,2012.0,Unknown
610m,2024.0,48.0,12.8,1250.0,12.0,585.0,40.0,116.0,60000.0,4347.826086956521,4615.384615384615,5.0,6.373319789577012,3.3314383390085567,3.0418814505684555,610m,610m,292.0,103.0,,,,,2012.0,Unknown
9300 gs rev 2,2024.0,16.0,5.328,1250.0,50.0,260.0,40.0,57.0,20000.0,3160.5562579013904,392.15686274509807,4.482758620689655,5.564520407322694,3.3314383390085567,2.233082068314137,9300 se,9300 se,82.0,344.0,,,,,2015.0,Unknown
gt 435m,2024.0,96.0,25.6,1250.0,35.0,1.0,40.0,238.0,120000.0,4511.278195488721,3333.333333333333,0.00418410041841,0.6931471805599453,3.3314383390085567,-2.6382911584486117,gt 435m,gt 435m,521.0,208.0,,,35.0,14.9,2012.0,Mobile
gt 440,2024.0,96.0,28.8,1250.0,65.0,585.0,40.0,116.0,120000.0,4026.845637583892,1818.1818181818185,5.0,6.373319789577012,3.3314383390085567,3.0418814505684555,gt 440,gt 440,766.0,238.0,225.0,3.4,65.0,11.78,2010.0,Desktop
gt 440 mac edition,2024.0,96.0,21.34,1250.0,65.0,585.0,40.0,116.0,120000.0,5371.530886302597,1818.1818181818185,5.0,6.373319789577012,3.3314383390085567,3.0418814505684555,r7 a10 extreme edition,r7 a10 extreme edition,816.0,286.0,,,,,2016.0,Unknown
gt 520,2024.0,48.0,14.4,1250.0,29.0,292.0,40.0,79.0,60000.0,3896.103896103896,2000.0,3.65,5.680172609017068,3.3314383390085567,2.348734270008511,gt 520,gt 520,297.0,126.0,304.0,0.98,29.0,10.25,2011.0,Desktop
gt 520 pci,2024.0,48.0,14.4,1250.0,29.0,292.0,40.0,79.0,60000.0,3896.103896103896,2000.0,3.65,5.680172609017068,3.3314383390085567,2.348734270008511,gt 520,gt 520,297.0,126.0,304.0,0.98,29.0,10.25,2011.0,Desktop
gt 520 pcie x1,2024.0,48.0,14.4,1250.0,29.0,292.0,40.0,79.0,60000.0,3896.103896103896,2000.0,3.65,5.680172609017068,3.3314383390085567,2.348734270008511,matrox m9120 pcie x16,matrox m9120 pcie x16,20.0,870.0,,,,,2010.0,Unknown
gt 520m,2024.0,48.0,14.4,1250.0,12.0,585.0,40.0,116.0,60000.0,3896.103896103896,4615.384615384615,5.0,6.373319789577012,3.3314383390085567,3.0418814505684555,gt 520m,gt 520m,288.0,74.0,29.95,9.62,12.0,24.01,2012.0,Mobile
gt 520m,2024.0,48.0,12.8,1250.0,12.0,585.0,40.0,116.0,60000.0,4347.826086956521,4615.384615384615,5.0,6.373319789577012,3.3314383390085567,3.0418814505684555,gt 520m,gt 520m,288.0,74.0,29.95,9.62,12.0,24.01,2012.0,Mobile
gt 520m,2024.0,48.0,12.8,1250.0,12.0,292.0,40.0,79.0,60000.0,4347.826086956521,4615.384615384615,3.65,5.680172609017068,3.3314383390085567,2.348734270008511,gt 520m,gt 520m,288.0,74.0,29.95,9.62,12.0,24.01,2012.0,Mobile
gt 520mx,2024.0,48.0,14.4,1250.0,20.0,292.0,40.0,79.0,60000.0,3896.103896103896,2857.1428571428573,3.65,5.680172609017068,3.3314383390085567,2.348734270008511,gt 520mx,gt 520mx,293.0,56.0,,,20.0,14.63,2012.0,Mobile
gt 525m,2024.0,96.0,28.8,1250.0,23.0,585.0,40.0,116.0,120000.0,4026.845637583892,5000.0,5.0,6.373319789577012,3.3314383390085567,3.0418814505684555,gt 525m,gt 525m,460.0,95.0,,,20.0,23.0,2012.0,Mobile
gt 525m,2024.0,96.0,28.8,1250.0,23.0,585.0,40.0,116.0,120000.0,4026.845637583892,5000.0,5.0,6.373319789577012,3.3314383390085567,3.0418814505684555,gt 525m,gt 525m,460.0,95.0,,,20.0,23.0,2012.0,Mobile
gt 530 oem,2024.0,96.0,28.8,1250.0,50.0,585.0,40.0,116.0,120000.0,4026.845637583892,2352.9411764705883,5.0,6.373319789577012,3.3314383390085567,3.0418814505684555,gt 530,gt 530,676.0,227.0,49.0,13.79,50.0,13.52,2011.0,Desktop
gt 540m,2024.0,96.0,28.8,1250.0,35.0,585.0,40.0,116.0,120000.0,4026.845637583892,3333.333333333333,5.0,6.373319789577012,3.3314383390085567,3.0418814505684555,gt 540m,gt 540m,493.0,86.0,87.95,5.61,32.0,15.41,2012.0,Mobile
gt 545,2024.0,144.0,38.4,1250.0,70.0,1.0,40.0,238.0,180000.0,4568.527918781726,2535.211267605634,0.00418410041841,0.6931471805599453,3.3314383390085567,-2.6382911584486117,gt 545,gt 545,1096.0,342.0,55.59,19.71,,,2012.0,Unknown
gt 545 oem,2024.0,144.0,64.0,1250.0,105.0,1.0,40.0,238.0,180000.0,2769.230769230769,1698.1132075471698,0.00418410041841,0.6931471805599453,3.3314383390085567,-2.6382911584486117,gt 545,gt 545,1096.0,342.0,55.59,19.71,,,2012.0,Unknown
gt 550m,2024.0,96.0,28.8,1250.0,35.0,585.0,40.0,116.0,120000.0,4026.845637583892,3333.333333333333,5.0,6.373319789577012,3.3314383390085567,3.0418814505684555,gt 550m,gt 550m,580.0,126.0,,,32.0,18.14,2011.0,Mobile
gt 550m,2024.0,96.0,28.8,1250.0,35.0,585.0,40.0,116.0,120000.0,4026.845637583892,3333.333333333333,5.0,6.373319789577012,3.3314383390085567,3.0418814505684555,gt 550m,gt 550m,580.0,126.0,,,32.0,18.14,2011.0,Mobile
gt 555m,2024.0,96.0,50.24,1250.0,35.0,585.0,40.0,116.0,120000.0,2341.92037470726,3333.333333333333,5.0,6.373319789577012,3.3314383390085567,3.0418814505684555,gt 555m,gt 555m,688.0,124.0,177.2,3.88,30.0,22.92,2011.0,Mobile
gt 555m,2024.0,144.0,28.8,1250.0,35.0,1.0,40.0,238.0,180000.0,6040.268456375839,5000.0,0.00418410041841,0.6931471805599453,3.3314383390085567,-2.6382911584486117,gt 555m,gt 555m,688.0,124.0,177.2,3.88,30.0,22.92,2011.0,Mobile
gt 555m,2024.0,144.0,28.8,1250.0,35.0,1.0,40.0,238.0,180000.0,6040.268456375839,5000.0,0.00418410041841,0.6931471805599453,3.3314383390085567,-2.6382911584486117,gt 555m,gt 555m,688.0,124.0,177.2,3.88,30.0,22.92,2011.0,Mobile
gt 555m 3 gb,2024.0,144.0,43.2,1250.0,35.0,1.0,40.0,238.0,180000.0,4072.3981900452486,5000.0,0.00418410041841,0.6931471805599453,3.3314383390085567,-2.6382911584486117,gt 555m,gt 555m,688.0,124.0,177.2,3.88,30.0,22.92,2011.0,Mobile
gts 450 rev 2,2024.0,192.0,57.73,1250.0,106.0,1.0,40.0,238.0,240000.0,4086.497531074409,2242.990654205608,0.00418410041841,0.6931471805599453,3.3314383390085567,-2.6382911584486117,gts 450,gts 450,1321.0,303.0,79.99,16.52,106.0,12.47,2012.0,Desktop
gtx 460 v2,2024.0,336.0,96.19,1250.0,160.0,1.0,40.0,332.0,420000.0,4321.432246115855,2608.695652173913,0.003003003003003,0.6931471805599453,3.3314383390085567,-2.6382911584486117,gtx 460 v2,gtx 460 v2,2005.0,459.0,199.99,10.02,160.0,12.53,2011.0,Desktop
gtx 460 v2 es,2024.0,336.0,128.3,1250.0,160.0,1.0,40.0,332.0,420000.0,3248.2598607888626,2608.695652173913,0.003003003003003,0.6931471805599453,3.3314383390085567,-2.6382911584486117,gtx 460 v2,gtx 460 v2,2005.0,459.0,199.99,10.02,160.0,12.53,2011.0,Desktop
gtx 460 x2,2024.0,336.0,115.2,1250.0,160.0,1.0,40.0,332.0,420000.0,3614.457831325301,2608.695652173913,0.003003003003003,0.6931471805599453,3.3314383390085567,-2.6382911584486117,gtx 460 v2,gtx 460 v2,2005.0,459.0,199.99,10.02,160.0,12.53,2011.0,Desktop
gtx 485m,2024.0,384.0,96.0,1250.0,100.0,1.0,40.0,332.0,480000.0,4948.453608247422,4752.475247524752,0.003003003003003,0.6931471805599453,3.3314383390085567,-2.6382911584486117,gtx 485m,gtx 485m,2360.0,479.0,,,100.0,23.6,2011.0,Mobile
gtx 550 ti,2024.0,192.0,98.5,1250.0,116.0,1.0,40.0,238.0,240000.0,2412.0603015075376,2051.2820512820517,0.00418410041841,0.6931471805599453,3.3314383390085567,-2.6382911584486117,gtx 550 ti,gtx 550 ti,1557.0,363.0,99.99,15.57,116.0,13.42,2012.0,Desktop
gtx 555 oem,2024.0,288.0,91.87,1250.0,150.0,1.0,40.0,332.0,360000.0,3876.386346505868,2384.1059602649007,0.003003003003003,0.6931471805599453,3.3314383390085567,-2.6382911584486117,gtx 555,gtx 555,1807.0,485.0,,,150.0,12.05,2012.0,Desktop
gtx 560,2024.0,336.0,128.0,1250.0,150.0,1.0,40.0,332.0,420000.0,3255.813953488372,2781.456953642384,0.003003003003003,0.6931471805599453,3.3314383390085567,-2.6382911584486117,gtx 560,gtx 560,2711.0,418.0,205.0,13.23,150.0,18.08,2012.0,Desktop
gtx 560 oem,2024.0,384.0,128.3,1250.0,150.0,3.0,40.0,520.0,480000.0,3712.2969837587,3178.807947019868,0.0057581573896353,1.3862943611198906,3.3314383390085567,-1.945143977888666,gtx 560 se,gtx 560 se,2087.0,413.0,89.99,23.19,150.0,13.91,2012.0,Desktop
gtx 560 ti,2024.0,384.0,128.3,1250.0,170.0,1.0,40.0,332.0,480000.0,3712.2969837587,2807.0175438596493,0.003003003003003,0.6931471805599453,3.3314383390085567,-2.6382911584486117,gtx 560 ti,gtx 560 ti,3056.0,416.0,129.99,23.51,170.0,17.98,2012.0,Desktop
gtx 560 ti 448,2024.0,448.0,152.0,1250.0,210.0,3.0,40.0,520.0,560000.0,3660.130718954249,2654.0284360189576,0.0057581573896353,1.3862943611198906,3.3314383390085567,-1.945143977888666,gtx 560 ti,gtx 560 ti,3056.0,416.0,129.99,23.51,170.0,17.98,2012.0,Desktop
gtx 560 ti oem,2024.0,384.0,128.3,1250.0,170.0,1.0,40.0,332.0,480000.0,3712.2969837587,2807.0175438596493,0.003003003003003,0.6931471805599453,3.3314383390085567,-2.6382911584486117,gtx 760 ti oem,gtx 760 ti oem,5427.0,694.0,,,,,2019.0,Unknown
gtx 560 ti oem,2024.0,352.0,121.6,1250.0,210.0,3.0,40.0,520.0,440000.0,3588.9070146818926,2085.308056872038,0.0057581573896353,1.3862943611198906,3.3314383390085567,-1.945143977888666,gtx 760 ti oem,gtx 760 ti oem,5427.0,694.0,,,,,2019.0,Unknown
gtx 560 ti x2,2024.0,384.0,128.3,1250.0,170.0,1.0,40.0,332.0,480000.0,3712.2969837587,2807.0175438596493,0.003003003003003,0.6931471805599453,3.3314383390085567,-2.6382911584486117,gtx 560 ti,gtx 560 ti,3056.0,416.0,129.99,23.51,170.0,17.98,2012.0,Desktop
gtx 560m,2024.0,192.0,60.0,1250.0,75.0,1.0,40.0,238.0,240000.0,3934.4262295081967,3157.894736842105,0.00418410041841,0.6931471805599453,3.3314383390085567,-2.6382911584486117,gtx 560m,gtx 560m,1266.0,243.0,,,75.0,16.88,2011.0,Mobile
gtx 570m,2024.0,336.0,72.0,1250.0,75.0,1.0,40.0,332.0,420000.0,5753.424657534247,5526.315789473684,0.003003003003003,0.6931471805599453,3.3314383390085567,-2.6382911584486117,gtx 570m,gtx 570m,1910.0,350.0,,,75.0,25.46,2011.0,Mobile
gtx 580 rev 2,2024.0,512.0,192.4,1250.0,244.0,3.0,40.0,520.0,640000.0,3309.203722854188,2612.244897959184,0.0057581573896353,1.3862943611198906,3.3314383390085567,-1.945143977888666,gtx 580,gtx 580,4538.0,456.0,139.92,32.43,244.0,18.6,2012.0,Desktop
gtx 580m,2024.0,384.0,96.0,1250.0,100.0,1.0,40.0,332.0,480000.0,4948.453608247422,4752.475247524752,0.003003003003003,0.6931471805599453,3.3314383390085567,-2.6382911584486117,gtx 580m,gtx 580m,2373.0,455.0,248.68,9.54,100.0,23.73,2011.0,Mobile
gtx 590,2024.0,512.0,164.0,1250.0,365.0,3.0,40.0,520.0,640000.0,3878.787878787879,1748.6338797814208,0.0057581573896353,1.3862943611198906,3.3314383390085567,-1.945143977888666,gtx 590,gtx 590,3307.0,470.0,435.0,7.6,365.0,9.06,2011.0,Desktop
nvs 300,2024.0,16.0,12.64,1250.0,18.0,260.0,40.0,57.0,20000.0,1466.275659824047,1052.6315789473683,4.482758620689655,5.564520407322694,3.3314383390085567,2.233082068314137,nvs 300,nvs 300,114.0,60.0,62.97,1.81,17.5,6.5,2011.0,Workstation
nvs 4200m,2024.0,48.0,12.8,1250.0,25.0,292.0,40.0,79.0,60000.0,4347.826086956521,2307.692307692308,3.65,5.680172609017068,3.3314383390085567,2.348734270008511,nvs 4200m,nvs 4200m,257.0,75.0,399.0,0.64,,,2012.0,Workstation
quadro 1000m,2024.0,96.0,28.8,1250.0,45.0,585.0,40.0,116.0,120000.0,4026.845637583892,2608.695652173913,5.0,6.373319789577012,3.3314383390085567,3.0418814505684555,quadro 1000m,quadro 1000m,599.0,201.0,54.5,10.99,45.0,13.31,2012.0,Workstation
quadro 2000d,2024.0,192.0,41.6,1250.0,62.0,1.0,40.0,238.0,240000.0,5633.802816901408,3809.5238095238096,0.00418410041841,0.6931471805599453,3.3314383390085567,-2.6382911584486117,quadro 2000d,quadro 2000d,989.0,324.0,140.0,7.06,,,2011.0,Unknown
quadro 2000m,2024.0,192.0,28.8,1250.0,55.0,1.0,40.0,238.0,240000.0,8053.691275167785,4285.714285714285,0.00418410041841,0.6931471805599453,3.3314383390085567,-2.6382911584486117,quadro 2000m,quadro 2000m,773.0,249.0,229.74,3.37,55.0,14.06,2012.0,Workstation
quadro 3000m,2024.0,240.0,80.0,1250.0,75.0,1.0,40.0,332.0,300000.0,3703.703703703704,3947.368421052632,0.003003003003003,0.6931471805599453,3.3314383390085567,-2.6382911584486117,quadro 3000m,quadro 3000m,1024.0,323.0,69.99,14.63,75.0,13.65,2011.0,Workstation
quadro 3000m x2,2024.0,240.0,80.0,1250.0,150.0,1.0,40.0,332.0,300000.0,3703.703703703704,1986.754966887417,0.003003003003003,0.6931471805599453,3.3314383390085567,-2.6382911584486117,quadro 3000m,quadro 3000m,1024.0,323.0,69.99,14.63,75.0,13.65,2011.0,Workstation
quadro 400,2024.0,48.0,12.32,1250.0,32.0,486.0,40.0,100.0,60000.0,4504.504504504504,1818.1818181818185,4.811881188118812,6.18826412308259,3.3314383390085567,2.856825784074033,quadro 400,quadro 400,146.0,67.0,211.0,0.69,32.0,4.57,2011.0,Workstation
quadro 4000 mac edition,2024.0,256.0,89.86,1250.0,142.0,3.0,40.0,529.0,320000.0,3521.901826986573,2237.762237762238,0.0056603773584905,1.3862943611198906,3.3314383390085567,-1.945143977888666,quadro 4000m,quadro 4000m,1307.0,256.0,232.06,5.63,100.0,13.07,2011.0,Workstation
quadro 4000m,2024.0,336.0,80.0,1250.0,100.0,1.0,40.0,332.0,420000.0,5185.185185185185,4158.415841584158,0.003003003003003,0.6931471805599453,3.3314383390085567,-2.6382911584486117,quadro 4000m,quadro 4000m,1307.0,256.0,232.06,5.63,100.0,13.07,2011.0,Workstation
quadro 5000,2024.0,352.0,120.0,1250.0,152.0,3.0,40.0,529.0,440000.0,3636.363636363637,2875.8169934640523,0.0056603773584905,1.3862943611198906,3.3314383390085567,-1.945143977888666,quadro 5000,quadro 5000,1982.0,376.0,2368.9,0.84,152.0,13.04,2010.0,Workstation
quadro 5000 sdi,2024.0,352.0,120.0,1250.0,172.0,3.0,40.0,529.0,440000.0,3636.363636363637,2543.3526011560693,0.0056603773584905,1.3862943611198906,3.3314383390085567,-1.945143977888666,quadro 2000 d,quadro 2000 d,1239.0,594.0,,,,,2011.0,Unknown
quadro 500m,2024.0,96.0,25.6,1250.0,35.0,585.0,40.0,116.0,120000.0,4511.278195488721,3333.333333333333,5.0,6.373319789577012,3.3314383390085567,3.0418814505684555,quadro 500m,quadro 500m,664.0,588.0,275.14,2.41,35.0,18.97,2013.0,Workstation
quadro 5010m,2024.0,384.0,83.2,1250.0,100.0,3.0,40.0,520.0,480000.0,5700.712589073634,4752.475247524752,0.0057581573896353,1.3862943611198906,3.3314383390085567,-1.945143977888666,quadro 5010m,quadro 5010m,1891.0,366.0,235.95,8.02,100.0,18.91,2011.0,Workstation
quadro 6000 sdi,2024.0,448.0,143.4,1250.0,231.0,3.0,40.0,529.0,560000.0,3878.1163434903046,2413.793103448276,0.0056603773584905,1.3862943611198906,3.3314383390085567,-1.945143977888666,quadro 2000 d,quadro 2000 d,1239.0,594.0,,,,,2011.0,Unknown
quadro plex 7000,2024.0,512.0,144.0,1250.0,600.0,3.0,40.0,520.0,640000.0,4413.793103448276,1064.891846921797,0.0057581573896353,1.3862943611198906,3.3314383390085567,-1.945143977888666,quadro 7000,quadro 7000,3505.0,397.0,,,204.0,17.18,2011.0,Workstation
tegra 3 gpu,2024.0,480.0,5.336,520.0,20.0,10.0,40.0,80.0,249600.0,39393.93939393939,11885.714285714286,0.1234567901234567,2.3978952727983707,3.3314383390085567,-0.933543066210186,2 integrated gpu,2 integrated gpu,4.0,171.0,,,,,2009.0,Unknown
tesla c2050,2024.0,448.0,144.0,1250.0,238.0,3.0,40.0,529.0,560000.0,3862.0689655172414,2343.0962343096235,0.0056603773584905,1.3862943611198906,3.3314383390085567,-1.945143977888666,tesla c2050,tesla c2050,3515.0,493.0,269.99,13.02,,,2010.0,Unknown
tesla c2070,2024.0,448.0,143.4,1250.0,238.0,3.0,40.0,529.0,560000.0,3878.1163434903046,2343.0962343096235,0.0056603773584905,1.3862943611198906,3.3314383390085567,-1.945143977888666,tesla c2070,tesla c2070,3101.0,494.0,604.0,5.13,247.0,12.56,2011.0,Workstation
tesla c2075,2024.0,448.0,150.3,1250.0,247.0,3.0,40.0,520.0,560000.0,3701.255783212161,2258.064516129032,0.0057581573896353,1.3862943611198906,3.3314383390085567,-1.945143977888666,tesla c2075,tesla c2075,3118.0,589.0,646.0,4.83,,,2012.0,Unknown
tesla c2090,2024.0,512.0,177.4,1250.0,250.0,3.0,40.0,520.0,640000.0,3587.4439461883408,2549.800796812749,0.0057581573896353,1.3862943611198906,3.3314383390085567,-1.945143977888666,tesla c2070,tesla c2070,3101.0,494.0,604.0,5.13,247.0,12.56,2011.0,Workstation
tesla m2050,2024.0,448.0,148.4,1250.0,225.0,3.0,40.0,529.0,560000.0,3748.326639892905,2477.8761061946902,0.0056603773584905,1.3862943611198906,3.3314383390085567,-1.945143977888666,tesla c2050,tesla c2050,3515.0,493.0,269.99,13.02,,,2010.0,Unknown
tesla m2070,2024.0,448.0,150.3,1250.0,225.0,3.0,40.0,529.0,560000.0,3701.255783212161,2477.8761061946902,0.0056603773584905,1.3862943611198906,3.3314383390085567,-1.945143977888666,tesla m2070 q,tesla m2070 q,1306.0,444.0,,,,,2014.0,Unknown
tesla m2070 q,2024.0,448.0,150.3,1250.0,225.0,3.0,40.0,529.0,560000.0,3701.255783212161,2477.8761061946902,0.0056603773584905,1.3862943611198906,3.3314383390085567,-1.945143977888666,tesla m2070 q,tesla m2070 q,1306.0,444.0,,,,,2014.0,Unknown
tesla m2075,2024.0,448.0,150.3,1250.0,225.0,3.0,40.0,520.0,560000.0,3701.255783212161,2477.8761061946902,0.0057581573896353,1.3862943611198906,3.3314383390085567,-1.945143977888666,tesla c2075,tesla c2075,3118.0,589.0,646.0,4.83,,,2012.0,Unknown
tesla m2090,2024.0,512.0,177.4,1250.0,250.0,3.0,40.0,520.0,640000.0,3587.4439461883408,2549.800796812749,0.0057581573896353,1.3862943611198906,3.3314383390085567,-1.945143977888666,tesla m2070 q,tesla m2070 q,1306.0,444.0,,,,,2014.0,Unknown
tesla s2050,2024.0,448.0,148.4,1250.0,900.0,3.0,40.0,529.0,560000.0,3748.326639892905,621.5316315205328,0.0056603773584905,1.3862943611198906,3.3314383390085567,-1.945143977888666,tesla c2050,tesla c2050,3515.0,493.0,269.99,13.02,,,2010.0,Unknown
tesla x2070,2024.0,448.0,177.4,1250.0,225.0,3.0,40.0,529.0,560000.0,3139.013452914798,2477.8761061946902,0.0056603773584905,1.3862943611198906,3.3314383390085567,-1.945143977888666,tesla c2070,tesla c2070,3101.0,494.0,604.0,5.13,247.0,12.56,2011.0,Workstation
tesla x2090,2024.0,512.0,177.4,1250.0,225.0,3.0,40.0,520.0,640000.0,3587.4439461883408,2831.858407079646,0.0057581573896353,1.3862943611198906,3.3314383390085567,-1.945143977888666,tesla c2070,tesla c2070,3101.0,494.0,604.0,5.13,247.0,12.56,2011.0,Workstation
605 oem,2024.0,48.0,14.35,1250.0,25.0,292.0,40.0,79.0,60000.0,3908.794788273616,2307.692307692308,3.65,5.680172609017068,3.3314383390085567,2.348734270008511,605,605,305.0,179.0,136.83,2.23,,,2012.0,Unknown
615 oem,2024.0,48.0,28.8,1250.0,49.0,585.0,40.0,116.0,60000.0,2013.4228187919464,1200.0,5.0,6.373319789577012,3.3314383390085567,3.0418814505684555,6150 le,6150 le,33.0,30.0,,,,,2012.0,Unknown
620m,2024.0,96.0,14.4,1250.0,15.0,585.0,28.0,116.0,120000.0,7792.207792207792,7500.0,5.0,6.373319789577012,3.3314383390085567,3.0418814505684555,620,620,840.0,202.0,,,,,2020.0,Unknown
9400 gt rev 3,2024.0,16.0,9.6,1250.0,50.0,260.0,40.0,57.0,20000.0,1886.7924528301887,392.15686274509807,4.482758620689655,5.564520407322694,3.3314383390085567,2.233082068314137,9400 gt,9400 gt,105.0,60.0,159.99,0.66,50.0,2.11,2010.0,Desktop
gt 520 oem,2024.0,48.0,8.0,1250.0,29.0,292.0,40.0,79.0,60000.0,6666.666666666667,2000.0,3.65,5.680172609017068,3.3314383390085567,2.348734270008511,gt 520m,gt 520m,288.0,74.0,29.95,9.62,12.0,24.01,2012.0,Mobile
gt 520 oem,2024.0,48.0,10.67,1250.0,29.0,585.0,40.0,116.0,60000.0,5141.388174807198,2000.0,5.0,6.373319789577012,3.3314383390085567,3.0418814505684555,gt 520m,gt 520m,288.0,74.0,29.95,9.62,12.0,24.01,2012.0,Mobile
gt 550m,2024.0,144.0,28.8,1250.0,35.0,1.0,40.0,238.0,180000.0,6040.268456375839,5000.0,0.00418410041841,0.6931471805599453,3.3314383390085567,-2.6382911584486117,gt 550m,gt 550m,580.0,126.0,,,32.0,18.14,2011.0,Mobile
gt 555m 2 gb,2024.0,144.0,28.8,1250.0,35.0,1.0,40.0,238.0,180000.0,6040.268456375839,5000.0,0.00418410041841,0.6931471805599453,3.3314383390085567,-2.6382911584486117,gt 555m,gt 555m,688.0,124.0,177.2,3.88,30.0,22.92,2011.0,Mobile
gt 555m 3 gb,2024.0,144.0,43.2,1250.0,35.0,1.0,40.0,238.0,180000.0,4072.3981900452486,5000.0,0.00418410041841,0.6931471805599453,3.3314383390085567,-2.6382911584486117,gt 555m,gt 555m,688.0,124.0,177.2,3.88,30.0,22.92,2011.0,Mobile
gt 610,2024.0,48.0,14.37,1250.0,29.0,292.0,40.0,79.0,60000.0,3903.7085230969424,2000.0,3.65,5.680172609017068,3.3314383390085567,2.348734270008511,gt 610,gt 610,303.0,127.0,139.99,2.16,29.0,10.44,2012.0,Desktop
gt 610 oem,2024.0,48.0,8.0,1250.0,29.0,292.0,40.0,79.0,60000.0,6666.666666666667,2000.0,3.65,5.680172609017068,3.3314383390085567,2.348734270008511,gtx 760 ti oem,gtx 760 ti oem,5427.0,694.0,,,,,2019.0,Unknown
gt 610 pci,2024.0,48.0,10.67,1250.0,29.0,292.0,40.0,79.0,60000.0,5141.388174807198,2000.0,3.65,5.680172609017068,3.3314383390085567,2.348734270008511,gt 610,gt 610,303.0,127.0,139.99,2.16,29.0,10.44,2012.0,Desktop
gt 610 pcie x1,2024.0,48.0,8.0,1250.0,29.0,292.0,40.0,79.0,60000.0,6666.666666666667,2000.0,3.65,5.680172609017068,3.3314383390085567,2.348734270008511,matrox c680 pcie x16,matrox c680 pcie x16,1904.0,700.0,,,,,2014.0,Unknown
gt 620,2024.0,96.0,14.4,1250.0,49.0,585.0,40.0,116.0,120000.0,7792.207792207792,2400.0,5.0,6.373319789577012,3.3314383390085567,3.0418814505684555,gt 620,gt 620,365.0,162.0,154.0,2.37,30.0,12.16,2012.0,Desktop
gt 620 oem,2024.0,48.0,14.37,1250.0,30.0,292.0,40.0,79.0,60000.0,3903.7085230969424,1935.483870967742,3.65,5.680172609017068,3.3314383390085567,2.348734270008511,gt 620m,gt 620m,431.0,129.0,,,15.0,28.73,2012.0,Mobile
gt 620m,2024.0,96.0,14.4,1250.0,15.0,585.0,28.0,116.0,120000.0,7792.207792207792,7500.0,5.0,6.373319789577012,3.3314383390085567,3.0418814505684555,gt 620m,gt 620m,431.0,129.0,,,15.0,28.73,2012.0,Mobile
gt 620m,2024.0,96.0,28.8,1250.0,15.0,585.0,40.0,116.0,120000.0,4026.845637583892,7500.0,5.0,6.373319789577012,3.3314383390085567,3.0418814505684555,gt 620m,gt 620m,431.0,129.0,,,15.0,28.73,2012.0,Mobile
gt 625m,2024.0,96.0,12.8,1250.0,15.0,585.0,28.0,116.0,120000.0,8695.652173913042,7500.0,5.0,6.373319789577012,3.3314383390085567,3.0418814505684555,gt 625m,gt 625m,435.0,210.0,,,15.0,29.01,2013.0,Mobile
gt 630,2024.0,96.0,28.8,1250.0,65.0,585.0,40.0,116.0,120000.0,4026.845637583892,1818.1818181818185,5.0,6.373319789577012,3.3314383390085567,3.0418814505684555,gt 630,gt 630,683.0,208.0,147.01,4.65,50.0,13.67,2012.0,Desktop
gt 630 oem,2024.0,192.0,28.51,1250.0,50.0,1.0,28.0,118.0,240000.0,8132.836326668926,4705.882352941177,0.0084033613445378,0.6931471805599453,3.3314383390085567,-2.6382911584486117,gt 630m,gt 630m,549.0,151.0,,,33.0,16.65,2012.0,Mobile
gt 630m,2024.0,96.0,64.0,1250.0,33.0,585.0,28.0,116.0,120000.0,1846.1538461538464,3529.4117647058824,5.0,6.373319789577012,3.3314383390085567,3.0418814505684555,gt 630m,gt 630m,549.0,151.0,,,33.0,16.65,2012.0,Mobile
gt 630m,2024.0,96.0,14.4,1250.0,33.0,585.0,40.0,116.0,120000.0,7792.207792207792,3529.4117647058824,5.0,6.373319789577012,3.3314383390085567,3.0418814505684555,gt 630m,gt 630m,549.0,151.0,,,33.0,16.65,2012.0,Mobile
gt 630m,2024.0,96.0,14.4,1250.0,33.0,585.0,40.0,116.0,120000.0,7792.207792207792,3529.4117647058824,5.0,6.373319789577012,3.3314383390085567,3.0418814505684555,gt 630m,gt 630m,549.0,151.0,,,33.0,16.65,2012.0,Mobile
gt 635m,2024.0,144.0,28.8,1250.0,35.0,1.0,40.0,238.0,180000.0,6040.268456375839,5000.0,0.00418410041841,0.6931471805599453,3.3314383390085567,-2.6382911584486117,gt 635m,gt 635m,563.0,173.0,,,35.0,16.1,2012.0,Mobile
gt 635m,2024.0,144.0,28.8,1250.0,35.0,1.0,40.0,238.0,180000.0,6040.268456375839,5000.0,0.00418410041841,0.6931471805599453,3.3314383390085567,-2.6382911584486117,gt 635m,gt 635m,563.0,173.0,,,35.0,16.1,2012.0,Mobile
gt 635m,2024.0,96.0,28.8,1250.0,35.0,585.0,40.0,116.0,120000.0,4026.845637583892,3333.333333333333,5.0,6.373319789577012,3.3314383390085567,3.0418814505684555,gt 635m,gt 635m,563.0,173.0,,,35.0,16.1,2012.0,Mobile
gt 635m,2024.0,96.0,28.8,1250.0,33.0,585.0,40.0,116.0,120000.0,4026.845637583892,3529.4117647058824,5.0,6.373319789577012,3.3314383390085567,3.0418814505684555,gt 635m,gt 635m,563.0,173.0,,,35.0,16.1,2012.0,Mobile
gt 640,2024.0,384.0,28.51,1250.0,65.0,1.0,28.0,118.0,480000.0,16265.672653337851,7272.727272727273,0.0084033613445378,0.6931471805599453,3.3314383390085567,-2.6382911584486117,gt 640,gt 640,1182.0,285.0,109.99,10.74,65.0,18.18,2011.0,Desktop
gt 640 oem,2024.0,384.0,28.51,1250.0,50.0,1.0,28.0,118.0,480000.0,16265.672653337851,9411.764705882351,0.0084033613445378,0.6931471805599453,3.3314383390085567,-2.6382911584486117,gt 640m,gt 640m,907.0,183.0,,,32.0,28.33,2012.0,Mobile
gt 640 oem rebrand,2024.0,144.0,38.4,1250.0,75.0,1.0,40.0,238.0,180000.0,4568.527918781726,2368.4210526315787,0.00418410041841,0.6931471805599453,3.3314383390085567,-2.6382911584486117,gt 640m le,gt 640m le,673.0,166.0,849.99,0.79,32.0,21.03,2012.0,Mobile
gt 640m,2024.0,384.0,28.8,709.0,32.0,1.0,28.0,118.0,272256.0,9136.107382550335,8250.181818181818,0.0084033613445378,0.6931471805599453,3.3314383390085567,-2.6382911584486117,gt 640m,gt 640m,907.0,183.0,,,32.0,28.33,2012.0,Mobile
gt 640m le,2024.0,384.0,28.8,570.0,20.0,1.0,28.0,118.0,218880.0,7344.96644295302,10422.857142857143,0.0084033613445378,0.6931471805599453,3.3314383390085567,-2.6382911584486117,gt 640m le,gt 640m le,673.0,166.0,849.99,0.79,32.0,21.03,2012.0,Mobile
gt 640m le,2024.0,96.0,50.24,1250.0,32.0,585.0,40.0,116.0,120000.0,2341.92037470726,3636.363636363637,5.0,6.373319789577012,3.3314383390085567,3.0418814505684555,gt 640m le,gt 640m le,673.0,166.0,849.99,0.79,32.0,21.03,2012.0,Mobile
gt 645 oem,2024.0,288.0,91.87,1250.0,102.0,1.0,40.0,332.0,360000.0,3876.386346505868,3495.145631067961,0.003003003003003,0.6931471805599453,3.3314383390085567,-2.6382911584486117,gt 645m,gt 645m,958.0,170.0,,,32.0,29.95,2013.0,Mobile
gt 645m,2024.0,384.0,28.8,780.0,32.0,1.0,28.0,118.0,299520.0,10051.006711409396,9076.363636363636,0.0084033613445378,0.6931471805599453,3.3314383390085567,-2.6382911584486117,gt 645m,gt 645m,958.0,170.0,,,32.0,29.95,2013.0,Mobile
gt 650m,2024.0,384.0,28.8,950.0,45.0,1.0,28.0,118.0,364800.0,12241.610738255033,7930.434782608696,0.0084033613445378,0.6931471805599453,3.3314383390085567,-2.6382911584486117,gt 650m,gt 650m,1199.0,233.0,,,45.0,26.64,2012.0,Mobile
gt 650m mac edition,2024.0,384.0,80.26,900.0,45.0,1.0,28.0,118.0,345600.0,4253.015013536795,7513.04347826087,0.0084033613445378,0.6931471805599453,3.3314383390085567,-2.6382911584486117,gtx 680m ky bullet edition,gtx 680m ky bullet edition,3569.0,581.0,,,,,2017.0,Unknown
gts 450 rev 3,2024.0,144.0,22.4,1250.0,106.0,1.0,40.0,238.0,180000.0,7692.307692307692,1682.2429906542056,0.00418410041841,0.6931471805599453,3.3314383390085567,-2.6382911584486117,gts 450,gts 450,1321.0,303.0,79.99,16.52,106.0,12.47,2012.0,Desktop
gtx 560 se,2024.0,288.0,91.87,1250.0,150.0,1.0,40.0,332.0,360000.0,3876.386346505868,2384.1059602649007,0.003003003003003,0.6931471805599453,3.3314383390085567,-2.6382911584486117,gtx 560 se,gtx 560 se,2087.0,413.0,89.99,23.19,150.0,13.91,2012.0,Desktop
gtx 650,2024.0,384.0,80.0,1250.0,65.0,1.0,28.0,118.0,480000.0,5925.925925925926,7272.727272727273,0.0084033613445378,0.6931471805599453,3.3314383390085567,-2.6382911584486117,gtx 650,gtx 650,1769.0,346.0,109.98,16.08,64.0,27.63,2012.0,Desktop
gtx 650 ti,2024.0,768.0,86.4,1250.0,110.0,2.0,28.0,221.0,960000.0,10983.981693363845,8648.648648648648,0.009009009009009,1.0986122886681098,3.3314383390085567,-2.2328260503404467,gtx 650 ti,gtx 650 ti,2527.0,400.0,93.05,27.16,110.0,22.98,2012.0,Desktop
gtx 660,2024.0,960.0,144.2,1032.0,140.0,2.0,28.0,221.0,990720.0,6823.1404958677695,7026.382978723404,0.009009009009009,1.0986122886681098,3.3314383390085567,-2.2328260503404467,gtx 660,gtx 660,4004.0,476.0,167.95,23.84,140.0,28.6,2012.0,Desktop
gtx 660 oem,2024.0,1152.0,179.2,888.0,130.0,3.0,28.0,294.0,1022976.0,5676.892341842397,7808.977099236641,0.0101694915254237,1.3862943611198906,3.3314383390085567,-1.945143977888666,gtx 660m,gtx 660m,1414.0,271.0,78.99,17.91,50.0,28.29,2012.0,Mobile
gtx 660 oem,2024.0,1152.0,134.4,888.0,130.0,3.0,28.0,294.0,1022976.0,7555.214180206794,7808.977099236641,0.0101694915254237,1.3862943611198906,3.3314383390085567,-1.945143977888666,gtx 660m,gtx 660m,1414.0,271.0,78.99,17.91,50.0,28.29,2012.0,Mobile
gtx 660 ti,2024.0,1344.0,144.2,980.0,150.0,3.0,28.0,294.0,1317120.0,9071.07438016529,8722.649006622516,0.0101694915254237,1.3862943611198906,3.3314383390085567,-1.945143977888666,gtx 660 ti,gtx 660 ti,4367.0,449.0,144.0,30.33,150.0,29.11,2012.0,Desktop
gtx 660m,2024.0,384.0,80.0,950.0,50.0,1.0,28.0,118.0,364800.0,4503.703703703704,7152.941176470588,0.0084033613445378,0.6931471805599453,3.3314383390085567,-2.6382911584486117,gtx 660m,gtx 660m,1414.0,271.0,78.99,17.91,50.0,28.29,2012.0,Mobile
gtx 670,2024.0,1344.0,192.3,980.0,170.0,3.0,28.0,294.0,1317120.0,6813.86445938955,7702.456140350877,0.0101694915254237,1.3862943611198906,3.3314383390085567,-1.945143977888666,gtx 670,gtx 670,5304.0,523.0,193.98,27.34,170.0,31.2,2012.0,Desktop
gtx 670m,2024.0,336.0,72.0,1250.0,75.0,1.0,40.0,332.0,420000.0,5753.424657534247,5526.315789473684,0.003003003003003,0.6931471805599453,3.3314383390085567,-2.6382911584486117,gtx 670m,gtx 670m,1775.0,321.0,,,75.0,23.67,2012.0,Mobile
gtx 670mx,2024.0,960.0,67.2,601.0,75.0,3.0,28.0,294.0,576960.0,8459.824046920821,7591.578947368421,0.0101694915254237,1.3862943611198906,3.3314383390085567,-1.945143977888666,gtx 670mx,gtx 670mx,1906.0,335.0,,,75.0,25.41,2012.0,Mobile
gtx 675m,2024.0,384.0,96.0,1250.0,100.0,1.0,40.0,332.0,480000.0,4948.453608247422,4752.475247524752,0.003003003003003,0.6931471805599453,3.3314383390085567,-2.6382911584486117,gtx 675m,gtx 675m,1934.0,326.0,,,100.0,19.34,2012.0,Mobile
gtx 675mx,2024.0,960.0,115.2,1250.0,100.0,3.0,28.0,294.0,1200000.0,10327.022375215149,11881.18811881188,0.0101694915254237,1.3862943611198906,3.3314383390085567,-1.945143977888666,gtx 675mx,gtx 675mx,2338.0,377.0,,,100.0,23.38,2013.0,Mobile
gtx 680,2024.0,1536.0,192.3,1058.0,195.0,3.0,28.0,294.0,1625088.0,8407.07708225556,8291.265306122448,0.0101694915254237,1.3862943611198906,3.3314383390085567,-1.945143977888666,gtx 680,gtx 680,5535.0,528.0,399.0,13.87,195.0,28.38,2012.0,Desktop
gtx 680m,2024.0,1344.0,115.2,758.0,100.0,3.0,28.0,294.0,1018752.0,8767.22891566265,10086.653465346537,0.0101694915254237,1.3862943611198906,3.3314383390085567,-1.945143977888666,gtx 680m,gtx 680m,3077.0,348.0,135.99,22.62,100.0,30.77,2012.0,Mobile
gtx 680mx mac edition,2024.0,1536.0,160.0,719.0,122.0,3.0,28.0,294.0,1104384.0,6859.527950310559,8978.731707317073,0.0101694915254237,1.3862943611198906,3.3314383390085567,-1.945143977888666,gtx 680m ky bullet edition,gtx 680m ky bullet edition,3569.0,581.0,,,,,2017.0,Unknown
gtx 690,2024.0,1536.0,192.3,1019.0,300.0,3.0,28.0,294.0,1565184.0,8097.175375064666,5199.946843853821,0.0101694915254237,1.3862943611198906,3.3314383390085567,-1.945143977888666,gtx 690,gtx 690,5654.0,458.0,280.99,20.12,300.0,18.85,2012.0,Desktop
nvs 310,2024.0,48.0,14.0,1250.0,20.0,292.0,40.0,79.0,60000.0,4000.0,2857.1428571428573,3.65,5.680172609017068,3.3314383390085567,2.348734270008511,nvs 310,nvs 310,242.0,179.0,62.06,3.9,19.5,12.4,2012.0,Workstation
nvs 510,2024.0,192.0,28.51,1250.0,35.0,1.0,28.0,118.0,240000.0,8132.836326668926,6666.666666666667,0.0084033613445378,0.6931471805599453,3.3314383390085567,-2.6382911584486117,nvs 510,nvs 510,730.0,276.0,139.99,5.21,35.0,20.85,2012.0,Workstation
nvs 5200m,2024.0,96.0,25.12,1250.0,25.0,585.0,40.0,116.0,120000.0,4594.180704441042,4615.384615384615,5.0,6.373319789577012,3.3314383390085567,3.0418814505684555,nvs 5200m,nvs 5200m,534.0,193.0,,,35.0,15.25,2012.0,Workstation
nvs 5200m,2024.0,96.0,14.4,1250.0,25.0,585.0,28.0,116.0,120000.0,7792.207792207792,4615.384615384615,5.0,6.373319789577012,3.3314383390085567,3.0418814505684555,nvs 5200m,nvs 5200m,534.0,193.0,,,35.0,15.25,2012.0,Workstation
nvs 5400m,2024.0,96.0,28.8,1250.0,35.0,585.0,40.0,116.0,120000.0,4026.845637583892,3333.333333333333,5.0,6.373319789577012,3.3314383390085567,3.0418814505684555,nvs 5400m,nvs 5400m,635.0,184.0,,,35.0,18.13,2012.0,Workstation
quadro 410,2024.0,192.0,14.26,1250.0,38.0,1.0,28.0,118.0,240000.0,15727.391874180865,6153.846153846154,0.0084033613445378,0.6931471805599453,3.3314383390085567,-2.6382911584486117,quadro 410,quadro 410,436.0,218.0,129.0,3.38,38.0,11.47,2012.0,Workstation
quadro 7000,2024.0,512.0,163.4,1250.0,204.0,3.0,40.0,520.0,640000.0,3892.944038929441,3121.951219512195,0.0057581573896353,1.3862943611198906,3.3314383390085567,-1.945143977888666,quadro 7000,quadro 7000,3505.0,397.0,,,204.0,17.18,2011.0,Workstation
quadro k1000m,2024.0,192.0,28.8,1250.0,45.0,1.0,28.0,118.0,240000.0,8053.691275167785,5217.391304347826,0.0084033613445378,0.6931471805599453,3.3314383390085567,-2.6382911584486117,quadro k1000m,quadro k1000m,773.0,244.0,69.95,11.05,45.0,17.18,2012.0,Workstation
quadro k2000m,2024.0,384.0,28.8,745.0,55.0,1.0,28.0,118.0,286080.0,9600.0,5108.571428571428,0.0084033613445378,0.6931471805599453,3.3314383390085567,-2.6382911584486117,quadro k2000m,quadro k2000m,1027.0,256.0,144.04,7.13,55.0,18.67,2012.0,Workstation
quadro k2000m embedded,2024.0,384.0,57.6,1058.0,45.0,1.0,28.0,118.0,406272.0,6932.96928327645,8832.0,0.0084033613445378,0.6931471805599453,3.3314383390085567,-2.6382911584486117,quadro k2000m,quadro k2000m,1027.0,256.0,144.04,7.13,55.0,18.67,2012.0,Workstation
quadro k3000m,2024.0,576.0,89.6,654.0,75.0,3.0,28.0,294.0,376704.0,4157.880794701987,4956.631578947368,0.0101694915254237,1.3862943611198906,3.3314383390085567,-1.945143977888666,quadro k3000m,quadro k3000m,1626.0,360.0,407.56,3.99,75.0,21.68,2012.0,Workstation
quadro k4000m,2024.0,960.0,89.6,601.0,100.0,3.0,28.0,294.0,576960.0,6368.211920529801,5712.475247524752,0.0101694915254237,1.3862943611198906,3.3314383390085567,-1.945143977888666,quadro k4000m,quadro k4000m,1949.0,351.0,254.0,7.67,100.0,19.49,2012.0,Workstation
quadro k5000,2024.0,1536.0,172.8,706.0,122.0,3.0,28.0,294.0,1084416.0,6239.447640966628,8816.390243902439,0.0101694915254237,1.3862943611198906,3.3314383390085567,-1.945143977888666,quadro k5000,quadro k5000,3901.0,435.0,249.0,15.67,122.0,31.98,2012.0,Workstation
quadro k5000 mac edition,2024.0,1536.0,172.8,706.0,122.0,3.0,28.0,294.0,1084416.0,6239.447640966628,8816.390243902439,0.0101694915254237,1.3862943611198906,3.3314383390085567,-1.945143977888666,quadro k5000m,quadro k5000m,2754.0,363.0,508.91,5.41,100.0,27.54,2012.0,Workstation
quadro k5000m,2024.0,1344.0,96.0,601.0,100.0,3.0,28.0,294.0,807744.0,8327.257731958764,7997.465346534654,0.0101694915254237,1.3862943611198906,3.3314383390085567,-1.945143977888666,quadro k5000m,quadro k5000m,2754.0,363.0,508.91,5.41,100.0,27.54,2012.0,Workstation
quadro k500m,2024.0,192.0,12.8,709.0,35.0,1.0,28.0,118.0,136128.0,9864.347826086956,3781.3333333333335,0.0084033613445378,0.6931471805599453,3.3314383390085567,-2.6382911584486117,quadro k500m,quadro k500m,480.0,184.0,,,,,2020.0,Unknown
tesla k10,2024.0,1536.0,160.0,1250.0,225.0,3.0,28.0,294.0,1920000.0,11925.465838509315,8495.575221238938,0.0101694915254237,1.3862943611198906,3.3314383390085567,-1.945143977888666,tesla t10,tesla t10,13264.0,624.0,,,,,2020.0,Unknown
tesla k20c,2024.0,2496.0,208.0,1250.0,225.0,7.0,28.0,561.0,3120000.0,14928.22966507177,13805.309734513274,0.0124555160142348,2.079441541679836,3.3314383390085567,-1.251996797328721,tesla k20m,tesla k20m,5675.0,377.0,,,,,2022.0,Unknown
tesla k20x,2024.0,2688.0,249.6,1250.0,235.0,7.0,28.0,561.0,3360000.0,13407.82122905028,14237.28813559322,0.0124555160142348,2.079441541679836,3.3314383390085567,-1.251996797328721,tesla k20xm,tesla k20xm,5428.0,329.0,,,,,2022.0,Unknown
tesla k20xm,2024.0,2688.0,249.6,1250.0,235.0,7.0,28.0,561.0,3360000.0,13407.82122905028,14237.28813559322,0.0124555160142348,2.079441541679836,3.3314383390085567,-1.251996797328721,tesla k20xm,tesla k20xm,5428.0,329.0,,,,,2022.0,Unknown
505 oem,2024.0,24.0,22.4,1250.0,25.0,486.0,40.0,100.0,30000.0,1282.0512820512822,1153.8461538461538,4.811881188118812,6.18826412308259,3.3314383390085567,2.856825784074033,505,505,187.0,587.0,115.06,1.62,,,2013.0,Unknown
505 oem,2024.0,16.0,9.6,1250.0,25.0,260.0,40.0,57.0,20000.0,1886.7924528301887,769.2307692307693,4.482758620689655,5.564520407322694,3.3314383390085567,2.233082068314137,505,505,187.0,587.0,115.06,1.62,,,2013.0,Unknown
705a,2024.0,48.0,14.4,1250.0,15.0,292.0,40.0,79.0,60000.0,3896.103896103896,3750.0,3.65,5.680172609017068,3.3314383390085567,2.348734270008511,730a,730a,769.0,205.0,,,,,2015.0,Unknown
705m,2024.0,48.0,14.4,1250.0,15.0,585.0,28.0,116.0,60000.0,3896.103896103896,3750.0,5.0,6.373319789577012,3.3314383390085567,3.0418814505684555,705m,705m,456.0,455.0,,,,,2014.0,Unknown
710a,2024.0,96.0,14.4,1250.0,33.0,585.0,28.0,116.0,120000.0,7792.207792207792,3529.4117647058824,5.0,6.373319789577012,3.3314383390085567,3.0418814505684555,710a,710a,451.0,258.0,,,33.0,13.67,2014.0,Desktop
710m,2024.0,192.0,14.4,758.0,15.0,1.0,28.0,87.0,145536.0,9450.38961038961,9096.0,0.0113636363636363,0.6931471805599453,3.3314383390085567,-2.6382911584486117,710m,710m,450.0,116.0,,,12.0,37.48,2013.0,Mobile
710m,2024.0,96.0,14.4,1250.0,15.0,585.0,28.0,116.0,120000.0,7792.207792207792,7500.0,5.0,6.373319789577012,3.3314383390085567,3.0418814505684555,710m,710m,450.0,116.0,,,12.0,37.48,2013.0,Mobile
820m,2024.0,96.0,14.4,1250.0,15.0,585.0,28.0,116.0,120000.0,7792.207792207792,7500.0,5.0,6.373319789577012,3.3314383390085567,3.0418814505684555,820m,820m,511.0,111.0,,,15.0,34.04,2014.0,Mobile
gt 625 oem,2024.0,48.0,13.2,1250.0,29.0,292.0,40.0,79.0,60000.0,4225.352112676057,2000.0,3.65,5.680172609017068,3.3314383390085567,2.348734270008511,gt 625m,gt 625m,435.0,210.0,,,15.0,29.01,2013.0,Mobile
gt 630 rev 2,2024.0,384.0,14.4,1250.0,25.0,1.0,28.0,87.0,480000.0,31168.83116883117,18461.53846153846,0.0113636363636363,0.6931471805599453,3.3314383390085567,-2.6382911584486117,gtx 460 v2,gtx 460 v2,2005.0,459.0,199.99,10.02,160.0,12.53,2011.0,Desktop
gt 635 oem,2024.0,384.0,14.4,1250.0,35.0,1.0,28.0,87.0,480000.0,31168.83116883117,13333.333333333334,0.0113636363636363,0.6931471805599453,3.3314383390085567,-2.6382911584486117,gt 635m,gt 635m,563.0,173.0,,,35.0,16.1,2012.0,Mobile
gt 640 rev 2,2024.0,384.0,40.06,1250.0,49.0,1.0,28.0,87.0,480000.0,11690.209449585973,9600.0,0.0113636363636363,0.6931471805599453,3.3314383390085567,-2.6382911584486117,gtx 460 v2,gtx 460 v2,2005.0,459.0,199.99,10.02,160.0,12.53,2011.0,Desktop
gt 640m mac edition,2024.0,384.0,40.0,745.0,32.0,1.0,28.0,118.0,286080.0,6977.5609756097565,8669.09090909091,0.0084033613445378,0.6931471805599453,3.3314383390085567,-2.6382911584486117,gtx 680m ky bullet edition,gtx 680m ky bullet edition,3569.0,581.0,,,,,2017.0,Unknown
gt 710m,2024.0,96.0,14.4,1250.0,15.0,585.0,28.0,116.0,120000.0,7792.207792207792,7500.0,5.0,6.373319789577012,3.3314383390085567,3.0418814505684555,gt 710m,gt 710m,444.0,123.0,,,,,2014.0,Unknown
gt 720m,2024.0,192.0,12.8,758.0,33.0,1.0,28.0,87.0,145536.0,10546.086956521738,4280.470588235294,0.0113636363636363,0.6931471805599453,3.3314383390085567,-2.6382911584486117,gt 720m,gt 720m,467.0,116.0,,,,,2013.0,Mobile
gt 720m,2024.0,96.0,12.8,1250.0,33.0,585.0,28.0,116.0,120000.0,8695.652173913042,3529.4117647058824,5.0,6.373319789577012,3.3314383390085567,3.0418814505684555,gt 720m,gt 720m,467.0,116.0,,,,,2013.0,Mobile
gt 730m,2024.0,384.0,28.8,725.0,33.0,1.0,28.0,118.0,278400.0,9342.28187919463,8188.235294117647,0.0084033613445378,0.6931471805599453,3.3314383390085567,-2.6382911584486117,gt 730m,gt 730m,816.0,173.0,,,33.0,24.73,2013.0,Mobile
gt 735m,2024.0,384.0,14.4,628.0,33.0,1.0,28.0,87.0,241152.0,15659.22077922078,7092.705882352941,0.0113636363636363,0.6931471805599453,3.3314383390085567,-2.6382911584486117,gt 735m,gt 735m,594.0,131.0,,,,,2013.0,Mobile
gt 740a,2024.0,384.0,14.4,1033.0,33.0,1.0,28.0,87.0,396672.0,25757.92207792208,11666.823529411764,0.0113636363636363,0.6931471805599453,3.3314383390085567,-2.6382911584486117,gt 740a,gt 740a,702.0,393.0,,,,,2015.0,Unknown
gt 740m,2024.0,384.0,28.83,895.0,45.0,1.0,28.0,118.0,343680.0,11521.287294669795,7471.304347826087,0.0084033613445378,0.6931471805599453,3.3314383390085567,-2.6382911584486117,gt 740m,gt 740m,779.0,143.0,,,,,2013.0,Mobile
gt 740m,2024.0,384.0,14.4,1033.0,33.0,1.0,28.0,87.0,396672.0,25757.92207792208,11666.823529411764,0.0113636363636363,0.6931471805599453,3.3314383390085567,-2.6382911584486117,gt 740m,gt 740m,779.0,143.0,,,,,2013.0,Mobile
gt 745a,2024.0,384.0,28.8,915.0,33.0,1.0,28.0,118.0,351360.0,11790.604026845638,10334.117647058823,0.0084033613445378,0.6931471805599453,3.3314383390085567,-2.6382911584486117,gt 745a,gt 745a,1144.0,748.0,,,,,2013.0,Unknown
gt 745m,2024.0,384.0,64.0,1250.0,45.0,1.0,28.0,118.0,480000.0,7384.615384615385,10434.782608695652,0.0084033613445378,0.6931471805599453,3.3314383390085567,-2.6382911584486117,gt 745m,gt 745m,1055.0,172.0,,,45.0,23.45,2013.0,Mobile
gt 745m,2024.0,384.0,28.8,915.0,45.0,1.0,28.0,118.0,351360.0,11790.604026845638,7638.260869565217,0.0084033613445378,0.6931471805599453,3.3314383390085567,-2.6382911584486117,gt 745m,gt 745m,1055.0,172.0,,,45.0,23.45,2013.0,Mobile
gt 750m,2024.0,384.0,64.19,967.0,50.0,1.0,28.0,118.0,371328.0,5696.088357109987,7280.941176470588,0.0084033613445378,0.6931471805599453,3.3314383390085567,-2.6382911584486117,gt 750m,gt 750m,1313.0,239.0,,,50.0,26.27,2013.0,Mobile
gt 750m mac edition,2024.0,384.0,80.26,926.0,50.0,1.0,28.0,118.0,355584.0,4375.879891705636,6972.235294117647,0.0084033613445378,0.6931471805599453,3.3314383390085567,-2.6382911584486117,x1700 targa edition,x1700 targa edition,117.0,255.0,,,,,2012.0,Unknown
gt 755m,2024.0,384.0,86.4,1020.0,50.0,1.0,28.0,118.0,391680.0,4481.464530892448,7680.0,0.0084033613445378,0.6931471805599453,3.3314383390085567,-2.6382911584486117,gt 755m,gt 755m,1610.0,306.0,,,50.0,32.19,2013.0,Mobile
gtx 645 oem,2024.0,576.0,64.0,1250.0,65.0,2.0,28.0,221.0,720000.0,11076.923076923076,10909.09090909091,0.009009009009009,1.0986122886681098,3.3314383390085567,-2.2328260503404467,gtx 645,gtx 645,1858.0,432.0,,,64.0,29.03,2013.0,Desktop
gtx 650,2024.0,384.0,80.0,1250.0,65.0,2.0,28.0,221.0,480000.0,5925.925925925926,7272.727272727273,0.009009009009009,1.0986122886681098,3.3314383390085567,-2.2328260503404467,gtx 650,gtx 650,1769.0,346.0,109.98,16.08,64.0,27.63,2012.0,Desktop
gtx 650 ti boost,2024.0,768.0,144.2,1032.0,134.0,2.0,28.0,221.0,792576.0,5458.512396694216,5870.933333333333,0.009009009009009,1.0986122886681098,3.3314383390085567,-2.2328260503404467,gtx 650 ti boost,gtx 650 ti boost,3330.0,452.0,,,134.0,24.85,2013.0,Desktop
gtx 650 ti oem,2024.0,768.0,86.4,1250.0,110.0,2.0,28.0,221.0,960000.0,10983.981693363845,8648.648648648648,0.009009009009009,1.0986122886681098,3.3314383390085567,-2.2328260503404467,gtx 760 ti oem,gtx 760 ti oem,5427.0,694.0,,,,,2019.0,Unknown
gtx 660m mac edition,2024.0,384.0,80.0,950.0,50.0,1.0,28.0,118.0,364800.0,4503.703703703704,7152.941176470588,0.0084033613445378,0.6931471805599453,3.3314383390085567,-2.6382911584486117,gtx 680m ky bullet edition,gtx 680m ky bullet edition,3569.0,581.0,,,,,2017.0,Unknown
gtx 675mx mac edition,2024.0,1344.0,160.0,719.0,100.0,3.0,28.0,294.0,966336.0,6002.086956521739,9567.683168316831,0.0101694915254237,1.3862943611198906,3.3314383390085567,-1.945143977888666,gtx 680m ky bullet edition,gtx 680m ky bullet edition,3569.0,581.0,,,,,2017.0,Unknown
gtx 680 mac edition,2024.0,1536.0,192.3,1058.0,195.0,3.0,28.0,294.0,1625088.0,8407.07708225556,8291.265306122448,0.0101694915254237,1.3862943611198906,3.3314383390085567,-1.945143977888666,gtx 680m ky bullet edition,gtx 680m ky bullet edition,3569.0,581.0,,,,,2017.0,Unknown
gtx 760,2024.0,1152.0,192.3,1032.0,170.0,3.0,28.0,294.0,1188864.0,6150.356958096223,6952.421052631579,0.0101694915254237,1.3862943611198906,3.3314383390085567,-1.945143977888666,gtx 760,gtx 760,4775.0,523.0,149.0,32.05,170.0,28.09,2013.0,Desktop
gtx 760 oem,2024.0,1152.0,134.4,888.0,130.0,3.0,28.0,294.0,1022976.0,7555.214180206794,7808.977099236641,0.0101694915254237,1.3862943611198906,3.3314383390085567,-1.945143977888666,gtx 760 ti oem,gtx 760 ti oem,5427.0,694.0,,,,,2019.0,Unknown
gtx 760 oem rebrand,2024.0,1152.0,179.2,888.0,130.0,3.0,28.0,294.0,1022976.0,5676.892341842397,7808.977099236641,0.0101694915254237,1.3862943611198906,3.3314383390085567,-1.945143977888666,gtx 760 ti oem,gtx 760 ti oem,5427.0,694.0,,,,,2019.0,Unknown
gtx 760 ti oem,2024.0,1344.0,192.3,980.0,170.0,3.0,28.0,294.0,1317120.0,6813.86445938955,7702.456140350877,0.0101694915254237,1.3862943611198906,3.3314383390085567,-1.945143977888666,gtx 760 ti oem,gtx 760 ti oem,5427.0,694.0,,,,,2019.0,Unknown
gtx 760 ti oem rebrand,2024.0,1344.0,192.3,980.0,170.0,3.0,28.0,294.0,1317120.0,6813.86445938955,7702.456140350877,0.0101694915254237,1.3862943611198906,3.3314383390085567,-1.945143977888666,gtx 760 ti oem,gtx 760 ti oem,5427.0,694.0,,,,,2019.0,Unknown
gtx 760 x2,2024.0,1152.0,192.3,1072.0,250.0,3.0,28.0,294.0,1234944.0,6388.742886704604,4920.095617529881,0.0101694915254237,1.3862943611198906,3.3314383390085567,-1.945143977888666,gtx 760,gtx 760,4775.0,523.0,149.0,32.05,170.0,28.09,2013.0,Desktop
gtx 760m,2024.0,768.0,64.13,719.0,55.0,2.0,28.0,221.0,552192.0,8478.30492860433,9860.57142857143,0.009009009009009,1.0986122886681098,3.3314383390085567,-2.2328260503404467,gtx 760m,gtx 760m,1691.0,240.0,,,55.0,30.75,2013.0,Mobile
gtx 765m,2024.0,768.0,64.13,863.0,75.0,2.0,28.0,221.0,662784.0,10176.324274527868,8720.842105263158,0.009009009009009,1.0986122886681098,3.3314383390085567,-2.2328260503404467,gtx 765m,gtx 765m,1972.0,277.0,186.3,10.59,65.0,30.34,2013.0,Mobile
gtx 770,2024.0,1536.0,224.4,1085.0,230.0,3.0,28.0,294.0,1666560.0,7393.788819875776,7214.545454545455,0.0101694915254237,1.3862943611198906,3.3314383390085567,-1.945143977888666,gtx 770,gtx 770,5892.0,551.0,249.0,23.66,230.0,25.62,2013.0,Desktop
gtx 770m,2024.0,960.0,96.19,797.0,75.0,2.0,28.0,221.0,765120.0,7872.414857495627,10067.368421052632,0.009009009009009,1.0986122886681098,3.3314383390085567,-2.2328260503404467,gtx 770m,gtx 770m,2786.0,327.0,138.0,20.19,75.0,37.14,2013.0,Mobile
gtx 775m mac edition,2024.0,1344.0,160.0,797.0,100.0,3.0,28.0,294.0,1071168.0,6653.217391304348,10605.623762376235,0.0101694915254237,1.3862943611198906,3.3314383390085567,-1.945143977888666,x1700 targa edition,x1700 targa edition,117.0,255.0,,,,,2012.0,Unknown
gtx 780,2024.0,2304.0,288.4,902.0,250.0,7.0,28.0,561.0,2078208.0,7181.09191430546,8279.713147410359,0.0124555160142348,2.079441541679836,3.3314383390085567,-1.251996797328721,gtx 780,gtx 780,8022.0,601.0,279.99,28.65,250.0,32.09,2013.0,Desktop
gtx 780 6 gb,2024.0,2304.0,288.4,902.0,250.0,7.0,28.0,561.0,2078208.0,7181.09191430546,8279.713147410359,0.0124555160142348,2.079441541679836,3.3314383390085567,-1.251996797328721,gtx 780,gtx 780,8022.0,601.0,279.99,28.65,250.0,32.09,2013.0,Desktop
gtx 780 rev 2,2024.0,2304.0,288.4,902.0,250.0,7.0,28.0,561.0,2078208.0,7181.09191430546,8279.713147410359,0.0124555160142348,2.079441541679836,3.3314383390085567,-1.251996797328721,gtx 780,gtx 780,8022.0,601.0,279.99,28.65,250.0,32.09,2013.0,Desktop
gtx 780 ti,2024.0,2880.0,336.6,928.0,250.0,7.0,28.0,561.0,2672640.0,7916.587677725118,10647.96812749004,0.0124555160142348,2.079441541679836,3.3314383390085567,-1.251996797328721,gtx 780 ti,gtx 780 ti,9312.0,626.0,339.99,27.39,250.0,37.25,2013.0,Desktop
gtx 780m,2024.0,1536.0,160.0,797.0,122.0,3.0,28.0,294.0,1224192.0,7603.677018633541,9952.780487804876,0.0101694915254237,1.3862943611198906,3.3314383390085567,-1.945143977888666,gtx 780m,gtx 780m,3755.0,386.0,499.0,7.52,122.0,30.78,2013.0,Mobile
gtx 780m mac edition,2024.0,1536.0,160.0,784.0,122.0,3.0,28.0,294.0,1204224.0,7479.652173913043,9790.439024390244,0.0101694915254237,1.3862943611198906,3.3314383390085567,-1.945143977888666,gtx 680m ky bullet edition,gtx 680m ky bullet edition,3569.0,581.0,,,,,2017.0,Unknown
gtx titan,2024.0,2688.0,288.4,876.0,250.0,7.0,28.0,561.0,2354688.0,8136.44782308224,9381.227091633466,0.0124555160142348,2.079441541679836,3.3314383390085567,-1.251996797328721,gtx titan,gtx titan,8556.0,660.0,745.0,11.48,250.0,34.22,2013.0,Desktop
grid k1,2024.0,192.0,28.51,1250.0,130.0,1.0,28.0,118.0,240000.0,8132.836326668926,1832.0610687022904,0.0084033613445378,0.6931471805599453,3.3314383390085567,-2.6382911584486117,grid k1,grid k1,811.0,463.0,395.0,2.05,,,2013.0,Workstation
grid k100,2024.0,192.0,28.51,1250.0,130.0,1.0,28.0,118.0,240000.0,8132.836326668926,1832.0610687022904,0.0084033613445378,0.6931471805599453,3.3314383390085567,-2.6382911584486117,grid k1,grid k1,811.0,463.0,395.0,2.05,,,2013.0,Workstation
grid k140q,2024.0,192.0,28.51,1250.0,130.0,1.0,28.0,118.0,240000.0,8132.836326668926,1832.0610687022904,0.0084033613445378,0.6931471805599453,3.3314383390085567,-2.6382911584486117,grid k140q,grid k140q,728.0,457.0,,,,,2014.0,Workstation
grid k160q,2024.0,192.0,28.51,1250.0,130.0,1.0,28.0,118.0,240000.0,8132.836326668926,1832.0610687022904,0.0084033613445378,0.6931471805599453,3.3314383390085567,-2.6382911584486117,grid k160q,grid k160q,628.0,262.0,,,,,2016.0,Workstation
grid k180q,2024.0,192.0,28.51,1250.0,130.0,1.0,28.0,118.0,240000.0,8132.836326668926,1832.0610687022904,0.0084033613445378,0.6931471805599453,3.3314383390085567,-2.6382911584486117,grid k180q,grid k180q,534.0,113.0,,,,,2015.0,Workstation
grid k2,2024.0,1536.0,160.0,1250.0,225.0,3.0,28.0,294.0,1920000.0,11925.465838509315,8495.575221238938,0.0101694915254237,1.3862943611198906,3.3314383390085567,-1.945143977888666,grid k2,grid k2,2737.0,319.0,4449.99,0.61,,,2013.0,Workstation
grid k200,2024.0,1536.0,160.0,1250.0,225.0,3.0,28.0,294.0,1920000.0,11925.465838509315,8495.575221238938,0.0101694915254237,1.3862943611198906,3.3314383390085567,-1.945143977888666,grid k520,grid k520,3399.0,174.0,149.99,22.66,,,2013.0,Workstation
grid k240q,2024.0,1536.0,160.0,1250.0,225.0,3.0,28.0,294.0,1920000.0,11925.465838509315,8495.575221238938,0.0101694915254237,1.3862943611198906,3.3314383390085567,-1.945143977888666,grid k240q,grid k240q,2541.0,212.0,,,,,2014.0,Workstation
grid k260q,2024.0,1536.0,160.0,1250.0,225.0,3.0,28.0,294.0,1920000.0,11925.465838509315,8495.575221238938,0.0101694915254237,1.3862943611198906,3.3314383390085567,-1.945143977888666,grid k260q,grid k260q,2949.0,361.0,,,,,2015.0,Workstation
grid k280q,2024.0,1536.0,160.0,1250.0,225.0,3.0,28.0,294.0,1920000.0,11925.465838509315,8495.575221238938,0.0101694915254237,1.3862943611198906,3.3314383390085567,-1.945143977888666,grid k280q,grid k280q,2840.0,371.0,,,,,2015.0,Workstation
grid k340,2024.0,384.0,80.0,1250.0,225.0,1.0,28.0,118.0,480000.0,5925.925925925926,2123.8938053097345,0.0084033613445378,0.6931471805599453,3.3314383390085567,-2.6382911584486117,grid k240q,grid k240q,2541.0,212.0,,,,,2014.0,Workstation
grid k520,2024.0,1536.0,160.0,1250.0,225.0,3.0,28.0,294.0,1920000.0,11925.465838509315,8495.575221238938,0.0101694915254237,1.3862943611198906,3.3314383390085567,-1.945143977888666,grid k520,grid k520,3399.0,174.0,149.99,22.66,,,2013.0,Workstation
nvs 315,2024.0,48.0,14.0,1250.0,19.0,292.0,40.0,79.0,60000.0,4000.0,3000.0,3.65,5.680172609017068,3.3314383390085567,2.348734270008511,nvs 315,nvs 315,286.0,187.0,69.99,4.09,19.5,14.68,2014.0,Workstation
quadro k1100m,2024.0,384.0,44.8,706.0,45.0,1.0,28.0,118.0,271104.0,5919.301310043668,5893.565217391304,0.0084033613445378,0.6931471805599453,3.3314383390085567,-2.6382911584486117,quadro k1100m,quadro k1100m,1082.0,250.0,322.99,3.35,45.0,24.04,2013.0,Workstation
quadro k2000,2024.0,384.0,64.0,1250.0,51.0,1.0,28.0,118.0,480000.0,7384.615384615385,9230.76923076923,0.0084033613445378,0.6931471805599453,3.3314383390085567,-2.6382911584486117,quadro k2000,quadro k2000,1567.0,371.0,294.0,5.33,51.0,30.72,2013.0,Workstation
quadro k2000d,2024.0,384.0,64.0,1250.0,51.0,1.0,28.0,118.0,480000.0,7384.615384615385,9230.76923076923,0.0084033613445378,0.6931471805599453,3.3314383390085567,-2.6382911584486117,quadro k2000d,quadro k2000d,1614.0,396.0,339.99,4.75,51.0,31.64,2013.0,Workstation
quadro k2100m,2024.0,576.0,48.13,667.0,55.0,2.0,28.0,221.0,384192.0,7819.906370852839,6860.571428571428,0.009009009009009,1.0986122886681098,3.3314383390085567,-2.2328260503404467,quadro k2100m,quadro k2100m,1348.0,281.0,415.99,3.24,55.0,24.51,2013.0,Workstation
quadro k3100m,2024.0,768.0,102.4,706.0,75.0,3.0,28.0,294.0,542208.0,5243.791102514507,7134.315789473684,0.0101694915254237,1.3862943611198906,3.3314383390085567,-1.945143977888666,quadro k3100m,quadro k3100m,2263.0,327.0,399.95,5.66,75.0,30.17,2013.0,Workstation
quadro k4000,2024.0,768.0,134.8,1250.0,80.0,2.0,28.0,221.0,960000.0,7069.21944035346,11851.851851851852,0.009009009009009,1.0986122886681098,3.3314383390085567,-2.2328260503404467,quadro k4000,quadro k4000,2700.0,419.0,270.0,10.0,80.0,33.75,2012.0,Workstation
quadro k4100m,2024.0,1152.0,102.4,706.0,100.0,3.0,28.0,294.0,813312.0,7865.68665377176,8052.59405940594,0.0101694915254237,1.3862943611198906,3.3314383390085567,-1.945143977888666,quadro k4100m,quadro k4100m,2756.0,352.0,261.29,10.55,100.0,27.56,2013.0,Workstation
quadro k5000 sync,2024.0,1536.0,172.8,1250.0,122.0,3.0,28.0,294.0,1920000.0,11047.180667433831,15609.756097560976,0.0101694915254237,1.3862943611198906,3.3314383390085567,-1.945143977888666,quadro k5000,quadro k5000,3901.0,435.0,249.0,15.67,122.0,31.98,2012.0,Workstation
quadro k5100m,2024.0,1536.0,115.2,771.0,100.0,3.0,28.0,294.0,1184256.0,10191.531841652324,11725.30693069307,0.0101694915254237,1.3862943611198906,3.3314383390085567,-1.945143977888666,quadro k5100m,quadro k5100m,3266.0,418.0,1108.84,2.95,100.0,32.66,2014.0,Workstation
quadro k510m,2024.0,192.0,19.2,889.0,30.0,1.0,28.0,87.0,170688.0,8449.90099009901,5506.064516129032,0.0113636363636363,0.6931471805599453,3.3314383390085567,-2.6382911584486117,quadro k510m,quadro k510m,610.0,550.0,,,30.0,20.35,2013.0,Workstation
quadro k600,2024.0,192.0,28.51,1250.0,41.0,1.0,28.0,118.0,240000.0,8132.836326668926,5714.285714285715,0.0084033613445378,0.6931471805599453,3.3314383390085567,-2.6382911584486117,quadro k600,quadro k600,769.0,263.0,60.24,12.77,41.0,18.76,2013.0,Workstation
quadro k6000,2024.0,2880.0,288.4,902.0,225.0,7.0,28.0,561.0,2597760.0,8976.364892881826,11494.513274336285,0.0124555160142348,2.079441541679836,3.3314383390085567,-1.251996797328721,quadro k6000,quadro k6000,8108.0,556.0,392.0,20.68,225.0,36.03,2013.0,Workstation
quadro k6000 sdi,2024.0,2880.0,288.4,1250.0,239.0,7.0,28.0,561.0,3600000.0,12439.530062197651,15000.0,0.0124555160142348,2.079441541679836,3.3314383390085567,-1.251996797328721,quadro k6000,quadro k6000,8108.0,556.0,392.0,20.68,225.0,36.03,2013.0,Workstation
quadro k610m,2024.0,192.0,20.8,954.0,30.0,1.0,28.0,87.0,183168.0,8402.201834862384,5908.645161290323,0.0113636363636363,0.6931471805599453,3.3314383390085567,-2.6382911584486117,quadro k610m,quadro k610m,708.0,239.0,240.0,2.95,30.0,23.6,2014.0,Workstation
tegra 4 gpu,2024.0,480.0,7.464,1250.0,20.0,11.0,28.0,85.0,600000.0,70888.46880907372,28571.42857142857,0.127906976744186,2.4849066497880004,3.3314383390085567,-0.8465316892205563,2 integrated gpu,2 integrated gpu,4.0,171.0,,,,,2009.0,Unknown
tegra 4i gpu,2024.0,480.0,7.464,1250.0,20.0,11.0,28.0,85.0,600000.0,70888.46880907372,28571.42857142857,0.127906976744186,2.4849066497880004,3.3314383390085567,-0.8465316892205563,2 integrated gpu,2 integrated gpu,4.0,171.0,,,,,2009.0,Unknown
tesla k20m,2024.0,2496.0,208.0,1250.0,225.0,7.0,28.0,561.0,3120000.0,14928.22966507177,13805.309734513274,0.0124555160142348,2.079441541679836,3.3314383390085567,-1.251996797328721,tesla k20m,tesla k20m,5675.0,377.0,,,,,2022.0,Unknown
tesla k20s,2024.0,2496.0,208.0,1250.0,225.0,7.0,28.0,561.0,3120000.0,14928.22966507177,13805.309734513274,0.0124555160142348,2.079441541679836,3.3314383390085567,-1.251996797328721,tesla k20m,tesla k20m,5675.0,377.0,,,,,2022.0,Unknown
tesla k40c,2024.0,2880.0,288.4,876.0,245.0,7.0,28.0,561.0,2522880.0,8717.622667588113,10255.60975609756,0.0124555160142348,2.079441541679836,3.3314383390085567,-1.251996797328721,tesla k40m,tesla k40m,705.0,21.0,,,,,2021.0,Unknown
tesla k40d,2024.0,2880.0,288.4,876.0,245.0,7.0,28.0,561.0,2522880.0,8717.622667588113,10255.60975609756,0.0124555160142348,2.079441541679836,3.3314383390085567,-1.251996797328721,tesla k40m,tesla k40m,705.0,21.0,,,,,2021.0,Unknown
tesla k40m,2024.0,2880.0,288.4,876.0,245.0,7.0,28.0,561.0,2522880.0,8717.622667588113,10255.60975609756,0.0124555160142348,2.079441541679836,3.3314383390085567,-1.251996797328721,tesla k40m,tesla k40m,705.0,21.0,,,,,2021.0,Unknown
tesla k40s,2024.0,2880.0,288.4,876.0,245.0,7.0,28.0,561.0,2522880.0,8717.622667588113,10255.60975609756,0.0124555160142348,2.079441541679836,3.3314383390085567,-1.251996797328721,tesla k40m,tesla k40m,705.0,21.0,,,,,2021.0,Unknown
tesla k40st,2024.0,2880.0,288.4,1250.0,245.0,7.0,28.0,561.0,3600000.0,12439.530062197651,14634.146341463416,0.0124555160142348,2.079441541679836,3.3314383390085567,-1.251996797328721,tesla k40m,tesla k40m,705.0,21.0,,,,,2021.0,Unknown
tesla k40t,2024.0,2880.0,288.4,876.0,245.0,7.0,28.0,561.0,2522880.0,8717.622667588113,10255.60975609756,0.0124555160142348,2.079441541679836,3.3314383390085567,-1.251996797328721,tesla k40m,tesla k40m,705.0,21.0,,,,,2021.0,Unknown
705a,2024.0,48.0,14.4,1250.0,15.0,292.0,40.0,79.0,60000.0,3896.103896103896,3750.0,3.65,5.680172609017068,3.3314383390085567,2.348734270008511,730a,730a,769.0,205.0,,,,,2015.0,Unknown
710a,2024.0,192.0,16.02,758.0,15.0,1.0,28.0,87.0,145536.0,8550.881316098708,9096.0,0.0113636363636363,0.6931471805599453,3.3314383390085567,-2.6382911584486117,710a,710a,451.0,258.0,,,33.0,13.67,2014.0,Desktop
720a,2024.0,96.0,16.02,1250.0,33.0,585.0,28.0,116.0,120000.0,7050.5287896592245,3529.4117647058824,5.0,6.373319789577012,3.3314383390085567,3.0418814505684555,720a,720a,725.0,690.0,,,,,2018.0,Unknown
800a,2024.0,48.0,14.4,1250.0,15.0,292.0,40.0,79.0,60000.0,3896.103896103896,3750.0,3.65,5.680172609017068,3.3314383390085567,2.348734270008511,800a,800a,428.0,224.0,,,,,2015.0,Unknown
800a,2024.0,48.0,14.4,1250.0,15.0,292.0,40.0,79.0,60000.0,3896.103896103896,3750.0,3.65,5.680172609017068,3.3314383390085567,2.348734270008511,800a,800a,428.0,224.0,,,,,2015.0,Unknown
800m,2024.0,48.0,14.4,1250.0,15.0,585.0,28.0,116.0,60000.0,3896.103896103896,3750.0,5.0,6.373319789577012,3.3314383390085567,3.0418814505684555,800m,800m,468.0,388.0,,,,,2014.0,Unknown
805a,2024.0,192.0,16.02,758.0,15.0,1.0,28.0,87.0,145536.0,8550.881316098708,9096.0,0.0113636363636363,0.6931471805599453,3.3314383390085567,-2.6382911584486117,840a,840a,1180.0,266.0,,,,,2014.0,Unknown
810a,2024.0,192.0,14.4,758.0,15.0,1.0,28.0,87.0,145536.0,9450.38961038961,9096.0,0.0113636363636363,0.6931471805599453,3.3314383390085567,-2.6382911584486117,810a,810a,622.0,319.0,,,,,2014.0,Unknown
810m,2024.0,48.0,14.4,888.0,15.0,585.0,28.0,116.0,42624.0,2767.792207792208,2664.0,5.0,6.373319789577012,3.3314383390085567,3.0418814505684555,810m,810m,402.0,71.0,,,,,2014.0,Unknown
820a,2024.0,96.0,16.02,1250.0,15.0,585.0,28.0,116.0,120000.0,7050.5287896592245,7500.0,5.0,6.373319789577012,3.3314383390085567,3.0418814505684555,820a,820a,568.0,162.0,,,,,2015.0,Unknown
825m,2024.0,384.0,14.4,941.0,33.0,1.0,28.0,87.0,361344.0,23463.896103896102,10627.764705882351,0.0113636363636363,0.6931471805599453,3.3314383390085567,-2.6382911584486117,825m,825m,769.0,293.0,,,33.0,23.3,2014.0,Mobile
830a,2024.0,256.0,16.02,1150.0,33.0,1.0,28.0,77.0,294400.0,17297.297297297297,8658.823529411764,0.0128205128205128,0.6931471805599453,3.3314383390085567,-2.6382911584486117,830a,830a,1005.0,736.0,,,,,2014.0,Unknown
830m,2024.0,256.0,14.4,1150.0,33.0,1.0,28.0,77.0,294400.0,19116.88311688312,8658.823529411764,0.0128205128205128,0.6931471805599453,3.3314383390085567,-2.6382911584486117,830m,830m,976.0,136.0,,,25.0,39.06,2014.0,Mobile
840a,2024.0,384.0,16.02,1124.0,33.0,1.0,28.0,77.0,431616.0,25359.3419506463,12694.588235294115,0.0128205128205128,0.6931471805599453,3.3314383390085567,-2.6382911584486117,840a,840a,1180.0,266.0,,,,,2014.0,Unknown
840m,2024.0,384.0,16.02,1124.0,33.0,1.0,28.0,77.0,431616.0,25359.3419506463,12694.588235294115,0.0128205128205128,0.6931471805599453,3.3314383390085567,-2.6382911584486117,840m,840m,1067.0,147.0,,,30.0,35.56,2014.0,Mobile
gt 705 oem,2024.0,48.0,13.2,1250.0,29.0,292.0,40.0,79.0,60000.0,4225.352112676057,2000.0,3.65,5.680172609017068,3.3314383390085567,2.348734270008511,gtx 760 ti oem,gtx 760 ti oem,5427.0,694.0,,,,,2019.0,Unknown
gt 710,2024.0,192.0,14.4,1250.0,19.0,1.0,28.0,87.0,240000.0,15584.415584415585,12000.0,0.0113636363636363,0.6931471805599453,3.3314383390085567,-2.6382911584486117,gt 710,gt 710,637.0,214.0,102.99,6.18,25.0,25.47,2014.0,Desktop
gt 710,2024.0,192.0,14.4,1250.0,19.0,1.0,28.0,87.0,240000.0,15584.415584415585,12000.0,0.0113636363636363,0.6931471805599453,3.3314383390085567,-2.6382911584486117,gt 710,gt 710,637.0,214.0,102.99,6.18,25.0,25.47,2014.0,Desktop
gt 710 pcie x1,2024.0,192.0,12.8,1250.0,19.0,1.0,28.0,87.0,240000.0,17391.304347826084,12000.0,0.0113636363636363,0.6931471805599453,3.3314383390085567,-2.6382911584486117,matrox m9120 pcie x16,matrox m9120 pcie x16,20.0,870.0,,,,,2010.0,Unknown
gt 720,2024.0,384.0,14.4,1250.0,19.0,1.0,28.0,87.0,480000.0,31168.83116883117,24000.0,0.0113636363636363,0.6931471805599453,3.3314383390085567,-2.6382911584486117,gt 720,gt 720,606.0,196.0,99.99,6.06,19.0,31.91,2014.0,Desktop
gt 720,2024.0,192.0,12.8,1250.0,19.0,1.0,28.0,87.0,240000.0,17391.304347826084,12000.0,0.0113636363636363,0.6931471805599453,3.3314383390085567,-2.6382911584486117,gt 720,gt 720,606.0,196.0,99.99,6.06,19.0,31.91,2014.0,Desktop
gt 720a,2024.0,96.0,16.02,1250.0,33.0,585.0,28.0,116.0,120000.0,7050.5287896592245,3529.4117647058824,5.0,6.373319789577012,3.3314383390085567,3.0418814505684555,gt 720a,gt 720a,601.0,221.0,,,,,2014.0,Unknown
gt 730,2024.0,96.0,28.8,1250.0,49.0,585.0,40.0,116.0,120000.0,4026.845637583892,2400.0,5.0,6.373319789577012,3.3314383390085567,3.0418814505684555,gt 730,gt 730,812.0,238.0,109.99,7.38,49.0,16.56,2014.0,Desktop
gt 730,2024.0,384.0,40.1,1250.0,38.0,1.0,28.0,87.0,480000.0,11678.83211678832,12307.692307692309,0.0113636363636363,0.6931471805599453,3.3314383390085567,-2.6382911584486117,gt 730,gt 730,812.0,238.0,109.99,7.38,49.0,16.56,2014.0,Desktop
gt 730,2024.0,96.0,25.6,1250.0,49.0,585.0,40.0,116.0,120000.0,4511.278195488721,2400.0,5.0,6.373319789577012,3.3314383390085567,3.0418814505684555,gt 730,gt 730,812.0,238.0,109.99,7.38,49.0,16.56,2014.0,Desktop
gt 730a,2024.0,384.0,16.02,758.0,33.0,1.0,28.0,87.0,291072.0,17101.762632197417,8560.941176470587,0.0113636363636363,0.6931471805599453,3.3314383390085567,-2.6382911584486117,gt 730a,gt 730a,743.0,714.0,,,,,2014.0,Unknown
gt 730m,2024.0,384.0,14.4,758.0,33.0,1.0,28.0,87.0,291072.0,18900.77922077922,8560.941176470587,0.0113636363636363,0.6931471805599453,3.3314383390085567,-2.6382911584486117,gt 730m,gt 730m,816.0,173.0,,,33.0,24.73,2013.0,Mobile
gt 740,2024.0,384.0,80.19,1250.0,64.0,1.0,28.0,118.0,480000.0,5912.05813523833,7384.615384615385,0.0084033613445378,0.6931471805599453,3.3314383390085567,-2.6382911584486117,gt 740,gt 740,1529.0,344.0,236.99,6.45,64.0,23.88,2014.0,Desktop
gtx 660 rev 2,2024.0,960.0,144.2,1032.0,140.0,3.0,28.0,294.0,990720.0,6823.1404958677695,7026.382978723404,0.0101694915254237,1.3862943611198906,3.3314383390085567,-1.945143977888666,gtx 460 v2,gtx 460 v2,2005.0,459.0,199.99,10.02,160.0,12.53,2011.0,Desktop
gtx 745 oem,2024.0,384.0,28.8,1250.0,55.0,1.0,28.0,148.0,480000.0,16107.38255033557,8571.42857142857,0.0067114093959731,0.6931471805599453,3.3314383390085567,-2.6382911584486117,gtx 745,gtx 745,2175.0,469.0,284.95,7.63,55.0,39.54,2014.0,Desktop
gtx 750,2024.0,512.0,80.19,1085.0,55.0,1.0,28.0,148.0,555520.0,6842.221948515828,9920.0,0.0067114093959731,0.6931471805599453,3.3314383390085567,-2.6382911584486117,gtx 750,gtx 750,3399.0,480.0,219.99,15.45,55.0,61.8,2014.0,Desktop
gtx 750 ti,2024.0,640.0,86.4,1085.0,60.0,1.0,28.0,148.0,694400.0,7945.08009153318,11383.606557377048,0.0067114093959731,0.6931471805599453,3.3314383390085567,-2.6382911584486117,gtx 750 ti,gtx 750 ti,3919.0,498.0,88.11,44.48,60.0,65.32,2014.0,Desktop
gtx 760a,2024.0,768.0,64.13,719.0,55.0,2.0,28.0,221.0,552192.0,8478.30492860433,9860.57142857143,0.009009009009009,1.0986122886681098,3.3314383390085567,-2.2328260503404467,gtx 760a,gtx 760a,1060.0,476.0,,,,,2015.0,Unknown
gtx 850a,2024.0,640.0,28.8,902.0,45.0,1.0,28.0,148.0,577280.0,19371.81208053691,12549.565217391304,0.0067114093959731,0.6931471805599453,3.3314383390085567,-2.6382911584486117,gtx 850a,gtx 850a,1050.0,551.0,,,,,2015.0,Unknown
gtx 850m,2024.0,640.0,32.03,1250.0,45.0,1.0,28.0,148.0,800000.0,24220.40569179534,17391.304347826088,0.0067114093959731,0.6931471805599453,3.3314383390085567,-2.6382911584486117,gtx 850m,gtx 850m,2574.0,224.0,,,40.0,64.35,2014.0,Mobile
gtx 860m,2024.0,640.0,80.19,1020.0,75.0,1.0,28.0,148.0,652800.0,8040.399063924129,8589.473684210527,0.0067114093959731,0.6931471805599453,3.3314383390085567,-2.6382911584486117,gtx 860m,gtx 860m,3045.0,226.0,114.0,26.71,45.0,67.67,2014.0,Mobile
gtx 860m,2024.0,1152.0,80.0,915.0,75.0,3.0,28.0,294.0,1054080.0,13013.333333333334,13869.473684210529,0.0101694915254237,1.3862943611198906,3.3314383390085567,-1.945143977888666,gtx 860m,gtx 860m,3045.0,226.0,114.0,26.71,45.0,67.67,2014.0,Mobile
gtx 870m,2024.0,1344.0,120.0,967.0,100.0,3.0,28.0,294.0,1299648.0,10740.892561983472,12867.80198019802,0.0101694915254237,1.3862943611198906,3.3314383390085567,-1.945143977888666,gtx 870m,gtx 870m,3380.0,293.0,,,110.0,30.73,2014.0,Mobile
gtx 880m,2024.0,1536.0,160.0,993.0,122.0,3.0,28.0,294.0,1525248.0,9473.590062111802,12400.39024390244,0.0101694915254237,1.3862943611198906,3.3314383390085567,-1.945143977888666,gtx 880m,gtx 880m,3876.0,347.0,,,130.0,29.81,2014.0,Mobile
gtx 970,2024.0,1664.0,224.4,1178.0,148.0,5.0,28.0,398.0,1960192.0,8696.503992901507,13155.651006711409,0.012531328320802,1.791759469228055,3.3314383390085567,-1.5396788697805015,gtx 970,gtx 970,9688.0,781.0,237.99,40.71,145.0,66.81,2014.0,Desktop
gtx 970m,2024.0,1280.0,120.3,1038.0,50.0,5.0,28.0,398.0,1328640.0,10953.338829348722,26051.764705882357,0.012531328320802,1.791759469228055,3.3314383390085567,-1.5396788697805015,gtx 970m,gtx 970m,5761.0,406.0,209.99,27.44,75.0,76.82,2014.0,Mobile
gtx 970m,2024.0,1280.0,120.3,1038.0,50.0,5.0,28.0,398.0,1328640.0,10953.338829348722,26051.764705882357,0.012531328320802,1.791759469228055,3.3314383390085567,-1.5396788697805015,gtx 970m,gtx 970m,5761.0,406.0,209.99,27.44,75.0,76.82,2014.0,Mobile
gtx 980,2024.0,2048.0,224.4,1216.0,165.0,5.0,28.0,398.0,2490368.0,11048.66015971606,15002.21686746988,0.012531328320802,1.791759469228055,3.3314383390085567,-1.5396788697805015,gtx 980,gtx 980,11237.0,815.0,247.35,45.43,165.0,68.1,2014.0,Desktop
gtx 980m,2024.0,1536.0,160.4,1127.0,50.0,5.0,28.0,398.0,1731072.0,10725.3531598513,33942.58823529412,0.012531328320802,1.791759469228055,3.3314383390085567,-1.5396788697805015,gtx 980m,gtx 980m,7317.0,514.0,289.99,25.23,100.0,73.17,2014.0,Mobile
gtx 980m,2024.0,1536.0,160.4,1127.0,50.0,5.0,28.0,398.0,1731072.0,10725.3531598513,33942.58823529412,0.012531328320802,1.791759469228055,3.3314383390085567,-1.5396788697805015,gtx 980m,gtx 980m,7317.0,514.0,289.99,25.23,100.0,73.17,2014.0,Mobile
gtx titan black,2024.0,2880.0,336.0,980.0,250.0,7.0,28.0,561.0,2822400.0,8375.074183976261,11244.621513944225,0.0124555160142348,2.079441541679836,3.3314383390085567,-1.251996797328721,gtx titan black,gtx titan black,9140.0,616.0,524.99,17.41,250.0,36.56,2014.0,Desktop
gtx titan z,2024.0,2880.0,336.0,876.0,375.0,7.0,28.0,561.0,2522880.0,7486.290801186944,6709.787234042553,0.0124555160142348,2.079441541679836,3.3314383390085567,-1.251996797328721,gtx titan z,gtx titan z,9189.0,648.0,1515.0,6.07,375.0,24.5,2014.0,Desktop
grid k120q,2024.0,192.0,28.51,1250.0,130.0,1.0,28.0,118.0,240000.0,8132.836326668926,1832.0610687022904,0.0084033613445378,0.6931471805599453,3.3314383390085567,-2.6382911584486117,grid k120q,grid k120q,293.0,278.0,,,,,2015.0,Workstation
grid k220q,2024.0,1536.0,160.0,1250.0,225.0,3.0,28.0,294.0,1920000.0,11925.465838509315,8495.575221238938,0.0101694915254237,1.3862943611198906,3.3314383390085567,-1.945143977888666,grid k220q,grid k220q,912.0,539.0,,,,,2015.0,Workstation
grid k500,2024.0,1536.0,160.0,1250.0,225.0,3.0,28.0,294.0,1920000.0,11925.465838509315,8495.575221238938,0.0101694915254237,1.3862943611198906,3.3314383390085567,-1.945143977888666,grid k520,grid k520,3399.0,174.0,149.99,22.66,,,2013.0,Workstation
grid k520q,2024.0,1536.0,160.0,1250.0,225.0,3.0,28.0,294.0,1920000.0,11925.465838509315,8495.575221238938,0.0101694915254237,1.3862943611198906,3.3314383390085567,-1.945143977888666,grid k520,grid k520,3399.0,174.0,149.99,22.66,,,2013.0,Workstation
grid k540q,2024.0,1536.0,160.0,1250.0,225.0,3.0,28.0,294.0,1920000.0,11925.465838509315,8495.575221238938,0.0101694915254237,1.3862943611198906,3.3314383390085567,-1.945143977888666,grid k240q,grid k240q,2541.0,212.0,,,,,2014.0,Workstation
grid k560q,2024.0,1536.0,160.0,1250.0,225.0,3.0,28.0,294.0,1920000.0,11925.465838509315,8495.575221238938,0.0101694915254237,1.3862943611198906,3.3314383390085567,-1.945143977888666,grid k260q,grid k260q,2949.0,361.0,,,,,2015.0,Workstation
quadro k100m,2024.0,192.0,14.4,851.0,35.0,1.0,28.0,118.0,163392.0,10609.870129870127,4538.666666666667,0.0084033613445378,0.6931471805599453,3.3314383390085567,-2.6382911584486117,quadro k5100m,quadro k5100m,3266.0,418.0,1108.84,2.95,100.0,32.66,2014.0,Workstation
quadro k200m,2024.0,192.0,14.4,745.0,35.0,1.0,28.0,118.0,143040.0,9288.311688311687,3973.3333333333335,0.0084033613445378,0.6931471805599453,3.3314383390085567,-2.6382911584486117,quadro k2200m,quadro k2200m,3877.0,432.0,124.95,31.02,,,2015.0,Unknown
quadro k2200,2024.0,640.0,80.19,1124.0,68.0,1.0,28.0,148.0,719360.0,8860.204458677177,10425.507246376812,0.0067114093959731,0.6931471805599453,3.3314383390085567,-2.6382911584486117,quadro k2200,quadro k2200,3541.0,534.0,268.3,13.2,68.0,52.07,2014.0,Workstation
quadro k2200m,2024.0,640.0,80.19,1150.0,65.0,1.0,28.0,148.0,736000.0,9065.15580736544,11151.515151515152,0.0067114093959731,0.6931471805599453,3.3314383390085567,-2.6382911584486117,quadro k2200m,quadro k2200m,3877.0,432.0,124.95,31.02,,,2015.0,Unknown
quadro k420,2024.0,192.0,28.51,1250.0,41.0,1.0,28.0,118.0,240000.0,8132.836326668926,5714.285714285715,0.0084033613445378,0.6931471805599453,3.3314383390085567,-2.6382911584486117,quadro k420,quadro k420,775.0,280.0,269.0,2.88,41.0,18.89,2014.0,Workstation
quadro k4200,2024.0,1344.0,172.8,784.0,108.0,3.0,28.0,294.0,1053696.0,6062.692750287687,9666.935779816513,0.0101694915254237,1.3862943611198906,3.3314383390085567,-1.945143977888666,quadro k4200,quadro k4200,4337.0,502.0,249.0,17.42,105.0,41.31,2014.0,Workstation
quadro k5200,2024.0,2304.0,192.3,771.0,150.0,7.0,28.0,561.0,1776384.0,9189.777547853078,11764.132450331126,0.0124555160142348,2.079441541679836,3.3314383390085567,-1.251996797328721,quadro k5200,quadro k5200,5780.0,501.0,415.0,13.93,150.0,38.54,2014.0,Workstation
quadro k620,2024.0,384.0,28.8,1124.0,45.0,1.0,28.0,148.0,431616.0,14483.758389261744,9382.95652173913,0.0067114093959731,0.6931471805599453,3.3314383390085567,-2.6382911584486117,quadro k620,quadro k620,2246.0,472.0,2029.99,1.11,45.0,49.91,2014.0,Workstation
tesla k8,2024.0,1536.0,160.0,811.0,100.0,3.0,28.0,294.0,1245696.0,7737.242236024845,12333.623762376235,0.0101694915254237,1.3862943611198906,3.3314383390085567,-1.945143977888666,tesla k40m,tesla k40m,705.0,21.0,,,,,2021.0,Unknown
tesla k80,2024.0,2496.0,240.6,824.0,300.0,7.0,28.0,561.0,2056704.0,8512.847682119205,6832.90365448505,0.0124555160142348,2.079441541679836,3.3314383390085567,-1.251996797328721,tesla k40m,tesla k40m,705.0,21.0,,,,,2021.0,Unknown
810m,2024.0,384.0,14.4,950.0,45.0,1.0,28.0,118.0,364800.0,23688.31168831169,7930.434782608696,0.0084033613445378,0.6931471805599453,3.3314383390085567,-2.6382911584486117,810m,810m,402.0,71.0,,,,,2014.0,Unknown
820m,2024.0,384.0,28.83,1250.0,45.0,1.0,28.0,118.0,480000.0,16091.18337244385,10434.782608695652,0.0084033613445378,0.6931471805599453,3.3314383390085567,-2.6382911584486117,820m,820m,511.0,111.0,,,15.0,34.04,2014.0,Mobile
845m,2024.0,512.0,16.02,863.0,45.0,1.0,28.0,148.0,441856.0,25960.987074030552,9605.565217391304,0.0067114093959731,0.6931471805599453,3.3314383390085567,-2.6382911584486117,845m,845m,1430.0,233.0,,,,,2015.0,Mobile
845m,2024.0,384.0,40.1,1150.0,33.0,1.0,28.0,77.0,441600.0,10744.525547445255,12988.235294117649,0.0128205128205128,0.6931471805599453,3.3314383390085567,-2.6382911584486117,845m,845m,1430.0,233.0,,,,,2015.0,Mobile
910m,2024.0,384.0,16.02,641.0,33.0,1.0,28.0,87.0,246144.0,14462.044653349,7239.529411764706,0.0113636363636363,0.6931471805599453,3.3314383390085567,-2.6382911584486117,910m,910m,578.0,150.0,,,,,2015.0,Unknown
920a,2024.0,384.0,16.02,954.0,33.0,1.0,28.0,87.0,366336.0,21523.85428907168,10774.588235294115,0.0113636363636363,0.6931471805599453,3.3314383390085567,-2.6382911584486117,920a,920a,872.0,242.0,,,,,2016.0,Unknown
920m,2024.0,384.0,14.4,954.0,33.0,1.0,28.0,87.0,366336.0,23788.051948051947,10774.588235294115,0.0113636363636363,0.6931471805599453,3.3314383390085567,-2.6382911584486117,920m,920m,723.0,119.0,,,,,2015.0,Unknown
930a,2024.0,384.0,16.02,941.0,33.0,1.0,28.0,77.0,361344.0,21230.552291421856,10627.764705882351,0.0128205128205128,0.6931471805599453,3.3314383390085567,-2.6382911584486117,930a,930a,1082.0,391.0,,,,,2016.0,Unknown
930m,2024.0,384.0,12.8,549.0,33.0,1.0,28.0,77.0,210816.0,15276.521739130434,6200.470588235294,0.0128205128205128,0.6931471805599453,3.3314383390085567,-2.6382911584486117,930m,930m,1011.0,153.0,,,,,2015.0,Unknown
930m,2024.0,384.0,14.4,941.0,33.0,1.0,28.0,77.0,361344.0,23463.896103896102,10627.764705882351,0.0128205128205128,0.6931471805599453,3.3314383390085567,-2.6382911584486117,930m,930m,1011.0,153.0,,,,,2015.0,Unknown
940a,2024.0,384.0,16.02,1176.0,33.0,1.0,28.0,77.0,451584.0,26532.549941245597,13281.882352941177,0.0128205128205128,0.6931471805599453,3.3314383390085567,-2.6382911584486117,940a,940a,1145.0,348.0,,,,,2015.0,Unknown
940a,2024.0,384.0,16.02,1124.0,33.0,1.0,28.0,77.0,431616.0,25359.3419506463,12694.588235294115,0.0128205128205128,0.6931471805599453,3.3314383390085567,-2.6382911584486117,940a,940a,1145.0,348.0,,,,,2015.0,Unknown
940m,2024.0,384.0,14.4,1176.0,33.0,1.0,28.0,77.0,451584.0,29323.636363636364,13281.882352941177,0.0128205128205128,0.6931471805599453,3.3314383390085567,-2.6382911584486117,940m,940m,1106.0,154.0,,,33.0,33.52,2015.0,Mobile
940m,2024.0,512.0,14.4,1098.0,75.0,1.0,28.0,148.0,562176.0,36504.93506493507,7397.0526315789475,0.0067114093959731,0.6931471805599453,3.3314383390085567,-2.6382911584486117,940m,940m,1106.0,154.0,,,33.0,33.52,2015.0,Mobile
945a,2024.0,384.0,40.1,1189.0,33.0,1.0,28.0,77.0,456576.0,11108.905109489053,13428.70588235294,0.0128205128205128,0.6931471805599453,3.3314383390085567,-2.6382911584486117,945a,945a,1852.0,716.0,,,,,2019.0,Unknown
945m,2024.0,640.0,28.8,1020.0,75.0,1.0,28.0,148.0,652800.0,21906.04026845637,8589.473684210527,0.0067114093959731,0.6931471805599453,3.3314383390085567,-2.6382911584486117,945m,945m,1945.0,256.0,,,,,2015.0,Unknown
gt 710 oem,2024.0,192.0,14.4,1250.0,50.0,1.0,28.0,87.0,240000.0,15584.415584415585,4705.882352941177,0.0113636363636363,0.6931471805599453,3.3314383390085567,-2.6382911584486117,gt 710m,gt 710m,444.0,123.0,,,,,2014.0,Unknown
gt 730 oem,2024.0,384.0,40.1,1250.0,64.0,1.0,28.0,118.0,480000.0,11678.83211678832,7384.615384615385,0.0084033613445378,0.6931471805599453,3.3314383390085567,-2.6382911584486117,gt 730m,gt 730m,816.0,173.0,,,33.0,24.73,2013.0,Mobile
gt 740 oem,2024.0,384.0,80.19,1033.0,65.0,2.0,28.0,221.0,396672.0,4885.724842960956,6010.181818181818,0.009009009009009,1.0986122886681098,3.3314383390085567,-2.2328260503404467,gt 740m,gt 740m,779.0,143.0,,,,,2013.0,Mobile
gt 740 oem,2024.0,384.0,80.19,1250.0,65.0,2.0,28.0,221.0,480000.0,5912.05813523833,7272.727272727273,0.009009009009009,1.0986122886681098,3.3314383390085567,-2.2328260503404467,gt 740m,gt 740m,779.0,143.0,,,,,2013.0,Mobile
gtx 750 gm206,2024.0,512.0,80.19,1239.0,60.0,2.0,28.0,228.0,634368.0,7813.376031530977,10399.475409836066,0.0087336244541484,1.0986122886681098,3.3314383390085567,-2.2328260503404467,gtx 750,gtx 750,3399.0,480.0,219.99,15.45,55.0,61.8,2014.0,Desktop
gtx 860m oem,2024.0,640.0,80.19,1176.0,75.0,1.0,28.0,148.0,752640.0,9270.107156053702,9903.157894736842,0.0067114093959731,0.6931471805599453,3.3314383390085567,-2.6382911584486117,gtx 860m,gtx 860m,3045.0,226.0,114.0,26.71,45.0,67.67,2014.0,Mobile
gtx 950,2024.0,768.0,105.8,1188.0,90.0,2.0,28.0,228.0,912384.0,8542.921348314607,10026.197802197805,0.0087336244541484,1.0986122886681098,3.3314383390085567,-2.2328260503404467,gtx 950,gtx 950,5392.0,641.0,141.99,37.98,90.0,59.91,2015.0,Desktop
gtx 950a,2024.0,640.0,32.03,1124.0,75.0,1.0,28.0,148.0,719360.0,21778.988798062368,9465.263157894737,0.0067114093959731,0.6931471805599453,3.3314383390085567,-2.6382911584486117,gtx 950a,gtx 950a,2483.0,282.0,,,,,2015.0,Unknown
gtx 950m,2024.0,640.0,28.8,1124.0,75.0,1.0,28.0,148.0,719360.0,24139.59731543624,9465.263157894737,0.0067114093959731,0.6931471805599453,3.3314383390085567,-2.6382911584486117,gtx 950m,gtx 950m,2602.0,219.0,567.0,4.59,75.0,34.7,2015.0,Mobile
gtx 950m mac edition,2024.0,640.0,28.8,1124.0,75.0,1.0,28.0,148.0,719360.0,24139.59731543624,9465.263157894737,0.0067114093959731,0.6931471805599453,3.3314383390085567,-2.6382911584486117,gtx 680m ky bullet edition,gtx 680m ky bullet edition,3569.0,581.0,,,,,2017.0,Unknown
gtx 960,2024.0,1024.0,112.2,1178.0,120.0,2.0,28.0,228.0,1206272.0,10656.113074204946,9969.190082644627,0.0087336244541484,1.0986122886681098,3.3314383390085567,-2.2328260503404467,gtx 960,gtx 960,6042.0,671.0,172.0,35.13,120.0,50.35,2015.0,Desktop
gtx 960 oem,2024.0,1024.0,112.2,1201.0,50.0,2.0,28.0,228.0,1229824.0,10864.16961130742,24114.19607843137,0.0087336244541484,1.0986122886681098,3.3314383390085567,-2.2328260503404467,gtx 960m,gtx 960m,3419.0,245.0,1169.0,2.92,65.0,52.59,2015.0,Mobile
gtx 960 oem,2024.0,1280.0,120.3,1038.0,50.0,5.0,28.0,398.0,1328640.0,10953.338829348722,26051.764705882357,0.012531328320802,1.791759469228055,3.3314383390085567,-1.5396788697805015,gtx 960m,gtx 960m,3419.0,245.0,1169.0,2.92,65.0,52.59,2015.0,Mobile
gtx 960a,2024.0,640.0,80.19,1176.0,75.0,1.0,28.0,148.0,752640.0,9270.107156053702,9903.157894736842,0.0067114093959731,0.6931471805599453,3.3314383390085567,-2.6382911584486117,gtx 960a,gtx 960a,2411.0,631.0,,,,,2015.0,Unknown
gtx 960m,2024.0,640.0,80.19,1176.0,75.0,1.0,28.0,148.0,752640.0,9270.107156053702,9903.157894736842,0.0067114093959731,0.6931471805599453,3.3314383390085567,-2.6382911584486117,gtx 960m,gtx 960m,3419.0,245.0,1169.0,2.92,65.0,52.59,2015.0,Mobile
gtx 965m,2024.0,1024.0,80.19,950.0,50.0,5.0,28.0,398.0,972800.0,11981.771154083017,19074.50980392157,0.012531328320802,1.791759469228055,3.3314383390085567,-1.5396788697805015,gtx 965m,gtx 965m,3824.0,338.0,,,60.0,63.73,2015.0,Mobile
gtx 965m,2024.0,1024.0,80.19,950.0,50.0,5.0,28.0,398.0,972800.0,11981.771154083017,19074.50980392157,0.012531328320802,1.791759469228055,3.3314383390085567,-1.5396788697805015,gtx 965m,gtx 965m,3824.0,338.0,,,60.0,63.73,2015.0,Mobile
gtx 965m 4 gb,2024.0,1024.0,80.19,1150.0,50.0,5.0,28.0,398.0,1177600.0,14504.249291784705,23090.19607843137,0.012531328320802,1.791759469228055,3.3314383390085567,-1.5396788697805015,gtx 965m,gtx 965m,3824.0,338.0,,,60.0,63.73,2015.0,Mobile
gtx 980 mobile,2024.0,2048.0,224.4,1140.0,50.0,5.0,28.0,398.0,2334720.0,10358.118899733809,45778.82352941176,0.012531328320802,1.791759469228055,3.3314383390085567,-1.5396788697805015,rtx 2080 mobile,rtx 2080 mobile,15107.0,812.0,,,150.0,100.71,2019.0,Mobile
gtx 980 ti,2024.0,2816.0,336.6,1076.0,250.0,8.0,28.0,601.0,3030016.0,8975.165876777251,12071.776892430278,0.0132890365448504,2.19722457733622,3.3314383390085567,-1.1342137616723371,gtx 980 ti,gtx 980 ti,13864.0,854.0,719.4,19.27,250.0,55.45,2015.0,Desktop
gtx titan x,2024.0,3072.0,336.6,1089.0,250.0,8.0,28.0,601.0,3345408.0,9909.383886255924,13328.318725099602,0.0132890365448504,2.19722457733622,3.3314383390085567,-1.1342137616723371,gtx titan x,gtx titan x,13173.0,843.0,1096.99,12.01,250.0,52.69,2015.0,Desktop
grid m60 1q,2024.0,2048.0,160.4,1178.0,225.0,5.0,28.0,398.0,2412544.0,14947.608426270135,10674.973451327434,0.012531328320802,1.791759469228055,3.3314383390085567,-1.5396788697805015,grid m60 1q,grid m60 1q,4251.0,211.0,,,,,2017.0,Unknown
grid m60 2q,2024.0,2048.0,160.4,1178.0,225.0,5.0,28.0,398.0,2412544.0,14947.608426270135,10674.973451327434,0.012531328320802,1.791759469228055,3.3314383390085567,-1.5396788697805015,grid m60 2q,grid m60 2q,4316.0,339.0,,,,,2017.0,Unknown
grid m60 4a,2024.0,2048.0,160.4,1178.0,225.0,5.0,28.0,398.0,2412544.0,14947.608426270135,10674.973451327434,0.012531328320802,1.791759469228055,3.3314383390085567,-1.5396788697805015,grid m60 8a,grid m60 8a,5523.0,380.0,,,,,2019.0,Unknown
grid m60 8q,2024.0,2048.0,160.4,1178.0,225.0,5.0,28.0,398.0,2412544.0,14947.608426270135,10674.973451327434,0.012531328320802,1.791759469228055,3.3314383390085567,-1.5396788697805015,grid m60 8q,grid m60 8q,3884.0,618.0,,,,,2017.0,Unknown
grid m6 8q,2024.0,1536.0,160.4,1250.0,100.0,5.0,28.0,398.0,1920000.0,11895.910780669145,19009.90099009901,0.012531328320802,1.791759469228055,3.3314383390085567,-1.5396788697805015,grid m6 8q,grid m6 8q,3568.0,556.0,,,,,2017.0,Unknown
nvs 810,2024.0,512.0,14.4,1033.0,68.0,1.0,28.0,148.0,528896.0,34343.896103896106,7665.159420289855,0.0067114093959731,0.6931471805599453,3.3314383390085567,-2.6382911584486117,nvs 810,nvs 810,1141.0,313.0,624.99,1.83,,,2016.0,Unknown
quadro k1200,2024.0,512.0,80.19,1033.0,45.0,1.0,28.0,148.0,528896.0,6514.299790614607,11497.739130434782,0.0067114093959731,0.6931471805599453,3.3314383390085567,-2.6382911584486117,quadro k1200,quadro k1200,2874.0,575.0,204.0,14.09,45.0,63.86,2015.0,Workstation
quadro k620m,2024.0,384.0,16.02,1124.0,30.0,1.0,28.0,77.0,431616.0,25359.3419506463,13923.09677419355,0.0128205128205128,0.6931471805599453,3.3314383390085567,-2.6382911584486117,quadro k620m,quadro k620m,1157.0,157.0,,,,,2015.0,Unknown
quadro m1000m,2024.0,512.0,80.19,1072.0,40.0,1.0,28.0,148.0,548864.0,6760.241409040523,13386.926829268292,0.0067114093959731,0.6931471805599453,3.3314383390085567,-2.6382911584486117,quadro m1000m,quadro m1000m,2987.0,335.0,85.99,34.74,40.0,74.68,2015.0,"Mobile, Workstation"
quadro m2000m,2024.0,640.0,80.19,1137.0,55.0,1.0,28.0,148.0,727680.0,8962.680133021307,12994.285714285714,0.0067114093959731,0.6931471805599453,3.3314383390085567,-2.6382911584486117,quadro m2000m,quadro m2000m,3539.0,342.0,213.16,16.6,55.0,64.35,2015.0,"Mobile, Workstation"
quadro m3000m,2024.0,1024.0,160.4,924.0,75.0,5.0,28.0,398.0,946176.0,5862.304832713755,12449.684210526317,0.012531328320802,1.791759469228055,3.3314383390085567,-1.5396788697805015,quadro m3000m,quadro m3000m,5678.0,432.0,159.95,35.5,75.0,75.71,2015.0,"Mobile, Workstation"
quadro m4000,2024.0,1664.0,192.3,1250.0,120.0,5.0,28.0,398.0,2080000.0,10760.475944128297,17190.0826446281,0.012531328320802,1.791759469228055,3.3314383390085567,-1.5396788697805015,quadro m4000,quadro m4000,6644.0,689.0,362.0,18.35,120.0,55.37,2015.0,Workstation
quadro m4000m,2024.0,1280.0,160.4,1013.0,100.0,5.0,28.0,398.0,1296640.0,8033.705080545229,12838.019801980196,0.012531328320802,1.791759469228055,3.3314383390085567,-1.5396788697805015,quadro m4000m,quadro m4000m,6530.0,471.0,254.91,25.62,100.0,65.3,2015.0,"Mobile, Workstation"
quadro m5000,2024.0,2048.0,211.6,1038.0,150.0,5.0,28.0,398.0,2125824.0,9999.17215428034,14078.30463576159,0.012531328320802,1.791759469228055,3.3314383390085567,-1.5396788697805015,quadro m5000,quadro m5000,9262.0,679.0,499.0,18.56,150.0,61.74,2015.0,Workstation
quadro m5000m,2024.0,1536.0,160.4,1051.0,100.0,5.0,28.0,398.0,1614336.0,10002.081784386615,15983.524752475249,0.012531328320802,1.791759469228055,3.3314383390085567,-1.5396788697805015,quadro m5000m,quadro m5000m,6807.0,482.0,546.92,12.45,100.0,68.07,2016.0,"Mobile, Workstation"
quadro m6000,2024.0,3072.0,317.4,1114.0,250.0,8.0,28.0,601.0,3422208.0,10748.140703517587,13634.294820717132,0.0132890365448504,2.19722457733622,3.3314383390085567,-1.1342137616723371,quadro m6000,quadro m6000,11397.0,788.0,1099.98,10.36,250.0,45.59,2015.0,Workstation
quadro m600m,2024.0,384.0,80.19,876.0,30.0,1.0,28.0,148.0,336384.0,4143.170341175021,10851.09677419355,0.0067114093959731,0.6931471805599453,3.3314383390085567,-2.6382911584486117,quadro m600m,quadro m600m,2008.0,446.0,251.99,7.97,30.0,66.93,2015.0,"Mobile, Workstation"
tesla m4,2024.0,1024.0,88.0,1072.0,50.0,2.0,28.0,228.0,1097728.0,12334.022471910112,21524.07843137255,0.0087336244541484,1.0986122886681098,3.3314383390085567,-2.2328260503404467,tesla m40,tesla m40,10117.0,364.0,600.0,16.86,,,2021.0,Unknown
tesla m40,2024.0,3072.0,288.4,1112.0,250.0,8.0,28.0,601.0,3416064.0,11803.953006219766,13609.81673306773,0.0132890365448504,2.19722457733622,3.3314383390085567,-1.1342137616723371,tesla m40,tesla m40,10117.0,364.0,600.0,16.86,,,2021.0,Unknown
tesla m40 24 gb,2024.0,3072.0,288.4,1112.0,250.0,8.0,28.0,601.0,3416064.0,11803.953006219766,13609.81673306773,0.0132890365448504,2.19722457733622,3.3314383390085567,-1.1342137616723371,tesla m40 24gb,tesla m40 24gb,11658.0,372.0,,,,,2021.0,Unknown
tesla m6 mobile,2024.0,1536.0,160.4,1180.0,100.0,5.0,28.0,398.0,1812480.0,11229.739776951672,17945.346534653465,0.012531328320802,1.791759469228055,3.3314383390085567,-1.5396788697805015,vega 8 mobile,vega 8 mobile,1438.0,349.0,,,,,2017.0,Unknown
tesla m6 x2 mobile,2024.0,1536.0,160.4,1180.0,100.0,5.0,28.0,398.0,1812480.0,11229.739776951672,17945.346534653465,0.012531328320802,1.791759469228055,3.3314383390085567,-1.5396788697805015,vega 8 mobile,vega 8 mobile,1438.0,349.0,,,,,2017.0,Unknown
tesla m60,2024.0,2048.0,160.4,1178.0,300.0,5.0,28.0,398.0,2412544.0,14947.608426270135,8015.09634551495,0.012531328320802,1.791759469228055,3.3314383390085567,-1.5396788697805015,tesla m60,tesla m60,7771.0,563.0,787.9,9.86,,,2017.0,Unknown
920mx,2024.0,256.0,14.4,993.0,16.0,1.0,28.0,77.0,254208.0,16507.012987012986,14953.411764705885,0.0128205128205128,0.6931471805599453,3.3314383390085567,-2.6382911584486117,920mx,920mx,1088.0,149.0,,,,,2016.0,Unknown
930mx,2024.0,384.0,14.4,1020.0,17.0,1.0,28.0,77.0,391680.0,25433.766233766237,21760.0,0.0128205128205128,0.6931471805599453,3.3314383390085567,-2.6382911584486117,930mx,930mx,1302.0,191.0,,,17.0,76.61,2016.0,Mobile
940mx,2024.0,512.0,40.1,861.0,23.0,1.0,28.0,148.0,440832.0,10725.839416058394,18368.0,0.0067114093959731,0.6931471805599453,3.3314383390085567,-2.6382911584486117,940mx,940mx,1503.0,171.0,,,,,2016.0,Unknown
940mx,2024.0,384.0,40.1,993.0,23.0,1.0,28.0,77.0,381312.0,9277.664233576645,15888.0,0.0128205128205128,0.6931471805599453,3.3314383390085567,-2.6382911584486117,940mx,940mx,1503.0,171.0,,,,,2016.0,Unknown
940mx,2024.0,384.0,16.02,1242.0,23.0,1.0,28.0,77.0,476928.0,28021.621621621623,19872.0,0.0128205128205128,0.6931471805599453,3.3314383390085567,-2.6382911584486117,940mx,940mx,1503.0,171.0,,,,,2016.0,Unknown
945m,2024.0,384.0,16.02,1189.0,23.0,1.0,28.0,77.0,456576.0,26825.85193889542,19024.0,0.0128205128205128,0.6931471805599453,3.3314383390085567,-2.6382911584486117,945m,945m,1945.0,256.0,,,,,2015.0,Unknown
gt 610 oem,2024.0,48.0,8.0,1250.0,29.0,585.0,40.0,116.0,60000.0,6666.666666666667,2000.0,5.0,6.373319789577012,3.3314383390085567,3.0418814505684555,gtx 760 ti oem,gtx 760 ti oem,5427.0,694.0,,,,,2019.0,Unknown
gt 710,2024.0,48.0,14.37,1250.0,29.0,292.0,40.0,79.0,60000.0,3903.7085230969424,2000.0,3.65,5.680172609017068,3.3314383390085567,2.348734270008511,gt 710,gt 710,637.0,214.0,102.99,6.18,25.0,25.47,2014.0,Desktop
gtx 1050,2024.0,640.0,112.1,1455.0,75.0,3.0,14.0,132.0,931200.0,8233.42175066313,12252.631578947368,0.0225563909774436,1.3862943611198906,3.3314383390085567,-1.945143977888666,gtx 1050,gtx 1050,5090.0,475.0,203.1,25.06,75.0,67.86,2016.0,Desktop
gtx 1050 ti,2024.0,768.0,112.1,1392.0,75.0,3.0,14.0,132.0,1069056.0,9452.307692307691,14066.526315789471,0.0225563909774436,1.3862943611198906,3.3314383390085567,-1.945143977888666,gtx 1050 ti,gtx 1050 ti,6314.0,651.0,189.42,33.33,75.0,84.18,2016.0,Desktop
gtx 1060 3 gb,2024.0,1152.0,192.2,1708.0,120.0,4.0,16.0,200.0,1967616.0,10184.347826086958,16261.289256198346,0.0199004975124378,1.6094379124341005,3.3314383390085567,-1.7220004265744564,gtx 1060 3gb,gtx 1060 3gb,9728.0,779.0,305.0,31.9,120.0,81.07,2016.0,Desktop
gtx 1060 3 gb gp104,2024.0,1152.0,192.2,1708.0,120.0,7.0,16.0,314.0,1967616.0,10184.347826086958,16261.289256198346,0.0222222222222222,2.079441541679836,3.3314383390085567,-1.251996797328721,gtx 1060 3gb,gtx 1060 3gb,9728.0,779.0,305.0,31.9,120.0,81.07,2016.0,Desktop
gtx 1060 6 gb,2024.0,1280.0,192.2,1709.0,120.0,4.0,16.0,200.0,2187520.0,11322.56728778468,18078.677685950413,0.0199004975124378,1.6094379124341005,3.3314383390085567,-1.7220004265744564,gtx 1060 5gb,gtx 1060 5gb,8704.0,680.0,487.99,17.84,120.0,72.54,2018.0,Desktop
gtx 1060 mobile,2024.0,1280.0,192.2,1671.0,80.0,4.0,16.0,200.0,2138880.0,11070.80745341615,26405.925925925927,0.0199004975124378,1.6094379124341005,3.3314383390085567,-1.7220004265744564,gtx 1060 mobile,gtx 1060 mobile,8161.0,444.0,,,80.0,102.01,2019.0,Mobile
gtx 1070,2024.0,1920.0,256.3,1683.0,150.0,7.0,16.0,314.0,3231360.0,12558.725223474545,21399.735099337748,0.0222222222222222,2.079441541679836,3.3314383390085567,-1.251996797328721,gtx 1070,gtx 1070,13482.0,857.0,342.55,39.36,150.0,89.88,2016.0,Desktop
gtx 1070 mobile,2024.0,2048.0,256.3,1645.0,120.0,7.0,16.0,314.0,3368960.0,13093.509521958802,27842.644628099173,0.0222222222222222,2.079441541679836,3.3314383390085567,-1.251996797328721,gtx 1070 mobile,gtx 1070 mobile,10465.0,603.0,,,,,2019.0,Mobile
gtx 1080,2024.0,2560.0,320.3,1733.0,180.0,7.0,16.0,314.0,4436480.0,13807.905384375972,24510.93922651934,0.0222222222222222,2.079441541679836,3.3314383390085567,-1.251996797328721,gtx 1080,gtx 1080,15265.0,890.0,442.79,34.47,180.0,84.8,2016.0,Desktop
gtx 1080 mobile,2024.0,2560.0,320.3,1734.0,150.0,7.0,16.0,314.0,4439040.0,13815.873015873016,29397.615894039736,0.0222222222222222,2.079441541679836,3.3314383390085567,-1.251996797328721,gtx 1070 mobile,gtx 1070 mobile,10465.0,603.0,,,,,2019.0,Mobile
gtx 760 oem,2024.0,1344.0,211.2,1046.0,170.0,3.0,28.0,294.0,1405824.0,6624.995287464656,8221.192982456141,0.0101694915254237,1.3862943611198906,3.3314383390085567,-1.945143977888666,gtx 760 ti oem,gtx 760 ti oem,5427.0,694.0,,,,,2019.0,Unknown
gtx 950 low power,2024.0,768.0,105.8,1190.0,75.0,2.0,28.0,228.0,913920.0,8557.303370786518,12025.263157894737,0.0087336244541484,1.0986122886681098,3.3314383390085567,-2.2328260503404467,gtx 1650 super,gtx 1650 super,10032.0,761.0,441.05,22.75,100.0,100.32,2019.0,Desktop
gtx 950 oem,2024.0,1024.0,80.19,1203.0,50.0,2.0,28.0,228.0,1231872.0,15172.705998275653,24154.352941176472,0.0087336244541484,1.0986122886681098,3.3314383390085567,-2.2328260503404467,gtx 950m,gtx 950m,2602.0,219.0,567.0,4.59,75.0,34.7,2015.0,Mobile
gtx 965m,2024.0,1024.0,80.19,1150.0,50.0,2.0,28.0,228.0,1177600.0,14504.249291784705,23090.19607843137,0.0087336244541484,1.0986122886681098,3.3314383390085567,-2.2328260503404467,gtx 965m,gtx 965m,3824.0,338.0,,,60.0,63.73,2015.0,Mobile
gtx 980mx,2024.0,1664.0,192.0,1178.0,148.0,5.0,28.0,398.0,1960192.0,10156.435233160622,13155.651006711409,0.012531328320802,1.791759469228055,3.3314383390085567,-1.5396788697805015,gtx 980m,gtx 980m,7317.0,514.0,289.99,25.23,100.0,73.17,2014.0,Mobile
grid m10 8q,2024.0,640.0,83.2,1306.0,225.0,1.0,28.0,148.0,835840.0,9926.840855106888,3698.407079646018,0.0067114093959731,0.6931471805599453,3.3314383390085567,-2.6382911584486117,grid m10 8q,grid m10 8q,2606.0,557.0,,,,,2018.0,Unknown
grid m3 3020,2024.0,640.0,83.2,1306.0,50.0,1.0,28.0,148.0,835840.0,9926.840855106888,16389.019607843136,0.0067114093959731,0.6931471805599453,3.3314383390085567,-2.6382911584486117,grid m6 0b,grid m6 0b,912.0,764.0,,,,,2016.0,Workstation
grid m40,2024.0,384.0,83.2,1250.0,50.0,1.0,28.0,148.0,480000.0,5700.712589073634,9411.764705882351,0.0067114093959731,0.6931471805599453,3.3314383390085567,-2.6382911584486117,grid m6 0b,grid m6 0b,912.0,764.0,,,,,2016.0,Workstation
quadro gp100,2024.0,3584.0,732.2,1443.0,235.0,15.0,16.0,610.0,5171712.0,7053.617021276596,21914.03389830509,0.0245499181669394,2.772588722239781,3.3314383390085567,-0.5588496167687755,quadro gp100,quadro gp100,16203.0,858.0,,,235.0,68.95,2017.0,Workstation
quadro m2000,2024.0,768.0,105.8,1163.0,75.0,2.0,28.0,228.0,893184.0,8363.14606741573,11752.421052631578,0.0087336244541484,1.0986122886681098,3.3314383390085567,-2.2328260503404467,quadro m2000,quadro m2000,3942.0,565.0,264.24,14.92,75.0,52.56,2016.0,Workstation
quadro m3000 se,2024.0,1024.0,160.4,924.0,75.0,5.0,28.0,398.0,946176.0,5862.304832713755,12449.684210526317,0.012531328320802,1.791759469228055,3.3314383390085567,-1.5396788697805015,quadro m3000m,quadro m3000m,5678.0,432.0,159.95,35.5,75.0,75.71,2015.0,"Mobile, Workstation"
quadro m500m,2024.0,384.0,14.4,1124.0,30.0,1.0,28.0,77.0,431616.0,28027.012987012982,13923.09677419355,0.0128205128205128,0.6931471805599453,3.3314383390085567,-2.6382911584486117,quadro m500m,quadro m500m,1098.0,186.0,,,30.0,36.59,2016.0,"Mobile, Workstation"
quadro m5500 mobile,2024.0,2048.0,224.4,1165.0,150.0,5.0,28.0,398.0,2385920.0,10585.270629991126,15800.794701986755,0.012531328320802,1.791759469228055,3.3314383390085567,-1.5396788697805015,quadro rtx 5000 mobile,quadro rtx 5000 mobile,14832.0,705.0,,,110.0,134.84,2019.0,"Mobile, Workstation"
quadro m6000 24 gb,2024.0,3072.0,317.4,1114.0,250.0,8.0,28.0,601.0,3422208.0,10748.140703517587,13634.294820717132,0.0132890365448504,2.19722457733622,3.3314383390085567,-1.1342137616723371,quadro m6000 24gb,quadro m6000 24gb,12264.0,774.0,,,250.0,49.06,2016.0,Workstation
quadro p5000,2024.0,2560.0,288.5,1733.0,180.0,7.0,16.0,314.0,4436480.0,15324.628670120896,24510.93922651934,0.0222222222222222,2.079441541679836,3.3314383390085567,-1.251996797328721,quadro p5000,quadro p5000,11976.0,701.0,1868.99,6.41,180.0,66.54,2016.0,Workstation
quadro p6000,2024.0,3840.0,432.8,1645.0,250.0,11.0,16.0,471.0,6316800.0,14561.549100968188,25166.533864541834,0.0233050847457627,2.4849066497880004,3.3314383390085567,-0.8465316892205563,quadro p6000,quadro p6000,15811.0,773.0,3250.0,4.87,250.0,63.25,2016.0,Workstation
tesla m10,2024.0,640.0,83.2,1306.0,225.0,1.0,28.0,148.0,835840.0,9926.840855106888,3698.407079646018,0.0067114093959731,0.6931471805599453,3.3314383390085567,-2.6382911584486117,tesla m10,tesla m10,3490.0,522.0,2695.0,1.3,,,2019.0,Unknown
tesla p10,2024.0,3840.0,694.3,1493.0,150.0,11.0,16.0,471.0,5733120.0,8245.534301740257,37967.682119205296,0.0233050847457627,2.4849066497880004,3.3314383390085567,-0.8465316892205563,tesla t10,tesla t10,13264.0,624.0,,,,,2020.0,Unknown
tesla p100 dgxs,2024.0,3584.0,732.2,1480.0,300.0,15.0,16.0,610.0,5304320.0,7234.478996181123,17622.325581395347,0.0245499181669394,2.772588722239781,3.3314383390085567,-0.5588496167687755,tesla p100 pcie 16gb,tesla p100 pcie 16gb,7225.0,572.0,,,,,2019.0,Unknown
tesla p100 pcie 12 gb,2024.0,3584.0,549.1,1329.0,250.0,15.0,16.0,610.0,4763136.0,8658.672968551173,18976.637450199203,0.0245499181669394,2.772588722239781,3.3314383390085567,-0.5588496167687755,tesla p100 pcie 16gb,tesla p100 pcie 16gb,7225.0,572.0,,,,,2019.0,Unknown
tesla p100 pcie 16 gb,2024.0,3584.0,732.2,1329.0,250.0,15.0,16.0,610.0,4763136.0,6496.366612111293,18976.637450199203,0.0245499181669394,2.772588722239781,3.3314383390085567,-0.5588496167687755,tesla p100 pcie 16gb,tesla p100 pcie 16gb,7225.0,572.0,,,,,2019.0,Unknown
tesla p100 sxm2,2024.0,3584.0,732.2,1480.0,300.0,15.0,16.0,610.0,5304320.0,7234.478996181123,17622.325581395347,0.0245499181669394,2.772588722239781,3.3314383390085567,-0.5588496167687755,tesla v100 sxm2 16gb,tesla v100 sxm2 16gb,16235.0,406.0,,,,,2019.0,Unknown
tesla p4,2024.0,2560.0,192.3,1114.0,75.0,7.0,16.0,314.0,2851840.0,14753.440248318677,37524.21052631579,0.0222222222222222,2.079441541679836,3.3314383390085567,-1.251996797328721,tesla t4,tesla t4,11113.0,567.0,4853.98,2.29,,,2020.0,Unknown
tesla p40,2024.0,3840.0,347.1,1531.0,250.0,11.0,16.0,471.0,5879040.0,16888.93995978167,23422.470119521917,0.0233050847457627,2.4849066497880004,3.3314383390085567,-0.8465316892205563,tesla m40,tesla m40,10117.0,364.0,600.0,16.86,,,2021.0,Unknown
titan x pascal,2024.0,3584.0,480.4,1531.0,250.0,11.0,16.0,471.0,5487104.0,11398.221852928958,21860.972111553783,0.0233050847457627,2.4849066497880004,3.3314383390085567,-0.8465316892205563,titan xp,titan xp,19508.0,992.0,,,250.0,78.03,2020.0,Unknown
titan x pascal,2024.0,3584.0,480.4,1531.0,250.0,11.0,16.0,471.0,5487104.0,11398.221852928958,21860.972111553783,0.0233050847457627,2.4849066497880004,3.3314383390085567,-0.8465316892205563,titan xp,titan xp,18280.0,812.0,1645.0,11.11,250.0,73.12,2017.0,Desktop
gt 1030,2024.0,384.0,48.06,1468.0,30.0,1.0,14.0,74.0,563712.0,11490.25682837342,18184.25806451613,0.0133333333333333,0.6931471805599453,3.3314383390085567,-2.6382911584486117,gt 1030,gt 1030,2545.0,449.0,109.99,23.13,30.0,84.82,2017.0,Desktop
gt 720 oem,2024.0,192.0,28.51,1250.0,50.0,1.0,28.0,118.0,240000.0,8132.836326668926,4705.882352941177,0.0084033613445378,0.6931471805599453,3.3314383390085567,-2.6382911584486117,gt 720m,gt 720m,467.0,116.0,,,,,2013.0,Mobile
gtx 1050 mobile,2024.0,640.0,112.1,1493.0,75.0,3.0,14.0,132.0,955520.0,8448.45269672856,12572.631578947368,0.0225563909774436,1.3862943611198906,3.3314383390085567,-1.945143977888666,gtx 1050 mobile,gtx 1050 mobile,4462.0,292.0,,,,,2019.0,Mobile
gtx 1050 mobile,2024.0,640.0,112.1,1493.0,75.0,3.0,14.0,132.0,955520.0,8448.45269672856,12572.631578947368,0.0225563909774436,1.3862943611198906,3.3314383390085567,-1.945143977888666,gtx 1050 mobile,gtx 1050 mobile,4462.0,292.0,,,,,2019.0,Mobile
gtx 1050 ti mobile,2024.0,768.0,112.1,1620.0,75.0,3.0,14.0,132.0,1244160.0,11000.53050397878,16370.526315789471,0.0225563909774436,1.3862943611198906,3.3314383390085567,-1.945143977888666,gtx 1050 ti mobile,gtx 1050 ti mobile,5919.0,323.0,,,,,2019.0,Mobile
gtx 1050 ti mobile,2024.0,768.0,112.1,1620.0,75.0,4.0,16.0,200.0,1244160.0,11000.53050397878,16370.526315789471,0.0199004975124378,1.6094379124341005,3.3314383390085567,-1.7220004265744564,gtx 1050 ti mobile,gtx 1050 ti mobile,5919.0,323.0,,,,,2019.0,Mobile
gtx 1060 5 gb,2024.0,1280.0,160.2,1709.0,120.0,4.0,16.0,200.0,2187520.0,13570.223325062036,18078.677685950413,0.0199004975124378,1.6094379124341005,3.3314383390085567,-1.7220004265744564,gtx 1060 5gb,gtx 1060 5gb,8704.0,680.0,487.99,17.84,120.0,72.54,2018.0,Desktop
gtx 1060 6 gb 9gbps,2024.0,1280.0,216.7,1709.0,120.0,4.0,16.0,200.0,2187520.0,10048.323380799266,18078.677685950413,0.0199004975124378,1.6094379124341005,3.3314383390085567,-1.7220004265744564,gtx 1060 5gb,gtx 1060 5gb,8704.0,680.0,487.99,17.84,120.0,72.54,2018.0,Desktop
gtx 1060 max q,2024.0,1280.0,192.2,1480.0,80.0,4.0,16.0,200.0,1894400.0,9805.383022774327,23387.65432098765,0.0199004975124378,1.6094379124341005,3.3314383390085567,-1.7220004265744564,gtx 1060,gtx 1060,10070.0,762.0,279.99,35.97,120.0,83.92,2016.0,Desktop
gtx 1070 max q,2024.0,2048.0,256.3,1379.0,115.0,7.0,16.0,314.0,2824192.0,10976.261173727164,24346.48275862069,0.0222222222222222,2.079441541679836,3.3314383390085567,-1.251996797328721,gtx 1070,gtx 1070,13482.0,857.0,342.55,39.36,150.0,89.88,2016.0,Desktop
gtx 1070 ti,2024.0,2432.0,256.3,1683.0,180.0,7.0,16.0,314.0,4093056.0,15907.718616401087,22613.56906077348,0.0222222222222222,2.079441541679836,3.3314383390085567,-1.251996797328721,gtx 1070 ti,gtx 1070 ti,14500.0,877.0,389.0,37.28,180.0,80.56,2017.0,Desktop
gtx 1080 11gbps,2024.0,2560.0,352.3,1733.0,180.0,7.0,16.0,314.0,4436480.0,12557.26011887914,24510.93922651934,0.0222222222222222,2.079441541679836,3.3314383390085567,-1.251996797328721,gtx 1060 5gb,gtx 1060 5gb,8704.0,680.0,487.99,17.84,120.0,72.54,2018.0,Desktop
gtx 1080 max q,2024.0,2560.0,320.3,1366.0,150.0,7.0,16.0,314.0,3496960.0,10883.784624961096,23158.675496688746,0.0222222222222222,2.079441541679836,3.3314383390085567,-1.251996797328721,gtx 1080,gtx 1080,15265.0,890.0,442.79,34.47,180.0,84.8,2016.0,Desktop
gtx 1080 ti,2024.0,3584.0,484.4,1582.0,250.0,11.0,16.0,471.0,5669888.0,11680.857025133912,22589.195219123507,0.0233050847457627,2.4849066497880004,3.3314383390085567,-0.8465316892205563,gtx 1080 ti,gtx 1080 ti,18284.0,934.0,604.15,30.26,250.0,73.14,2017.0,Desktop
mx110,2024.0,256.0,40.1,1006.0,30.0,1.0,28.0,77.0,257536.0,6266.082725060827,8307.612903225807,0.0128205128205128,0.6931471805599453,3.3314383390085567,-2.6382911584486117,mx110,mx110,1469.0,195.0,,,,,2017.0,Unknown
mx130,2024.0,384.0,40.1,1189.0,30.0,1.0,28.0,77.0,456576.0,11108.905109489053,14728.258064516129,0.0128205128205128,0.6931471805599453,3.3314383390085567,-2.6382911584486117,mx130,mx130,1895.0,195.0,,,,,2018.0,Unknown
mx150,2024.0,384.0,48.06,1532.0,25.0,1.0,14.0,74.0,588288.0,11991.194455768446,22626.46153846154,0.0133333333333333,0.6931471805599453,3.3314383390085567,-2.6382911584486117,mx150,mx150,2310.0,218.0,59.29,38.97,25.0,92.41,2017.0,Mobile
mx150,2024.0,384.0,40.1,1038.0,10.0,1.0,14.0,74.0,398592.0,9698.102189781022,36235.63636363636,0.0133333333333333,0.6931471805599453,3.3314383390085567,-2.6382911584486117,mx150,mx150,2310.0,218.0,59.29,38.97,25.0,92.41,2017.0,Mobile
p104 100,2024.0,1920.0,320.3,1733.0,50.0,7.0,16.0,314.0,3327360.0,10355.92903828198,65242.35294117647,0.0222222222222222,2.079441541679836,3.3314383390085567,-1.251996797328721,p104 100,p104 100,4450.0,114.0,299.99,14.83,,,2020.0,Unknown
p106 090,2024.0,768.0,192.2,1531.0,75.0,4.0,16.0,200.0,1175808.0,6085.962732919255,15471.157894736842,0.0199004975124378,1.6094379124341005,3.3314383390085567,-1.7220004265744564,p106 090,p106 090,2402.0,104.0,,,,,2020.0,Unknown
p106 100,2024.0,1280.0,192.2,1709.0,120.0,4.0,16.0,200.0,2187520.0,11322.56728778468,18078.677685950413,0.0199004975124378,1.6094379124341005,3.3314383390085567,-1.7220004265744564,p106 100,p106 100,5967.0,339.0,,,,,2019.0,Unknown
quadro m1200 mobile,2024.0,640.0,80.19,1148.0,45.0,1.0,28.0,148.0,734720.0,9049.390319004804,15972.173913043478,0.0067114093959731,0.6931471805599453,3.3314383390085567,-2.6382911584486117,quadro rtx 5000 mobile,quadro rtx 5000 mobile,14832.0,705.0,,,110.0,134.84,2019.0,"Mobile, Workstation"
quadro m2200 mobile,2024.0,1024.0,88.13,1036.0,55.0,2.0,28.0,228.0,1060864.0,11902.434646022664,18944.0,0.0087336244541484,1.0986122886681098,3.3314383390085567,-2.2328260503404467,quadro rtx 5000 mobile,quadro rtx 5000 mobile,14832.0,705.0,,,110.0,134.84,2019.0,"Mobile, Workstation"
quadro m520 mobile,2024.0,384.0,40.1,1176.0,25.0,1.0,28.0,77.0,451584.0,10987.445255474451,17368.615384615383,0.0128205128205128,0.6931471805599453,3.3314383390085567,-2.6382911584486117,quadro rtx 5000 mobile,quadro rtx 5000 mobile,14832.0,705.0,,,110.0,134.84,2019.0,"Mobile, Workstation"
quadro m620 mobile,2024.0,512.0,80.19,1018.0,30.0,1.0,28.0,148.0,521216.0,6419.706860450795,16813.41935483871,0.0067114093959731,0.6931471805599453,3.3314383390085567,-2.6382911584486117,quadro m620,quadro m620,2845.0,422.0,,,30.0,94.83,2017.0,"Mobile, Workstation"
quadro p1000,2024.0,512.0,96.13,1392.0,47.0,3.0,14.0,132.0,712704.0,7337.629980438588,14848.0,0.0225563909774436,1.3862943611198906,3.3314383390085567,-1.945143977888666,quadro p1000,quadro p1000,4466.0,659.0,213.2,20.95,47.0,95.02,2017.0,Workstation
quadro p1000,2024.0,640.0,80.19,1480.0,47.0,3.0,14.0,132.0,947200.0,11666.461386870304,19733.33333333333,0.0225563909774436,1.3862943611198906,3.3314383390085567,-1.945143977888666,quadro p1000,quadro p1000,4466.0,659.0,213.2,20.95,47.0,95.02,2017.0,Workstation
quadro p1000 mobile,2024.0,512.0,96.13,1519.0,40.0,3.0,14.0,132.0,777728.0,8007.083290435499,18968.975609756097,0.0225563909774436,1.3862943611198906,3.3314383390085567,-1.945143977888666,quadro rtx 5000 mobile,quadro rtx 5000 mobile,14832.0,705.0,,,110.0,134.84,2019.0,"Mobile, Workstation"
quadro p2000,2024.0,1024.0,140.2,1480.0,75.0,4.0,16.0,200.0,1515520.0,10733.14447592068,19941.052631578947,0.0199004975124378,1.6094379124341005,3.3314383390085567,-1.7220004265744564,quadro p2000,quadro p2000,7096.0,692.0,542.0,13.09,75.0,94.61,2017.0,Workstation
quadro p2000 mobile,2024.0,768.0,96.13,1607.0,50.0,3.0,14.0,132.0,1234176.0,12706.434675177596,24199.529411764703,0.0225563909774436,1.3862943611198906,3.3314383390085567,-1.945143977888666,quadro rtx 5000 mobile,quadro rtx 5000 mobile,14832.0,705.0,,,110.0,134.84,2019.0,"Mobile, Workstation"
quadro p3000 mobile,2024.0,1280.0,168.2,1215.0,75.0,7.0,16.0,314.0,1555200.0,9191.489361702128,20463.157894736843,0.0222222222222222,2.079441541679836,3.3314383390085567,-1.251996797328721,quadro rtx 5000 mobile,quadro rtx 5000 mobile,14832.0,705.0,,,110.0,134.84,2019.0,"Mobile, Workstation"
quadro p400,2024.0,256.0,32.06,1252.0,30.0,3.0,14.0,132.0,320512.0,9694.857834240776,10339.09677419355,0.0225563909774436,1.3862943611198906,3.3314383390085567,-1.945143977888666,quadro p400,quadro p400,1614.0,427.0,201.17,8.02,30.0,53.8,2017.0,Workstation
quadro p4000,2024.0,1792.0,243.3,1480.0,105.0,7.0,16.0,314.0,2652160.0,10856.16045845272,25020.377358490565,0.0222222222222222,2.079441541679836,3.3314383390085567,-1.251996797328721,quadro p4000,quadro p4000,11422.0,820.0,556.19,20.54,105.0,108.78,2017.0,Workstation
quadro p4000 max q,2024.0,1792.0,192.3,1228.0,100.0,7.0,16.0,314.0,2200576.0,11384.252457320226,21787.88118811881,0.0222222222222222,2.079441541679836,3.3314383390085567,-1.251996797328721,quadro p4000,quadro p4000,11422.0,820.0,556.19,20.54,105.0,108.78,2017.0,Workstation
quadro p4000 mobile,2024.0,1792.0,192.0,1228.0,100.0,7.0,16.0,314.0,2200576.0,11401.948186528498,21787.88118811881,0.0222222222222222,2.079441541679836,3.3314383390085567,-1.251996797328721,quadro rtx 4000 mobile,quadro rtx 4000 mobile,13008.0,588.0,,,110.0,118.26,2019.0,Mobile
quadro p5000 mobile,2024.0,2048.0,192.0,1506.0,100.0,7.0,16.0,314.0,3084288.0,15980.76683937824,30537.50495049505,0.0222222222222222,2.079441541679836,3.3314383390085567,-1.251996797328721,quadro rtx 5000 mobile,quadro rtx 5000 mobile,14832.0,705.0,,,110.0,134.84,2019.0,"Mobile, Workstation"
quadro p5000 x2 mobile,2024.0,2048.0,192.0,1506.0,200.0,7.0,16.0,314.0,3084288.0,15980.76683937824,15344.716417910447,0.0222222222222222,2.079441541679836,3.3314383390085567,-1.251996797328721,quadro rtx 5000 mobile,quadro rtx 5000 mobile,14832.0,705.0,,,110.0,134.84,2019.0,"Mobile, Workstation"
quadro p600,2024.0,384.0,64.13,1557.0,40.0,3.0,14.0,132.0,597888.0,9179.917088899125,14582.634146341465,0.0225563909774436,1.3862943611198906,3.3314383390085567,-1.945143977888666,quadro p600,quadro p600,3324.0,482.0,325.99,10.2,40.0,83.11,2017.0,Workstation
quadro p600 mobile,2024.0,384.0,80.13,1620.0,40.0,3.0,14.0,132.0,622080.0,7667.693824725749,15172.682926829268,0.0225563909774436,1.3862943611198906,3.3314383390085567,-1.945143977888666,quadro rtx 5000 mobile,quadro rtx 5000 mobile,14832.0,705.0,,,110.0,134.84,2019.0,"Mobile, Workstation"
switch gpu 20nm,2024.0,256.0,25.6,768.0,15.0,2.0,20.0,118.0,196608.0,7391.278195488721,12288.0,0.0168067226890756,1.0986122886681098,3.3314383390085567,-2.2328260503404467,igp 320m,igp 320m,4.0,101.0,,,,,2009.0,Unknown
tesla p6 mobile,2024.0,2048.0,192.3,1506.0,90.0,7.0,16.0,314.0,3084288.0,15955.96482152095,33893.27472527473,0.0222222222222222,2.079441541679836,3.3314383390085567,-1.251996797328721,vega 8 mobile,vega 8 mobile,1438.0,349.0,,,,,2017.0,Unknown
tesla v100 pcie 16 gb,2024.0,5120.0,897.0,1380.0,300.0,21.0,12.0,815.0,7065600.0,7868.15144766147,23473.75415282392,0.025735294117647,3.091042453358316,3.3314383390085567,-0.2403958856502406,tesla p100 pcie 16gb,tesla p100 pcie 16gb,7225.0,572.0,,,,,2019.0,Unknown
tesla v100 sxm2 16 gb,2024.0,5120.0,897.0,1530.0,250.0,21.0,12.0,815.0,7833600.0,8723.385300668151,31209.561752988047,0.025735294117647,3.091042453358316,3.3314383390085567,-0.2403958856502406,tesla v100 sxm2 16gb,tesla v100 sxm2 16gb,16235.0,406.0,,,,,2019.0,Unknown
titan v,2024.0,5120.0,651.3,1455.0,250.0,21.0,12.0,815.0,7449600.0,11420.512034340029,29679.6812749004,0.025735294117647,3.091042453358316,3.3314383390085567,-0.2403958856502406,titan v,titan v,18816.0,845.0,1999.99,9.41,250.0,75.26,2017.0,Desktop
titan xp,2024.0,3840.0,547.6,1582.0,250.0,11.0,16.0,471.0,6074880.0,11073.423259205249,24202.70916334661,0.0233050847457627,2.4849066497880004,3.3314383390085567,-0.8465316892205563,titan xp,titan xp,19508.0,992.0,,,250.0,78.03,2020.0,Unknown
titan xp,2024.0,3840.0,547.6,1582.0,250.0,11.0,16.0,471.0,6074880.0,11073.423259205249,24202.70916334661,0.0233050847457627,2.4849066497880004,3.3314383390085567,-0.8465316892205563,titan xp,titan xp,18280.0,812.0,1645.0,11.11,250.0,73.12,2017.0,Desktop
gt 1030 ddr4,2024.0,384.0,16.8,1379.0,20.0,1.0,14.0,74.0,529536.0,29749.213483146068,25216.0,0.0133333333333333,0.6931471805599453,3.3314383390085567,-2.6382911584486117,gt 1030,gt 1030,2545.0,449.0,109.99,23.13,30.0,84.82,2017.0,Desktop
gt 1030 gk107,2024.0,384.0,80.0,1250.0,65.0,1.0,28.0,118.0,480000.0,5925.925925925926,7272.727272727273,0.0084033613445378,0.6931471805599453,3.3314383390085567,-2.6382911584486117,gt 1030,gt 1030,2545.0,449.0,109.99,23.13,30.0,84.82,2017.0,Desktop
gtx 1050 3 gb,2024.0,768.0,84.1,1518.0,75.0,3.0,14.0,132.0,1165824.0,13699.45945945946,15339.78947368421,0.0225563909774436,1.3862943611198906,3.3314383390085567,-1.945143977888666,gtx 1060 3gb,gtx 1060 3gb,9728.0,779.0,305.0,31.9,120.0,81.07,2016.0,Desktop
gtx 1050 max q,2024.0,640.0,112.1,1139.0,75.0,3.0,14.0,132.0,728960.0,6445.26967285588,9591.578947368422,0.0225563909774436,1.3862943611198906,3.3314383390085567,-1.945143977888666,gtx 1050,gtx 1050,5090.0,475.0,203.1,25.06,75.0,67.86,2016.0,Desktop
gtx 1050 ti max q,2024.0,768.0,112.1,1291.0,75.0,3.0,14.0,132.0,991488.0,8766.472148541114,13045.894736842103,0.0225563909774436,1.3862943611198906,3.3314383390085567,-1.945143977888666,gtx 1050 ti,gtx 1050 ti,6314.0,651.0,189.42,33.33,75.0,84.18,2016.0,Desktop
gtx 1060 6 gb gddr5x,2024.0,1280.0,192.2,1709.0,120.0,7.0,16.0,314.0,2187520.0,11322.56728778468,18078.677685950413,0.0222222222222222,2.079441541679836,3.3314383390085567,-1.251996797328721,gtx 1060 5gb,gtx 1060 5gb,8704.0,680.0,487.99,17.84,120.0,72.54,2018.0,Desktop
gtx 1060 6 gb gp104,2024.0,1280.0,192.2,1708.0,120.0,7.0,16.0,314.0,2186240.0,11315.942028985508,18068.09917355372,0.0222222222222222,2.079441541679836,3.3314383390085567,-1.251996797328721,gtx 1060 5gb,gtx 1060 5gb,8704.0,680.0,487.99,17.84,120.0,72.54,2018.0,Desktop
gtx 1060 6 gb rev 2,2024.0,1280.0,192.2,1709.0,120.0,4.0,16.0,200.0,2187520.0,11322.56728778468,18078.677685950413,0.0199004975124378,1.6094379124341005,3.3314383390085567,-1.7220004265744564,gtx 1060 5gb,gtx 1060 5gb,8704.0,680.0,487.99,17.84,120.0,72.54,2018.0,Desktop
gtx 1070 gddr5x,2024.0,1920.0,256.3,1683.0,150.0,7.0,16.0,314.0,3231360.0,12558.725223474545,21399.735099337748,0.0222222222222222,2.079441541679836,3.3314383390085567,-1.251996797328721,gtx 1070,gtx 1070,13482.0,857.0,342.55,39.36,150.0,89.88,2016.0,Desktop
rtx 2070,2024.0,2304.0,448.0,1620.0,175.0,10.0,12.0,445.0,3732480.0,8312.873051224944,21207.272727272728,0.0224215246636771,2.3978952727983707,3.3314383390085567,-0.933543066210186,rtx 2070,rtx 2070,16079.0,833.0,627.44,25.63,175.0,91.88,2018.0,Desktop
rtx 2080,2024.0,2944.0,448.0,1710.0,215.0,13.0,12.0,545.0,5034240.0,11212.115812917596,23306.666666666668,0.0238095238095238,2.6390573296152584,3.3314383390085567,-0.6923810093932983,rtx 2080,rtx 2080,18732.0,917.0,633.03,29.59,250.0,74.93,2018.0,Desktop
rtx 2080 ti,2024.0,4352.0,616.0,1545.0,250.0,18.0,12.0,754.0,6723840.0,10897.633711507293,26788.20717131474,0.023841059602649,2.9444389791664403,3.3314383390085567,-0.3869993598421164,rtx 2080 ti,rtx 2080 ti,21796.0,940.0,998.59,21.83,250.0,87.18,2018.0,Desktop
p102 100,2024.0,3200.0,440.3,1683.0,250.0,11.0,16.0,471.0,5385600.0,12203.942895989125,21456.57370517928,0.0233050847457627,2.4849066497880004,3.3314383390085567,-0.8465316892205563,p106 100,p106 100,5967.0,339.0,,,,,2019.0,Unknown
p102 101,2024.0,3200.0,320.3,1670.0,250.0,11.0,16.0,471.0,5344000.0,16632.43075007781,21290.836653386454,0.0233050847457627,2.4849066497880004,3.3314383390085567,-0.8465316892205563,p106 100,p106 100,5967.0,339.0,,,,,2019.0,Unknown
p104 101,2024.0,2560.0,256.3,1683.0,50.0,7.0,16.0,314.0,4308480.0,16744.966964632724,84480.0,0.0222222222222222,2.079441541679836,3.3314383390085567,-1.251996797328721,p104 100,p104 100,4450.0,114.0,299.99,14.83,,,2020.0,Unknown
quadro gv100,2024.0,5120.0,868.4,1627.0,250.0,21.0,12.0,815.0,8330240.0,9581.596503335631,33188.20717131474,0.025735294117647,3.091042453358316,3.3314383390085567,-0.2403958856502406,quadro gv100,quadro gv100,17675.0,841.0,8999.0,1.96,250.0,70.7,2018.0,Workstation
quadro p3200 max q,2024.0,1792.0,168.3,1404.0,75.0,7.0,16.0,314.0,2515968.0,14861.00413467218,33104.84210526316,0.0222222222222222,2.079441541679836,3.3314383390085567,-1.251996797328721,quadro p3200,quadro p3200,8663.0,510.0,389.3,22.25,,,2018.0,Unknown
quadro p3200 mobile,2024.0,1792.0,168.2,1543.0,75.0,7.0,16.0,314.0,2765056.0,16341.93853427896,36382.31578947369,0.0222222222222222,2.079441541679836,3.3314383390085567,-1.251996797328721,quadro rtx 5000 mobile,quadro rtx 5000 mobile,14832.0,705.0,,,110.0,134.84,2019.0,"Mobile, Workstation"
quadro p4200 max q,2024.0,2304.0,224.4,1480.0,100.0,7.0,16.0,314.0,3409920.0,15128.305235137534,33761.58415841584,0.0222222222222222,2.079441541679836,3.3314383390085567,-1.251996797328721,quadro p4200,quadro p4200,9827.0,607.0,,,100.0,98.27,2018.0,Workstation
quadro p4200 mobile,2024.0,2304.0,224.4,1594.0,100.0,7.0,16.0,314.0,3672576.0,16293.593611357586,36362.13861386139,0.0222222222222222,2.079441541679836,3.3314383390085567,-1.251996797328721,quadro rtx 4000 mobile,quadro rtx 4000 mobile,13008.0,588.0,,,110.0,118.26,2019.0,Mobile
quadro p500 mobile,2024.0,256.0,40.1,1519.0,18.0,1.0,14.0,74.0,388864.0,9461.411192214113,20466.526315789477,0.0133333333333333,0.6931471805599453,3.3314383390085567,-2.6382911584486117,quadro rtx 5000 mobile,quadro rtx 5000 mobile,14832.0,705.0,,,110.0,134.84,2019.0,"Mobile, Workstation"
quadro p5200 max q,2024.0,2560.0,230.9,1569.0,100.0,7.0,16.0,314.0,4016640.0,17320.569210866754,39768.71287128713,0.0222222222222222,2.079441541679836,3.3314383390085567,-1.251996797328721,quadro p5200,quadro p5200,12144.0,667.0,,,,,2018.0,Mobile
quadro p5200 mobile,2024.0,2560.0,230.9,1759.0,100.0,7.0,16.0,314.0,4503040.0,19418.025010780508,44584.55445544554,0.0222222222222222,2.079441541679836,3.3314383390085567,-1.251996797328721,quadro rtx 5000 mobile,quadro rtx 5000 mobile,14832.0,705.0,,,110.0,134.84,2019.0,"Mobile, Workstation"
quadro p620,2024.0,512.0,80.13,1354.0,40.0,3.0,14.0,132.0,693248.0,8544.903241710836,16908.48780487805,0.0225563909774436,1.3862943611198906,3.3314383390085567,-1.945143977888666,quadro p620,quadro p620,3640.0,575.0,236.49,15.39,40.0,91.0,2018.0,Workstation
quadro p620 mobile,2024.0,512.0,96.13,1443.0,40.0,3.0,14.0,132.0,738816.0,7606.46556161845,18019.90243902439,0.0225563909774436,1.3862943611198906,3.3314383390085567,-1.945143977888666,quadro p620,quadro p620,3640.0,575.0,236.49,15.39,40.0,91.0,2018.0,Workstation
quadro rtx 4000,2024.0,2304.0,416.0,1545.0,160.0,13.0,12.0,545.0,3559680.0,8536.402877697841,22109.813664596277,0.0238095238095238,2.6390573296152584,3.3314383390085567,-0.6923810093932983,quadro rtx 4000,quadro rtx 4000,15515.0,904.0,899.0,17.26,160.0,96.97,2019.0,Workstation
quadro rtx 5000,2024.0,3072.0,448.0,1815.0,230.0,13.0,12.0,545.0,5575680.0,12417.995545657015,24137.14285714286,0.0238095238095238,2.6390573296152584,3.3314383390085567,-0.6923810093932983,quadro rtx 5000,quadro rtx 5000,16260.0,763.0,,,230.0,70.7,2019.0,Workstation
quadro rtx 6000,2024.0,4608.0,672.0,1770.0,260.0,18.0,12.0,754.0,8156160.0,12119.108469539377,31249.655172413797,0.023841059602649,2.9444389791664403,3.3314383390085567,-0.3869993598421164,quadro rtx 6000,quadro rtx 6000,19692.0,837.0,6300.0,3.13,295.0,66.75,2018.0,Workstation
quadro rtx 6000 passive,2024.0,4608.0,624.0,1620.0,260.0,18.0,12.0,754.0,7464960.0,11943.936,28601.379310344822,0.023841059602649,2.9444389791664403,3.3314383390085567,-0.3869993598421164,quadro rtx 6000,quadro rtx 6000,19692.0,837.0,6300.0,3.13,295.0,66.75,2018.0,Workstation
quadro rtx 8000,2024.0,4608.0,672.0,1770.0,260.0,18.0,12.0,754.0,8156160.0,12119.108469539377,31249.655172413797,0.023841059602649,2.9444389791664403,3.3314383390085567,-0.3869993598421164,quadro rtx 8000,quadro rtx 8000,19126.0,801.0,4741.49,4.03,260.0,73.56,2019.0,Workstation
quadro rtx 8000 passive,2024.0,4608.0,624.0,1620.0,260.0,18.0,12.0,754.0,7464960.0,11943.936,28601.379310344822,0.023841059602649,2.9444389791664403,3.3314383390085567,-0.3869993598421164,quadro rtx 8000,quadro rtx 8000,19126.0,801.0,4741.49,4.03,260.0,73.56,2019.0,Workstation
tesla t4,2024.0,2560.0,320.0,1590.0,70.0,13.0,12.0,545.0,4070400.0,12680.373831775702,57329.57746478873,0.0238095238095238,2.6390573296152584,3.3314383390085567,-0.6923810093932983,tesla t4,tesla t4,11113.0,567.0,4853.98,2.29,,,2020.0,Unknown
tesla t4g,2024.0,2560.0,320.0,1590.0,70.0,13.0,12.0,545.0,4070400.0,12680.373831775702,57329.57746478873,0.0238095238095238,2.6390573296152584,3.3314383390085567,-0.6923810093932983,tesla t4,tesla t4,11113.0,567.0,4853.98,2.29,,,2020.0,Unknown
tesla v100 dgxs 16 gb,2024.0,5120.0,897.0,1582.0,250.0,21.0,12.0,815.0,8099840.0,9019.866369710468,32270.27888446215,0.025735294117647,3.091042453358316,3.3314383390085567,-0.2403958856502406,tesla v100 sxm2 16gb,tesla v100 sxm2 16gb,16235.0,406.0,,,,,2019.0,Unknown
tesla v100 dgxs 32 gb,2024.0,5120.0,897.0,1530.0,250.0,21.0,12.0,815.0,7833600.0,8723.385300668151,31209.561752988047,0.025735294117647,3.091042453358316,3.3314383390085567,-0.2403958856502406,tesla v100 sxm2 16gb,tesla v100 sxm2 16gb,16235.0,406.0,,,,,2019.0,Unknown
tesla v100 fhhl,2024.0,5120.0,827.4,1290.0,250.0,21.0,12.0,815.0,6604800.0,7972.959922742637,26313.94422310757,0.025735294117647,3.091042453358316,3.3314383390085567,-0.2403958856502406,tesla t10,tesla t10,13264.0,624.0,,,,,2020.0,Unknown
tesla v100 pcie 32 gb,2024.0,5120.0,897.0,1380.0,250.0,21.0,12.0,815.0,7065600.0,7868.15144766147,28149.80079681275,0.025735294117647,3.091042453358316,3.3314383390085567,-0.2403958856502406,tesla p100 pcie 16gb,tesla p100 pcie 16gb,7225.0,572.0,,,,,2019.0,Unknown
tesla v100 sxm2 32 gb,2024.0,5120.0,898.0,1530.0,250.0,21.0,12.0,815.0,7833600.0,8713.681868743048,31209.561752988047,0.025735294117647,3.091042453358316,3.3314383390085567,-0.2403958856502406,tesla v100 sxm2 16gb,tesla v100 sxm2 16gb,16235.0,406.0,,,,,2019.0,Unknown
tesla v100 sxm3 32 gb,2024.0,5120.0,981.0,1597.0,250.0,21.0,12.0,815.0,8176640.0,8326.51731160896,32576.25498007968,0.025735294117647,3.091042453358316,3.3314383390085567,-0.2403958856502406,tesla v100 sxm2 16gb,tesla v100 sxm2 16gb,16235.0,406.0,,,,,2019.0,Unknown
titan rtx,2024.0,4608.0,672.0,1770.0,280.0,18.0,12.0,754.0,8156160.0,12119.108469539377,29025.480427046263,0.023841059602649,2.9444389791664403,3.3314383390085567,-0.3869993598421164,titan rtx,titan rtx,20169.0,844.0,2794.99,7.22,280.0,72.03,2018.0,Workstation
titan v ceo edition,2024.0,5120.0,868.4,1455.0,250.0,21.0,12.0,815.0,7449600.0,8568.668046928917,29679.6812749004,0.025735294117647,3.091042453358316,3.3314383390085567,-0.2403958856502406,titan v ceo edition,titan v ceo edition,16988.0,1086.0,,,250.0,67.95,2018.0,Desktop
gtx 1050 mobile 3 gb,2024.0,768.0,84.1,1442.0,75.0,3.0,14.0,132.0,1107456.0,13013.584018801412,14571.78947368421,0.0225563909774436,1.3862943611198906,3.3314383390085567,-1.945143977888666,gtx 1050 mobile,gtx 1050 mobile,4462.0,292.0,,,,,2019.0,Mobile
gtx 1650,2024.0,896.0,128.1,1665.0,75.0,4.0,12.0,200.0,1491840.0,11555.693261037955,19629.473684210527,0.0199004975124378,1.6094379124341005,3.3314383390085567,-1.7220004265744564,gtx 1650,gtx 1650,7807.0,592.0,209.0,37.35,75.0,104.09,2019.0,Desktop
gtx 1650 max q,2024.0,1024.0,112.1,1245.0,50.0,4.0,12.0,200.0,1274880.0,11272.148541114058,24997.647058823528,0.0199004975124378,1.6094379124341005,3.3314383390085567,-1.7220004265744564,gtx 1650,gtx 1650,7807.0,592.0,209.0,37.35,75.0,104.09,2019.0,Desktop
gtx 1650 mobile,2024.0,1024.0,128.1,1560.0,50.0,4.0,12.0,200.0,1597440.0,12373.663826491093,31322.352941176472,0.0199004975124378,1.6094379124341005,3.3314383390085567,-1.7220004265744564,gtx 1650 mobile,gtx 1650 mobile,6969.0,384.0,,,50.0,139.38,2019.0,Mobile
gtx 1650 super,2024.0,1280.0,192.0,1725.0,100.0,6.0,12.0,284.0,2208000.0,11440.41450777202,21861.38613861386,0.0210526315789473,1.9459101490553128,3.3314383390085567,-1.3855281899532434,gtx 1650 super,gtx 1650 super,10032.0,761.0,441.05,22.75,100.0,100.32,2019.0,Desktop
gtx 1660,2024.0,1408.0,192.1,1785.0,120.0,6.0,12.0,284.0,2513280.0,13015.432418436045,20770.90909090909,0.0210526315789473,1.9459101490553128,3.3314383390085567,-1.3855281899532434,gtx 1660,gtx 1660,11695.0,796.0,399.99,29.24,120.0,97.46,2019.0,Desktop
gtx 1660 super,2024.0,1408.0,336.0,1785.0,125.0,6.0,12.0,284.0,2513280.0,7457.80415430267,19946.666666666668,0.0210526315789473,1.9459101490553128,3.3314383390085567,-1.3855281899532434,gtx 1660 super,gtx 1660 super,12732.0,823.0,329.99,38.58,125.0,101.85,2019.0,Desktop
gtx 1660 ti,2024.0,1536.0,288.0,1770.0,120.0,6.0,12.0,284.0,2718720.0,9407.335640138408,22468.760330578512,0.0210526315789473,1.9459101490553128,3.3314383390085567,-1.3855281899532434,gtx 1660 ti,gtx 1660 ti,11794.0,702.0,349.99,33.7,120.0,98.29,2019.0,Desktop
gtx 1660 ti max q,2024.0,1536.0,288.0,1335.0,50.0,6.0,12.0,284.0,2050560.0,7095.363321799308,40207.05882352941,0.0210526315789473,1.9459101490553128,3.3314383390085567,-1.3855281899532434,gtx 1660 ti,gtx 1660 ti,11794.0,702.0,349.99,33.7,120.0,98.29,2019.0,Desktop
gtx 1660 ti mobile,2024.0,1536.0,288.0,1590.0,50.0,6.0,12.0,284.0,2442240.0,8450.657439446366,47887.05882352941,0.0210526315789473,1.9459101490553128,3.3314383390085567,-1.3855281899532434,gtx 1660 ti mobile,gtx 1660 ti mobile,10176.0,507.0,,,50.0,203.53,2019.0,Mobile
mx150 gp107,2024.0,384.0,48.06,1532.0,25.0,3.0,14.0,132.0,588288.0,11991.194455768446,22626.46153846154,0.0225563909774436,1.3862943611198906,3.3314383390085567,-1.945143977888666,x1950 gt,x1950 gt,106.0,279.0,,,57.0,1.86,2010.0,Desktop
mx230,2024.0,256.0,48.06,1531.0,10.0,1.0,14.0,74.0,391936.0,7988.911536893599,35630.545454545456,0.0133333333333333,0.6931471805599453,3.3314383390085567,-2.6382911584486117,mx230,mx230,1884.0,219.0,,,,,2019.0,Unknown
mx250,2024.0,384.0,48.06,1038.0,10.0,1.0,14.0,74.0,398592.0,8124.582144313085,36235.63636363636,0.0133333333333333,0.6931471805599453,3.3314383390085567,-2.6382911584486117,mx250,mx250,2515.0,250.0,,,,,2019.0,Unknown
mx250,2024.0,384.0,48.06,1582.0,25.0,1.0,14.0,74.0,607488.0,12382.551977170811,23364.92307692308,0.0133333333333333,0.6931471805599453,3.3314383390085567,-2.6382911584486117,mx250,mx250,2515.0,250.0,,,,,2019.0,Unknown
rtx 2060,2024.0,1920.0,336.0,1680.0,160.0,10.0,12.0,445.0,3225600.0,9571.513353115726,20034.78260869565,0.0224215246636771,2.3978952727983707,3.3314383390085567,-0.933543066210186,rtx 2060,rtx 2060,13953.0,752.0,389.99,35.78,160.0,87.2,2019.0,Desktop
rtx 2060 max q refresh,2024.0,1920.0,259.8,1200.0,115.0,10.0,12.0,445.0,2304000.0,8834.355828220858,19862.068965517243,0.0224215246636771,2.3978952727983707,3.3314383390085567,-0.933543066210186,rtx 2060 with max q design,rtx 2060 with max q design,9743.0,434.0,,,65.0,149.9,2020.0,Mobile
rtx 2060 mobile,2024.0,1920.0,336.0,1200.0,115.0,10.0,12.0,445.0,2304000.0,6836.795252225519,19862.068965517243,0.0224215246636771,2.3978952727983707,3.3314383390085567,-0.933543066210186,rtx 2060 mobile,rtx 2060 mobile,11355.0,540.0,,,80.0,141.93,2019.0,Mobile
rtx 2060 mobile refresh,2024.0,1920.0,264.0,1560.0,65.0,10.0,12.0,445.0,2995200.0,11302.641509433965,45381.81818181818,0.0224215246636771,2.3978952727983707,3.3314383390085567,-0.933543066210186,rtx 2060 mobile,rtx 2060 mobile,11355.0,540.0,,,80.0,141.93,2019.0,Mobile
rtx 2060 super,2024.0,2176.0,448.0,1650.0,175.0,10.0,12.0,445.0,3590400.0,7996.436525612472,20400.0,0.0224215246636771,2.3978952727983707,3.3314383390085567,-0.933543066210186,rtx 2060 super,rtx 2060 super,16514.0,881.0,528.89,31.22,175.0,94.37,2019.0,Desktop
rtx 2060 super mobile,2024.0,2176.0,448.0,1530.0,175.0,10.0,12.0,445.0,3329280.0,7414.877505567929,18916.36363636364,0.0224215246636771,2.3978952727983707,3.3314383390085567,-0.933543066210186,rtx 2060 mobile,rtx 2060 mobile,11355.0,540.0,,,80.0,141.93,2019.0,Mobile
rtx 2070 max q,2024.0,2304.0,384.0,1185.0,90.0,10.0,12.0,445.0,2730240.0,7091.532467532467,30002.637362637364,0.0224215246636771,2.3978952727983707,3.3314383390085567,-0.933543066210186,rtx 2070,rtx 2070,16079.0,833.0,627.44,25.63,175.0,91.88,2018.0,Desktop
rtx 2070 mobile,2024.0,2304.0,448.0,1440.0,115.0,10.0,12.0,445.0,3317760.0,7389.220489977728,28601.379310344822,0.0224215246636771,2.3978952727983707,3.3314383390085567,-0.933543066210186,rtx 2070 mobile,rtx 2070 mobile,12354.0,601.0,,,115.0,107.43,2019.0,Mobile
rtx 2070 super,2024.0,2560.0,448.0,1770.0,215.0,13.0,12.0,545.0,4531200.0,10091.759465478845,20977.777777777777,0.0238095238095238,2.6390573296152584,3.3314383390085567,-0.6923810093932983,rtx 2070 super,rtx 2070 super,18168.0,896.0,613.8,29.6,215.0,84.5,2019.0,Desktop
rtx 2080 max q,2024.0,2944.0,384.0,1095.0,80.0,13.0,12.0,545.0,3223680.0,8373.194805194806,39798.51851851852,0.0238095238095238,2.6390573296152584,3.3314383390085567,-0.6923810093932983,rtx 2080,rtx 2080,18732.0,917.0,633.03,29.59,250.0,74.93,2018.0,Desktop
rtx 2080 mobile,2024.0,2944.0,448.0,1590.0,150.0,13.0,12.0,545.0,4680960.0,10425.300668151447,30999.735099337748,0.0238095238095238,2.6390573296152584,3.3314383390085567,-0.6923810093932983,rtx 2080 mobile,rtx 2080 mobile,15107.0,812.0,,,150.0,100.71,2019.0,Mobile
rtx 2080 super,2024.0,3072.0,495.9,1815.0,250.0,13.0,12.0,545.0,5575680.0,11220.92976454015,22213.86454183267,0.0238095238095238,2.6390573296152584,3.3314383390085567,-0.6923810093932983,rtx 2080 super,rtx 2080 super,19519.0,934.0,683.99,28.54,250.0,78.08,2019.0,Desktop
p106m,2024.0,1152.0,96.13,1291.0,75.0,4.0,16.0,200.0,1487232.0,15311.76773396479,19568.84210526316,0.0199004975124378,1.6094379124341005,3.3314383390085567,-1.7220004265744564,910m,910m,578.0,150.0,,,,,2015.0,Unknown
quadro p2000 mobile,2024.0,1152.0,96.13,1291.0,75.0,4.0,16.0,200.0,1487232.0,15311.76773396479,19568.84210526316,0.0199004975124378,1.6094379124341005,3.3314383390085567,-1.7220004265744564,quadro rtx 5000 mobile,quadro rtx 5000 mobile,14832.0,705.0,,,110.0,134.84,2019.0,"Mobile, Workstation"
quadro p2200,2024.0,1280.0,200.2,1493.0,75.0,4.0,16.0,200.0,1911040.0,9498.21073558648,25145.263157894737,0.0199004975124378,1.6094379124341005,3.3314383390085567,-1.7220004265744564,quadro p2200,quadro p2200,9486.0,971.0,577.17,16.43,75.0,126.47,2019.0,Workstation
quadro p520 max q,2024.0,384.0,44.0,1493.0,18.0,1.0,14.0,74.0,573312.0,12740.266666666666,30174.315789473683,0.0133333333333333,0.6931471805599453,3.3314383390085567,-2.6382911584486117,quadro p520,quadro p520,2126.0,253.0,1499.0,1.42,,,2019.0,Unknown
quadro p520 mobile,2024.0,384.0,48.06,1493.0,18.0,1.0,14.0,74.0,573312.0,11685.935589074605,30174.315789473683,0.0133333333333333,0.6931471805599453,3.3314383390085567,-2.6382911584486117,quadro rtx 5000 mobile,quadro rtx 5000 mobile,14832.0,705.0,,,110.0,134.84,2019.0,"Mobile, Workstation"
quadro rtx 3000 max q,2024.0,1920.0,288.0,1215.0,60.0,10.0,12.0,445.0,2332800.0,8071.972318339101,38242.62295081967,0.0224215246636771,2.3978952727983707,3.3314383390085567,-0.933543066210186,quadro rtx 3000,quadro rtx 3000,11122.0,533.0,,,80.0,139.03,2019.0,"Mobile, Workstation"
quadro rtx 3000 mobile,2024.0,1920.0,336.0,1380.0,80.0,10.0,12.0,445.0,2649600.0,7862.314540059348,32711.11111111111,0.0224215246636771,2.3978952727983707,3.3314383390085567,-0.933543066210186,quadro rtx 5000 mobile,quadro rtx 5000 mobile,14832.0,705.0,,,110.0,134.84,2019.0,"Mobile, Workstation"
quadro rtx 3000 mobile refresh,2024.0,1920.0,336.0,1380.0,80.0,10.0,12.0,445.0,2649600.0,7862.314540059348,32711.11111111111,0.0224215246636771,2.3978952727983707,3.3314383390085567,-0.933543066210186,quadro rtx 5000 mobile,quadro rtx 5000 mobile,14832.0,705.0,,,110.0,134.84,2019.0,"Mobile, Workstation"
quadro rtx 3000 x2 mobile,2024.0,1920.0,336.0,1380.0,160.0,10.0,12.0,445.0,2649600.0,7862.314540059348,16457.14285714286,0.0224215246636771,2.3978952727983707,3.3314383390085567,-0.933543066210186,quadro rtx 5000 mobile,quadro rtx 5000 mobile,14832.0,705.0,,,110.0,134.84,2019.0,"Mobile, Workstation"
quadro rtx 4000 max q,2024.0,2560.0,384.0,1380.0,80.0,13.0,12.0,545.0,3532800.0,9176.103896103896,43614.81481481482,0.0238095238095238,2.6390573296152584,3.3314383390085567,-0.6923810093932983,quadro rtx 4000,quadro rtx 4000,15515.0,904.0,899.0,17.26,160.0,96.97,2019.0,Workstation
quadro rtx 4000 mobile,2024.0,2560.0,448.0,1560.0,110.0,13.0,12.0,545.0,3993600.0,8894.432071269488,35978.37837837838,0.0238095238095238,2.6390573296152584,3.3314383390085567,-0.6923810093932983,quadro rtx 4000 mobile,quadro rtx 4000 mobile,13008.0,588.0,,,110.0,118.26,2019.0,Mobile
quadro rtx 5000 max q,2024.0,3072.0,384.0,1350.0,80.0,13.0,12.0,545.0,4147200.0,10771.948051948051,51200.0,0.0238095238095238,2.6390573296152584,3.3314383390085567,-0.6923810093932983,quadro rtx 5000,quadro rtx 5000,16260.0,763.0,,,230.0,70.7,2019.0,Workstation
quadro rtx 5000 mobile,2024.0,3072.0,448.0,1530.0,110.0,13.0,12.0,545.0,4700160.0,10468.06236080178,42343.78378378379,0.0238095238095238,2.6390573296152584,3.3314383390085567,-0.6923810093932983,quadro rtx 5000 mobile,quadro rtx 5000 mobile,14832.0,705.0,,,110.0,134.84,2019.0,"Mobile, Workstation"
quadro rtx 6000 mobile,2024.0,4608.0,672.0,1455.0,50.0,18.0,12.0,754.0,6704640.0,9962.317979197622,131463.5294117647,0.023841059602649,2.9444389791664403,3.3314383390085567,-0.3869993598421164,quadro rtx 5000 mobile,quadro rtx 5000 mobile,14832.0,705.0,,,110.0,134.84,2019.0,"Mobile, Workstation"
quadro t1000 max q,2024.0,896.0,80.0,1350.0,50.0,4.0,12.0,200.0,1209600.0,14933.333333333334,23717.647058823528,0.0199004975124378,1.6094379124341005,3.3314383390085567,-1.7220004265744564,quadro t1000,quadro t1000,6513.0,448.0,441.99,14.74,,,2019.0,Mobile
quadro t1000 mobile,2024.0,896.0,128.1,1455.0,50.0,4.0,12.0,200.0,1303680.0,10098.218435321456,25562.352941176472,0.0199004975124378,1.6094379124341005,3.3314383390085567,-1.7220004265744564,quadro rtx 5000 mobile,quadro rtx 5000 mobile,14832.0,705.0,,,110.0,134.84,2019.0,"Mobile, Workstation"
quadro t2000 max q,2024.0,1024.0,80.0,1395.0,40.0,4.0,12.0,200.0,1428480.0,17635.555555555555,34840.9756097561,0.0199004975124378,1.6094379124341005,3.3314383390085567,-1.7220004265744564,quadro t2000,quadro t2000,7169.0,479.0,528.35,13.57,,,2019.0,Mobile
quadro t2000 mobile,2024.0,1024.0,128.1,1785.0,60.0,4.0,12.0,200.0,1827840.0,14158.326878388849,29964.590163934427,0.0199004975124378,1.6094379124341005,3.3314383390085567,-1.7220004265744564,quadro rtx 5000 mobile,quadro rtx 5000 mobile,14832.0,705.0,,,110.0,134.84,2019.0,"Mobile, Workstation"
tesla pg500 216,2024.0,5120.0,1.13,1380.0,250.0,21.0,12.0,815.0,7065600.0,3317183.0985915493,28149.80079681275,0.025735294117647,3.091042453358316,3.3314383390085567,-0.2403958856502406,tesla v100 sxm2 16gb,tesla v100 sxm2 16gb,16235.0,406.0,,,,,2019.0,Unknown
tesla pg503 216,2024.0,4608.0,1.13,1530.0,250.0,21.0,12.0,815.0,7050240.0,3309971.830985916,28088.605577689243,0.025735294117647,3.091042453358316,3.3314383390085567,-0.2403958856502406,tesla v100 sxm2 16gb,tesla v100 sxm2 16gb,16235.0,406.0,,,,,2019.0,Unknown
tesla v100 sxm2 16 gb,2024.0,5120.0,1.13,1597.0,250.0,21.0,12.0,815.0,8176640.0,3838798.122065728,32576.25498007968,0.025735294117647,3.091042453358316,3.3314383390085567,-0.2403958856502406,tesla v100 sxm2 16gb,tesla v100 sxm2 16gb,16235.0,406.0,,,,,2019.0,Unknown
tesla v100s pcie 32 gb,2024.0,5120.0,1.13,1597.0,250.0,21.0,12.0,815.0,8176640.0,3838798.122065728,32576.25498007968,0.025735294117647,3.091042453358316,3.3314383390085567,-0.2403958856502406,tesla p100 pcie 16gb,tesla p100 pcie 16gb,7225.0,572.0,,,,,2019.0,Unknown
a100 pcie 40 gb,2024.0,6912.0,1.56,1410.0,250.0,54.0,7.0,826.0,9745920.0,3807000.0,38828.366533864544,0.0652962515114873,4.007333185232471,3.3314383390085567,0.6758948462239145,tesla p100 pcie 16gb,tesla p100 pcie 16gb,7225.0,572.0,,,,,2019.0,Unknown
a100 sxm4 40 gb,2024.0,6912.0,1.56,1410.0,400.0,54.0,7.0,826.0,9745920.0,3807000.0,24304.039900249376,0.0652962515114873,4.007333185232471,3.3314383390085567,0.6758948462239145,tesla v100 sxm2 16gb,tesla v100 sxm2 16gb,16235.0,406.0,,,,,2019.0,Unknown
a100 sxm4 80 gb,2024.0,6912.0,2.04,1410.0,400.0,54.0,7.0,826.0,9745920.0,3205894.736842105,24304.039900249376,0.0652962515114873,4.007333185232471,3.3314383390085567,0.6758948462239145,tesla v100 sxm2 16gb,tesla v100 sxm2 16gb,16235.0,406.0,,,,,2019.0,Unknown
a40 pcie,2024.0,10752.0,695.8,1740.0,300.0,28.0,8.0,628.0,18708480.0,26849.138920780715,62154.41860465116,0.0445151033386327,3.367295829986474,3.3314383390085567,0.0358574909779174,hd 2400 pci,hd 2400 pci,14.0,86.0,,,,,2009.0,Unknown
cmp 100hx 210,2024.0,5120.0,829.4,1147.0,250.0,21.0,12.0,815.0,5872640.0,7072.061657032756,23396.972111553783,0.025735294117647,3.091042453358316,3.3314383390085567,-0.2403958856502406,2 mx 100 200,2 mx 100 200,3.0,119.0,,,,,2009.0,Unknown
drive a100 prod,2024.0,6912.0,1.87,1410.0,400.0,54.0,7.0,826.0,9745920.0,3395790.9407665506,24304.039900249376,0.0652962515114873,4.007333185232471,3.3314383390085567,0.6758948462239145,rx vega 11 prd,rx vega 11 prd,2402.0,601.0,,,,,2019.0,Unknown
gtx 1650 gddr6,2024.0,896.0,192.0,1590.0,75.0,4.0,12.0,200.0,1424640.0,7381.554404145078,18745.263157894737,0.0199004975124378,1.6094379124341005,3.3314383390085567,-1.7220004265744564,gtx 1650,gtx 1650,7807.0,592.0,209.0,37.35,75.0,104.09,2019.0,Desktop
gtx 1650 max q,2024.0,1024.0,160.0,1125.0,30.0,4.0,12.0,200.0,1152000.0,7155.27950310559,37161.29032258064,0.0199004975124378,1.6094379124341005,3.3314383390085567,-1.7220004265744564,gtx 1650,gtx 1650,7807.0,592.0,209.0,37.35,75.0,104.09,2019.0,Desktop
gtx 1650 mobile,2024.0,1024.0,192.0,1515.0,50.0,4.0,12.0,200.0,1551360.0,8038.134715025907,30418.82352941177,0.0199004975124378,1.6094379124341005,3.3314383390085567,-1.7220004265744564,gtx 1650 mobile,gtx 1650 mobile,6969.0,384.0,,,50.0,139.38,2019.0,Mobile
gtx 1650 ti max q,2024.0,1024.0,160.0,1200.0,50.0,4.0,12.0,200.0,1228800.0,7632.298136645963,24094.117647058825,0.0199004975124378,1.6094379124341005,3.3314383390085567,-1.7220004265744564,gtx 1650 ti,gtx 1650 ti,7490.0,399.0,,,55.0,136.19,2020.0,Mobile
gtx 1650 ti mobile,2024.0,1024.0,192.0,1485.0,50.0,4.0,12.0,200.0,1520640.0,7878.963730569948,29816.470588235294,0.0199004975124378,1.6094379124341005,3.3314383390085567,-1.7220004265744564,gtx 1660 ti mobile,gtx 1660 ti mobile,10176.0,507.0,,,50.0,203.53,2019.0,Mobile
gtx 1650 ti mobile,2024.0,1024.0,192.0,1485.0,50.0,6.0,12.0,284.0,1520640.0,7878.963730569948,29816.470588235294,0.0210526315789473,1.9459101490553128,3.3314383390085567,-1.3855281899532434,gtx 1660 ti mobile,gtx 1660 ti mobile,10176.0,507.0,,,50.0,203.53,2019.0,Mobile
gtx 1650 tu106,2024.0,896.0,192.0,1590.0,90.0,10.0,12.0,445.0,1424640.0,7381.554404145078,15655.384615384615,0.0224215246636771,2.3978952727983707,3.3314383390085567,-0.933543066210186,gtx 1650 ti,gtx 1650 ti,7490.0,399.0,,,55.0,136.19,2020.0,Mobile
gtx 1650 tu116,2024.0,896.0,192.0,1590.0,80.0,6.0,12.0,284.0,1424640.0,7381.554404145078,17588.14814814815,0.0210526315789473,1.9459101490553128,3.3314383390085567,-1.3855281899532434,gtx 1650 ti,gtx 1650 ti,7490.0,399.0,,,55.0,136.19,2020.0,Mobile
mx330,2024.0,384.0,56.06,1594.0,10.0,1.0,14.0,74.0,612096.0,10727.234490010514,55645.09090909091,0.0133333333333333,0.6931471805599453,3.3314383390085567,-2.6382911584486117,mx330,mx330,2547.0,234.0,,,,,2020.0,Unknown
mx350,2024.0,640.0,56.06,1468.0,20.0,3.0,14.0,132.0,939520.0,16465.474938661057,44739.04761904762,0.0225563909774436,1.3862943611198906,3.3314383390085567,-1.945143977888666,mx350,mx350,2855.0,243.0,,,,,2020.0,Unknown
mx350,2024.0,640.0,56.06,937.0,20.0,3.0,14.0,132.0,599680.0,10509.638976515947,28556.19047619048,0.0225563909774436,1.3862943611198906,3.3314383390085567,-1.945143977888666,mx350,mx350,2855.0,243.0,,,,,2020.0,Unknown
mx450 12w,2024.0,896.0,80.0,930.0,12.0,4.0,12.0,200.0,833280.0,10287.407407407409,64098.46153846154,0.0199004975124378,1.6094379124341005,3.3314383390085567,-1.7220004265744564,mx450,mx450,3743.0,295.0,,,,,2020.0,Unknown
rtx 2060 max q,2024.0,1920.0,264.0,1185.0,65.0,10.0,12.0,445.0,2275200.0,8585.66037735849,34472.72727272727,0.0224215246636771,2.3978952727983707,3.3314383390085567,-0.933543066210186,rtx 2060,rtx 2060,13953.0,752.0,389.99,35.78,160.0,87.2,2019.0,Desktop
rtx 2060 tu104,2024.0,1920.0,336.0,1680.0,160.0,13.0,12.0,545.0,3225600.0,9571.513353115726,20034.78260869565,0.0238095238095238,2.6390573296152584,3.3314383390085567,-0.6923810093932983,rtx 2060,rtx 2060,13953.0,752.0,389.99,35.78,160.0,87.2,2019.0,Desktop
rtx 2070 max q refresh,2024.0,2304.0,352.0,1125.0,115.0,10.0,12.0,445.0,2592000.0,7342.776203966006,22344.82758620689,0.0224215246636771,2.3978952727983707,3.3314383390085567,-0.933543066210186,rtx 2070 with max q design,rtx 2070 with max q design,12062.0,506.0,,,80.0,150.77,2019.0,Mobile
rtx 2070 mobile refresh,2024.0,2304.0,352.0,1455.0,115.0,10.0,12.0,445.0,3352320.0,9496.657223796034,28899.310344827587,0.0224215246636771,2.3978952727983707,3.3314383390085567,-0.933543066210186,rtx 2070 mobile,rtx 2070 mobile,12354.0,601.0,,,115.0,107.43,2019.0,Mobile
rtx 2070 super max q,2024.0,2560.0,352.0,1155.0,80.0,13.0,12.0,545.0,2956800.0,8376.203966005665,36503.7037037037,0.0238095238095238,2.6390573296152584,3.3314383390085567,-0.6923810093932983,rtx 2070 super,rtx 2070 super,18168.0,896.0,613.8,29.6,215.0,84.5,2019.0,Desktop
rtx 2070 super mobile,2024.0,2560.0,448.0,1380.0,115.0,13.0,12.0,545.0,3532800.0,7868.15144766147,30455.172413793105,0.0238095238095238,2.6390573296152584,3.3314383390085567,-0.6923810093932983,rtx 2070 mobile,rtx 2070 mobile,12354.0,601.0,,,115.0,107.43,2019.0,Mobile
rtx 2080 super max q,2024.0,3072.0,352.0,975.0,80.0,13.0,12.0,545.0,2995200.0,8484.985835694051,36977.77777777778,0.0238095238095238,2.6390573296152584,3.3314383390085567,-0.6923810093932983,rtx 2080 super,rtx 2080 super,19519.0,934.0,683.99,28.54,250.0,78.08,2019.0,Desktop
rtx 2080 super mobile,2024.0,3072.0,448.0,1560.0,150.0,13.0,12.0,545.0,4792320.0,10673.318485523385,31737.21854304636,0.0238095238095238,2.6390573296152584,3.3314383390085567,-0.6923810093932983,rtx 2080 mobile,rtx 2080 mobile,15107.0,812.0,,,150.0,100.71,2019.0,Mobile
rtx 3060 ti,2024.0,4864.0,448.0,1665.0,200.0,17.0,8.0,392.0,8098560.0,18036.881959910912,40291.34328358209,0.0432569974554707,2.8903717578961645,3.3314383390085567,-0.4410665811123921,rtx 3060 ti,rtx 3060 ti,20206.0,961.0,599.99,33.68,200.0,101.03,2020.0,Desktop
rtx 3070,2024.0,5888.0,448.0,1725.0,220.0,17.0,8.0,392.0,10156800.0,22620.935412026727,45958.37104072399,0.0432569974554707,2.8903717578961645,3.3314383390085567,-0.4410665811123921,rtx 3070,rtx 3070,22093.0,969.0,719.99,30.69,220.0,100.42,2020.0,Desktop
rtx 3080,2024.0,8704.0,760.3,1710.0,320.0,28.0,8.0,628.0,14883840.0,19550.5582556154,46367.10280373832,0.0445151033386327,3.367295829986474,3.3314383390085567,0.0358574909779174,rtx 3080,rtx 3080,24853.0,1003.0,999.0,24.88,320.0,77.66,2020.0,Desktop
rtx 3090,2024.0,10496.0,936.2,1695.0,350.0,28.0,8.0,628.0,17790720.0,18982.842509603077,50685.81196581197,0.0445151033386327,3.367295829986474,3.3314383390085567,0.0358574909779174,rtx 3090,rtx 3090,26395.0,999.0,1749.99,15.08,350.0,75.41,2020.0,Desktop
grid a100a,2024.0,6912.0,1.87,1005.0,400.0,54.0,7.0,826.0,6946560.0,2420404.181184669,17323.092269326684,0.0652962515114873,4.007333185232471,3.3314383390085567,0.6758948462239145,grid m10 0q,grid m10 0q,914.0,613.0,,,,,2017.0,Unknown
grid a100b,2024.0,6912.0,1.87,1005.0,400.0,54.0,7.0,826.0,6946560.0,2420404.181184669,17323.092269326684,0.0652962515114873,4.007333185232471,3.3314383390085567,0.6758948462239145,grid p100 1b,grid p100 1b,2223.0,544.0,,,,,2018.0,Unknown
grid rtx t10 2,2024.0,3584.0,672.0,1395.0,150.0,18.0,12.0,754.0,4999680.0,7428.945022288261,33110.46357615894,0.023841059602649,2.9444389791664403,3.3314383390085567,-0.3869993598421164,grid rtx8000 2q,grid rtx8000 2q,3574.0,86.0,,,,,2021.0,Unknown
grid rtx t10 4,2024.0,3584.0,672.0,1395.0,150.0,18.0,12.0,754.0,4999680.0,7428.945022288261,33110.46357615894,0.023841059602649,2.9444389791664403,3.3314383390085567,-0.3869993598421164,grid rtx8000 4q,grid rtx8000 4q,3961.0,81.0,,,,,2020.0,Unknown
quadro rtx 5000 mobile refresh,2024.0,3072.0,448.0,1530.0,110.0,13.0,12.0,545.0,4700160.0,10468.06236080178,42343.78378378379,0.0238095238095238,2.6390573296152584,3.3314383390085567,-0.6923810093932983,quadro rtx 5000 mobile,quadro rtx 5000 mobile,14832.0,705.0,,,110.0,134.84,2019.0,"Mobile, Workstation"
quadro rtx 5000 x2 mobile,2024.0,3072.0,448.0,1530.0,110.0,13.0,12.0,545.0,4700160.0,10468.06236080178,42343.78378378379,0.0238095238095238,2.6390573296152584,3.3314383390085567,-0.6923810093932983,quadro rtx 5000 mobile,quadro rtx 5000 mobile,14832.0,705.0,,,110.0,134.84,2019.0,"Mobile, Workstation"
quadro t1000 mobile gddr6,2024.0,896.0,192.0,1650.0,50.0,4.0,12.0,200.0,1478400.0,7660.103626943005,28988.235294117647,0.0199004975124378,1.6094379124341005,3.3314383390085567,-1.7220004265744564,quadro rtx 5000 mobile,quadro rtx 5000 mobile,14832.0,705.0,,,110.0,134.84,2019.0,"Mobile, Workstation"
rtx a6000,2024.0,10752.0,768.0,1800.0,300.0,28.0,8.0,628.0,19353600.0,25167.23016905072,64297.67441860465,0.0445151033386327,3.367295829986474,3.3314383390085567,0.0358574909779174,rtx a6000,rtx a6000,22122.0,832.0,4999.99,4.42,300.0,73.74,2021.0,Workstation
t500 mobile,2024.0,896.0,80.0,1560.0,18.0,4.0,12.0,200.0,1397760.0,17256.296296296296,73566.31578947368,0.0199004975124378,1.6094379124341005,3.3314383390085567,-1.7220004265744564,rtx 2080 mobile,rtx 2080 mobile,15107.0,812.0,,,150.0,100.71,2019.0,Mobile
tesla t10 16 gb,2024.0,3584.0,403.2,1395.0,150.0,18.0,12.0,754.0,4999680.0,12369.322117763484,33110.46357615894,0.023841059602649,2.9444389791664403,3.3314383390085567,-0.3869993598421164,tesla t10,tesla t10,13264.0,624.0,,,,,2020.0,Unknown
a100 pcie 80 gb,2024.0,6912.0,1.94,1410.0,300.0,54.0,7.0,826.0,9745920.0,3314938.775510204,32378.471760797343,0.0652962515114873,4.007333185232471,3.3314383390085567,0.6758948462239145,tesla p100 pcie 16gb,tesla p100 pcie 16gb,7225.0,572.0,,,,,2019.0,Unknown
a100x,2024.0,6912.0,2.04,1440.0,300.0,54.0,7.0,826.0,9953280.0,3274105.263157895,33067.37541528239,0.0652962515114873,4.007333185232471,3.3314383390085567,0.6758948462239145,g100,g100,147.0,56.0,19.99,7.33,,,2012.0,Unknown
a30x,2024.0,3584.0,1.22,1440.0,230.0,54.0,7.0,826.0,5160960.0,2324756.756756757,22341.81818181818,0.0652962515114873,4.007333185232471,3.3314383390085567,0.6758948462239145,930mx,930mx,1302.0,191.0,,,17.0,76.61,2016.0,Mobile
cmp 50hx,2024.0,3584.0,560.0,1545.0,250.0,18.0,12.0,754.0,5537280.0,9870.374331550802,22060.876494023905,0.023841059602649,2.9444389791664403,3.3314383390085567,-0.3869993598421164,pro 580x,pro 580x,7540.0,698.0,,,150.0,50.27,2019.0,Desktop
gt 1010,2024.0,256.0,48.06,1468.0,30.0,1.0,14.0,74.0,375808.0,7660.171218915613,12122.83870967742,0.0133333333333333,0.6931471805599453,3.3314383390085567,-2.6382911584486117,gt 1030,gt 1030,2545.0,449.0,109.99,23.13,30.0,84.82,2017.0,Desktop
gt 1010 ddr4,2024.0,256.0,16.8,1380.0,20.0,1.0,14.0,74.0,353280.0,19847.191011235955,16822.85714285714,0.0133333333333333,0.6931471805599453,3.3314383390085567,-2.6382911584486117,gt 1030,gt 1030,2545.0,449.0,109.99,23.13,30.0,84.82,2017.0,Desktop
mx550,2024.0,1024.0,96.0,1320.0,25.0,4.0,12.0,200.0,1351680.0,13934.845360824742,51987.69230769231,0.0199004975124378,1.6094379124341005,3.3314383390085567,-1.7220004265744564,mx550,mx550,5090.0,424.0,,,,,2022.0,Unknown
mx570,2024.0,2048.0,96.0,1155.0,15.0,8.0,8.0,200.0,2365440.0,24385.9793814433,147840.0,0.0398009950248756,2.19722457733622,3.3314383390085567,-1.1342137616723371,mx550,mx550,5090.0,424.0,,,,,2022.0,Unknown
mx570 a,2024.0,2048.0,96.0,1155.0,25.0,8.0,8.0,200.0,2365440.0,24385.9793814433,90978.46153846152,0.0398009950248756,2.19722457733622,3.3314383390085567,-1.1342137616723371,mx550,mx550,5090.0,424.0,,,,,2022.0,Unknown
rtx 2050 max q,2024.0,2048.0,94.4,1155.0,30.0,8.0,8.0,200.0,2365440.0,24794.96855345912,76304.51612903226,0.0398009950248756,2.19722457733622,3.3314383390085567,-1.1342137616723371,rtx 2050,rtx 2050,8007.0,380.0,,,,,2022.0,Unknown
rtx 2050 mobile,2024.0,2048.0,112.0,1245.0,30.0,8.0,8.0,200.0,2549760.0,22564.24778761062,82250.32258064517,0.0398009950248756,2.19722457733622,3.3314383390085567,-1.1342137616723371,rtx 2080 mobile,rtx 2080 mobile,15107.0,812.0,,,150.0,100.71,2019.0,Mobile
rtx 2060 12 gb,2024.0,2176.0,336.0,1650.0,184.0,10.0,12.0,445.0,3590400.0,10654.0059347181,19407.567567567567,0.0224215246636771,2.3978952727983707,3.3314383390085567,-0.933543066210186,rtx a2000 12gb,rtx a2000 12gb,13688.0,1018.0,,,,,2022.0,Unknown
rtx 3050 max q,2024.0,2048.0,176.0,1057.0,35.0,8.0,8.0,200.0,2164736.0,12230.146892655368,60131.55555555556,0.0398009950248756,2.19722457733622,3.3314383390085567,-1.1342137616723371,rtx 3050,rtx 3050,12718.0,911.0,,,,,2022.0,Unknown
rtx 3050 mobile,2024.0,2048.0,192.0,1343.0,45.0,8.0,8.0,200.0,2750464.0,14251.108808290155,59792.69565217391,0.0398009950248756,2.19722457733622,3.3314383390085567,-1.1342137616723371,rtx 2080 mobile,rtx 2080 mobile,15107.0,812.0,,,150.0,100.71,2019.0,Mobile
rtx 3050 ti max q,2024.0,2560.0,176.0,1035.0,75.0,8.0,8.0,200.0,2649600.0,14969.49152542373,34863.15789473684,0.0398009950248756,2.19722457733622,3.3314383390085567,-1.1342137616723371,rtx 3050 ti laptop gpu,rtx 3050 ti laptop gpu,9452.0,416.0,,,80.0,118.16,2021.0,Mobile
rtx 3050 ti mobile,2024.0,2560.0,192.0,1035.0,75.0,12.0,8.0,276.0,2649600.0,13728.497409326425,34863.15789473684,0.0433212996389891,2.5649493574615367,3.3314383390085567,-0.7664889815470199,gtx 1050 ti mobile,gtx 1050 ti mobile,5919.0,323.0,,,,,2019.0,Mobile
rtx 3050 ti mobile,2024.0,2560.0,192.0,1035.0,75.0,8.0,8.0,200.0,2649600.0,13728.497409326425,34863.15789473684,0.0398009950248756,2.19722457733622,3.3314383390085567,-1.1342137616723371,gtx 1050 ti mobile,gtx 1050 ti mobile,5919.0,323.0,,,,,2019.0,Mobile
rtx 3060 12 gb,2024.0,3584.0,360.0,1777.0,170.0,12.0,8.0,276.0,6368768.0,17642.016620498616,37244.25730994152,0.0433212996389891,2.5649493574615367,3.3314383390085567,-0.7664889815470199,rtx a2000 12gb,rtx a2000 12gb,13688.0,1018.0,,,,,2022.0,Unknown
rtx 3060 12 gb ga104,2024.0,3584.0,360.0,1777.0,170.0,17.0,8.0,392.0,6368768.0,17642.016620498616,37244.25730994152,0.0432569974554707,2.8903717578961645,3.3314383390085567,-0.4410665811123921,rtx a2000 12gb,rtx a2000 12gb,13688.0,1018.0,,,,,2022.0,Unknown
rtx 3060 3840sp,2024.0,3840.0,336.0,1852.0,185.0,12.0,8.0,276.0,7111680.0,21102.90801186944,38234.83870967742,0.0433212996389891,2.5649493574615367,3.3314383390085567,-0.7664889815470199,rtx 3080,rtx 3080,24853.0,1003.0,999.0,24.88,320.0,77.66,2020.0,Desktop
rtx 3060 max q,2024.0,3840.0,288.0,1282.0,60.0,12.0,8.0,276.0,4922880.0,17034.186851211074,80702.95081967213,0.0433212996389891,2.5649493574615367,3.3314383390085567,-0.7664889815470199,rtx 3060,rtx 3060,16958.0,951.0,329.0,51.55,170.0,99.76,2021.0,Desktop
rtx 3060 mobile,2024.0,3840.0,336.0,1425.0,80.0,12.0,8.0,276.0,5472000.0,16237.388724035609,67555.55555555556,0.0433212996389891,2.5649493574615367,3.3314383390085567,-0.7664889815470199,rtx 2060 mobile,rtx 2060 mobile,11355.0,540.0,,,80.0,141.93,2019.0,Mobile
rtx 3070 max q,2024.0,5120.0,384.0,1290.0,80.0,17.0,8.0,392.0,6604800.0,17155.324675324675,81540.74074074074,0.0432569974554707,2.8903717578961645,3.3314383390085567,-0.4410665811123921,rtx 3070,rtx 3070,22093.0,969.0,719.99,30.69,220.0,100.42,2020.0,Desktop
rtx 3070 mobile,2024.0,5120.0,448.0,1560.0,115.0,17.0,8.0,392.0,7987200.0,17788.864142538976,68855.1724137931,0.0432569974554707,2.8903717578961645,3.3314383390085567,-0.4410665811123921,rtx 2070 mobile,rtx 2070 mobile,12354.0,601.0,,,115.0,107.43,2019.0,Mobile
rtx 3070 ti,2024.0,6144.0,608.3,1770.0,290.0,17.0,8.0,392.0,10874880.0,17848.153618906945,37370.72164948453,0.0432569974554707,2.8903717578961645,3.3314383390085567,-0.4410665811123921,rtx 3070 ti,rtx 3070 ti,23367.0,1003.0,749.99,31.16,290.0,80.58,2021.0,Desktop
rtx 3080 max q,2024.0,6144.0,384.0,1245.0,80.0,17.0,8.0,392.0,7649280.0,19868.25974025974,94435.55555555556,0.0432569974554707,2.8903717578961645,3.3314383390085567,-0.4410665811123921,rtx 3080,rtx 3080,24853.0,1003.0,999.0,24.88,320.0,77.66,2020.0,Desktop
rtx 3080 mobile,2024.0,6144.0,448.0,1545.0,115.0,17.0,8.0,392.0,9492480.0,21141.380846325166,81831.72413793103,0.0432569974554707,2.8903717578961645,3.3314383390085567,-0.4410665811123921,rtx 2080 mobile,rtx 2080 mobile,15107.0,812.0,,,150.0,100.71,2019.0,Mobile
rtx 3080 ti,2024.0,10240.0,912.4,1665.0,350.0,28.0,8.0,628.0,17049600.0,18666.082767681197,48574.35897435898,0.0445151033386327,3.367295829986474,3.3314383390085567,0.0358574909779174,rtx 3080 ti,rtx 3080 ti,26887.0,1031.0,1199.99,22.41,350.0,76.82,2021.0,Desktop
quadro t1200 max q,2024.0,1024.0,160.0,1425.0,18.0,4.0,12.0,200.0,1459200.0,9063.35403726708,76800.0,0.0199004975124378,1.6094379124341005,3.3314383390085567,-1.7220004265744564,quadro t2000,quadro t2000,7169.0,479.0,528.35,13.57,,,2019.0,Mobile
quadro t1200 mobile,2024.0,1024.0,192.0,1785.0,18.0,4.0,12.0,200.0,1827840.0,9470.673575129536,96202.1052631579,0.0199004975124378,1.6094379124341005,3.3314383390085567,-1.7220004265744564,quadro rtx 5000 mobile,quadro rtx 5000 mobile,14832.0,705.0,,,110.0,134.84,2019.0,"Mobile, Workstation"
rtx a2000,2024.0,3328.0,288.0,1200.0,70.0,12.0,8.0,276.0,3993600.0,13818.685121107266,56247.88732394367,0.0433212996389891,2.5649493574615367,3.3314383390085567,-0.7664889815470199,rtx a2000,rtx a2000,13128.0,928.0,845.99,15.52,,,2021.0,Unknown
rtx a2000 12 gb,2024.0,3328.0,288.0,1200.0,70.0,12.0,8.0,276.0,3993600.0,13818.685121107266,56247.88732394367,0.0433212996389891,2.5649493574615367,3.3314383390085567,-0.7664889815470199,rtx a2000 12gb,rtx a2000 12gb,13688.0,1018.0,,,,,2022.0,Unknown
rtx a2000 max q,2024.0,2560.0,176.0,1207.0,95.0,8.0,8.0,200.0,3089920.0,17457.175141242937,32186.666666666668,0.0398009950248756,2.19722457733622,3.3314383390085567,-1.1342137616723371,rtx a2000,rtx a2000,13128.0,928.0,845.99,15.52,,,2021.0,Unknown
rtx a2000 max q 8 gb,2024.0,2560.0,176.0,1177.0,95.0,8.0,8.0,200.0,3013120.0,17023.27683615819,31386.666666666668,0.0398009950248756,2.19722457733622,3.3314383390085567,-1.1342137616723371,rtx a2000 12gb,rtx a2000 12gb,13688.0,1018.0,,,,,2022.0,Unknown
rtx a2000 mobile,2024.0,2560.0,192.0,1687.0,95.0,8.0,8.0,200.0,4318720.0,22376.78756476684,44986.66666666666,0.0398009950248756,2.19722457733622,3.3314383390085567,-1.1342137616723371,rtx 2080 mobile,rtx 2080 mobile,15107.0,812.0,,,150.0,100.71,2019.0,Mobile
rtx a2000 mobile 8 gb,2024.0,2560.0,224.0,1612.0,95.0,8.0,8.0,200.0,4126720.0,18340.977777777774,42986.66666666666,0.0398009950248756,2.19722457733622,3.3314383390085567,-1.1342137616723371,rtx 2080 mobile,rtx 2080 mobile,15107.0,812.0,,,150.0,100.71,2019.0,Mobile
rtx a3000 mobile,2024.0,4096.0,264.0,1230.0,70.0,17.0,8.0,392.0,5038080.0,19011.622641509435,70958.87323943662,0.0432569974554707,2.8903717578961645,3.3314383390085567,-0.4410665811123921,rtx 2080 mobile,rtx 2080 mobile,15107.0,812.0,,,150.0,100.71,2019.0,Mobile
rtx a3000 mobile 12 gb,2024.0,4096.0,336.0,1170.0,70.0,17.0,8.0,392.0,4792320.0,14220.53412462908,67497.4647887324,0.0432569974554707,2.8903717578961645,3.3314383390085567,-0.4410665811123921,rtx a2000 12gb,rtx a2000 12gb,13688.0,1018.0,,,,,2022.0,Unknown
rtx a4 mobile,2024.0,2048.0,224.0,1770.0,50.0,8.0,8.0,200.0,3624960.0,16110.933333333332,71077.64705882352,0.0398009950248756,2.19722457733622,3.3314383390085567,-1.1342137616723371,rtx 2080 mobile,rtx 2080 mobile,15107.0,812.0,,,150.0,100.71,2019.0,Mobile
rtx a4000,2024.0,6144.0,448.0,1560.0,140.0,17.0,8.0,392.0,9584640.0,21346.63697104677,67976.17021276595,0.0432569974554707,2.8903717578961645,3.3314383390085567,-0.4410665811123921,rtx a4000,rtx a4000,18988.0,938.0,1233.98,15.39,140.0,135.63,2021.0,Workstation
rtx a4000 max q,2024.0,5120.0,352.0,1395.0,80.0,17.0,8.0,392.0,7142400.0,20233.42776203966,88177.77777777778,0.0432569974554707,2.8903717578961645,3.3314383390085567,-0.4410665811123921,rtx a4000,rtx a4000,18988.0,938.0,1233.98,15.39,140.0,135.63,2021.0,Workstation
rtx a4000 mobile,2024.0,5120.0,384.0,1680.0,115.0,17.0,8.0,392.0,8601600.0,22341.81818181818,74151.72413793103,0.0432569974554707,2.8903717578961645,3.3314383390085567,-0.4410665811123921,rtx 2080 mobile,rtx 2080 mobile,15107.0,812.0,,,150.0,100.71,2019.0,Mobile
rtx a4000h,2024.0,6144.0,448.0,1560.0,140.0,17.0,8.0,392.0,9584640.0,21346.63697104677,67976.17021276595,0.0432569974554707,2.8903717578961645,3.3314383390085567,-0.4410665811123921,rtx a4000,rtx a4000,18988.0,938.0,1233.98,15.39,140.0,135.63,2021.0,Workstation
rtx a4500,2024.0,7168.0,640.0,1650.0,200.0,28.0,8.0,628.0,11827200.0,18451.17004680187,58841.79104477612,0.0445151033386327,3.367295829986474,3.3314383390085567,0.0358574909779174,rtx a4500,rtx a4500,21546.0,892.0,2134.64,10.09,200.0,107.73,2022.0,Unknown
rtx a500,2024.0,2048.0,112.0,1770.0,60.0,8.0,8.0,200.0,3624960.0,32079.29203539823,59425.57377049181,0.0398009950248756,2.19722457733622,3.3314383390085567,-1.1342137616723371,rtx a5000,rtx a5000,22867.0,984.0,2631.2,8.69,230.0,99.42,2021.0,Workstation
rtx a5000,2024.0,8192.0,768.0,1695.0,230.0,28.0,8.0,628.0,13885440.0,18056.488946684007,60110.12987012987,0.0445151033386327,3.367295829986474,3.3314383390085567,0.0358574909779174,rtx a5000,rtx a5000,22867.0,984.0,2631.2,8.69,230.0,99.42,2021.0,Workstation
rtx a5000 max q,2024.0,6144.0,384.0,1350.0,80.0,17.0,8.0,392.0,8294400.0,21543.896103896102,102400.0,0.0432569974554707,2.8903717578961645,3.3314383390085567,-0.4410665811123921,rtx a5000,rtx a5000,22867.0,984.0,2631.2,8.69,230.0,99.42,2021.0,Workstation
rtx a5000 mobile,2024.0,6144.0,448.0,1575.0,150.0,17.0,8.0,392.0,9676800.0,21551.893095768373,64084.76821192053,0.0432569974554707,2.8903717578961645,3.3314383390085567,-0.4410665811123921,rtx 2080 mobile,rtx 2080 mobile,15107.0,812.0,,,150.0,100.71,2019.0,Mobile
rtx a5000 12q,2024.0,8192.0,768.0,1695.0,230.0,28.0,8.0,628.0,13885440.0,18056.488946684007,60110.12987012987,0.0445151033386327,3.367295829986474,3.3314383390085567,0.0358574909779174,rtx a5000,rtx a5000,22867.0,984.0,2631.2,8.69,230.0,99.42,2021.0,Workstation
rtx a5000 8q,2024.0,8192.0,768.0,1695.0,230.0,28.0,8.0,628.0,13885440.0,18056.488946684007,60110.12987012987,0.0445151033386327,3.367295829986474,3.3314383390085567,0.0358574909779174,rtx a5000,rtx a5000,22867.0,984.0,2631.2,8.69,230.0,99.42,2021.0,Workstation
t1000,2024.0,896.0,160.0,1395.0,50.0,4.0,12.0,200.0,1249920.0,7763.478260869565,24508.235294117647,0.0199004975124378,1.6094379124341005,3.3314383390085567,-1.7220004265744564,t1000,t1000,7829.0,831.0,375.72,20.84,,,2021.0,Unknown
t1000 8 gb,2024.0,896.0,160.0,1395.0,50.0,4.0,12.0,200.0,1249920.0,7763.478260869565,24508.235294117647,0.0199004975124378,1.6094379124341005,3.3314383390085567,-1.7220004265744564,t1000 8gb,t1000 8gb,7760.0,890.0,,,,,2022.0,Unknown
t400,2024.0,384.0,80.0,1425.0,30.0,4.0,12.0,200.0,547200.0,6755.555555555556,17651.612903225807,0.0199004975124378,1.6094379124341005,3.3314383390085567,-1.7220004265744564,t400,t400,3627.0,561.0,156.99,23.1,,,2021.0,Unknown
t400 4 gb,2024.0,384.0,80.0,1425.0,30.0,4.0,12.0,200.0,547200.0,6755.555555555556,17651.612903225807,0.0199004975124378,1.6094379124341005,3.3314383390085567,-1.7220004265744564,t400 4gb,t400 4gb,3887.0,696.0,,,,,2022.0,Unknown
t600,2024.0,640.0,160.0,1335.0,40.0,4.0,12.0,200.0,854400.0,5306.832298136646,20839.024390243903,0.0199004975124378,1.6094379124341005,3.3314383390085567,-1.7220004265744564,t600,t600,6509.0,738.0,249.0,26.14,,,2021.0,Unknown
t600 max q,2024.0,896.0,160.0,1395.0,40.0,4.0,12.0,200.0,1249920.0,7763.478260869565,30485.853658536584,0.0199004975124378,1.6094379124341005,3.3314383390085567,-1.7220004265744564,6200 a le,6200 a le,32.0,192.0,,,,,2009.0,Desktop
t600 mobile,2024.0,896.0,192.0,1410.0,40.0,4.0,12.0,200.0,1263360.0,6545.906735751295,30813.658536585364,0.0199004975124378,1.6094379124341005,3.3314383390085567,-1.7220004265744564,rtx 2080 mobile,rtx 2080 mobile,15107.0,812.0,,,150.0,100.71,2019.0,Mobile
a10m,2024.0,7168.0,500.2,1635.0,150.0,28.0,8.0,628.0,11719680.0,23383.240223463687,77613.77483443709,0.0445151033386327,3.367295829986474,3.3314383390085567,0.0358574909779174,910m,910m,578.0,150.0,,,,,2015.0,Unknown
a800 pcie 40 gb,2024.0,6912.0,1.56,1410.0,250.0,54.0,7.0,826.0,9745920.0,3807000.0,38828.366533864544,0.0652962515114873,4.007333185232471,3.3314383390085567,0.6758948462239145,tesla p100 pcie 16gb,tesla p100 pcie 16gb,7225.0,572.0,,,,,2019.0,Unknown
a800 pcie 80 gb,2024.0,6912.0,1.94,1410.0,250.0,54.0,7.0,826.0,9745920.0,3314938.775510204,38828.366533864544,0.0652962515114873,4.007333185232471,3.3314383390085567,0.6758948462239145,tesla p100 pcie 16gb,tesla p100 pcie 16gb,7225.0,572.0,,,,,2019.0,Unknown
a800 sxm4 80 gb,2024.0,6912.0,2.04,1410.0,400.0,54.0,7.0,826.0,9745920.0,3205894.736842105,24304.039900249376,0.0652962515114873,4.007333185232471,3.3314383390085567,0.6758948462239145,9800 gtx 9800 gtx,9800 gtx 9800 gtx,632.0,128.0,89.99,7.02,,,2009.0,Unknown
gtx 1630,2024.0,512.0,96.0,1785.0,75.0,4.0,12.0,200.0,913920.0,9421.855670103092,12025.263157894737,0.0199004975124378,1.6094379124341005,3.3314383390085567,-1.7220004265744564,gtx 1660,gtx 1660,11695.0,796.0,399.99,29.24,120.0,97.46,2019.0,Desktop
rtx 3050 4 gb,2024.0,2048.0,192.0,1740.0,90.0,8.0,8.0,200.0,3563520.0,18463.834196891192,39159.56043956044,0.0398009950248756,2.19722457733622,3.3314383390085567,-1.1342137616723371,rtx 3050,rtx 3050,12718.0,911.0,,,,,2022.0,Unknown
rtx 3050 8 gb,2024.0,2560.0,224.0,1777.0,130.0,12.0,8.0,276.0,4549120.0,20218.31111111111,34726.10687022901,0.0433212996389891,2.5649493574615367,3.3314383390085567,-0.7664889815470199,rtx 3050,rtx 3050,12718.0,911.0,,,,,2022.0,Unknown
rtx 3050 max q refresh 4 gb,2024.0,2048.0,176.0,1125.0,35.0,8.0,8.0,200.0,2304000.0,13016.949152542373,64000.0,0.0398009950248756,2.19722457733622,3.3314383390085567,-1.1342137616723371,rtx 2080 with max q design,rtx 2080 with max q design,13681.0,574.0,2099.99,6.51,90.0,152.01,2019.0,Mobile
rtx 3050 max q refresh 6 gb,2024.0,2560.0,132.0,990.0,35.0,8.0,8.0,200.0,2534400.0,19055.639097744363,70400.0,0.0398009950248756,2.19722457733622,3.3314383390085567,-1.1342137616723371,rtx 2080 with max q design,rtx 2080 with max q design,13681.0,574.0,2099.99,6.51,90.0,152.01,2019.0,Mobile
rtx 3050 mobile refresh 4 gb,2024.0,2560.0,224.0,1207.0,45.0,8.0,8.0,200.0,3089920.0,13732.977777777778,67172.17391304347,0.0398009950248756,2.19722457733622,3.3314383390085567,-1.1342137616723371,rtx 2080 mobile,rtx 2080 mobile,15107.0,812.0,,,150.0,100.71,2019.0,Mobile
rtx 3050 mobile refresh 6 gb,2024.0,2560.0,168.0,1492.0,75.0,8.0,8.0,200.0,3819520.0,22600.7100591716,50256.84210526316,0.0398009950248756,2.19722457733622,3.3314383390085567,-1.1342137616723371,rtx 2080 mobile,rtx 2080 mobile,15107.0,812.0,,,150.0,100.71,2019.0,Mobile
rtx 3050 oem,2024.0,2304.0,224.0,1755.0,130.0,12.0,8.0,276.0,4043520.0,17971.2,30866.564885496184,0.0433212996389891,2.5649493574615367,3.3314383390085567,-0.7664889815470199,rtx 3050,rtx 3050,12718.0,911.0,,,,,2022.0,Unknown
rtx 3060 8 gb,2024.0,3584.0,240.0,1777.0,170.0,12.0,8.0,276.0,6368768.0,26426.42323651452,37244.25730994152,0.0433212996389891,2.5649493574615367,3.3314383390085567,-0.7664889815470199,rtx 3060,rtx 3060,16958.0,951.0,329.0,51.55,170.0,99.76,2021.0,Desktop
rtx 3060 8 gb ga104,2024.0,3584.0,240.0,1777.0,195.0,17.0,8.0,392.0,6368768.0,26426.42323651452,32493.714285714286,0.0432569974554707,2.8903717578961645,3.3314383390085567,-0.4410665811123921,rtx 3060 ti,rtx 3060 ti,20206.0,961.0,599.99,33.68,200.0,101.03,2020.0,Desktop
rtx 3060 ti ga103,2024.0,4864.0,448.0,1665.0,200.0,22.0,8.0,496.0,8098560.0,18036.881959910912,40291.34328358209,0.0442655935613682,3.1354942159291497,3.3314383390085567,-0.195944123079407,rtx 3060 ti,rtx 3060 ti,20206.0,961.0,599.99,33.68,200.0,101.03,2020.0,Desktop
rtx 3060 ti gddr6x,2024.0,4864.0,608.3,1665.0,225.0,17.0,8.0,392.0,8098560.0,13291.580502215658,35834.33628318584,0.0432569974554707,2.8903717578961645,3.3314383390085567,-0.4410665811123921,rtx 3060 ti,rtx 3060 ti,20206.0,961.0,599.99,33.68,200.0,101.03,2020.0,Desktop
rtx 3070 ti 8 gb ga102,2024.0,6144.0,608.3,1770.0,290.0,28.0,8.0,628.0,10874880.0,17848.153618906945,37370.72164948453,0.0445151033386327,3.367295829986474,3.3314383390085567,0.0358574909779174,rtx 3070 ti,rtx 3070 ti,23367.0,1003.0,749.99,31.16,290.0,80.58,2021.0,Desktop
rtx 3070 ti max q,2024.0,5888.0,384.0,1035.0,80.0,17.0,8.0,392.0,6094080.0,15828.77922077922,75235.55555555556,0.0432569974554707,2.8903717578961645,3.3314383390085567,-0.4410665811123921,rtx 3070 ti,rtx 3070 ti,23367.0,1003.0,749.99,31.16,290.0,80.58,2021.0,Desktop
rtx 3070 ti mobile,2024.0,5888.0,448.0,1410.0,115.0,17.0,8.0,392.0,8302080.0,18490.15590200445,71569.6551724138,0.0432569974554707,2.8903717578961645,3.3314383390085567,-0.4410665811123921,rtx 2070 mobile,rtx 2070 mobile,12354.0,601.0,,,115.0,107.43,2019.0,Mobile
rtx 3070 tim,2024.0,5888.0,448.0,1410.0,220.0,17.0,8.0,392.0,8302080.0,18490.15590200445,37565.972850678736,0.0432569974554707,2.8903717578961645,3.3314383390085567,-0.4410665811123921,rtx 3070 ti,rtx 3070 ti,23367.0,1003.0,749.99,31.16,290.0,80.58,2021.0,Desktop
rtx 3080 12 gb,2024.0,8960.0,912.4,1710.0,350.0,28.0,8.0,628.0,15321600.0,16774.25005474053,43651.28205128205,0.0445151033386327,3.367295829986474,3.3314383390085567,0.0358574909779174,rtx a2000 12gb,rtx a2000 12gb,13688.0,1018.0,,,,,2022.0,Unknown
rtx 3080 ti 20 gb,2024.0,10240.0,760.3,1665.0,350.0,28.0,8.0,628.0,17049600.0,22395.37632996191,48574.35897435898,0.0445151033386327,3.367295829986474,3.3314383390085567,0.0358574909779174,rtx 3080 ti,rtx 3080 ti,26887.0,1031.0,1199.99,22.41,350.0,76.82,2021.0,Desktop
rtx 3080 ti max q,2024.0,7424.0,384.0,1125.0,80.0,22.0,8.0,496.0,8352000.0,21693.50649350649,103111.11111111112,0.0442655935613682,3.1354942159291497,3.3314383390085567,-0.195944123079407,rtx 3080 ti,rtx 3080 ti,26887.0,1031.0,1199.99,22.41,350.0,76.82,2021.0,Desktop
rtx 3080 ti mobile,2024.0,7424.0,512.0,1260.0,115.0,22.0,8.0,496.0,9354240.0,18234.38596491228,80640.0,0.0442655935613682,3.1354942159291497,3.3314383390085567,-0.195944123079407,rtx 2080 mobile,rtx 2080 mobile,15107.0,812.0,,,150.0,100.71,2019.0,Mobile
rtx 3090 ti,2024.0,10752.0,1.01,1860.0,450.0,28.0,8.0,628.0,19998720.0,9949611.940298509,44343.05986696231,0.0445151033386327,3.367295829986474,3.3314383390085567,0.0358574909779174,rtx 3090 ti,rtx 3090 ti,29094.0,1117.0,2099.99,13.85,450.0,64.65,2022.0,Unknown
rtx 4080,2024.0,9728.0,716.8,2505.0,320.0,45.0,5.0,379.0,24368640.0,33949.06659236556,75914.7663551402,0.1184210526315789,3.828641396489095,3.3314383390085567,0.4972030574805384,rtx 3080,rtx 3080,24853.0,1003.0,999.0,24.88,320.0,77.66,2020.0,Desktop
rtx 4090,2024.0,16384.0,1.01,2520.0,450.0,76.0,5.0,609.0,41287680.0,20541134.32835821,91546.9623059867,0.1245901639344262,4.343805421853684,3.3314383390085567,1.0123670828451274,rtx 3090,rtx 3090,26395.0,999.0,1749.99,15.08,350.0,75.41,2020.0,Desktop
h100 pcie 80 gb,2024.0,14592.0,2.04,1755.0,350.0,80.0,5.0,814.0,25608960.0,8424000.0,72960.0,0.0981595092024539,4.394449154672439,3.3314383390085567,1.0630108156638824,tesla p100 pcie 16gb,tesla p100 pcie 16gb,7225.0,572.0,,,,,2019.0,Unknown
l40,2024.0,18176.0,864.0,2490.0,300.0,76.0,5.0,609.0,45258240.0,52321.66473988439,150359.60132890366,0.1245901639344262,4.343805421853684,3.3314383390085567,1.0123670828451274,540,540,1273.0,272.0,,,,,2017.0,Unknown
rtx a1000 embedded,2024.0,2048.0,224.0,1140.0,35.0,8.0,8.0,200.0,2334720.0,10376.533333333333,64853.333333333336,0.0398009950248756,2.19722457733622,3.3314383390085567,-1.1342137616723371,rtx a2000 12gb,rtx a2000 12gb,13688.0,1018.0,,,,,2022.0,Unknown
rtx a1000 mobile,2024.0,2048.0,176.0,1140.0,60.0,8.0,8.0,200.0,2334720.0,13190.50847457627,38274.098360655735,0.0398009950248756,2.19722457733622,3.3314383390085567,-1.1342137616723371,rtx 2080 mobile,rtx 2080 mobile,15107.0,812.0,,,150.0,100.71,2019.0,Mobile
rtx a1000 mobile 6 gb,2024.0,2560.0,132.0,1140.0,60.0,8.0,8.0,200.0,2918400.0,21942.85714285714,47842.62295081967,0.0398009950248756,2.19722457733622,3.3314383390085567,-1.1342137616723371,rtx 2080 mobile,rtx 2080 mobile,15107.0,812.0,,,150.0,100.71,2019.0,Mobile
rtx a2000 embedded,2024.0,2560.0,192.0,1177.0,35.0,8.0,8.0,200.0,3013120.0,15612.020725388602,83697.77777777778,0.0398009950248756,2.19722457733622,3.3314383390085567,-1.1342137616723371,rtx a2000 12gb,rtx a2000 12gb,13688.0,1018.0,,,,,2022.0,Unknown
rtx a3000 mobile 12 gb,2024.0,4096.0,336.0,1440.0,115.0,17.0,8.0,392.0,5898240.0,17502.19584569733,50846.89655172414,0.0432569974554707,2.8903717578961645,3.3314383390085567,-0.4410665811123921,rtx a2000 12gb,rtx a2000 12gb,13688.0,1018.0,,,,,2022.0,Unknown
rtx a4500 embedded,2024.0,5888.0,384.0,1215.0,80.0,17.0,8.0,392.0,7153920.0,18581.61038961039,88320.0,0.0432569974554707,2.8903717578961645,3.3314383390085567,-0.4410665811123921,rtx a4500,rtx a4500,21546.0,892.0,2134.64,10.09,200.0,107.73,2022.0,Unknown
rtx a4500 max q,2024.0,5888.0,448.0,1215.0,80.0,17.0,8.0,392.0,7153920.0,15933.006681514476,88320.0,0.0432569974554707,2.8903717578961645,3.3314383390085567,-0.4410665811123921,rtx a4500,rtx a4500,21546.0,892.0,2134.64,10.09,200.0,107.73,2022.0,Unknown
rtx a4500 mobile,2024.0,5888.0,512.0,1500.0,140.0,17.0,8.0,392.0,8832000.0,17216.374269005846,62638.29787234042,0.0432569974554707,2.8903717578961645,3.3314383390085567,-0.4410665811123921,rtx 2080 mobile,rtx 2080 mobile,15107.0,812.0,,,150.0,100.71,2019.0,Mobile
rtx a500 embedded,2024.0,2048.0,96.0,1335.0,20.0,8.0,8.0,200.0,2734080.0,28186.39175257732,130194.28571428572,0.0398009950248756,2.19722457733622,3.3314383390085567,-1.1342137616723371,intel q35 embedded,intel q35 embedded,8.0,303.0,,,,,2011.0,Unknown
rtx a500 mobile,2024.0,2048.0,96.0,1537.0,30.0,8.0,8.0,200.0,3147776.0,32451.29896907217,101541.16129032258,0.0398009950248756,2.19722457733622,3.3314383390085567,-1.1342137616723371,rtx 2080 mobile,rtx 2080 mobile,15107.0,812.0,,,150.0,100.71,2019.0,Mobile
rtx a5500,2024.0,10240.0,768.0,1665.0,230.0,28.0,8.0,628.0,17049600.0,22171.13133940182,73807.79220779221,0.0445151033386327,3.367295829986474,3.3314383390085567,0.0358574909779174,rtx a5000,rtx a5000,22867.0,984.0,2631.2,8.69,230.0,99.42,2021.0,Workstation
rtx a5500 max q,2024.0,7424.0,448.0,1260.0,80.0,22.0,8.0,496.0,9354240.0,20833.496659242763,115484.44444444444,0.0442655935613682,3.1354942159291497,3.3314383390085567,-0.195944123079407,rx 5500 xt,rx 5500 xt,9188.0,824.0,449.0,20.46,130.0,70.68,2019.0,Desktop
rtx a5500 mobile,2024.0,7424.0,512.0,1500.0,165.0,22.0,8.0,496.0,11136000.0,21707.602339181285,67084.3373493976,0.0442655935613682,3.1354942159291497,3.3314383390085567,-0.195944123079407,rtx 2080 mobile,rtx 2080 mobile,15107.0,812.0,,,150.0,100.71,2019.0,Mobile
t550 mobile,2024.0,1024.0,96.0,1665.0,23.0,4.0,12.0,200.0,1704960.0,17576.907216494845,71040.0,0.0199004975124378,1.6094379124341005,3.3314383390085567,-1.7220004265744564,gtx 1650 mobile,gtx 1650 mobile,6969.0,384.0,,,50.0,139.38,2019.0,Mobile
rtx 4050 max q,2024.0,2560.0,192.0,1605.0,35.0,18.0,5.0,159.0,4108800.0,21289.119170984457,114133.33333333331,0.1125,2.9444389791664403,3.3314383390085567,-0.3869993598421164,rtx 3050,rtx 3050,12718.0,911.0,,,,,2022.0,Unknown
rtx 4050 mobile,2024.0,2560.0,192.0,1755.0,50.0,18.0,5.0,159.0,4492800.0,23278.75647668394,88094.11764705883,0.1125,2.9444389791664403,3.3314383390085567,-0.3869993598421164,rtx 2080 mobile,rtx 2080 mobile,15107.0,812.0,,,150.0,100.71,2019.0,Mobile
rtx 4060,2024.0,3072.0,272.0,2460.0,115.0,18.0,5.0,159.0,7557120.0,27681.75824175824,65147.58620689655,0.1125,2.9444389791664403,3.3314383390085567,-0.3869993598421164,rtx 3060,rtx 3060,16958.0,951.0,329.0,51.55,170.0,99.76,2021.0,Desktop
rtx 4060 max q,2024.0,3072.0,256.0,1470.0,35.0,18.0,5.0,159.0,4515840.0,17571.36186770428,125440.0,0.1125,2.9444389791664403,3.3314383390085567,-0.3869993598421164,rtx 2060 with max q design,rtx 2060 with max q design,9743.0,434.0,,,65.0,149.9,2020.0,Mobile
rtx 4060 mobile,2024.0,3072.0,256.0,1890.0,115.0,18.0,5.0,159.0,5806080.0,22591.75097276265,50052.41379310345,0.1125,2.9444389791664403,3.3314383390085567,-0.3869993598421164,rtx 2060 mobile,rtx 2060 mobile,11355.0,540.0,,,80.0,141.93,2019.0,Mobile
rtx 4060 ti 16 gb,2024.0,4352.0,288.0,2535.0,165.0,22.0,5.0,188.0,11032320.0,38174.117647058825,66459.75903614458,0.1164021164021164,3.1354942159291497,3.3314383390085567,-0.195944123079407,rtx 3060 ti,rtx 3060 ti,20206.0,961.0,599.99,33.68,200.0,101.03,2020.0,Desktop
rtx 4060 ti 8 gb,2024.0,4352.0,288.0,2535.0,160.0,22.0,5.0,188.0,11032320.0,38174.117647058825,68523.72670807454,0.1164021164021164,3.1354942159291497,3.3314383390085567,-0.195944123079407,rtx 3060 ti,rtx 3060 ti,20206.0,961.0,599.99,33.68,200.0,101.03,2020.0,Desktop
rtx 4070,2024.0,5888.0,504.2,2475.0,200.0,35.0,5.0,294.0,14572800.0,28845.60570071259,72501.49253731343,0.1186440677966101,3.58351893845611,3.3314383390085567,0.2520805994475532,rtx 3070,rtx 3070,22093.0,969.0,719.99,30.69,220.0,100.42,2020.0,Desktop
rtx 4070 max q,2024.0,4608.0,256.0,1230.0,35.0,22.0,5.0,188.0,5667840.0,22053.852140077823,157440.0,0.1164021164021164,3.1354942159291497,3.3314383390085567,-0.195944123079407,rtx 2070 with max q design,rtx 2070 with max q design,12062.0,506.0,,,80.0,150.77,2019.0,Mobile
rtx 4070 mobile,2024.0,4608.0,256.0,1695.0,115.0,22.0,5.0,188.0,7810560.0,30391.284046692606,67332.41379310345,0.1164021164021164,3.1354942159291497,3.3314383390085567,-0.195944123079407,rtx 2070 mobile,rtx 2070 mobile,12354.0,601.0,,,115.0,107.43,2019.0,Mobile
rtx 4070 ti,2024.0,7680.0,504.2,2610.0,285.0,35.0,5.0,294.0,20044800.0,39676.9596199525,70086.71328671329,0.1186440677966101,3.58351893845611,3.3314383390085567,0.2520805994475532,rtx 3070 ti,rtx 3070 ti,23367.0,1003.0,749.99,31.16,290.0,80.58,2021.0,Desktop
rtx 4080 max q,2024.0,7424.0,432.0,1350.0,60.0,35.0,5.0,294.0,10022400.0,23146.420323325638,164301.6393442623,0.1186440677966101,3.58351893845611,3.3314383390085567,0.2520805994475532,rtx 2080 with max q design,rtx 2080 with max q design,13681.0,574.0,2099.99,6.51,90.0,152.01,2019.0,Mobile
rtx 4080 mobile,2024.0,7424.0,432.0,1665.0,110.0,35.0,5.0,294.0,12360960.0,28547.251732101617,111360.0,0.1186440677966101,3.58351893845611,3.3314383390085567,0.2520805994475532,rtx 2080 mobile,rtx 2080 mobile,15107.0,812.0,,,150.0,100.71,2019.0,Mobile
rtx 4090 d,2024.0,14592.0,1.01,2520.0,425.0,76.0,5.0,609.0,36771840.0,18294447.76119403,86318.87323943662,0.1245901639344262,4.343805421853684,3.3314383390085567,1.0123670828451274,rtx 3090,rtx 3090,26395.0,999.0,1749.99,15.08,350.0,75.41,2020.0,Desktop
rtx 4090 max q,2024.0,9728.0,576.0,1455.0,80.0,45.0,5.0,379.0,14154240.0,24530.7452339688,174743.7037037037,0.1184210526315789,3.828641396489095,3.3314383390085567,0.4972030574805384,rtx 3090 ti,rtx 3090 ti,29094.0,1117.0,2099.99,13.85,450.0,64.65,2022.0,Unknown
rtx 4090 mobile,2024.0,9728.0,576.0,1695.0,120.0,45.0,5.0,379.0,16488960.0,28577.053726169845,136272.39669421487,0.1184210526315789,3.828641396489095,3.3314383390085567,0.4972030574805384,rtx 2080 mobile,rtx 2080 mobile,15107.0,812.0,,,150.0,100.71,2019.0,Mobile
h100 cnx,2024.0,14592.0,2.04,1845.0,350.0,80.0,5.0,814.0,26922240.0,8856000.0,76701.53846153847,0.0981595092024539,4.394449154672439,3.3314383390085567,1.0630108156638824,x1600 xt,x1600 xt,116.0,356.0,,,42.0,2.75,2012.0,Desktop
h100 pcie 96 gb,2024.0,16896.0,3.36,1837.0,700.0,80.0,5.0,814.0,31037952.0,7118796.33027523,44276.6790299572,0.0981595092024539,4.394449154672439,3.3314383390085567,1.0630108156638824,tesla p100 pcie 16gb,tesla p100 pcie 16gb,7225.0,572.0,,,,,2019.0,Unknown
h100 sxm5 64 gb,2024.0,16896.0,2.02,1980.0,700.0,80.0,5.0,814.0,33454080.0,11077509.933774834,47723.36661911555,0.0981595092024539,4.394449154672439,3.3314383390085567,1.0630108156638824,tesla v100 sxm2 16gb,tesla v100 sxm2 16gb,16235.0,406.0,,,,,2019.0,Unknown
h100 sxm5 96 gb,2024.0,16896.0,3.36,1980.0,700.0,80.0,5.0,814.0,33454080.0,7672954.128440368,47723.36661911555,0.0981595092024539,4.394449154672439,3.3314383390085567,1.0630108156638824,tesla v100 sxm2 16gb,tesla v100 sxm2 16gb,16235.0,406.0,,,,,2019.0,Unknown
h800 sxm5,2024.0,16896.0,3.36,1755.0,700.0,80.0,5.0,814.0,29652480.0,6801027.522935781,42300.25677603424,0.0981595092024539,4.394449154672439,3.3314383390085567,1.0630108156638824,9800 s,9800 s,636.0,427.0,,,,,2012.0,Unknown
l20,2024.0,11776.0,864.0,2520.0,275.0,76.0,5.0,609.0,29675520.0,34306.95953757226,107520.0,0.1245901639344262,4.343805421853684,3.3314383390085567,1.0123670828451274,620,620,840.0,202.0,,,,,2020.0,Unknown
rtx 2000 max q ada generation,2024.0,3072.0,256.0,1455.0,35.0,18.0,5.0,159.0,4469760.0,17392.06225680934,124160.0,0.1125,2.9444389791664403,3.3314383390085567,-0.3869993598421164,rtx 2080 with max q design,rtx 2080 with max q design,13681.0,574.0,2099.99,6.51,90.0,152.01,2019.0,Mobile
rtx 2000 mobile ada generation,2024.0,3072.0,256.0,2115.0,50.0,18.0,5.0,159.0,6497280.0,25281.24513618677,127397.64705882352,0.1125,2.9444389791664403,3.3314383390085567,-0.3869993598421164,rtx 2080 mobile,rtx 2080 mobile,15107.0,812.0,,,150.0,100.71,2019.0,Mobile
rtx 5000 max q ada generation,2024.0,9728.0,576.0,1680.0,120.0,45.0,5.0,379.0,16343040.0,28324.15944540728,135066.44628099175,0.1184210526315789,3.828641396489095,3.3314383390085567,0.4972030574805384,rtx 2080 with max q design,rtx 2080 with max q design,13681.0,574.0,2099.99,6.51,90.0,152.01,2019.0,Mobile
b100,2024.0,16896.0,4.1,1837.0,1000.0,104.0,5.0,154.0,31037952.0,6085872.941176471,31006.945054945056,0.6709677419354839,4.653960350157523,3.3314383390085567,1.3225220111489664,g100,g100,147.0,56.0,19.99,7.33,,,2012.0,Unknown
rtx 3050 6 gb,2024.05,2304.0,168.0,1470.0,70.0,8.0,8.0,200.0,3386880.0,20040.7100591716,47702.535211267605,0.0398009950248756,2.19722457733622,3.3291944337917414,-1.1319698564555218,rtx 3050,rtx 3050,12718.0,911.0,,,,,2022.0,Unknown
rtx 3050 a mobile,2024.1,1792.0,192.0,1343.0,45.0,12.0,8.0,276.0,2406656.0,12469.720207253886,52318.608695652176,0.0433212996389891,2.5649493574615367,3.326950528574926,-0.7620011711133894,rtx 2080 mobile,rtx 2080 mobile,15107.0,812.0,,,150.0,100.71,2019.0,Mobile
rtx 4010,2024.15,768.0,96.0,1762.0,50.0,8.0,8.0,200.0,1353216.0,13950.680412371134,26533.647058823528,0.0398009950248756,2.19722457733622,3.3247066233580966,-1.127482046021877,rtx a4500,rtx a4500,21546.0,892.0,2134.64,10.09,200.0,107.73,2022.0,Unknown
rtx 4060 ad106,2024.2,3072.0,272.0,2460.0,115.0,22.0,5.0,188.0,7557120.0,27681.75824175824,65147.58620689655,0.1164021164021164,3.1354942159291497,3.322462718141267,-0.1869685022121174,rtx a4000,rtx a4000,18988.0,938.0,1233.98,15.39,140.0,135.63,2021.0,Workstation
rtx 4060 ti ad104,2024.25,4352.0,288.0,2535.0,160.0,35.0,5.0,294.0,11032320.0,38174.117647058825,68523.72670807454,0.1186440677966101,3.58351893845611,3.320218812924452,0.263300125531658,rtx 3060 ti,rtx 3060 ti,20206.0,961.0,599.99,33.68,200.0,101.03,2020.0,Desktop
rtx 4070 ad103,2024.3,5888.0,504.2,2475.0,200.0,45.0,5.0,379.0,14572800.0,28845.60570071259,72501.49253731343,0.1184210526315789,3.828641396489095,3.3179749077076224,0.5106664887814727,rtx a4000,rtx a4000,18988.0,938.0,1233.98,15.39,140.0,135.63,2021.0,Workstation
rtx 4070 gddr6,2024.35,5888.0,480.0,2475.0,200.0,35.0,5.0,294.0,14572800.0,30296.8814968815,72501.49253731343,0.1186440677966101,3.58351893845611,3.315731002490807,0.2677879359653028,rtx 2070 super,rtx 2070 super,18168.0,896.0,613.8,29.6,215.0,84.5,2019.0,Desktop
rtx 4070 super,2024.4,7168.0,504.2,2475.0,220.0,35.0,5.0,294.0,17740800.0,35116.38954869359,80275.11312217194,0.1186440677966101,3.58351893845611,3.3134870972739776,0.2700318411821323,rtx 2070 super,rtx 2070 super,18168.0,896.0,613.8,29.6,215.0,84.5,2019.0,Desktop
rtx 4070 ti super,2024.45,8448.0,672.3,2610.0,285.0,45.0,5.0,379.0,22049280.0,32748.076637457303,77095.38461538461,0.1184210526315789,3.828641396489095,3.3112431920571623,0.5173982044319327,rtx 2070 super,rtx 2070 super,18168.0,896.0,613.8,29.6,215.0,84.5,2019.0,Desktop
rtx 4070 ti super ad102,2024.5,8448.0,672.3,2610.0,285.0,76.0,5.0,609.0,22049280.0,32748.076637457303,77095.38461538461,0.1245901639344262,4.343805421853684,3.308999286840333,1.0348061350133513,rtx 2070 super,rtx 2070 super,18168.0,896.0,613.8,29.6,215.0,84.5,2019.0,Desktop
rtx 4080 super,2024.55,10240.0,736.3,2550.0,320.0,45.0,5.0,379.0,26112000.0,35415.70595415706,81345.79439252337,0.1184210526315789,3.828641396489095,3.3067553816235176,0.5218860148655775,rtx 2080 super,rtx 2080 super,19519.0,934.0,683.99,28.54,250.0,78.08,2019.0,Desktop
h200 nvl,2024.6,16896.0,4.89,1785.0,600.0,80.0,5.0,814.0,30159360.0,5120434.634974534,50181.96339434276,0.0981595092024539,4.394449154672439,3.3045114764067023,1.0899376782657368,6200 le,6200 le,31.0,89.0,41.24,0.75,,,2012.0,Desktop
rtx a1000,2024.9,2304.0,192.0,1462.0,50.0,8.0,8.0,200.0,3368448.0,17453.098445595853,66048.0,0.0398009950248756,2.19722457733622,3.2910480451057538,-1.0938234677695342,rtx a6000,rtx a6000,22122.0,832.0,4999.99,4.42,300.0,73.74,2021.0,Workstation
rtx a400,2024.95,768.0,96.0,1762.0,50.0,8.0,8.0,200.0,1353216.0,13950.680412371134,26533.647058823528,0.0398009950248756,2.19722457733622,3.2888041398889243,-1.0915795625527047,rtx a4500,rtx a4500,21546.0,892.0,2134.64,10.09,200.0,107.73,2022.0,Unknown
gb10,2025.0,6144.0,273.2,2525.0,50.0,29.0,3.0,154.0,15513600.0,56577.68052516411,304188.23529411765,0.1870967741935484,3.4011973816621555,3.286560234672109,0.1146371469900464,g210,g210,103.0,50.0,122.12,0.84,,,2009.0,Unknown
rtx 5050,2025.0,2560.0,320.0,2572.0,130.0,16.0,5.0,149.0,6584320.0,20511.90031152648,50261.98473282443,0.1066666666666666,2.833213344056216,3.286560234672109,-0.4533468906158928,rtx 3050,rtx 3050,12718.0,911.0,,,,,2022.0,Unknown
rtx 5050 mobile,2025.0,2560.0,384.0,1500.0,50.0,16.0,5.0,149.0,3840000.0,9974.025974025972,75294.11764705883,0.1066666666666666,2.833213344056216,3.286560234672109,-0.4533468906158928,rtx 2080 mobile,rtx 2080 mobile,15107.0,812.0,,,150.0,100.71,2019.0,Mobile
rtx 5060,2025.0,3840.0,448.0,2497.0,145.0,21.0,5.0,181.0,9588480.0,21355.18930957684,65674.52054794521,0.1153846153846153,3.091042453358316,3.286560234672109,-0.1955177813137929,rtx 3060,rtx 3060,16958.0,951.0,329.0,51.55,170.0,99.76,2021.0,Desktop
rtx 5060 mobile,2025.0,3328.0,384.0,1455.0,45.0,21.0,5.0,181.0,4842240.0,12577.246753246753,105266.08695652174,0.1153846153846153,3.091042453358316,3.286560234672109,-0.1955177813137929,rtx 2060 mobile,rtx 2060 mobile,11355.0,540.0,,,80.0,141.93,2019.0,Mobile
rtx 5060 ti 16 gb,2025.0,4608.0,448.0,2572.0,180.0,21.0,5.0,181.0,11851776.0,26395.93763919822,65479.42541436464,0.1153846153846153,3.091042453358316,3.286560234672109,-0.1955177813137929,rtx 3060 ti,rtx 3060 ti,20206.0,961.0,599.99,33.68,200.0,101.03,2020.0,Desktop
rtx 5060 ti 8 gb,2025.0,4608.0,448.0,2572.0,180.0,21.0,5.0,181.0,11851776.0,26395.93763919822,65479.42541436464,0.1153846153846153,3.091042453358316,3.286560234672109,-0.1955177813137929,rtx 3060 ti,rtx 3060 ti,20206.0,961.0,599.99,33.68,200.0,101.03,2020.0,Desktop
rtx 5070,2025.0,6144.0,672.0,2512.0,250.0,31.0,5.0,263.0,15433728.0,22932.73105497771,61488.95617529881,0.1174242424242424,3.4657359027997265,3.286560234672109,0.1791756681276175,rtx 3070,rtx 3070,22093.0,969.0,719.99,30.69,220.0,100.42,2020.0,Desktop
rtx 5070 mobile,2025.0,4608.0,384.0,1425.0,50.0,21.0,5.0,181.0,6566400.0,17055.584415584417,128752.9411764706,0.1153846153846153,3.091042453358316,3.286560234672109,-0.1955177813137929,rtx 2070 mobile,rtx 2070 mobile,12354.0,601.0,,,115.0,107.43,2019.0,Mobile
rtx 5070 ti,2025.0,8960.0,896.0,2452.0,300.0,45.0,5.0,378.0,21969920.0,24492.664437012263,72989.76744186046,0.1187335092348284,3.828641396489095,3.286560234672109,0.5420811618169861,rtx 3070 ti,rtx 3070 ti,23367.0,1003.0,749.99,31.16,290.0,80.58,2021.0,Desktop
rtx 5070 ti mobile,2025.0,5888.0,672.0,1447.0,60.0,31.0,5.0,263.0,8519936.0,12659.637444279346,139671.0819672131,0.1174242424242424,3.4657359027997265,3.286560234672109,0.1791756681276175,rtx 2070 mobile,rtx 2070 mobile,12354.0,601.0,,,115.0,107.43,2019.0,Mobile
rtx 5080,2025.0,10752.0,960.0,2617.0,360.0,45.0,5.0,378.0,28137984.0,29279.900104058277,77944.5540166205,0.1187335092348284,3.828641396489095,3.286560234672109,0.5420811618169861,rtx 3080,rtx 3080,24853.0,1003.0,999.0,24.88,320.0,77.66,2020.0,Desktop
rtx 5080 mobile,2025.0,7680.0,896.0,1500.0,80.0,45.0,5.0,378.0,11520000.0,12842.809364548497,142222.22222222222,0.1187335092348284,3.828641396489095,3.286560234672109,0.5420811618169861,rtx 2080 mobile,rtx 2080 mobile,15107.0,812.0,,,150.0,100.71,2019.0,Mobile
rtx 5090,2025.0,21760.0,1.79,2407.0,575.0,92.0,5.0,750.0,52376320.0,18772874.551971328,90931.11111111112,0.1225033288948069,4.532599493153256,3.286560234672109,1.2460392584811473,rtx 3090,rtx 3090,26395.0,999.0,1749.99,15.08,350.0,75.41,2020.0,Desktop
rtx 5090 d,2025.0,21760.0,1.79,2407.0,575.0,92.0,5.0,750.0,52376320.0,18772874.551971328,90931.11111111112,0.1225033288948069,4.532599493153256,3.286560234672109,1.2460392584811473,rtx 3090,rtx 3090,26395.0,999.0,1749.99,15.08,350.0,75.41,2020.0,Desktop
rtx 5090 d v2,2025.0,21760.0,1.34,2407.0,575.0,92.0,5.0,750.0,52376320.0,22383042.735042736,90931.11111111112,0.1225033288948069,4.532599493153256,3.286560234672109,1.2460392584811473,rtx 3090 ti,rtx 3090 ti,29094.0,1117.0,2099.99,13.85,450.0,64.65,2022.0,Unknown
rtx 5090 mobile,2025.0,10496.0,896.0,1515.0,95.0,45.0,5.0,378.0,15901440.0,17727.357859531774,165640.0,0.1187335092348284,3.828641396489095,3.286560234672109,0.5420811618169861,rtx 2080 mobile,rtx 2080 mobile,15107.0,812.0,,,150.0,100.71,2019.0,Mobile
rtx 5070 super,2019.75,6400.0,672.0,2512.0,275.0,31.0,5.0,263.0,16076800.0,23888.261515601786,58249.27536231884,0.1174242424242424,3.4657359027997265,3.5221702824384806,-0.056434379638754,rtx 2070 super,rtx 2070 super,18168.0,896.0,613.8,29.6,215.0,84.5,2019.0,Desktop
rtx 5070 ti super,2014.5,8960.0,896.0,2452.0,350.0,45.0,5.0,378.0,21969920.0,24492.664437012263,62592.364672364674,0.1187335092348284,3.828641396489095,3.757780330204852,0.0708610662842428,rtx 2070 super,rtx 2070 super,18168.0,896.0,613.8,29.6,215.0,84.5,2019.0,Desktop
rtx 5080 super,2009.25,10752.0,1.02,2617.0,415.0,45.0,5.0,378.0,28137984.0,13929695.04950495,67639.38461538461,0.1187335092348284,3.828641396489095,3.993390377971224,-0.1647489814821288,rtx 2080 super,rtx 2080 super,19519.0,934.0,683.99,28.54,250.0,78.08,2019.0,Desktop
graphics chrome 430 gt,2008.0,32.0,8.0,1250.0,100.0,196.0,65.0,85.0,40000.0,4444.444444444444,396.0396039603961,2.2790697674418605,5.2832037287379885,4.049488008391791,1.233715720346198,s3 chrome 430 ulp,s3 chrome 430 ulp,40.0,310.0,,,,,2009.0,Unknown
graphics chrome 440 gtx,2008.0,32.0,12.8,1250.0,131.0,196.0,65.0,85.0,40000.0,2898.550724637681,303.030303030303,2.2790697674418605,5.2832037287379885,4.049488008391791,1.233715720346198,via s3g chrome 645 640 gpu,via s3g chrome 645 640 gpu,110.0,161.0,,,,,2012.0,Unknown
graphics chrome 530 gt,2008.5,32.0,8.0,1250.0,100.0,29.0,65.0,154.0,40000.0,4444.444444444444,396.0396039603961,0.1870967741935484,3.4011973816621555,4.027048956223567,-0.6258515745614113,s3 chrome 430 ulp,s3 chrome 430 ulp,40.0,310.0,,,,,2009.0,Unknown
graphics chrome 540 gtx,2009.0,32.0,13.6,1250.0,131.0,29.0,65.0,154.0,40000.0,2739.72602739726,303.030303030303,0.1870967741935484,3.4011973816621555,4.004609904055343,-0.6034125223931874,via s3g chrome 645 640 gpu,via s3g chrome 645 640 gpu,110.0,161.0,,,,,2012.0,Unknown
s3g chrome 640,2009.0,64.0,40.0,1250.0,9.0,29.0,40.0,76.0,80000.0,1951.219512195122,8000.0,0.3766233766233766,3.4011973816621555,4.004609904055343,-0.6034125223931874,s3 chrome 430 ulp,s3 chrome 430 ulp,40.0,310.0,,,,,2009.0,Unknown
s3g chrome 645,2009.0,64.0,40.0,1250.0,9.0,29.0,40.0,76.0,80000.0,1951.219512195122,8000.0,0.3766233766233766,3.4011973816621555,4.004609904055343,-0.6034125223931874,s3 chrome 430 ulp,s3 chrome 430 ulp,40.0,310.0,,,,,2009.0,Unknown
volari v8 ultra,2009.0,480.0,16.0,1250.0,50.0,110.0,130.0,154.0,600000.0,35294.117647058825,11764.70588235294,0.7096774193548387,4.709530201312334,4.004609904055343,0.704920297256991,go 6800 ultra,go 6800 ultra,138.0,198.0,,,,,2009.0,Mobile
volari v8 ultra,2009.0,480.0,12.0,1250.0,50.0,110.0,130.0,154.0,600000.0,46153.84615384616,11764.70588235294,0.7096774193548387,4.709530201312334,4.004609904055343,0.704920297256991,go 6800 ultra,go 6800 ultra,138.0,198.0,,,,,2009.0,Mobile
